,Dataset#,L,att_1,att_2,att_3,att_4
0,1,1,0.6798,0.6613,0.6904,0.6912
1,1,4,0.6572,0.6709,0.6842,0.6766
2,1,7,0.6662,0.6566,0.6519,0.6674
3,1,10,0.669,0.6791,0.6692,0.6868
4,1,13,0.6164,0.6807,0.6437,0.6862
5,1,16,0.6783,0.6679,0.6391,0.6577
6,1,19,0.6772,0.5675,0.6318,0.6151
7,1,22,0.613,0.6087,0.6273,0.6634
8,1,25,0.6129,0.5925,0.6196,0.6136
9,1,28,0.5715,0.5819,0.6147,0.5955
10,1,31,0.6183,0.5839,0.5924,0.6105
11,1,34,0.601,0.5597,0.6215,0.5544
12,1,37,0.5294,0.5816,0.5768,0.6004
13,1,40,0.5929,0.5744,0.6128,0.5294
14,1,43,0.5957,0.5569,0.5494,0.5891
15,1,46,0.5724,0.6153,0.5735,0.6377
16,1,49,0.5818,0.5535,0.5925,0.5647
17,1,52,0.5457,0.5793,0.6157,0.5294
18,1,55,0.5599,0.5559,0.5569,0.5675
19,1,58,0.5819,0.5745,0.5647,0.6281
20,1,61,0.549,0.5544,0.6032,0.5597
21,1,64,0.5832,0.6093,0.6134,0.5294
22,1,67,0.5544,0.5675,0.5443,0.5746
23,1,70,0.5789,0.5294,0.5793,0.5816
24,1,73,0.5819,0.5794,0.5569,0.6204
25,1,76,0.6068,0.6093,0.5294,0.6178
26,1,79,0.5705,0.5294,0.5294,0.5569
27,1,82,0.6021,0.5406,0.6285,0.562
28,1,85,0.451,0.6086,0.5675,0.5544
29,1,88,0.5544,0.5294,0.6043,0.5768
30,1,91,0.5735,0.6296,0.5294,0.5922
31,1,94,0.5662,0.5922,0.5294,0.5745
32,1,97,0.6137,0.6271,0.5294,0.5294
33,1,100,0.6249,0.5657,0.5616,0.5735
34,1,103,0.5932,0.5544,0.5294,0.5294
35,1,106,0.5541,0.548,0.5427,0.5767
36,1,109,0.5897,0.5399,0.5907,0.5378
37,1,112,0.5466,0.6176,0.4235,0.5544
38,1,115,0.6137,0.5544,0.5544,0.5793
39,1,118,0.5544,0.4535,0.5728,0.5316
40,1,121,0.5294,0.5294,0.5569,0.5294
41,1,124,0.5294,0.6186,0.5521,0.5544
42,1,127,0.5294,0.5897,0.5569,0.5796
43,1,130,0.5544,0.5294,0.5716,0.5767
44,1,133,0.5294,0.5897,0.577,0.5569
45,1,136,0.5735,0.5647,0.5544,0.5768
46,1,139,0.5294,0.4235,0.5518,0.5294
47,1,142,0.5705,0.6102,0.5294,0.5515
48,1,145,0.5294,0.5512,0.5345,0.6359
49,1,148,0.5647,0.5445,0.5294,0.5235
50,1,151,0.569,0.5749,0.5294,0.5647
51,1,154,0.5735,0.5543,0.62,0.637
52,1,157,0.5844,0.5544,0.5599,0.5494
53,1,160,0.5294,0.5569,0.5521,0.5985
54,1,163,0.5391,0.5794,0.5924,0.5294
55,1,166,0.5544,0.5678,0.5716,0.5569
56,1,169,0.5294,0.5443,0.6236,0.5294
57,1,172,0.5294,0.5294,0.5294,0.5544
58,1,175,0.5294,0.5781,0.549,0.5985
59,1,178,0.5294,0.4646,0.5675,0.5294
60,1,181,0.3176,0.4485,0.3176,0.4235
61,1,184,0.5594,0.5294,0.4485,0.5925
62,1,187,0.5494,0.3176,0.5294,0.4235
63,1,190,0.3176,0.3176,0.4235,0.3176
64,1,193,0.3176,0.3176,0.5294,0.2118
65,1,196,0.5294,0.5675,0.5294,0.4485
66,1,199,0.5294,0.2118,0.3558,0.5294
67,1,202,0.4235,0.4235,0.3176,0.4235
68,1,205,0.5294,0.4235,0.4235,0.3176
69,1,208,0.2118,0.5294,0.3176,0.5294
70,1,211,0.4235,0.3176,0.3176,0.4235
71,1,214,0.5294,0.4235,0.3176,0.5294
72,1,217,0.5294,0.3176,0.3176,0.5294
73,1,220,0.5294,0.4235,0.3176,0.4235
74,1,223,0.4235,0.3176,0.4235,0.2118
75,1,226,0.4235,0.4235,0.4235,0.5294
76,1,229,0.3176,0.3176,0.5294,0.4235
77,1,232,0.3176,0.3176,0.4235,0.3176
78,1,235,0.2118,0.2118,0.4235,0.3176
79,1,238,0.4235,0.3176,0.4235,0.3176
80,1,241,0.2118,0.4235,0.5294,0.3176
81,1,244,0.4235,0.3176,0.5294,0.5294
82,1,247,0.3176,0.3176,0.5294,0.3176
83,1,250,0.3176,0.3176,0.5294,0.3176
84,1,253,0.4235,0.2118,0.3176,0.2118
85,1,256,0.2118,0.3176,0.3176,0.5294
86,1,259,0.4235,0.4235,0.3176,0.5294
87,1,262,0.5294,0.4235,0.4235,0.1059
88,1,265,0.3176,0.5294,0.4235,0.4235
89,1,268,0.2118,0.3176,0.4235,0.2118
90,1,271,0.3176,0.4235,0.3176,0.5294
91,1,274,0.4235,0.4235,0.3176,0.3176
92,1,277,0.3176,0.2118,0.3176,0.4235
93,1,280,0.3176,0.5294,0.3176,0.1059
94,1,283,0.3176,0.4235,0.4235,0.5294
95,1,286,0.3176,0.4235,0.3176,0.4235
96,1,289,0.3176,0.4235,0.4235,0.5294
97,1,292,0.3176,0.3176,0.2118,0.4235
98,1,295,0.4235,0.5294,0.3176,0.3176
99,1,298,0.4235,0.5294,0.4235,0.3176
,Dataset#,L,att_1,att_2,att_3,att_4
0,2,1,0.7158,0.7184,0.7125,0.7022
1,2,4,0.7396,0.7269,0.7405,0.7508
2,2,7,0.743,0.7397,0.7735,0.7376
3,2,10,0.6998,0.7618,0.7629,0.7587
4,2,13,0.7616,0.7513,0.7232,0.7509
5,2,16,0.7581,0.7633,0.7565,0.7702
6,2,19,0.7069,0.679,0.707,0.7641
7,2,22,0.6847,0.7259,0.7404,0.684
8,2,25,0.6936,0.6874,0.7238,0.6723
9,2,28,0.6804,0.7186,0.6721,0.6774
10,2,31,0.5933,0.7383,0.6762,0.6618
11,2,34,0.712,0.6314,0.586,0.6641
12,2,37,0.641,0.7542,0.5947,0.7016
13,2,40,0.6023,0.6796,0.6723,0.6827
14,2,43,0.6723,0.6366,0.5961,0.641
15,2,46,0.5987,0.6704,0.6273,0.5548
16,2,49,0.6253,0.6233,0.6679,0.6026
17,2,52,0.5818,0.5985,0.7083,0.6435
18,2,55,0.6023,0.6304,0.5933,0.7344
19,2,58,0.6214,0.6304,0.6653,0.5548
20,2,61,0.6235,0.655,0.5933,0.6319
21,2,64,0.6069,0.6295,0.5847,0.6321
22,2,67,0.6818,0.591,0.6173,0.5813
23,2,70,0.609,0.6702,0.5847,0.6195
24,2,73,0.5987,0.6692,0.5961,0.5548
25,2,76,0.6502,0.6974,0.6385,0.6217
26,2,79,0.6023,0.5548,0.6435,0.6003
27,2,82,0.6314,0.6795,0.6345,0.6965
28,2,85,0.6807,0.6592,0.6415,0.6752
29,2,88,0.6431,0.591,0.6847,0.5842
30,2,91,0.5548,0.5818,0.5961,0.6165
31,2,94,0.6195,0.6734,0.5548,0.5987
32,2,97,0.716,0.6006,0.5933,0.6231
33,2,100,0.5548,0.6588,0.6543,0.5933
34,2,103,0.657,0.5548,0.6424,0.6892
35,2,106,0.6069,0.6023,0.637,0.591
36,2,109,0.6369,0.5548,0.5548,0.5548
37,2,112,0.6681,0.6328,0.6003,0.711
38,2,115,0.6366,0.6758,0.6177,0.6047
39,2,118,0.5933,0.6319,0.5548,0.5548
40,2,121,0.6464,0.6409,0.4781,0.5548
41,2,124,0.7028,0.5744,0.5989,0.5548
42,2,127,0.5933,0.6398,0.5548,0.6258
43,2,130,0.6149,0.6486,0.6003,0.5747
44,2,133,0.5859,0.6023,0.5548,0.5852
45,2,136,0.6279,0.6003,0.5933,0.5548
46,2,139,0.6225,0.6122,0.5548,0.5891
47,2,142,0.6518,0.4819,0.5933,0.5813
48,2,145,0.5961,0.628,0.649,0.6237
49,2,148,0.5548,0.7009,0.6225,0.6023
50,2,151,0.5548,0.5548,0.6599,0.6271
51,2,154,0.6429,0.6106,0.578,0.5138
52,2,157,0.6879,0.4751,0.5947,0.4704
53,2,160,0.5961,0.6382,0.6327,0.6327
54,2,163,0.6817,0.5891,0.5852,0.6066
55,2,166,0.6385,0.6023,0.677,0.4692
56,2,169,0.4447,0.3803,0.6069,0.4901
57,2,172,0.4809,0.4884,0.4751,0.5548
58,2,175,0.4045,0.4447,0.4406,0.4859
59,2,178,0.5548,0.4447,0.3346,0.3346
60,2,181,0.5548,0.4447,0.4447,0.4709
61,2,184,0.3362,0.3304,0.4447,0.3346
62,2,187,0.5548,0.1101,0.5548,0.3304
63,2,190,0.3346,0.4447,0.4447,0.3304
64,2,193,0.1101,0.3346,0.4447,0.3346
65,2,196,0.1101,0.3304,0.3346,0.2244
66,2,199,0.3346,0.4447,0.3346,0.3304
67,2,202,0.4447,0.3304,0.3304,0.4447
68,2,205,0.3304,0.5548,0.5548,0.5548
69,2,208,0.4447,0.3304,0.3304,0.4447
70,2,211,0.5548,0.3304,0.4406,0.4406
71,2,214,0.5548,0.5548,0.3346,0.3346
72,2,217,0.4447,0.4447,0.4447,0.3304
73,2,220,0.3346,0.2244,0.3346,0.4447
74,2,223,0.4447,0.2203,0.3346,0.5548
75,2,226,0.4447,0.3346,0.3346,0.4447
76,2,229,0.3346,0.5548,0.5548,0.3346
77,2,232,0.4447,0.4447,0.4447,0.4447
78,2,235,0.3346,0.2244,0.3346,0.5548
79,2,238,0.3304,0.3346,0.5548,0.3304
80,2,241,0.4447,0.3346,0.4447,0.4447
81,2,244,0.5548,0.3346,0.4447,0.2203
82,2,247,0.4406,0.4447,0.5548,0.3346
83,2,250,0.4447,0.3346,0.3346,0.2203
84,2,253,0.4447,0.4447,0.3346,0.4447
85,2,256,0.3346,0.3304,0.2203,0.5548
86,2,259,0.5548,0.4406,0.3346,0.5548
87,2,262,0.3304,0.3304,0.3346,0.4406
88,2,265,0.4447,0.2244,0.4406,0.2203
89,2,268,0.2203,0.3346,0.4447,0.4447
90,2,271,0.3346,0.2203,0.4447,0.4447
91,2,274,0.2244,0.3304,0.4406,0.4447
92,2,277,0.1143,0.3304,0.4447,0.4447
93,2,280,0.3304,0.4406,0.4447,0.4447
94,2,283,0.4447,0.3304,0.5548,0.3304
95,2,286,0.3346,0.2203,0.3304,0.3346
96,2,289,0.3304,0.4447,0.5548,0.3346
97,2,292,0.4447,0.4447,0.4447,0.3346
98,2,295,0.5548,0.3346,0.5548,0.3304
99,2,298,0.5548,0.4406,0.4406,0.1143
,Dataset#,L,att_1,att_2,att_3,att_4
0,3,1,0.4454,0.4393,0.4271,0.458
1,3,4,0.4795,0.4546,0.4796,0.4976
2,3,7,0.4856,0.5198,0.4958,0.4868
3,3,10,0.4929,0.5357,0.5055,0.4555
4,3,13,0.4537,0.4662,0.45,0.4531
5,3,16,0.4354,0.4386,0.4714,0.486
6,3,19,0.4214,0.4203,0.4369,0.4649
7,3,22,0.4234,0.4497,0.4876,0.4988
8,3,25,0.467,0.4186,0.4833,0.432
9,3,28,0.419,0.4288,0.437,0.4528
10,3,31,0.4435,0.4064,0.4554,0.4564
11,3,34,0.4644,0.4186,0.4186,0.431
12,3,37,0.4141,0.4585,0.4344,0.4192
13,3,40,0.4327,0.4428,0.435,0.4402
14,3,43,0.4186,0.4139,0.4186,0.4248
15,3,46,0.4354,0.4186,0.433,0.4186
16,3,49,0.4186,0.4376,0.4186,0.4258
17,3,52,0.4186,0.4533,0.4186,0.4186
18,3,55,0.4544,0.4186,0.4186,0.4359
19,3,58,0.4154,0.4186,0.4186,0.4186
20,3,61,0.4527,0.4186,0.4186,0.4584
21,3,64,0.4186,0.4214,0.4039,0.4186
22,3,67,0.4716,0.4296,0.4186,0.4186
23,3,70,0.4186,0.3354,0.4186,0.4307
24,3,73,0.4186,0.4186,0.4186,0.4186
25,3,76,0.4186,0.4125,0.4186,0.4186
26,3,79,0.4186,0.4235,0.4186,0.432
27,3,82,0.4075,0.3325,0.4186,0.4186
28,3,85,0.4186,0.4186,0.4186,0.4186
29,3,88,0.4186,0.4252,0.4224,0.4186
30,3,91,0.3354,0.4186,0.412,0.4186
31,3,94,0.4258,0.4186,0.4186,0.4186
32,3,97,0.4186,0.4186,0.4186,0.4421
33,3,100,0.4186,0.4186,0.4413,0.4186
34,3,103,0.4186,0.4186,0.4186,0.4186
35,3,106,0.4186,0.4221,0.4272,0.2494
36,3,109,0.4186,0.4468,0.4186,0.4186
37,3,112,0.4325,0.4186,0.4186,0.3354
38,3,115,0.4186,0.432,0.4186,0.4186
39,3,118,0.4186,0.3325,0.4186,0.4376
40,3,121,0.4186,0.4186,0.4186,0.3354
41,3,124,0.3325,0.3325,0.4186,0.4516
42,3,127,0.4383,0.4186,0.3354,0.4186
43,3,130,0.4186,0.4186,0.3323,0.4186
44,3,133,0.4186,0.3354,0.4186,0.4186
45,3,136,0.3354,0.3354,0.4186,0.4186
46,3,139,0.4497,0.4186,0.4186,0.4186
47,3,142,0.3354,0.4186,0.4186,0.4154
48,3,145,0.4186,0.4186,0.4186,0.3354
49,3,148,0.4186,0.3325,0.2523,0.4186
50,3,151,0.4186,0.3435,0.4186,0.3325
51,3,154,0.4138,0.4186,0.4186,0.4186
52,3,157,0.4186,0.4186,0.3604,0.4186
53,3,160,0.4186,0.4186,0.4186,0.4186
54,3,163,0.3354,0.2494,0.4186,0.4186
55,3,166,0.4186,0.1662,0.4227,0.4186
56,3,169,0.4186,0.4186,0.4186,0.3354
57,3,172,0.2523,0.2494,0.4205,0.4288
58,3,175,0.4186,0.4186,0.4186,0.2523
59,3,178,0.3354,0.2494,0.4186,0.2494
60,3,181,0.4186,0.3354,0.2494,0.4186
61,3,184,0.3354,0.3325,0.4186,0.3325
62,3,187,0.3308,0.3354,0.4186,0.3354
63,3,190,0.4186,0.4186,0.3354,0.2523
64,3,193,0.2494,0.3325,0.4186,0.3354
65,3,196,0.3354,0.2523,0.3354,0.3354
66,3,199,0.3325,0.2523,0.3325,0.2494
67,3,202,0.4186,0.3354,0.3354,0.3325
68,3,205,0.1692,0.4186,0.2494,0.1662
69,3,208,0.3354,0.3354,0.4186,0.4186
70,3,211,0.2523,0.3325,0.3325,0.3354
71,3,214,0.2523,0.2523,0.2494,0.4186
72,3,217,0.3354,0.3354,0.2523,0.3354
73,3,220,0.3354,0.3354,0.2523,0.4186
74,3,223,0.2523,0.3354,0.4186,0.3354
75,3,226,0.2523,0.3354,0.3354,0.2523
76,3,229,0.3325,0.3354,0.3325,0.3354
77,3,232,0.3354,0.3354,0.2494,0.3354
78,3,235,0.3354,0.4186,0.3354,0.2523
79,3,238,0.4186,0.4186,0.2523,0.3354
80,3,241,0.3325,0.1662,0.4186,0.3325
81,3,244,0.3354,0.4186,0.2523,0.2523
82,3,247,0.3354,0.3354,0.2494,0.3354
83,3,250,0.2523,0.08312,0.2494,0.4186
84,3,253,0.3354,0.2494,0.4186,0.3354
85,3,256,0.2494,0.3325,0.2523,0.3354
86,3,259,0.4186,0.3354,0.4186,0.3325
87,3,262,0.2494,0.2523,0.3354,0.2523
88,3,265,0.4186,0.2523,0.3325,0.2494
89,3,268,0.2494,0.4186,0.2523,0.1692
90,3,271,0.1662,0.4186,0.1662,0.1692
91,3,274,0.3354,0.08312,0.3354,0.1692
92,3,277,0.08312,0.2494,0.2523,0.2523
93,3,280,0.3354,0.3354,0.2523,0.1662
94,3,283,0.08312,0.1662,0.2523,0.2494
95,3,286,0.3354,0.1662,0.2523,0.2523
96,3,289,0.1662,0.3325,0.3354,0.3325
97,3,292,0.2494,0.3354,0.2523,0.3354
98,3,295,0.2523,0.4186,0.3354,0.4186
99,3,298,0.3354,0.2494,0.2523,0.3354
,Dataset#,L,att_1,att_2,att_3,att_4
0,4,1,0.7449,0.7561,0.7464,0.7638
1,4,4,0.7656,0.7576,0.7346,0.7335
2,4,7,0.7767,0.754,0.7589,0.7403
3,4,10,0.7774,0.7746,0.7698,0.7764
4,4,13,0.7607,0.7674,0.7408,0.7539
5,4,16,0.7674,0.7394,0.754,0.7672
6,4,19,0.6678,0.709,0.6408,0.7476
7,4,22,0.6874,0.6601,0.7425,0.6549
8,4,25,0.5661,0.7267,0.6364,0.69
9,4,28,0.6303,0.7285,0.6957,0.6611
10,4,31,0.7063,0.6509,0.7149,0.5863
11,4,34,0.6476,0.7486,0.6531,0.647
12,4,37,0.646,0.7531,0.7087,0.7284
13,4,40,0.6735,0.6688,0.7599,0.708
14,4,43,0.7761,0.6941,0.5959,0.7309
15,4,46,0.6467,0.6429,0.6828,0.6717
16,4,49,0.614,0.6359,0.6876,0.5414
17,4,52,0.6278,0.6513,0.6108,0.6998
18,4,55,0.5569,0.6761,0.5546,0.6554
19,4,58,0.6727,0.6449,0.7427,0.5998
20,4,61,0.7091,0.6879,0.7116,0.6654
21,4,64,0.5696,0.6056,0.4878,0.6943
22,4,67,0.6286,0.7005,0.4878,0.6817
23,4,70,0.6114,0.6007,0.617,0.6661
24,4,73,0.6353,0.6193,0.6732,0.6501
25,4,76,0.5939,0.526,0.5689,0.5325
26,4,79,0.7599,0.4926,0.6937,0.7469
27,4,82,0.5926,0.6375,0.5872,0.5842
28,4,85,0.5844,0.7496,0.5906,0.6282
29,4,88,0.5302,0.7082,0.6537,0.6337
30,4,91,0.6809,0.6286,0.5864,0.5871
31,4,94,0.6328,0.4585,0.611,0.674
32,4,97,0.6922,0.6178,0.4878,0.6643
33,4,100,0.592,0.6259,0.6855,0.7057
34,4,103,0.6824,0.5825,0.5885,0.5453
35,4,106,0.6647,0.6373,0.5543,0.4878
36,4,109,0.4878,0.4889,0.4544,0.605
37,4,112,0.7103,0.5463,0.6305,0.575
38,4,115,0.6209,0.5737,0.6064,0.4878
39,4,118,0.5668,0.6388,0.5834,0.6386
40,4,121,0.6071,0.5411,0.5059,0.5704
41,4,124,0.4936,0.6726,0.6321,0.4862
42,4,127,0.6592,0.451,0.6751,0.5851
43,4,130,0.5353,0.7129,0.5089,0.643
44,4,133,0.3902,0.5662,0.7354,0.445
45,4,136,0.5436,0.5422,0.5383,0.4381
46,4,139,0.5997,0.5792,0.6157,0.5749
47,4,142,0.5569,0.6244,0.4417,0.6712
48,4,145,0.6357,0.352,0.5182,0.3413
49,4,148,0.5075,0.4593,0.6464,0.5041
50,4,151,0.6076,0.3902,0.4924,0.5236
51,4,154,0.5592,0.4984,0.5566,0.4495
52,4,157,0.3385,0.4822,0.4808,0.5062
53,4,160,0.6307,0.5319,0.5872,0.5441
54,4,163,0.5422,0.6112,0.4878,0.6483
55,4,166,0.5816,0.3516,0.3433,0.5384
56,4,169,0.4974,0.5987,0.5254,0.5376
57,4,172,0.4213,0.2927,0.2927,0.2341
58,4,175,0.2927,0,0.3902,0.1951
59,4,178,0.3475,0.3902,0.1306,0.1951
60,4,181,0.2927,0,0.2927,0.3902
61,4,184,0.3902,0.3902,0.09756,0.2927
62,4,187,0.2927,0.1951,0.3902,0.09756
63,4,190,0.1951,0.1951,0.1951,0.4878
64,4,193,0.2927,0.2927,0.2927,0.4492
65,4,196,0.2927,0.2927,0.1951,0.2927
66,4,199,0.09756,0.4878,0.2927,0.2927
67,4,202,0.2927,0.1951,0.2927,0.1951
68,4,205,0.1951,0.3902,0.1951,0
69,4,208,0.2927,0.3902,0.2927,0.1951
70,4,211,0.2927,0.1951,0.09756,0.2927
71,4,214,0.4878,0.2927,0.1951,0.2927
72,4,217,0.2927,0.2927,0.09756,0.09756
73,4,220,0.1951,0.2927,0,0.1951
74,4,223,0.2927,0.1951,0.4878,0.1951
75,4,226,0.1951,0.09756,0.2927,0.2927
76,4,229,0,0.1951,0.1951,0.09756
77,4,232,0.2927,0.2927,0.2927,0.2927
78,4,235,0.1951,0.2927,0,0.09756
79,4,238,0.3902,0.3461,0.1951,0.1951
80,4,241,0.2927,0.2927,0.09756,0.1951
81,4,244,0.2927,0.2927,0.09756,0.1951
82,4,247,0.3902,0.3902,0.1951,0.2927
83,4,250,0.09756,0.09756,0.4878,0.3902
84,4,253,0.2927,0.3902,0.2927,0.09756
85,4,256,0.1951,0,0.1951,0.09756
86,4,259,0.3902,0.2927,0.3902,0.1951
87,4,262,0.2927,0.2927,0.09756,0.2927
88,4,265,0.3902,0.2927,0.2927,0.2927
89,4,268,0.2927,0.2927,0.1951,0.2927
90,4,271,0.2927,0.2927,0.09756,0.2927
91,4,274,0.3902,0.3902,0.2927,0.3902
92,4,277,0.2927,0,0.3902,0.3902
93,4,280,0.2927,0.2927,0.1951,0.2927
94,4,283,0.2927,0.1951,0.09756,0.2927
95,4,286,0.2927,0.2927,0.1951,0.2927
96,4,289,0.4878,0.3902,0.2927,0.3902
97,4,292,0.3902,0.2927,0.09756,0.1951
98,4,295,0.3902,0.09756,0.09756,0.1951
99,4,298,0.4878,0.09756,0.1951,0.2927
,Dataset#,L,att_1,att_2,att_3,att_4
0,5,1,0.5002,0.5099,0.5047,0.5098
1,5,4,0.5305,0.5136,0.5015,0.5242
2,5,7,0.4992,0.5211,0.494,0.5215
3,5,10,0.5328,0.5375,0.5217,0.4868
4,5,13,0.4943,0.4982,0.4907,0.5119
5,5,16,0.5058,0.5196,0.5116,0.506
6,5,19,0.5166,0.4956,0.5098,0.4932
7,5,22,0.4849,0.5062,0.5011,0.5065
8,5,25,0.5272,0.5064,0.5157,0.5011
9,5,28,0.5011,0.5011,0.4912,0.5011
10,5,31,0.5011,0.5011,0.5011,0.5054
11,5,34,0.5143,0.5011,0.495,0.5011
12,5,37,0.4972,0.5011,0.5011,0.5011
13,5,40,0.5011,0.5011,0.4893,0.5023
14,5,43,0.5011,0.515,0.5011,0.5011
15,5,46,0.5011,0.5011,0.5002,0.5011
16,5,49,0.5011,0.5013,0.5011,0.5233
17,5,52,0.5036,0.5104,0.5011,0.4943
18,5,55,0.5119,0.5011,0.4957,0.5074
19,5,58,0.4891,0.5011,0.5031,0.5011
20,5,61,0.5011,0.5011,0.5011,0.5011
21,5,64,0.5011,0.5011,0.4883,0.5011
22,5,67,0.5011,0.5011,0.5011,0.5011
23,5,70,0.5011,0.5028,0.5011,0.5011
24,5,73,0.5011,0.5011,0.5011,0.5011
25,5,76,0.5011,0.5043,0.4877,0.5011
26,5,79,0.5011,0.5011,0.4919,0.5011
27,5,82,0.5011,0.5011,0.5011,0.5011
28,5,85,0.5011,0.5011,0.5011,0.5011
29,5,88,0.5011,0.5011,0.5011,0.5011
30,5,91,0.5011,0.5156,0.5011,0.5011
31,5,94,0.4023,0.5061,0.5011,0.5011
32,5,97,0.5011,0.5011,0.5011,0.5011
33,5,100,0.5011,0.5011,0.5011,0.5157
34,5,103,0.5011,0.5011,0.5011,0.5011
35,5,106,0.5011,0.5011,0.5011,0.5011
36,5,109,0.5011,0.5093,0.5011,0.5011
37,5,112,0.5011,0.5011,0.5011,0.5011
38,5,115,0.5011,0.5011,0.484,0.5011
39,5,118,0.5011,0.5011,0.5011,0.5011
40,5,121,0.5011,0.5184,0.4746,0.5011
41,5,124,0.5011,0.5011,0.5011,0.5011
42,5,127,0.5011,0.5011,0.5011,0.5011
43,5,130,0.5011,0.5011,0.5011,0.5011
44,5,133,0.5011,0.5011,0.5011,0.5011
45,5,136,0.5011,0.5011,0.5011,0.5011
46,5,139,0.5011,0.5011,0.4877,0.4884
47,5,142,0.3988,0.5011,0.5011,0.5011
48,5,145,0.5011,0.5011,0.5011,0.5011
49,5,148,0.5011,0.5011,0.3988,0.5011
50,5,151,0.5011,0.4023,0.5011,0.5011
51,5,154,0.5011,0.5011,0.5011,0.5011
52,5,157,0.5011,0.5011,0.5011,0.5011
53,5,160,0.5011,0.4988,0.5011,0.5011
54,5,163,0.4023,0.3988,0.5011,0.4023
55,5,166,0.3988,0.5011,0.5011,0.4023
56,5,169,0.5011,0.5011,0.5011,0.5011
57,5,172,0.5011,0.3988,0.5011,0.5011
58,5,175,0.5011,0.3965,0.5011,0.4023
59,5,178,0.5011,0.4023,0.5011,0.5011
60,5,181,0.5011,0.4023,0.5011,0.3988
61,5,184,0.5011,0.5011,0.5011,0.3
62,5,187,0.5011,0.4023,0.5011,0.5011
63,5,190,0.5011,0.5011,0.5011,0.5011
64,5,193,0.5011,0.4023,0.5011,0.5011
65,5,196,0.5011,0.5011,0.5011,0.5011
66,5,199,0.5011,0.5011,0.5011,0.4863
67,5,202,0.4023,0.2965,0.4023,0.5011
68,5,205,0.5011,0.5011,0.5011,0.5011
69,5,208,0.5011,0.5011,0.4023,0.5011
70,5,211,0.4023,0.5011,0.5011,0.4023
71,5,214,0.5011,0.5011,0.4023,0.3
72,5,217,0.3988,0.4023,0.5011,0.5011
73,5,220,0.5011,0.3988,0.5011,0.5011
74,5,223,0.5011,0.3988,0.5011,0.5011
75,5,226,0.3035,0.3,0.3,0.2046
76,5,229,0.5011,0.5011,0.5011,0.3988
77,5,232,0.5011,0.3035,0.5011,0.3988
78,5,235,0.2046,0.09882,0.5011,0.4023
79,5,238,0.5011,0.3988,0.3988,0.5011
80,5,241,0.5011,0.3988,0.3,0.5011
81,5,244,0.4023,0.5011,0.3,0.5011
82,5,247,0.3,0.5011,0.3,0.3988
83,5,250,0.5011,0.3988,0.5011,0.3035
84,5,253,0.5011,0.3035,0.3,0.5011
85,5,256,0.3,0.3988,0.3,0.4023
86,5,259,0.3988,0.4023,0.5011,0.4023
87,5,262,0.3,0.5011,0.4023,0.3
88,5,265,0.5011,0.5011,0.4023,0.4023
89,5,268,0.3988,0.5011,0.5011,0.3
90,5,271,0.5011,0.5011,0.4023,0.4023
91,5,274,0.3035,0.5011,0.4023,0.1976
92,5,277,0.5011,0.2011,0.5011,0.4023
93,5,280,0.2011,0.4023,0.4023,0.3988
94,5,283,0.5011,0.5011,0.4023,0.4023
95,5,286,0.5011,0.3,0.3988,0.4023
96,5,289,0.3,0.3988,0.5011,0.3
97,5,292,0.4023,0.1023,0.1023,0.5011
98,5,295,0.3988,0.3988,0.4023,0.5011
99,5,298,0.2011,0.4023,0.2011,0.3988
,Dataset#,L,att_1,att_2,att_3,att_4
0,6,1,0.4157,0.3628,0.4176,0.363
1,6,4,0.3674,0.3936,0.3949,0.4366
2,6,7,0.3691,0.2126,0.4245,0.3119
3,6,10,0.3478,0.2876,0.3173,0.361
4,6,13,0.3293,0.3067,0.3433,0.3185
5,6,16,0.3395,0.3332,0.2877,0.3447
6,6,19,0.3597,0.3335,0.3031,0.24
7,6,22,0.295,0.2932,0.3569,0.306
8,6,25,0.3243,0.2481,0.3651,0.2895
9,6,28,0.307,0.3618,0.3541,0.2808
10,6,31,0.3639,0.3161,0.2813,0.3134
11,6,34,0.2383,0.2424,0.3292,0.3518
12,6,37,0.2706,0.3239,0.2424,0.2547
13,6,40,0.301,0.375,0.3265,0.2702
14,6,43,0.3071,0.3241,0.2477,0.2856
15,6,46,0.1692,0.3008,0.357,0.2743
16,6,49,0.2135,0.2391,0.3105,0.291
17,6,52,0.2948,0.2005,0.294,0.2383
18,6,55,0.2275,0.3755,0.2698,0.2789
19,6,58,0.2329,0.1896,0.2671,0.2726
20,6,61,0.276,0.2812,0.1957,0.3268
21,6,64,0.2173,0.2682,0.2476,0.2877
22,6,67,0.297,0.2275,0.2705,0.2637
23,6,70,0.194,0.1548,0.1795,0.217
24,6,73,0.1351,0.2758,0.1837,0.3101
25,6,76,0.275,0.2649,0.1761,0.2226
26,6,79,0.2564,0.1795,0.3507,0.2182
27,6,82,0.2275,0.2275,0.2777,0.2325
28,6,85,0.2295,0.247,0.2798,0.2371
29,6,88,0.2704,0.2275,0.2622,0.3256
30,6,91,0.2467,0.21,0.1795,0.1483
31,6,94,0.2482,0.2536,0.2082,0.1942
32,6,97,0.2818,0.2131,0.2279,0.2961
33,6,100,0.2888,0.219,0.1357,0.2295
34,6,103,0.2311,0.1781,0.2372,0.2275
35,6,106,0.2539,0.234,0.2393,0.1828
36,6,109,0.1357,0.2543,0.1318,0.1837
37,6,112,0.2443,0.2673,0.2827,0.2275
38,6,115,0.2495,0.2126,0.2328,0.2542
39,6,118,0.1902,0.1398,0.1815,0.1857
40,6,121,0.1357,0.1646,0.2407,0.2386
41,6,124,0.1837,0.2479,0.2452,0.1837
42,6,127,0.2149,0.2802,0.2437,0.247
43,6,130,0.1816,0.1837,0.1201,0.2275
44,6,133,0.1398,0.1837,0.1357,0.2606
45,6,136,0.1398,0.1147,0.1972,0.1705
46,6,139,0.096,0.2739,0.2275,0.2216
47,6,142,0.2119,0.217,0.1715,0.1738
48,6,145,0.2935,0.2704,0.1837,0.1879
49,6,148,0.2531,0.04384,0.2185,0.1357
50,6,151,0.2491,0.1801,0.1945,0.2381
51,6,154,0.2096,0.2497,0.1452,0.1837
52,6,157,0.2482,0.1837,0.1879,0.2558
53,6,160,0.08768,0.04384,0.1837,0.1957
54,6,163,0.2275,0.1315,0.1792,0.1795
55,6,166,0.1887,0.1357,0.1398,0.2275
56,6,169,0.1837,0.1357,0.04384,0.2275
57,6,172,0.2599,0.1357,0.2275,0.1807
58,6,175,0.09184,0.08768,0.09506,0.1671
59,6,178,0.1795,0.1357,0.1357,0.04384
60,6,181,0.1357,0.1837,0.07242,0.1795
61,6,184,0.1837,0.1795,0.1837,0.1398
62,6,187,0.1315,0.08768,0.1837,0.08768
63,6,190,0.2199,0.2026,0.07778,0.1398
64,6,193,0.09184,0.09184,0.09184,0.1357
65,6,196,0.1398,0.1357,0.1232,0.2275
66,6,199,0.1357,0.1795,0.1357,0.04384
67,6,202,0.1837,0.1315,0.1357,0.1357
68,6,205,0.1357,0.1837,0.09184,0.1837
69,6,208,0.1357,0.1837,0.04384,0.1357
70,6,211,0.09184,0.1795,0.1357,0.08768
71,6,214,0.1357,0.09184,0.1504,0.1357
72,6,217,0.1837,0.1837,0.2275,0.1795
73,6,220,0.04384,0.2275,0.1795,0.04384
74,6,223,0.04384,0.04384,0.1315,0.09184
75,6,226,0.2275,0.1357,0,0.1837
76,6,229,0.1398,0.08768,0.08768,0.1357
77,6,232,0.08768,0.1837,0.1795,0.09184
78,6,235,0.1398,0.048,0.1795,0.04384
79,6,238,0.1795,0.1357,0.1357,0.08768
80,6,241,0.1837,0.1357,0.1357,0.04384
81,6,244,0.1357,0.1357,0.08768,0.1357
82,6,247,0.048,0,0.1357,0
83,6,250,0,0.1357,0.09184,0.1357
84,6,253,0.2275,0.1357,0.1837,0.1357
85,6,256,0.09184,0.04384,0.1795,0.1837
86,6,259,0.1837,0.1398,0.096,0.09184
87,6,262,0.048,0.09184,0.08768,0.08768
88,6,265,0.2275,0.09184,0.096,0.04384
89,6,268,0.048,0.04384,0.04384,0.1357
90,6,271,0.1315,0.04384,0.1357,0.04384
91,6,274,0.1357,0.08768,0.08768,0.04384
92,6,277,0.1357,0.04384,0,0.09184
93,6,280,0.04384,0.08768,0.1795,0.1357
94,6,283,0.1398,0.1315,0.1357,0.1398
95,6,286,0.1795,0.09184,0.04384,0.04384
96,6,289,0.09184,0.1795,0.09184,0.04384
97,6,292,0.09184,0.09184,0.1795,0.09184
98,6,295,0,0.1837,0.09184,0.1837
99,6,298,0.04384,0,0,0.1357
,Dataset#,L,att_1,att_2,att_3,att_4
0,7,1,0.4843,0.4573,0.4392,0.4479
1,7,4,0.4356,0.4325,0.4573,0.4441
2,7,7,0.393,0.4421,0.3949,0.4656
3,7,10,0.4253,0.4274,0.4474,0.4332
4,7,13,0.4588,0.4551,0.4676,0.4681
5,7,16,0.4525,0.4723,0.4182,0.4224
6,7,19,0.4697,0.4408,0.4675,0.474
7,7,22,0.4756,0.4712,0.4744,0.4365
8,7,25,0.4777,0.4744,0.4744,0.4744
9,7,28,0.4708,0.4744,0.4744,0.4715
10,7,31,0.4799,0.459,0.466,0.4744
11,7,34,0.4744,0.4744,0.4709,0.4744
12,7,37,0.4744,0.4747,0.4414,0.4744
13,7,40,0.4744,0.4744,0.4603,0.4744
14,7,43,0.4744,0.4744,0.4819,0.4744
15,7,46,0.4744,0.4744,0.4744,0.4744
16,7,49,0.4744,0.4744,0.4744,0.4744
17,7,52,0.4744,0.4758,0.4744,0.4744
18,7,55,0.4744,0.4744,0.4744,0.4744
19,7,58,0.4744,0.4744,0.4744,0.4734
20,7,61,0.4778,0.4744,0.4744,0.4744
21,7,64,0.4754,0.3814,0.4744,0.4744
22,7,67,0.4744,0.4744,0.4744,0.4744
23,7,70,0.4744,0.4744,0.4744,0.4744
24,7,73,0.4744,0.4744,0.4744,0.4744
25,7,76,0.4744,0.4744,0.4708,0.4744
26,7,79,0.4744,0.4723,0.4744,0.4744
27,7,82,0.4744,0.4744,0.4744,0.4744
28,7,85,0.4744,0.4744,0.4744,0.4744
29,7,88,0.4744,0.4744,0.4744,0.4786
30,7,91,0.4744,0.4744,0.4744,0.4744
31,7,94,0.3778,0.4744,0.4744,0.4614
32,7,97,0.3778,0.4744,0.4744,0.4744
33,7,100,0.4744,0.4744,0.4744,0.4744
34,7,103,0.4729,0.4744,0.4744,0.4744
35,7,106,0.4744,0.4744,0.4744,0.4744
36,7,109,0.4744,0.4583,0.4744,0.4744
37,7,112,0.4744,0.4744,0.4744,0.4744
38,7,115,0.4744,0.4744,0.4744,0.4744
39,7,118,0.4744,0.4744,0.4744,0.4744
40,7,121,0.4717,0.4744,0.4744,0.4744
41,7,124,0.4744,0.4744,0.4744,0.4744
42,7,127,0.4744,0.4744,0.3778,0.3803
43,7,130,0.4744,0.4744,0.4744,0.4744
44,7,133,0.4745,0.4498,0.4744,0.4706
45,7,136,0.4744,0.3803,0.4744,0.4744
46,7,139,0.4744,0.4744,0.4744,0.4744
47,7,142,0.4744,0.4744,0.4744,0.4744
48,7,145,0.4744,0.2837,0.4744,0.4744
49,7,148,0.4744,0.4744,0.4744,0.4744
50,7,151,0.3778,0.4744,0.3803,0.4744
51,7,154,0.4744,0.4744,0.4744,0.4744
52,7,157,0.4744,0.4744,0.4744,0.4744
53,7,160,0.4744,0.4744,0.4744,0.4744
54,7,163,0.4744,0.473,0.3814,0.4744
55,7,166,0.4744,0.4744,0.4744,0.4744
56,7,169,0.4744,0.4744,0.4744,0.4744
57,7,172,0.3778,0.4744,0.4744,0.4744
58,7,175,0.4744,0.4752,0.4744,0.4744
59,7,178,0.4744,0.4744,0.4744,0.4744
60,7,181,0.4744,0.3803,0.4744,0.4744
61,7,184,0.4744,0.4744,0.4744,0.3814
62,7,187,0.3803,0.3803,0.3803,0.4744
63,7,190,0.3803,0.4744,0.4744,0.3814
64,7,193,0.4744,0.3778,0.4744,0.3803
65,7,196,0.3803,0.4744,0.3814,0.4744
66,7,199,0.4744,0.4744,0.4744,0.2872
67,7,202,0.4744,0.4744,0.3803,0.3803
68,7,205,0.4744,0.4744,0.4744,0.4744
69,7,208,0.4744,0.4744,0.3778,0.3803
70,7,211,0.4744,0.4744,0.3814,0.4744
71,7,214,0.4744,0.3803,0.4744,0.3778
72,7,217,0.4744,0.4744,0.2872,0.2872
73,7,220,0.4744,0.3814,0.3803,0.3778
74,7,223,0.4744,0.3803,0.3778,0.3803
75,7,226,0.4744,0.3778,0.4744,0.4744
76,7,229,0.4744,0.4744,0.4744,0.4744
77,7,232,0.3814,0.4744,0.3778,0.4744
78,7,235,0.3778,0.4744,0.4744,0.2848
79,7,238,0.4744,0.3803,0.4744,0.2848
80,7,241,0.4744,0.3803,0.4744,0.2837
81,7,244,0.4744,0.2837,0.3778,0.3778
82,7,247,0.3803,0.2837,0.3814,0.3778
83,7,250,0.2872,0.3814,0.3803,0.3803
84,7,253,0.4744,0.3803,0.4744,0.3803
85,7,256,0.4744,0.4744,0.2872,0.4744
86,7,259,0.4744,0.2837,0.3803,0.3803
87,7,262,0.4744,0.4744,0.2837,0.4744
88,7,265,0.4744,0.3778,0.2861,0.2848
89,7,268,0.4744,0.3778,0.3778,0.3814
90,7,271,0.4744,0.4744,0.4744,0.2848
91,7,274,0.4744,0.2872,0.4744,0.3803
92,7,277,0.3814,0.3778,0.4744,0.2872
93,7,280,0.2813,0.1871,0.3778,0.2848
94,7,283,0.2813,0.1896,0.3803,0.3778
95,7,286,0.3803,0.3803,0.3778,0.3778
96,7,289,0.3778,0.3778,0.4744,0.3778
97,7,292,0.2837,0.2837,0.3778,0.2837
98,7,295,0.3778,0.09412,0.2861,0.2872
99,7,298,0.3778,0.4744,0.2813,0.3814
,Dataset#,L,att_1,att_2,att_3,att_4
0,8,1,0.6352,0.6484,0.6509,0.6511
1,8,4,0.6569,0.6721,0.6808,0.6771
2,8,7,0.6753,0.6766,0.6865,0.6699
3,8,10,0.6724,0.663,0.7096,0.7076
4,8,13,0.6813,0.6472,0.6609,0.6499
5,8,16,0.6602,0.5791,0.7136,0.6885
6,8,19,0.699,0.5965,0.6808,0.5903
7,8,22,0.6589,0.6049,0.6822,0.5821
8,8,25,0.6943,0.7081,0.7018,0.6764
9,8,28,0.645,0.6005,0.6656,0.6645
10,8,31,0.5192,0.5845,0.5039,0.5989
11,8,34,0.5058,0.5745,0.5779,0.4229
12,8,37,0.5196,0.621,0.4594,0.6353
13,8,40,0.5065,0.4029,0.4755,0.5101
14,8,43,0.4407,0.6586,0.5196,0.5373
15,8,46,0.3358,0.3305,0.5196,0.5592
16,8,49,0.6197,0.4946,0.5915,0.4123
17,8,52,0.4344,0.3411,0.5869,0.4783
18,8,55,0.3513,0.4235,0.4123,0.4235
19,8,58,0.3896,0.4284,0.4382,0.3411
20,8,61,0.4532,0.5446,0.4373,0.5762
21,8,64,0.4274,0.4123,0.3416,0.6251
22,8,67,0.4177,0.3905,0.4282,0.4753
23,8,70,0.4616,0.5131,0.423,0.5963
24,8,73,0.5196,0.4011,0.4094,0.6042
25,8,76,0.4899,0.3891,0.5526,0.2551
26,8,79,0.5401,0.5852,0.4387,0.5498
27,8,82,0.3365,0.5511,0.2551,0.5055
28,8,85,0.5244,0.4087,0.4051,0.2994
29,8,88,0.4551,0.4594,0.557,0.3634
30,8,91,0.5637,0.6272,0.5862,0.4409
31,8,94,0.3278,0.4009,0.5893,0.3903
32,8,97,0.4486,0.4077,0.325,0.5199
33,8,100,0.3492,0.3051,0.495,0.357
34,8,103,0.3363,0.3365,0.443,0.2329
35,8,106,0.46,0.4346,0.4182,0.3951
36,8,109,0.5208,0.2923,0.3974,0.4071
37,8,112,0.503,0.3978,0.4283,0.3244
38,8,115,0.4286,0.4124,0.4422,0.3882
39,8,118,0.5192,0.3829,0.4663,0.2678
40,8,121,0.5138,0.3991,0.3175,0.5839
41,8,124,0.4446,0.5815,0.5006,0.5079
42,8,127,0.4891,0.3762,0.4995,0.3964
43,8,130,0.2001,0.42,0.3664,0.3322
44,8,133,0.306,0.2754,0.2789,0.5619
45,8,136,0.3368,0.2551,0.4154,0.3186
46,8,139,0.4544,0.4374,0.1558,0.5601
47,8,142,0.5233,0.5624,0.5724,0.4058
48,8,145,0.2032,0.3186,0.3504,0.5807
49,8,148,0.3415,0.4495,0.4217,0.2032
50,8,151,0.3696,0.4742,0.357,0.2551
51,8,154,0.2326,0.1512,0.228,0.22
52,8,157,0.3984,0.439,0.594,0.2712
53,8,160,0.1558,0.299,0.3576,0.3411
54,8,163,0.346,0.4177,0.3224,0.2725
55,8,166,0.3411,0.2032,0.2994,0.4519
56,8,169,0.1558,0.2892,0.4965,0.4512
57,8,172,0.3051,0.2032,0.2032,0.1512
58,8,175,0.1039,0.1558,0.1039,0.0993
59,8,178,0.05194,0.1948,0.2032,0.1512
60,8,181,0.1558,0.2032,0.0993,0.1039
61,8,184,0,0.05194,0.1512,0.1512
62,8,187,0.1512,0.05194,0.1039,0.0993
63,8,190,0.1039,0.05194,0.1039,0.1039
64,8,193,0.1512,0.0993,0.0993,0.1512
65,8,196,0.1512,0.1039,0.0993,0.1512
66,8,199,0.1512,0.04736,0.1039,0.2032
67,8,202,0.05194,0.1512,0.2551,0.1039
68,8,205,0.04736,0.05194,0.1512,0.1512
69,8,208,0.05194,0.1039,0.1512,0.2551
70,8,211,0.0993,0.0993,0.0993,0.1512
71,8,214,0.05194,0.0993,0.05194,0.2032
72,8,217,0,0.05194,0.1039,0.1512
73,8,220,0.1039,0.2032,0.0993,0.05194
74,8,223,0.1039,0.05194,0.1512,0.1039
75,8,226,0.1558,0.1512,0.1512,0.1039
76,8,229,0.2032,0.05194,0.1558,0.04736
77,8,232,0.2032,0.2032,0.0993,0.05194
78,8,235,0.0993,0.1039,0.1039,0.05194
79,8,238,0.1558,0.0993,0.2032,0.1512
80,8,241,0.2032,0.1512,0.05194,0.1512
81,8,244,0.2551,0.1039,0.0993,0.1512
82,8,247,0.1512,0.0993,0.1039,0.05194
83,8,250,0.1558,0.05194,0.1558,0.1039
84,8,253,0.2032,0.1512,0.0993,0.1039
85,8,256,0.1512,0.1039,0.05194,0.2078
86,8,259,0.2078,0.1039,0.2551,0.0993
87,8,262,0.05194,0.1039,0.1558,0.1039
88,8,265,0.1512,0.1558,0.2032,0.1512
89,8,268,0.05194,0.1512,0.0993,0.1512
90,8,271,0.1039,0.1558,0.0993,0
91,8,274,0.05194,0.1039,0.1039,0.0993
92,8,277,0.0993,0.04736,0.1512,0.1558
93,8,280,0.1039,0.0993,0.2078,0.05194
94,8,283,0.1039,0.1512,0.05194,0.1039
95,8,286,0.2032,0.1039,0.0993,0.0993
96,8,289,0.0993,0,0.0993,0.05194
97,8,292,0,0.1558,0.05194,0.1512
98,8,295,0.1039,0.05194,0.05194,0.1512
99,8,298,0.1558,0.1512,0.05194,0.1039
,Dataset#,L,att_1,att_2,att_3,att_4
0,9,1,0.5931,0.6066,0.5611,0.5514
1,9,4,0.6013,0.6279,0.5914,0.6125
2,9,7,0.6285,0.6182,0.566,0.6073
3,9,10,0.6233,0.5946,0.6137,0.6132
4,9,13,0.6214,0.5906,0.5939,0.6215
5,9,16,0.6099,0.5964,0.5891,0.5891
6,9,19,0.5931,0.5635,0.5564,0.6322
7,9,22,0.5845,0.588,0.5692,0.584
8,9,25,0.5211,0.5599,0.5957,0.5867
9,9,28,0.4827,0.4849,0.5161,0.5123
10,9,31,0.4425,0.481,0.4924,0.5648
11,9,34,0.5033,0.5307,0.5057,0.4354
12,9,37,0.4974,0.4544,0.504,0.5021
13,9,40,0.5202,0.561,0.4294,0.4992
14,9,43,0.4825,0.5037,0.5683,0.4997
15,9,46,0.4557,0.5477,0.4773,0.4354
16,9,49,0.4315,0.4988,0.4995,0.5096
17,9,52,0.4752,0.5075,0.5342,0.3926
18,9,55,0.4386,0.486,0.4289,0.5104
19,9,58,0.4446,0.4623,0.498,0.521
20,9,61,0.5802,0.3923,0.3152,0.3841
21,9,64,0.4823,0.5228,0.5348,0.4486
22,9,67,0.4572,0.4914,0.3952,0.5002
23,9,70,0.4743,0.4687,0.4382,0.455
24,9,73,0.4848,0.474,0.4669,0.517
25,9,76,0.3923,0.46,0.4399,0.4294
26,9,79,0.5327,0.4433,0.4373,0.5153
27,9,82,0.4577,0.5015,0.4504,0.4713
28,9,85,0.4307,0.468,0.5418,0.4127
29,9,88,0.5207,0.3923,0.3923,0.5018
30,9,91,0.4485,0.5034,0.5595,0.536
31,9,94,0.4289,0.4446,0.3923,0.4256
32,9,97,0.4323,0.4595,0.2342,0.4403
33,9,100,0.4913,0.4314,0.4847,0.4752
34,9,103,0.3544,0.4344,0.3946,0.4328
35,9,106,0.5375,0.4104,0.3152,0.3923
36,9,109,0.4785,0.4554,0.4027,0.4085
37,9,112,0.5148,0.3923,0.5477,0.4715
38,9,115,0.3923,0.4756,0.4919,0.4335
39,9,118,0.3642,0.4272,0.4517,0.5077
40,9,121,0.4236,0.3923,0.4893,0.5148
41,9,124,0.4234,0.4328,0.5279,0.4075
42,9,127,0.4343,0.5135,0.3581,0.4753
43,9,130,0.4562,0.418,0.4497,0.4645
44,9,133,0.4694,0.5143,0.4289,0.3923
45,9,136,0.4719,0.5242,0.4425,0.4341
46,9,139,0.5159,0.3498,0.3923,0.3923
47,9,142,0.4362,0.5116,0.3923,0.4208
48,9,145,0.4468,0.3923,0.4271,0.3923
49,9,148,0.4335,0.3471,0.4825,0.3923
50,9,151,0.4229,0.4533,0.4308,0.4173
51,9,154,0.5158,0.3573,0.5398,0.3418
52,9,157,0.4949,0.2299,0.3384,0.3152
53,9,160,0.4816,0.4271,0.2342,0.3214
54,9,163,0.4478,0.5324,0.5346,0.4449
55,9,166,0.4523,0.4272,0.3152,0.3152
56,9,169,0.3152,0.4152,0.4893,0.3923
57,9,172,0.3113,0.3494,0.415,0.3152
58,9,175,0.3923,0.3152,0.3113,0.1581
59,9,178,0.1581,0.3113,0.2381,0.2352
60,9,181,0.2696,0.2342,0.2342,0.2352
61,9,184,0.3113,0.2342,0.3152,0.161
62,9,187,0.2342,0.3123,0.0771,0.3923
63,9,190,0.3533,0.2352,0.3152,0.2342
64,9,193,0.3923,0.3113,0.3152,0.2381
65,9,196,0.3152,0.1542,0.3152,0.3923
66,9,199,0.3923,0.3923,0.2381,0.2352
67,9,202,0.3923,0.3113,0.3923,0.3152
68,9,205,0.2342,0.3428,0.2844,0.2342
69,9,208,0.2352,0.2352,0.3113,0.2313
70,9,211,0.3152,0.1581,0.2313,0.3152
71,9,214,0.3923,0.3113,0.3123,0.3152
72,9,217,0.2381,0.2352,0.1581,0.3113
73,9,220,0.1542,0.3152,0.1571,0.1571
74,9,223,0.1571,0.3123,0.3923,0.2342
75,9,226,0.3123,0.3152,0.3152,0.3152
76,9,229,0.3152,0.3152,0.2381,0.3152
77,9,232,0.2313,0.1581,0.2352,0.3152
78,9,235,0.3152,0.3923,0.3113,0.1581
79,9,238,0.3123,0.2594,0.2342,0.2381
80,9,241,0.2342,0.3123,0.0771,0.3113
81,9,244,0.2352,0.3152,0.2352,0.2381
82,9,247,0.2352,0.2381,0.0771,0.2352
83,9,250,0.3152,0.2313,0.2381,0.161
84,9,253,0.2352,0.3113,0.1581,0.2381
85,9,256,0.1581,0.2342,0.1581,0.2381
86,9,259,0.2342,0.2352,0.1571,0.161
87,9,262,0.0771,0.1581,0.2342,0.3113
88,9,265,0.3923,0.3152,0.2313,0.2352
89,9,268,0.1581,0.2352,0.1571,0.2381
90,9,271,0.3923,0.2342,0.3113,0.1571
91,9,274,0.1581,0.3152,0.2352,0.2352
92,9,277,0.3923,0,0.0771,0.2352
93,9,280,0.3923,0.1581,0.2352,0.3123
94,9,283,0.2342,0.2352,0.2352,0.08
95,9,286,0.3923,0.3923,0.1542,0.2342
96,9,289,0.2381,0.3123,0.2342,0.2381
97,9,292,0.2352,0.2381,0.2313,0.0771
98,9,295,0.1581,0.2381,0.2313,0.2381
99,9,298,0.3923,0.1571,0.3152,0.2381
,Dataset#,L,att_1,att_2,att_3,att_4
0,10,1,0.5891,0.6044,0.5943,0.6437
1,10,4,0.6271,0.6514,0.6243,0.645
2,10,7,0.5945,0.6223,0.6608,0.6292
3,10,10,0.6309,0.617,0.6083,0.6453
4,10,13,0.6027,0.6113,0.5922,0.6506
5,10,16,0.5715,0.6355,0.6213,0.6438
6,10,19,0.61,0.5992,0.61,0.5538
7,10,22,0.6339,0.6074,0.5803,0.6073
8,10,25,0.5488,0.5719,0.5989,0.5827
9,10,28,0.5607,0.6147,0.5978,0.5716
10,10,31,0.5909,0.5548,0.5605,0.5943
11,10,34,0.5488,0.5824,0.5451,0.5524
12,10,37,0.5626,0.5829,0.568,0.5595
13,10,40,0.5488,0.567,0.6087,0.5847
14,10,43,0.605,0.5406,0.5548,0.5936
15,10,46,0.5488,0.5627,0.5488,0.5959
16,10,49,0.5488,0.5488,0.5645,0.5641
17,10,52,0.5777,0.5661,0.5931,0.5709
18,10,55,0.5809,0.5762,0.5451,0.5488
19,10,58,0.5669,0.5572,0.5488,0.5488
20,10,61,0.591,0.573,0.5386,0.6166
21,10,64,0.5488,0.5488,0.5488,0.5516
22,10,67,0.5818,0.5488,0.5488,0.5385
23,10,70,0.568,0.5488,0.5488,0.5632
24,10,73,0.561,0.5458,0.5488,0.5317
25,10,76,0.5583,0.5756,0.5906,0.5488
26,10,79,0.5488,0.5423,0.5488,0.5496
27,10,82,0.5826,0.579,0.5528,0.5488
28,10,85,0.5386,0.5967,0.5488,0.5488
29,10,88,0.5488,0.5488,0.5708,0.5726
30,10,91,0.5654,0.5488,0.5488,0.5783
31,10,94,0.5488,0.5947,0.5488,0.5532
32,10,97,0.584,0.575,0.5488,0.5488
33,10,100,0.5488,0.5506,0.5537,0.5488
34,10,103,0.5488,0.5488,0.5488,0.5488
35,10,106,0.5368,0.5728,0.5768,0.5708
36,10,109,0.5697,0.5422,0.5701,0.5488
37,10,112,0.5488,0.5665,0.5373,0.5488
38,10,115,0.5488,0.5797,0.5375,0.5488
39,10,118,0.5488,0.5488,0.575,0.5456
40,10,121,0.5372,0.5778,0.5488,0.5538
41,10,124,0.5437,0.5523,0.5488,0.5488
42,10,127,0.5488,0.5488,0.5488,0.5488
43,10,130,0.5488,0.5594,0.5764,0.552
44,10,133,0.5488,0.5488,0.5488,0.5502
45,10,136,0.5488,0.5488,0.5488,0.5728
46,10,139,0.5488,0.5488,0.5488,0.5488
47,10,142,0.5503,0.5488,0.5488,0.5341
48,10,145,0.5622,0.5488,0.5488,0.5747
49,10,148,0.5488,0.5488,0.539,0.5488
50,10,151,0.5488,0.5484,0.5488,0.5488
51,10,154,0.4251,0.5317,0.5488,0.5488
52,10,157,0.5488,0.5488,0.5488,0.5488
53,10,160,0.5488,0.5241,0.5445,0.5488
54,10,163,0.5488,0.5488,0.5488,0.5488
55,10,166,0.5488,0.5488,0.5488,0.5488
56,10,169,0.5488,0.5488,0.5488,0.5488
57,10,172,0.5488,0.5488,0.5488,0.564
58,10,175,0.5488,0.5674,0.5638,0.5488
59,10,178,0.5488,0.5441,0.5488,0.5488
60,10,181,0.5488,0.5488,0.5488,0.4394
61,10,184,0.5488,0.4375,0.4394,0.5488
62,10,187,0.4405,0.3322,0.4394,0.5488
63,10,190,0.5488,0.5488,0.4375,0.561
64,10,193,0.5488,0.5488,0.4375,0.5488
65,10,196,0.4394,0.4405,0.5488,0.331
66,10,199,0.5488,0.3292,0.5488,0.4394
67,10,202,0.5488,0.5488,0.328,0.331
68,10,205,0.5488,0.5488,0.5488,0.4405
69,10,208,0.5488,0.4394,0.4405,0.5488
70,10,211,0.5488,0.5488,0.5488,0.4375
71,10,214,0.4405,0.5488,0.4375,0.4405
72,10,217,0.5488,0.4405,0.4405,0.4405
73,10,220,0.4375,0.4375,0.5488,0.5488
74,10,223,0.4375,0.4375,0.328,0.2197
75,10,226,0.4394,0.4405,0.4405,0.4375
76,10,229,0.4405,0.5488,0.3288,0.5488
77,10,232,0.3262,0.4375,0.4375,0.5488
78,10,235,0.5488,0.5488,0.5488,0.5488
79,10,238,0.5488,0.331,0.4394,0.5488
80,10,241,0.4405,0.5488,0.5488,0.4375
81,10,244,0.5488,0.5488,0.4375,0.5488
82,10,247,0.4375,0.331,0.4394,0.4405
83,10,250,0.5488,0.3292,0.5488,0.5488
84,10,253,0.4394,0.5488,0.3292,0.3322
85,10,256,0.5488,0.5488,0.4405,0.5488
86,10,259,0.3292,0.4405,0.4375,0.4375
87,10,262,0.4375,0.4405,0.2178,0.331
88,10,265,0.5488,0.5488,0.331,0.5488
89,10,268,0.4405,0.4405,0.4375,0.3292
90,10,271,0.3292,0.4394,0.5488,0.5488
91,10,274,0.5488,0.5488,0.3292,0.4405
92,10,277,0.4405,0.4375,0.5488,0.5488
93,10,280,0.328,0.4405,0.5488,0.5488
94,10,283,0.4375,0.4405,0.5488,0.4394
95,10,286,0.5488,0.4375,0.4394,0.2178
96,10,289,0.4405,0.331,0.4394,0.3292
97,10,292,0.2197,0.4405,0.4375,0.4375
98,10,295,0.4394,0.3292,0.5488,0.2178
99,10,298,0.4394,0.2227,0.4375,0.3292
,Dataset#,L,att_1,att_2,att_3,att_4
0,11,1,0.8153,0.8289,0.8267,0.8232
1,11,4,0.8135,0.8205,0.8399,0.8012
2,11,7,0.8086,0.8071,0.806,0.7937
3,11,10,0.7979,0.8108,0.7795,0.8279
4,11,13,0.7968,0.817,0.8302,0.8131
5,11,16,0.7869,0.8179,0.8287,0.7699
6,11,19,0.831,0.7951,0.8041,0.7654
7,11,22,0.7877,0.7812,0.811,0.738
8,11,25,0.7914,0.7406,0.803,0.8069
9,11,28,0.678,0.6948,0.7947,0.6765
10,11,31,0.6851,0.7416,0.7387,0.6691
11,11,34,0.5932,0.8084,0.7254,0.7531
12,11,37,0.7061,0.7102,0.6339,0.8328
13,11,40,0.6238,0.6836,0.6378,0.7223
14,11,43,0.6341,0.6441,0.639,0.7546
15,11,46,0.6461,0.5802,0.7002,0.7304
16,11,49,0.5897,0.6091,0.7934,0.7094
17,11,52,0.7308,0.646,0.6753,0.7549
18,11,55,0.6445,0.6266,0.5677,0.6968
19,11,58,0.7038,0.6774,0.6303,0.6284
20,11,61,0.6368,0.5863,0.639,0.6342
21,11,64,0.7563,0.6855,0.6224,0.6233
22,11,67,0.6228,0.5863,0.573,0.6323
23,11,70,0.7405,0.5625,0.5957,0.573
24,11,73,0.6336,0.6891,0.6636,0.6227
25,11,76,0.703,0.5283,0.6823,0.6156
26,11,79,0.6352,0.5944,0.6844,0.6987
27,11,82,0.5659,0.575,0.6825,0.5828
28,11,85,0.6176,0.6247,0.5563,0.6497
29,11,88,0.6938,0.6496,0.6144,0.5283
30,11,91,0.6292,0.6319,0.6251,0.6752
31,11,94,0.5826,0.5657,0.6217,0.6883
32,11,97,0.6323,0.6292,0.5998,0.6357
33,11,100,0.6269,0.5863,0.5283,0.5786
34,11,103,0.6527,0.6844,0.5847,0.423
35,11,106,0.6058,0.5849,0.685,0.6314
36,11,109,0.627,0.5692,0.5283,0.5283
37,11,112,0.5762,0.6419,0.6328,0.6431
38,11,115,0.5283,0.5847,0.7849,0.595
39,11,118,0.6356,0.5283,0.5877,0.5283
40,11,121,0.6769,0.6191,0.3777,0.6524
41,11,124,0.6744,0.5283,0.6987,0.4738
42,11,127,0.6577,0.5625,0.6956,0.571
43,11,130,0.5757,0.5932,0.5741,0.5913
44,11,133,0.6732,0.5353,0.5283,0.5326
45,11,136,0.5177,0.5791,0.6087,0.5781
46,11,139,0.5692,0.5847,0.607,0.423
47,11,142,0.6427,0.5625,0.7007,0.6967
48,11,145,0.6053,0.5105,0.6353,0.629
49,11,148,0.6441,0.6182,0.5283,0.6304
50,11,151,0.5588,0.6346,0.7079,0.6811
51,11,154,0.6216,0.583,0.6877,0.5592
52,11,157,0.5718,0.5863,0.423,0.559
53,11,160,0.6633,0.5283,0.5283,0.6689
54,11,163,0.7165,0.5256,0.5538,0.5283
55,11,166,0.5944,0.6103,0.5283,0.6177
56,11,169,0.5625,0.7475,0.6353,0.421
57,11,172,0.4658,0.6566,0.5689,0.573
58,11,175,0.6505,0.421,0.632,0.5795
59,11,178,0.3371,0.2105,0.3752,0.3158
60,11,181,0.612,0.2586,0.3158,0.3158
61,11,184,0.421,0.2105,0.2667,0.3725
62,11,187,0.5283,0.3177,0.1053,0.423
63,11,190,0.423,0.3177,0.423,0.3158
64,11,193,0.3177,0.421,0.423,0.5925
65,11,196,0.423,0.2105,0.5283,0.3177
66,11,199,0.3158,0.423,0.423,0.423
67,11,202,0.3177,0.3158,0.421,0.5283
68,11,205,0.5283,0.423,0.5283,0
69,11,208,0.3177,0.3158,0.421,0.3177
70,11,211,0.421,0.5283,0.2125,0.423
71,11,214,0.421,0.2105,0.421,0.423
72,11,217,0.3158,0.2125,0.3501,0.3177
73,11,220,0.423,0.423,0.423,0.423
74,11,223,0.5283,0.3177,0.5283,0.2105
75,11,226,0.423,0.5283,0.3158,0.3177
76,11,229,0.4758,0.423,0.423,0.3158
77,11,232,0.423,0.5283,0.3158,0.3177
78,11,235,0.421,0.1053,0.3177,0.3177
79,11,238,0.423,0.3158,0.5283,0.423
80,11,241,0.5283,0.3177,0.423,0.2125
81,11,244,0.423,0.3158,0.5283,0.423
82,11,247,0.1053,0.5283,0.5738,0.423
83,11,250,0.423,0.423,0.423,0.3177
84,11,253,0.3177,0.3158,0.2125,0.2105
85,11,256,0.5283,0.5283,0.423,0.5283
86,11,259,0.2105,0.2125,0.5283,0.2125
87,11,262,0.3158,0.1053,0.423,0.3177
88,11,265,0.3177,0.5283,0.423,0.423
89,11,268,0.3177,0.5283,0.2125,0.5283
90,11,271,0.5283,0.5283,0.3158,0.421
91,11,274,0.3177,0.423,0.3177,0.5283
92,11,277,0.5283,0.423,0.3177,0.3177
93,11,280,0.3158,0.423,0.2105,0.3158
94,11,283,0.5283,0.2125,0.5283,0.3177
95,11,286,0.423,0.3158,0.2125,0.423
96,11,289,0.2125,0.3158,0.2105,0.423
97,11,292,0.3177,0.421,0.423,0.2105
98,11,295,0.423,0.423,0.423,0.1053
99,11,298,0.1053,0.3158,0.423,0.421
,Dataset#,L,att_1,att_2,att_3,att_4
0,12,1,0.9956,0.9956,1,0.9956
1,12,4,0.9956,1,0.9909,0.9956
2,12,7,0.9956,0.9953,0.9956,0.9956
3,12,10,0.9956,0.9956,0.9956,0.9907
4,12,13,0.9909,0.9909,1,1
5,12,16,0.9953,0.9953,0.9907,0.9953
6,12,19,1,0.9909,0.9956,0.9862
7,12,22,0.9909,0.9956,1,1
8,12,25,0.9953,0.9953,0.9953,0.9953
9,12,28,0.9909,0.9911,0.9909,1
10,12,31,0.9953,1,0.9862,1
11,12,34,0.9956,0.9956,0.9953,1
12,12,37,0.9909,0.9956,0.9953,0.8845
13,12,40,0.9909,0.9956,0.986,0.8946
14,12,43,0.8902,0.9953,0.9953,0.8902
15,12,46,0.7836,0.9865,0.8855,0.9956
16,12,49,0.9909,1,0.7826,0.9909
17,12,52,0.8799,0.8936,0.8892,0.7824
18,12,55,0.9953,1,0.8855,1
19,12,58,1,0.7882,0.6946,0.8902
20,12,61,0.7882,0.889,0.8845,0.7826
21,12,64,0.7814,0.7836,0.8855,0.8936
22,12,67,0.9956,0.9956,0.8855,0.9953
23,12,70,0.8946,0.9956,0.9862,0.8843
24,12,73,0.676,0.7868,0.6851,0.7794
25,12,76,0.9953,0.8855,0.7794,0.9956
26,12,79,0.8847,0.9956,0.9956,0.7882
27,12,82,0.8902,0.6851,0.8946,0.9956
28,12,85,0.7848,0.8924,0.9909,0.889
29,12,88,0.8736,0.7858,0.7892,0.6772
30,12,91,0.8892,0.787,0.8801,0.9909
31,12,94,0.7846,0.6841,0.8936,0.6819
32,12,97,0.8853,0.7858,0.9953,0.9909
33,12,100,0.7836,0.9865,0.6819,0.9956
34,12,103,0.9907,0.7826,1,0.6819
35,12,106,0.9953,0.8877,0.9909,0.6772
36,12,109,0.7882,0.9865,0.8892,0.8845
37,12,112,0.89,0.9909,0.7882,0.7777
38,12,115,0.6819,0.89,0.7882,0.9911
39,12,118,0.6829,0.8892,0.6877,0.889
40,12,121,0.6946,0.889,0.8936,0.8946
41,12,124,0.9909,0.6819,0.6861,0.8855
42,12,127,0.6784,0.8799,0.9862,0.8924
43,12,130,0.5791,0.9909,0.889,0.6794
44,12,133,0.786,0.7836,0.8902,0.9866
45,12,136,0.7882,0.5811,0.7905,0.9956
46,12,139,0.8843,0.6829,0.7858,0.9956
47,12,142,0.9769,0.8877,0.986,0.6794
48,12,145,0.8799,0.6829,0.89,0.8845
49,12,148,0.8855,0.7882,0.7836,0.8855
50,12,151,0.7872,0.7821,0.9862,0.575
51,12,154,0.8843,0.6902,0.8811,0.88
52,12,157,0.8843,0.6851,0.6711,0.6841
53,12,160,0.6806,0.8809,0.787,0.9907
54,12,163,0.9909,0.8845,0.9953,0.9953
55,12,166,0.6851,0.8877,0.8902,0.5836
56,12,169,0.7836,0.8873,0.6845,0.8841
57,12,172,0.4968,0.5953,0.6,0.7905
58,12,175,0.1956,0.4851,0.7915,0.1905
59,12,178,0.1892,0.4733,0.5892,0.1882
60,12,181,0.387,0.2829,0.2902,0.09462
61,12,184,0,0.2922,0.09362,0.2829
62,12,187,0.2902,0.1882,0.09462,0.3787
63,12,190,0.09462,0.3905,0.2,0.1872
64,12,193,0,0.1882,0.1872,0.1872
65,12,196,0.09684,0.1882,0.2861,0.4845
66,12,199,0.2861,0.1892,0.09362,0.2
67,12,202,0.2819,0.1892,0.1872,0.09462
68,12,205,0.2829,0,0,0.3787
69,12,208,0.3765,0.09362,0.09362,0.1953
70,12,211,0.2861,0,0.2924,0.2841
71,12,214,0.3797,0.3787,0.09362,0.2851
72,12,217,0.1915,0.1872,0.2819,0.3765
73,12,220,0.1872,0.1905,0.09462,0.1953
74,12,223,0.1915,0.2851,0.2851,0.2861
75,12,226,0.09684,0.2851,0,0.09362
76,12,229,0.09462,0.1905,0.09684,0.2851
77,12,232,0.09684,0.09462,0.2819,0.1915
78,12,235,0.09362,0.2819,0,0.2851
79,12,238,0.2851,0.2861,0.1882,0.09684
80,12,241,0.1882,0.2829,0.1915,0.2819
81,12,244,0.09462,0.09462,0.09462,0.1882
82,12,247,0.1905,0.09462,0.1872,0.2851
83,12,250,0.2861,0.09362,0.2819,0
84,12,253,0.09684,0.09462,0,0.09362
85,12,256,0,0.3797,0.1882,0.09684
86,12,259,0.1882,0.09462,0.09362,0.1915
87,12,262,0.1882,0.2829,0.09462,0.2819
88,12,265,0.09684,0.3765,0.09462,0.1872
89,12,268,0.09462,0.2851,0.09684,0.2851
90,12,271,0.1882,0.1882,0.09362,0.2829
91,12,274,0.1882,0.2851,0.1882,0.09462
92,12,277,0.1882,0.1905,0.09362,0.1882
93,12,280,0.3797,0,0.1905,0.09684
94,12,283,0.1882,0.09362,0.1882,0.1905
95,12,286,0.09462,0,0.1882,0.1905
96,12,289,0.09362,0.3787,0.1882,0.2861
97,12,292,0.1905,0.2841,0.1915,0.2851
98,12,295,0.2829,0.1915,0.1915,0.1905
99,12,298,0.09362,0.1892,0.09462,0.2819
,Dataset#,L,att_1,att_2,att_3,att_4
0,13,1,0.4477,0.4405,0.4441,0.408
1,13,4,0.4129,0.4461,0.4541,0.4201
2,13,7,0.442,0.4216,0.408,0.3942
3,13,10,0.4522,0.4324,0.3984,0.4417
4,13,13,0.3701,0.4072,0.4728,0.4482
5,13,16,0.3665,0.4093,0.4502,0.4076
6,13,19,0.367,0.4157,0.4583,0.4556
7,13,22,0.4529,0.3987,0.446,0.4102
8,13,25,0.4232,0.4126,0.3986,0.3953
9,13,28,0.3858,0.4061,0.3912,0.3878
10,13,31,0.3975,0.3953,0.376,0.4445
11,13,34,0.398,0.3802,0.4277,0.4172
12,13,37,0.3751,0.3875,0.391,0.4267
13,13,40,0.3937,0.3605,0.397,0.3808
14,13,43,0.3949,0.4132,0.4103,0.3831
15,13,46,0.4037,0.3751,0.4083,0.4078
16,13,49,0.4401,0.4116,0.4314,0.4423
17,13,52,0.3795,0.4137,0.4093,0.3957
18,13,55,0.3944,0.3795,0.3815,0.3795
19,13,58,0.3959,0.3985,0.3515,0.3831
20,13,61,0.3795,0.3817,0.3954,0.4035
21,13,64,0.3338,0.3046,0.4129,0.3945
22,13,67,0.4008,0.3896,0.3795,0.3448
23,13,70,0.3924,0.3795,0.4059,0.37
24,13,73,0.387,0.3778,0.3298,0.4073
25,13,76,0.3796,0.4002,0.3795,0.4045
26,13,79,0.4165,0.2859,0.3937,0.3845
27,13,82,0.3955,0.3954,0.3926,0.3631
28,13,85,0.3769,0.3981,0.4019,0.3795
29,13,88,0.3795,0.424,0.3795,0.3766
30,13,91,0.3113,0.3228,0.3801,0.4039
31,13,94,0.3795,0.3553,0.3921,0.3576
32,13,97,0.3286,0.3795,0.3969,0.3909
33,13,100,0.2275,0.3754,0.3795,0.3301
34,13,103,0.3663,0.3928,0.3737,0.4004
35,13,106,0.3985,0.4218,0.3795,0.3812
36,13,109,0.2942,0.4031,0.3939,0.3749
37,13,112,0.2889,0.4232,0.3251,0.3031
38,13,115,0.3896,0.3795,0.3714,0.4083
39,13,118,0.306,0.3544,0.4132,0.3928
40,13,121,0.3931,0.3148,0.3972,0.3431
41,13,124,0.3795,0.3755,0.3795,0.3942
42,13,127,0.3772,0.4138,0.3795,0.3039
43,13,130,0.3948,0.2275,0.3802,0.3968
44,13,133,0.3795,0.3662,0.4017,0.4039
45,13,136,0.3039,0.3737,0.3781,0.3129
46,13,139,0.3244,0.3988,0.3948,0.3039
47,13,142,0.3928,0.3039,0.3039,0.38
48,13,145,0.3718,0.358,0.3795,0.3075
49,13,148,0.3041,0.2615,0.3075,0.3082
50,13,151,0.3795,0.3053,0.3795,0.3115
51,13,154,0.3795,0.3795,0.3293,0.4062
52,13,157,0.3795,0.3039,0.3795,0.314
53,13,160,0.3873,0.3803,0.3039,0.3031
54,13,163,0.3795,0.3031,0.3972,0.3795
55,13,166,0.3795,0.3929,0.3039,0.419
56,13,169,0.3793,0.3031,0.4012,0.3031
57,13,172,0.3031,0.3733,0.3674,0.3851
58,13,175,0.3795,0.2539,0.3795,0.2275
59,13,178,0.3039,0.3795,0.2381,0.3039
60,13,181,0.3031,0.3039,0.1686,0.3031
61,13,184,0.3795,0.3795,0.2275,0.2284
62,13,187,0.2368,0.2275,0.2275,0.3031
63,13,190,0.3031,0.2275,0.3795,0.3795
64,13,193,0.3031,0.3031,0.3039,0.3039
65,13,196,0.3795,0.152,0.2275,0.3039
66,13,199,0.3039,0.3031,0.2275,0.229
67,13,202,0.3039,0.3031,0.3795,0.3031
68,13,205,0.3795,0.152,0.3031,0.2267
69,13,208,0.3039,0.2275,0.3795,0.3039
70,13,211,0.3795,0.3039,0.152,0.3039
71,13,214,0.3031,0.2275,0.3795,0.2284
72,13,217,0.3031,0.3039,0.152,0.3039
73,13,220,0.3031,0.3795,0.152,0.152
74,13,223,0.0764,0.2275,0.152,0.3795
75,13,226,0.2267,0.0764,0.3039,0.2284
76,13,229,0.2284,0.152,0.3039,0.152
77,13,232,0.152,0.2275,0.2275,0.2275
78,13,235,0.3795,0.3039,0.3956,0.2275
79,13,238,0.3039,0.2284,0.3795,0.3031
80,13,241,0.3795,0.2284,0.3795,0.152
81,13,244,0.3795,0.3039,0.2275,0.1511
82,13,247,0.2275,0.3795,0.2275,0.3039
83,13,250,0.3039,0.2275,0.1511,0.0764
84,13,253,0.3039,0.1511,0.07556,0.2275
85,13,256,0.152,0,0.3031,0.3039
86,13,259,0.3039,0.2275,0.3039,0.2267
87,13,262,0.2284,0.2267,0.3039,0.3031
88,13,265,0.152,0.1511,0.3039,0.152
89,13,268,0.0764,0.2275,0.3039,0.2275
90,13,271,0.2275,0.2275,0.0764,0.2275
91,13,274,0.2284,0.1511,0.3795,0.3039
92,13,277,0.3039,0.3031,0.152,0.2275
93,13,280,0.0764,0.2284,0.2275,0.152
94,13,283,0.2284,0.3795,0.3039,0.3795
95,13,286,0.3031,0.2275,0.3795,0.3039
96,13,289,0.152,0.2284,0.2275,0.2284
97,13,292,0.2284,0.3031,0.152,0.2275
98,13,295,0.3039,0.1511,0.2284,0.3795
99,13,298,0.152,0.2284,0,0.1511
,Dataset#,L,att_1,att_2,att_3,att_4
0,14,1,0.1836,0.1666,0.1402,0.1672
1,14,4,0.1866,0.1746,0.1545,0.1756
2,14,7,0.1483,0.1707,0.1891,0.1671
3,14,10,0.1717,0.1574,0.1642,0.1789
4,14,13,0.1667,0.184,0.1779,0.1498
5,14,16,0.1703,0.1452,0.1612,0.1865
6,14,19,0.1607,0.1588,0.1635,0.1917
7,14,22,0.1311,0.1261,0.1591,0.1588
8,14,25,0.154,0.1501,0.1652,0.1569
9,14,28,0.1565,0.1661,0.1565,0.1522
10,14,31,0.1565,0.1565,0.1565,0.156
11,14,34,0.1565,0.1815,0.1565,0.1749
12,14,37,0.1418,0.1565,0.1723,0.1655
13,14,40,0.1565,0.1215,0.1565,0.1565
14,14,43,0.1565,0.1565,0.1585,0.1547
15,14,46,0.1721,0.1565,0.1658,0.1696
16,14,49,0.1504,0.1565,0.1565,0.1565
17,14,52,0.1565,0.1565,0.1565,0.1565
18,14,55,0.1565,0.1565,0.1565,0.1565
19,14,58,0.1565,0.1609,0.1586,0.1565
20,14,61,0.1215,0.1565,0.1767,0.1565
21,14,64,0.1605,0.1534,0.1565,0.1565
22,14,67,0.1261,0.1519,0.1565,0.1709
23,14,70,0.1565,0.1565,0.09118,0.1251
24,14,73,0.1565,0.1642,0.1565,0.1565
25,14,76,0.114,0.1661,0.1565,0.1569
26,14,79,0.1861,0.1511,0.1584,0.1261
27,14,82,0.06076,0.1283,0.1565,0.1614
28,14,85,0.1261,0.1261,0.1565,0.1261
29,14,88,0.1565,0.169,0.1565,0.1261
30,14,91,0.1565,0.1511,0.1565,0.1761
31,14,94,0.1261,0.1565,0.1565,0.1565
32,14,97,0.1261,0.1435,0.1565,0.1565
33,14,100,0.1252,0.1261,0.1951,0.09576
34,14,103,0.1261,0.1565,0.1565,0.1565
35,14,106,0.1261,0.1565,0.1565,0.06076
36,14,109,0.1577,0.1261,0.09576,0.1565
37,14,112,0.1565,0.1261,0.1511,0.1261
38,14,115,0.06538,0.1261,0.1565,0.1565
39,14,118,0.08884,0.1534,0.1565,0.1565
40,14,121,0.1261,0.06076,0.1565,0.09114
41,14,124,0.1261,0.1261,0.1197,0.09576
42,14,127,0.1014,0.1565,0.1063,0.1565
43,14,130,0.1261,0.1261,0.09576,0.09576
44,14,133,0.09576,0.1261,0.1565,0.1497
45,14,136,0.1215,0.09114,0.1565,0.1261
46,14,139,0.1215,0.1428,0.09576,0.1261
47,14,142,0.09114,0.1261,0.1261,0.1565
48,14,145,0.1261,0.09576,0.09114,0.1261
49,14,148,0.09114,0.07076,0.09576,0.1565
50,14,151,0.06076,0.09576,0.09576,0.1261
51,14,154,0.09576,0.09114,0.1215,0.09576
52,14,157,0.1261,0.09576,0.1565,0.1261
53,14,160,0.1565,0.1565,0.09576,0.06076
54,14,163,0.09576,0.09576,0.09576,0.1517
55,14,166,0.1215,0.06076,0.06538,0.1291
56,14,169,0.06538,0.1625,0.1565,0.09576
57,14,172,0.1565,0.1261,0.1565,0.06076
58,14,175,0.1261,0.1261,0.09114,0.08986
59,14,178,0.1261,0.1261,0.1215,0.1261
60,14,181,0.09576,0.09576,0.09576,0.06538
61,14,184,0.09576,0.09576,0.1261,0.09576
62,14,187,0.1261,0.09576,0.1565,0.1261
63,14,190,0.1261,0.06076,0.09576,0.1215
64,14,193,0.1215,0.09576,0.1261,0.1261
65,14,196,0.1261,0.1215,0.1261,0.09114
66,14,199,0.09114,0.06076,0.1261,0.09576
67,14,202,0.1261,0.09576,0.1261,0
68,14,205,0.06076,0.09114,0.06538,0.1215
69,14,208,0.09576,0.06538,0.09576,0.09576
70,14,211,0.1261,0.1261,0.06076,0.1565
71,14,214,0.1261,0.1261,0.09576,0.1261
72,14,217,0.1261,0.06076,0.09114,0.06076
73,14,220,0.09576,0.1261,0.09114,0.1261
74,14,223,0.1261,0.06076,0.1215,0.09576
75,14,226,0.1261,0.09114,0.1261,0.09576
76,14,229,0.035,0.06076,0.1261,0
77,14,232,0.1215,0.1261,0.09576,0.09114
78,14,235,0.1261,0.06538,0.06076,0.09114
79,14,238,0.06076,0.035,0.06538,0.06076
80,14,241,0.09576,0.09576,0.06076,0.1565
81,14,244,0.09114,0.06076,0.09576,0.06538
82,14,247,0.06076,0.1261,0.09114,0.09576
83,14,250,0.03038,0.09576,0.09576,0.06076
84,14,253,0.09114,0.1565,0.09576,0.06076
85,14,256,0.09576,0.03038,0.06076,0.03038
86,14,259,0.1261,0.09576,0.1261,0.06076
87,14,262,0.06076,0.1261,0.06538,0.1215
88,14,265,0.09576,0.09576,0.1565,0.09576
89,14,268,0.09114,0.06538,0.09576,0.06538
90,14,271,0.06538,0.06538,0.06076,0.06076
91,14,274,0.1215,0.09114,0.09576,0.06538
92,14,277,0.03038,0.06538,0.1565,0.1261
93,14,280,0.06538,0.1261,0.06538,0.06538
94,14,283,0.1261,0.03038,0.06076,0.09576
95,14,286,0.03038,0.06076,0.06076,0.09114
96,14,289,0.06076,0,0.09576,0.06076
97,14,292,0,0.09576,0.09114,0.06538
98,14,295,0.06538,0.09576,0.09576,0.1565
99,14,298,0.06076,0.09114,0.06538,0.09576
,Dataset#,L,att_1,att_2,att_3,att_4
0,15,1,0.4818,0.4438,0.458,0.4185
1,15,4,0.4185,0.4815,0.4048,0.4594
2,15,7,0.3915,0.4429,0.3905,0.417
3,15,10,0.4003,0.3482,0.398,0.3696
4,15,13,0.3591,0.4233,0.3359,0.4001
5,15,16,0.4673,0.3743,0.4398,0.2901
6,15,19,0.4037,0.3843,0.3968,0.3904
7,15,22,0.4322,0.3277,0.3928,0.4031
8,15,25,0.3968,0.4216,0.4135,0.3523
9,15,28,0.459,0.332,0.3877,0.2337
10,15,31,0.3421,0.3124,0.4049,0.3643
11,15,34,0.4089,0.2902,0.3939,0.4153
12,15,37,0.4017,0.378,0.2698,0.3517
13,15,40,0.3527,0.3573,0.3812,0.4361
14,15,43,0.3526,0.3761,0.3836,0.31
15,15,46,0.2769,0.3621,0.3834,0.3559
16,15,49,0.2992,0.1938,0.3547,0.4317
17,15,52,0.2985,0.4044,0.3513,0.34
18,15,55,0.4048,0.3686,0.3296,0.3526
19,15,58,0.4707,0.3063,0.4219,0.3674
20,15,61,0.2811,0.4778,0.4275,0.3888
21,15,64,0.3213,0.2786,0.4348,0.2479
22,15,67,0.3891,0.3857,0.3264,0.4223
23,15,70,0.2738,0.248,0.3227,0.2819
24,15,73,0.3068,0.4374,0.345,0.3371
25,15,76,0.2444,0.3607,0.3606,0.2696
26,15,79,0.362,0.3862,0.2369,0.2886
27,15,82,0.3959,0.2946,0.3851,0.2798
28,15,85,0.417,0.3763,0.2463,0.3595
29,15,88,0.3757,0.2859,0.3285,0.3799
30,15,91,0.2541,0.2571,0.3905,0.402
31,15,94,0.4031,0.266,0.2505,0.4355
32,15,97,0.3177,0.3084,0.3934,0.3697
33,15,100,0.2802,0.2939,0.2549,0.2642
34,15,103,0.2872,0.3294,0.3686,0.218
35,15,106,0.2798,0.2802,0.3096,0.4012
36,15,109,0.33,0.3319,0.3415,0.3257
37,15,112,0.3061,0.3098,0.3439,0.2455
38,15,115,0.2297,0.2782,0.2335,0.4075
39,15,118,0.2136,0.3216,0.2228,0.2371
40,15,121,0.3031,0.2711,0.3904,0.2642
41,15,124,0.2096,0.2642,0.3543,0.2869
42,15,127,0.2436,0.2886,0.3141,0.295
43,15,130,0.2918,0.3056,0.2281,0.3174
44,15,133,0.2978,0.3613,0.2977,0.3056
45,15,136,0.2359,0.3213,0.2022,0.2801
46,15,139,0.3078,0.3506,0.3927,0.266
47,15,142,0.2642,0.4523,0.3006,0.2191
48,15,145,0.2949,0.366,0.2912,0.246
49,15,148,0.3749,0.3349,0.3049,0.3489
50,15,151,0.1137,0.307,0.3331,0.2969
51,15,154,0.2102,0.2799,0.3214,0.3461
52,15,157,0.2102,0.2642,0.2861,0.2954
53,15,160,0.2639,0.3025,0.4514,0.2532
54,15,163,0.3603,0.2102,0.3199,0.2667
55,15,166,0.3914,0.3298,0.2569,0.4738
56,15,169,0.1591,0.1851,0.2287,0.1091
57,15,172,0.2096,0.194,0.2096,0.1051
58,15,175,0.2136,0.2136,0.2642,0.1045
59,15,178,0.1591,0.2102,0.05454,0.05058
60,15,181,0.1045,0.163,0.2136,0.1591
61,15,184,0.1597,0.1591,0.1597,0.1597
62,15,187,0.1051,0.1557,0.2136,0.2642
63,15,190,0.1591,0.163,0.1045,0.05058
64,15,193,0.1597,0.2136,0.1557,0.2642
65,15,196,0.1051,0.2136,0.163,0.1551
66,15,199,0.1591,0.163,0.2102,0.2102
67,15,202,0.1051,0.2096,0.1557,0.2102
68,15,205,0.1557,0.2136,0.1597,0.2642
69,15,208,0.1051,0.1051,0.1591,0.1012
70,15,211,0,0.1597,0.163,0.1051
71,15,214,0.1557,0.1557,0.1051,0.2136
72,15,217,0.2136,0.1051,0.05058,0.1557
73,15,220,0.1091,0.1012,0.1091,0.1051
74,15,223,0.163,0.1551,0.163,0.1597
75,15,226,0.1591,0.05394,0.1091,0.1051
76,15,229,0.1591,0.1085,0.1591,0.1557
77,15,232,0.1591,0.1591,0.1045,0.1557
78,15,235,0.2096,0.1557,0.2096,0.1597
79,15,238,0.1051,0.2642,0.2096,0.1051
80,15,241,0.2642,0.2096,0.1085,0.2102
81,15,244,0.1591,0.1557,0.1051,0.1557
82,15,247,0.1591,0.1557,0.05394,0.1591
83,15,250,0.1557,0.2096,0.2642,0.2642
84,15,253,0.1051,0.2136,0.05058,0.1557
85,15,256,0.2642,0.2096,0.1085,0.2096
86,15,259,0.1051,0.05058,0.1012,0.1597
87,15,262,0.2096,0.2096,0.1557,0.1051
88,15,265,0.1051,0.1085,0.2096,0.1051
89,15,268,0.1591,0.05394,0.2642,0.1557
90,15,271,0.1557,0.1091,0.1591,0.1557
91,15,274,0.05058,0.2096,0.2136,0.2642
92,15,277,0.1091,0.1012,0.2096,0.1051
93,15,280,0.2642,0.05058,0.05058,0.163
94,15,283,0.1591,0.05394,0.1051,0.1557
95,15,286,0.05454,0.1051,0.2642,0.2102
96,15,289,0.1597,0.1597,0.1085,0.2136
97,15,292,0.05454,0.2102,0.05394,0.2642
98,15,295,0.1557,0,0.1051,0.2096
99,15,298,0.2096,0.1045,0.1591,0.2102
,Dataset#,L,att_1,att_2,att_3,att_4
0,16,1,0.8324,0.8472,0.8406,0.8354
1,16,4,0.8621,0.8538,0.837,0.8537
2,16,7,0.8648,0.8458,0.8502,0.8593
3,16,10,0.8447,0.8469,0.8578,0.8455
4,16,13,0.8589,0.8709,0.8475,0.8723
5,16,16,0.8549,0.865,0.8518,0.8465
6,16,19,0.8274,0.847,0.8364,0.8121
7,16,22,0.8407,0.8204,0.8477,0.8366
8,16,25,0.8378,0.844,0.8414,0.8062
9,16,28,0.8322,0.7696,0.7759,0.8512
10,16,31,0.8372,0.8431,0.838,0.8238
11,16,34,0.8097,0.8061,0.7838,0.7828
12,16,37,0.8415,0.8029,0.8204,0.7631
13,16,40,0.8278,0.8163,0.8528,0.84
14,16,43,0.8024,0.8458,0.772,0.8386
15,16,46,0.72,0.7819,0.7581,0.7148
16,16,49,0.8225,0.6975,0.8031,0.8263
17,16,52,0.7615,0.7612,0.7739,0.7114
18,16,55,0.7164,0.8343,0.7026,0.7812
19,16,58,0.787,0.6745,0.6824,0.7067
20,16,61,0.5308,0.7435,0.6897,0.7439
21,16,64,0.7823,0.7204,0.7505,0.743
22,16,67,0.7266,0.7704,0.646,0.7832
23,16,70,0.7198,0.7737,0.7652,0.6934
24,16,73,0.6492,0.7161,0.6544,0.7549
25,16,76,0.6808,0.7055,0.6398,0.749
26,16,79,0.7744,0.7637,0.8161,0.6408
27,16,82,0.7699,0.7103,0.7407,0.6754
28,16,85,0.8086,0.7539,0.6711,0.7016
29,16,88,0.6709,0.7553,0.6316,0.6973
30,16,91,0.7222,0.6058,0.7458,0.5897
31,16,94,0.7515,0.746,0.7176,0.7084
32,16,97,0.6701,0.5428,0.7413,0.6723
33,16,100,0.766,0.6447,0.7072,0.7062
34,16,103,0.6378,0.7055,0.6416,0.6997
35,16,106,0.6815,0.6524,0.7436,0.6933
36,16,109,0.7152,0.8063,0.7193,0.6911
37,16,112,0.7556,0.6563,0.791,0.7485
38,16,115,0.7028,0.6852,0.683,0.6503
39,16,118,0.7446,0.6524,0.6576,0.7454
40,16,121,0.6905,0.7595,0.6851,0.7372
41,16,124,0.6541,0.6311,0.6882,0.7526
42,16,127,0.8068,0.482,0.6541,0.6556
43,16,130,0.4874,0.7905,0.6917,0.7483
44,16,133,0.6841,0.5401,0.695,0.7453
45,16,136,0.6605,0.7176,0.7233,0.6457
46,16,139,0.6881,0.7519,0.6377,0.7699
47,16,142,0.6766,0.6399,0.6794,0.8211
48,16,145,0.6085,0.7269,0.6803,0.6947
49,16,148,0.7123,0.5455,0.7436,0.7261
50,16,151,0.6961,0.6962,0.6262,0.7065
51,16,154,0.6007,0.69,0.6767,0.6418
52,16,157,0.6965,0.7207,0.7108,0.785
53,16,160,0.7742,0.647,0.701,0.7039
54,16,163,0.7999,0.7982,0.6385,0.6914
55,16,166,0.6817,0.7308,0.711,0.7593
56,16,169,0.6772,0.6308,0.5959,0.5965
57,16,172,0.6427,0.735,0.4558,0.3796
58,16,175,0.3286,0.7113,0.5028,0.3081
59,16,178,0.5799,0.3286,0.3269,0.2564
60,16,181,0.4858,0.2185,0.437,0.1101
61,16,184,0.6155,0.2185,0.5455,0.1084
62,16,187,0.437,0.2168,0.2168,0.1084
63,16,190,0.2185,0.3763,0.3269,0.1084
64,16,193,0.2202,0.3286,0.3269,0.5455
65,16,196,0.1084,0.437,0.3269,0.3269
66,16,199,0.3286,0.3286,0.2185,0.3269
67,16,202,0.2202,0.3668,0,0.5455
68,16,205,0.1101,0.3269,0.3269,0.3269
69,16,208,0.1084,0.3269,0.1084,0.1101
70,16,211,0.3269,0.3269,0,0
71,16,214,0.4808,0.1084,0.2185,0.3286
72,16,217,0.3269,0.2185,0.2202,0.4354
73,16,220,0.3269,0.3286,0.3269,0.3807
74,16,223,0.2202,0.1084,0.2168,0.5373
75,16,226,0,0.3269,0.2185,0.437
76,16,229,0.2168,0.1084,0.3286,0.1084
77,16,232,0.1101,0.3269,0,0.2168
78,16,235,0.2185,0.2185,0.2185,0.2185
79,16,238,0.2168,0.2168,0.2185,0.2168
80,16,241,0.2185,0.2185,0.437,0.3269
81,16,244,0.4354,0.3286,0.2185,0.1084
82,16,247,0.1084,0.1101,0.2168,0.3269
83,16,250,0.1101,0.3269,0.2185,0.437
84,16,253,0.2663,0.3269,0.3269,0.2185
85,16,256,0.2168,0.1084,0.2168,0.3286
86,16,259,0.1101,0.2185,0.3763,0.2185
87,16,262,0.1101,0.2168,0.1101,0.4354
88,16,265,0.1084,0.437,0.3286,0.437
89,16,268,0.2168,0.1084,0.3253,0.1084
90,16,271,0.1101,0.3269,0.2168,0.437
91,16,274,0.1101,0.1084,0.437,0.2168
92,16,277,0.2816,0.4354,0.437,0.2185
93,16,280,0.3286,0.4354,0.437,0.3269
94,16,283,0.2168,0.3269,0.2185,0
95,16,286,0.3269,0.1084,0.2202,0.1084
96,16,289,0.3253,0.1084,0.2202,0.2185
97,16,292,0.3269,0.3269,0.2185,0.2168
98,16,295,0.1084,0.2168,0.2816,0.437
99,16,298,0.1084,0.437,0.2168,0.1084
,Dataset#,L,att_1,att_2,att_3,att_4
0,17,1,0.4822,0.5405,0.5155,0.5193
1,17,4,0.4801,0.5612,0.522,0.4771
2,17,7,0.6018,0.5394,0.5799,0.5055
3,17,10,0.4951,0.514,0.5048,0.5614
4,17,13,0.5282,0.5643,0.4743,0.52
5,17,16,0.499,0.5685,0.5308,0.5387
6,17,19,0.4303,0.4799,0.551,0.4567
7,17,22,0.475,0.5032,0.4227,0.4322
8,17,25,0.4813,0.5003,0.5479,0.4993
9,17,28,0.4464,0.4699,0.4293,0.5271
10,17,31,0.4519,0.4298,0.465,0.4639
11,17,34,0.351,0.3861,0.5496,0.4636
12,17,37,0.4422,0.4197,0.5219,0.4848
13,17,40,0.5263,0.44,0.4758,0.4724
14,17,43,0.4252,0.4138,0.5011,0.4222
15,17,46,0.4581,0.448,0.4317,0.4438
16,17,49,0.3673,0.3755,0.4894,0.4661
17,17,52,0.3964,0.5225,0.3679,0.3534
18,17,55,0.4676,0.4115,0.449,0.4179
19,17,58,0.3673,0.4045,0.427,0.3834
20,17,61,0.4055,0.4598,0.3876,0.5012
21,17,64,0.3673,0.3895,0.3836,0.4067
22,17,67,0.3894,0.4547,0.3673,0.4145
23,17,70,0.4071,0.4243,0.3673,0.4385
24,17,73,0.4038,0.4803,0.3767,0.4029
25,17,76,0.3666,0.3914,0.3673,0.4156
26,17,79,0.4595,0.4166,0.3666,0.4453
27,17,82,0.3279,0.5103,0.3673,0.4081
28,17,85,0.338,0.4012,0.3673,0.4251
29,17,88,0.5033,0.4362,0.3673,0.4404
30,17,91,0.3691,0.3962,0.3883,0.4626
31,17,94,0.4385,0.4278,0.4166,0.3932
32,17,97,0.4128,0.3862,0.3938,0.4439
33,17,100,0.3673,0.2938,0.4625,0.3781
34,17,103,0.3876,0.3673,0.4419,0.4296
35,17,106,0.3182,0.4331,0.3969,0.3105
36,17,109,0.4578,0.3875,0.2627,0.4287
37,17,112,0.3673,0.4505,0.4015,0.4031
38,17,115,0.4161,0.3991,0.302,0.3869
39,17,118,0.3673,0.4051,0.3638,0.2219
40,17,121,0.3774,0.3765,0.4687,0.4162
41,17,124,0.3435,0.3202,0.3697,0.3895
42,17,127,0.427,0.4027,0.3916,0.4545
43,17,130,0.4208,0.3801,0.2938,0.3336
44,17,133,0.3256,0.261,0.4228,0.3162
45,17,136,0.3673,0.4393,0.3867,0.2938
46,17,139,0.3673,0.3673,0.2969,0.4561
47,17,142,0.385,0.3673,0.4188,0.3673
48,17,145,0.3938,0.2938,0.3816,0.3673
49,17,148,0.4884,0.3369,0.4223,0.3678
50,17,151,0.2078,0.3836,0.408,0.3673
51,17,154,0.3197,0.3349,0.316,0.3855
52,17,157,0.2938,0.4029,0.4702,0.4597
53,17,160,0.2938,0.3497,0.3315,0.3938
54,17,163,0.3263,0.3673,0.3283,0.2938
55,17,166,0.3536,0.3805,0.2938,0.3673
56,17,169,0.3673,0.2567,0.4053,0.2938
57,17,172,0.2938,0.3753,0.2204,0.1469
58,17,175,0.2938,0.2938,0.1469,0.1469
59,17,178,0.2938,0.3375,0.3673,0.2991
60,17,181,0.3673,0.2938,0.1469,0.3845
61,17,184,0.3131,0.2938,0.2938,0.3218
62,17,187,0.2938,0.3725,0.2204,0.3673
63,17,190,0.1469,0.3673,0.07346,0.2938
64,17,193,0.2204,0.3673,0.3673,0.2938
65,17,196,0.2938,0.3673,0.1469,0.2204
66,17,199,0.2938,0.07346,0.2938,0.2938
67,17,202,0.2938,0.2204,0.3673,0.2204
68,17,205,0.3673,0.2204,0.3673,0.2938
69,17,208,0.3673,0.2204,0.1469,0.3673
70,17,211,0.2938,0.2938,0.2204,0.2204
71,17,214,0.3673,0.2204,0.2204,0.2938
72,17,217,0.2938,0.07346,0.2204,0.2938
73,17,220,0.3673,0.07346,0.07346,0.1469
74,17,223,0.2204,0.07346,0.2204,0.2204
75,17,226,0.2938,0.2204,0.3673,0.2938
76,17,229,0.2938,0.2938,0.3673,0.2938
77,17,232,0.2204,0.3673,0.2204,0.3673
78,17,235,0.2204,0.1469,0.2204,0.3673
79,17,238,0.3673,0.2938,0.2938,0.2938
80,17,241,0.2204,0.1469,0.2938,0.2938
81,17,244,0.2204,0.2204,0.2938,0.2938
82,17,247,0.1469,0.2938,0.07346,0.2204
83,17,250,0.2938,0.3673,0.2204,0.2204
84,17,253,0.2204,0.2938,0.1469,0.2938
85,17,256,0.2204,0.2204,0.2938,0.3673
86,17,259,0.1469,0.2938,0.2204,0.2204
87,17,262,0.1469,0.2204,0.2938,0.1469
88,17,265,0.2204,0.07346,0.3673,0.1469
89,17,268,0.2204,0.2938,0.1469,0.3673
90,17,271,0.2938,0.2204,0.2204,0.2938
91,17,274,0.2204,0.2204,0.2204,0.2938
92,17,277,0.2938,0.2938,0.2204,0.3673
93,17,280,0.2204,0.2204,0.2938,0.3673
94,17,283,0.07346,0.2938,0.07346,0.2938
95,17,286,0.1469,0.2204,0.2938,0.07346
96,17,289,0.1469,0.2938,0.1469,0.1469
97,17,292,0.1469,0.2204,0.2938,0.2204
98,17,295,0.2938,0.3673,0.07346,0.2204
99,17,298,0.2938,0.2204,0.2204,0.2938
,Dataset#,L,att_1,att_2,att_3,att_4
0,18,1,0.3712,0.3303,0.3926,0.3382
1,18,4,0.3892,0.4092,0.3879,0.4064
2,18,7,0.4589,0.3722,0.3971,0.3621
3,18,10,0.3804,0.4098,0.4405,0.3598
4,18,13,0.406,0.3978,0.4299,0.3659
5,18,16,0.428,0.385,0.3408,0.4105
6,18,19,0.3095,0.4192,0.3251,0.4351
7,18,22,0.3963,0.3919,0.3498,0.3969
8,18,25,0.3762,0.4155,0.327,0.3989
9,18,28,0.3594,0.3574,0.3918,0.3468
10,18,31,0.3424,0.3626,0.351,0.3492
11,18,34,0.2865,0.3979,0.3542,0.4132
12,18,37,0.2499,0.3764,0.4194,0.3514
13,18,40,0.2991,0.2427,0.3393,0.2557
14,18,43,0.307,0.1533,0.3314,0.2282
15,18,46,0.2006,0.2513,0.2952,0.2412
16,18,49,0.3078,0.2184,0.2864,0.3313
17,18,52,0.2545,0.1038,0.2433,0.324
18,18,55,0.1676,0.245,0.3822,0.3452
19,18,58,0.2155,0.2627,0.2865,0.3405
20,18,61,0.2796,0.1431,0.2076,0.1949
21,18,64,0.2692,0.2986,0.3045,0.2451
22,18,67,0.1355,0.1873,0.2859,0.243
23,18,70,0.2473,0.2515,0.1974,0.1696
24,18,73,0.2671,0.2104,0.3069,0.1904
25,18,76,0.2562,0.2766,0.2108,0.2021
26,18,79,0.1123,0.1805,0.1217,0.2603
27,18,82,0.1759,0.2167,0.1394,0.1947
28,18,85,0.2879,0.2155,0.1217,0.1169
29,18,88,0.1917,0.2036,0.2146,0.05972
30,18,91,0.1058,0.1536,0.1921,0.2439
31,18,94,0.185,0.2109,0.1783,0.1367
32,18,97,0.2366,0.05834,0.1152,0.3064
33,18,100,0.1596,0.1319,0.1152,0.1475
34,18,103,0.169,0.1964,0.1149,0.1964
35,18,106,0.05548,0.08338,0.2683,0.2435
36,18,109,0.1172,0.1406,0,0.2884
37,18,112,0.05548,0.2331,0.1979,0.2419
38,18,115,0.1764,0.151,0.1593,0.1518
39,18,118,0.121,0.08762,0.0873,0.1808
40,18,121,0.19,0.05548,0.0594,0.08306
41,18,124,0.1642,0.1503,0.111,0.0279
42,18,127,0.1563,0.1068,0.1152,0.1152
43,18,130,0.08338,0.2244,0.1279,0.08472
44,18,133,0.1759,0.08338,0.173,0.09608
45,18,136,0.09182,0.1631,0.05972,0.1314
46,18,139,0.06568,0.1529,0.1866,0.1888
47,18,142,0.08698,0.1561,0.09972,0.1932
48,18,145,0.1558,0.08338,0.09456,0.09714
49,18,148,0.05972,0.1723,0.08762,0.2065
50,18,151,0.07692,0.1149,0.0873,0.1533
51,18,154,0.0873,0.1271,0.05516,0.1647
52,18,157,0.05548,0.1152,0.2084,0.2152
53,18,160,0.06666,0.1708,0.2329,0.1218
54,18,163,0.1699,0.09358,0.1664,0.08338
55,18,166,0.0279,0.1552,0.08338,0.05972
56,18,169,0.02758,0.1508,0.0873,0.1152
57,18,172,0.08306,0.125,0.1346,0.03182
58,18,175,0,0.0279,0.0558,0.05548
59,18,178,0.02758,0.02758,0.08338,0.08698
60,18,181,0.09758,0.05548,0.0594,0.05516
61,18,184,0.05516,0.111,0,0.05548
62,18,187,0.05516,0.0594,0.03182,0.1149
63,18,190,0.1149,0.1614,0.05548,0.03182
64,18,193,0.05972,0.0279,0.05972,0
65,18,196,0.0558,0.05972,0.08306,0.05548
66,18,199,0.0594,0.03182,0.0279,0
67,18,202,0.02758,0.05548,0.1152,0
68,18,205,0.08338,0.02758,0.0558,0.0279
69,18,208,0.05972,0.0279,0.05548,0.05548
70,18,211,0.05548,0.0873,0.0873,0.0873
71,18,214,0.03182,0.08338,0.0558,0.0279
72,18,217,0.0279,0.08306,0.08698,0.05972
73,18,220,0.05548,0.05548,0.05548,0.0279
74,18,223,0.0594,0.0594,0.05548,0.0594
75,18,226,0.0594,0.0594,0.0873,0.08338
76,18,229,0.0558,0.03182,0.05548,0
77,18,232,0.05548,0.0279,0.03182,0.0594
78,18,235,0.02758,0.0558,0.0873,0.1152
79,18,238,0.05972,0.0594,0.0873,0.08698
80,18,241,0.02758,0.05516,0.05972,0.0594
81,18,244,0.02758,0.1152,0.0594,0.05516
82,18,247,0.05972,0.05548,0.0594,0.08338
83,18,250,0.05548,0.05516,0.0279,0.0558
84,18,253,0.0873,0.0594,0.05972,0.1149
85,18,256,0,0.08338,0.08698,0.05548
86,18,259,0.05548,0.0594,0.08306,0.08306
87,18,262,0.02758,0.05548,0.08338,0.05548
88,18,265,0.08338,0.02758,0.08338,0.05548
89,18,268,0.05548,0.03182,0.02758,0.0279
90,18,271,0.03182,0.0873,0.05972,0.05548
91,18,274,0.0873,0.05516,0.0873,0
92,18,277,0.0279,0.0873,0.05516,0.05548
93,18,280,0.05972,0.08698,0.02758,0.0558
94,18,283,0.0279,0.0279,0.05548,0.02758
95,18,286,0.08698,0.05516,0.0279,0.02758
96,18,289,0.02758,0.0873,0.03182,0.05516
97,18,292,0.08762,0.0873,0.0594,0
98,18,295,0.02758,0.02758,0.0279,0.0279
99,18,298,0.03182,0.02758,0.1428,0.08698
,Dataset#,L,att_1,att_2,att_3,att_4
0,19,1,0.2137,0.2191,0.2324,0.2293
1,19,4,0.2432,0.2256,0.2198,0.2306
2,19,7,0.2178,0.2242,0.2279,0.2178
3,19,10,0.1871,0.1946,0.2178,0.1912
4,19,13,0.2076,0.2178,0.2178,0.2191
5,19,16,0.2178,0.2178,0.2129,0.2178
6,19,19,0.2178,0.1992,0.2178,0.2142
7,19,22,0.2178,0.2178,0.2178,0.2178
8,19,25,0.2178,0.2178,0.2178,0.2178
9,19,28,0.2178,0.2178,0.1573,0.2178
10,19,31,0.2178,0.2178,0.2135,0.2178
11,19,34,0.2178,0.2178,0.2178,0.209
12,19,37,0.2178,0.2178,0.2213,0.2178
13,19,40,0.2178,0.2178,0.2178,0.2004
14,19,43,0.2178,0.2178,0.2178,0.2178
15,19,46,0.2178,0.2178,0.2178,0.2178
16,19,49,0.2178,0.2187,0.2178,0.218
17,19,52,0.2178,0.2178,0.2178,0.2178
18,19,55,0.2178,0.2178,0.2179,0.2178
19,19,58,0.1954,0.2178,0.209,0.2178
20,19,61,0.2178,0.2178,0.1742,0.2382
21,19,64,0.2171,0.2178,0.2178,0.2253
22,19,67,0.2178,0.2178,0.1307,0.2062
23,19,70,0.2178,0.2178,0.1742,0.1742
24,19,73,0.1742,0.2178,0.2178,0.2178
25,19,76,0.2178,0.2149,0.1973,0.1742
26,19,79,0.1742,0.2178,0.2178,0.2171
27,19,82,0.1742,0.2178,0.2187,0.2178
28,19,85,0.2178,0.2178,0.2178,0.2151
29,19,88,0.2178,0.2385,0.2379,0.2178
30,19,91,0.2076,0.2178,0.2178,0.2178
31,19,94,0.2178,0.1742,0.1885,0.1742
32,19,97,0.2178,0.2106,0.2178,0.1742
33,19,100,0.2178,0.2178,0.2178,0.2093
34,19,103,0.2178,0.2178,0.2178,0.2213
35,19,106,0.2147,0.2178,0.1621,0.2178
36,19,109,0.1573,0.1742,0.2178,0.2178
37,19,112,0.1742,0.2178,0.2178,0.2178
38,19,115,0.1751,0.2178,0.2178,0.2178
39,19,118,0.1742,0.1742,0.2178,0.2178
40,19,121,0.2178,0.1742,0.2018,0.1742
41,19,124,0.1742,0.2178,0.2178,0.1742
42,19,127,0.2178,0.1307,0.2178,0.2178
43,19,130,0.2178,0.2178,0.2178,0.2178
44,19,133,0.1742,0.2178,0.2178,0.2178
45,19,136,0.2178,0.2151,0.1742,0.1742
46,19,139,0.2178,0.2178,0.1787,0.1307
47,19,142,0.2178,0.2314,0.1742,0.2178
48,19,145,0.2178,0.214,0.1742,0.1307
49,19,148,0.1742,0.2178,0.1307,0.1742
50,19,151,0.1742,0.1742,0.2178,0.2178
51,19,154,0.1742,0.08522,0.2178,0.1307
52,19,157,0.1742,0.2117,0.08712,0.1307
53,19,160,0.1742,0.2178,0.04356,0.1682
54,19,163,0.2178,0.1742,0.1742,0.08712
55,19,166,0.04356,0.2209,0.1307,0.2178
56,19,169,0.2178,0.2178,0.2178,0.2178
57,19,172,0.2178,0.1307,0.1307,0.2178
58,19,175,0.1742,0.1742,0.1307,0.1742
59,19,178,0.1307,0.1742,0.1742,0.2178
60,19,181,0.1742,0.2178,0.2178,0.2178
61,19,184,0.1307,0.2178,0.1412,0.1742
62,19,187,0.1742,0.1742,0.04356,0.1742
63,19,190,0.2178,0.1307,0.1307,0.1742
64,19,193,0.1742,0.1742,0.1307,0.1742
65,19,196,0.1742,0.1742,0.1307,0.1307
66,19,199,0.08712,0.08712,0.1742,0.1742
67,19,202,0.1307,0.2178,0.2178,0.2178
68,19,205,0.1742,0.1307,0.08712,0.2178
69,19,208,0.1742,0.2178,0.2178,0.08712
70,19,211,0.1307,0.1307,0.1742,0.1742
71,19,214,0.1742,0.1307,0.1742,0.08712
72,19,217,0.1742,0.1742,0.1742,0.1742
73,19,220,0.2178,0.1742,0.08712,0.2178
74,19,223,0.04356,0.1742,0.1742,0.08712
75,19,226,0.1307,0.08712,0.1742,0.2178
76,19,229,0.1742,0.1307,0.04356,0.1307
77,19,232,0.04356,0.1307,0.08712,0.1307
78,19,235,0.08712,0.2178,0.08712,0.1307
79,19,238,0.2178,0.1742,0.1742,0.08712
80,19,241,0.1742,0.08712,0.1307,0.1742
81,19,244,0.1307,0.08712,0.1742,0.08712
82,19,247,0.1742,0.1307,0.1742,0.1742
83,19,250,0.08712,0.1307,0.2178,0.1307
84,19,253,0.04356,0.2178,0.2178,0.1742
85,19,256,0.04356,0.1742,0.1742,0.1307
86,19,259,0.1742,0.1307,0.04356,0.08712
87,19,262,0.1307,0.1307,0.1307,0.1742
88,19,265,0.04356,0.08712,0.1742,0.2178
89,19,268,0.1742,0.1307,0.08712,0.1742
90,19,271,0.08712,0.1742,0,0.1307
91,19,274,0.1307,0.1307,0.08712,0.1742
92,19,277,0.1307,0.1742,0.1307,0.1742
93,19,280,0.08712,0.08712,0.08712,0.04356
94,19,283,0.1307,0.1307,0.1742,0.04356
95,19,286,0.08712,0.1307,0.04356,0.08712
96,19,289,0.1307,0.1307,0.1742,0.08712
97,19,292,0.1742,0.08712,0.08712,0.08712
98,19,295,0.04356,0.08712,0.1307,0.1307
99,19,298,0.1742,0.1307,0.08712,0.1307
,Dataset#,L,att_1,att_2,att_3,att_4
0,20,1,0.3448,0.3531,0.3161,0.3507
1,20,4,0.4485,0.3729,0.3746,0.3945
2,20,7,0.4357,0.4253,0.4244,0.4456
3,20,10,0.4351,0.3914,0.3398,0.4212
4,20,13,0.4391,0.3571,0.3381,0.3577
5,20,16,0.3496,0.4027,0.3542,0.4117
6,20,19,0.3383,0.4101,0.4108,0.4292
7,20,22,0.321,0.3506,0.3928,0.4487
8,20,25,0.3882,0.4181,0.2707,0.3572
9,20,28,0.3848,0.3393,0.4213,0.4046
10,20,31,0.3906,0.2799,0.3277,0.2935
11,20,34,0.3528,0.4136,0.3255,0.3815
12,20,37,0.3371,0.3877,0.3881,0.2486
13,20,40,0.2511,0.3618,0.2683,0.1871
14,20,43,0.2719,0.3886,0.3265,0.4546
15,20,46,0.2948,0.1971,0.2645,0.3089
16,20,49,0.2951,0.2366,0.3044,0.3287
17,20,52,0.3093,0.2956,0.2536,0.4034
18,20,55,0.1361,0.3135,0.3109,0.2544
19,20,58,0.273,0.2751,0.2496,0.2519
20,20,61,0.2779,0.1716,0.1359,0.3061
21,20,64,0.285,0.2524,0.1786,0.2582
22,20,67,0.2475,0.2359,0.3463,0.1946
23,20,70,0.243,0.3644,0.2584,0.3089
24,20,73,0.1437,0.1892,0.2369,0.236
25,20,76,0.2045,0.1359,0.2119,0.198
26,20,79,0.2036,0.2703,0.2174,0.3231
27,20,82,0.1681,0.1568,0.2779,0.1036
28,20,85,0.1306,0.1938,0.2429,0.1607
29,20,88,0.2153,0.1759,0.2958,0.1359
30,20,91,0.1629,0.2213,0.3133,0.2085
31,20,94,0.288,0.1836,0.06796,0.2515
32,20,97,0.294,0.2664,0.1778,0.2388
33,20,100,0.2803,0.1225,0.2009,0.261
34,20,103,0.1651,0.1601,0.1904,0.3005
35,20,106,0.1487,0.2431,0.2203,0.1336
36,20,109,0.194,0.1725,0.1935,0.2055
37,20,112,0.1146,0.2103,0.1126,0.2077
38,20,115,0.2537,0.2738,0.1581,0.198
39,20,118,0.1669,0.1765,0.1564,0.03564
40,20,121,0.1251,0.3778,0.1036,0.2794
41,20,124,0.1925,0.1723,0.2479,0.2931
42,20,127,0.1701,0.1707,0.186,0.1816
43,20,130,0.1332,0.2376,0.1359,0.1547
44,20,133,0.1854,0.236,0.1407,0.1574
45,20,136,0.2993,0.1944,0.1067,0.1392
46,20,139,0.1141,0.2219,0.1036,0.1851
47,20,142,0.1036,0.2857,0.2055,0.1359
48,20,145,0.07128,0.1359,0.1713,0.1872
49,20,148,0.1036,0.2843,0.148,0.28
50,20,151,0.2293,0.1013,0.1036,0.2128
51,20,154,0.1023,0.2587,0.06796,0.2575
52,20,157,0.1356,0.1392,0.09898,0.1581
53,20,160,0.208,0.2147,0.2055,0.1498
54,20,163,0.1359,0.1685,0.1367,0.1036
55,20,166,0.243,0.2003,0.06464,0.1036
56,20,169,0.1036,0.132,0.03564,0.1709
57,20,172,0.09718,0.06796,0.1392,0.07128
58,20,175,0.1003,0.1679,0.03564,0.1392
59,20,178,0.06796,0.1359,0.07128,0.1003
60,20,181,0.1036,0.03564,0.03232,0.06796
61,20,184,0.03232,0.06796,0.1359,0.1003
62,20,187,0.06464,0.06464,0.1036,0.1003
63,20,190,0.1977,0.03564,0.07128,0.07128
64,20,193,0.03564,0.1003,0.1043,0.1036
65,20,196,0.1359,0.1003,0.1036,0.1036
66,20,199,0.07128,0.06796,0.07128,0.06796
67,20,202,0.03564,0.06796,0.03564,0.1036
68,20,205,0.2127,0.1003,0.06464,0.06796
69,20,208,0.03232,0,0.1036,0.03564
70,20,211,0.1036,0.1036,0.06796,0.1036
71,20,214,0.1003,0.1732,0.06796,0.1392
72,20,217,0.06796,0.1003,0.1177,0.1069
73,20,220,0.06796,0.07128,0.03564,0.1036
74,20,223,0.1036,0.03564,0.07128,0.1359
75,20,226,0.1003,0.1313,0.06796,0.06796
76,20,229,0.1359,0.03564,0.07128,0.07128
77,20,232,0.1003,0.06796,0.1036,0.03232
78,20,235,0.06796,0.1036,0.06796,0.06796
79,20,238,0.06796,0.1716,0.06796,0.1003
80,20,241,0.1003,0.03564,0.06796,0
81,20,244,0.07128,0.07128,0.1003,0.1003
82,20,247,0.03564,0.1036,0.06796,0.06464
83,20,250,0.03232,0.03564,0.03564,0.06796
84,20,253,0.07128,0.03564,0.06796,0
85,20,256,0.03232,0.1003,0.1036,0.06796
86,20,259,0.06464,0.1003,0.1036,0
87,20,262,0.1392,0.06796,0.06796,0.03232
88,20,265,0,0.06796,0.03232,0.03564
89,20,268,0.06796,0.1003,0.1003,0.1036
90,20,271,0.03232,0.03564,0.1036,0.06796
91,20,274,0.1392,0.1036,0.03232,0.06796
92,20,277,0.03564,0.06796,0.06464,0.07128
93,20,280,0.06796,0.06796,0.03564,0.06796
94,20,283,0,0.03232,0.06796,0.03232
95,20,286,0.06796,0.07128,0.03564,0.1003
96,20,289,0.06796,0.06796,0.06796,0.1716
97,20,292,0.03564,0.03564,0.1716,0.03564
98,20,295,0.03232,0.1036,0,0.1003
99,20,298,0.1036,0.06796,0.07128,0
,Dataset#,L,att_1,att_2,att_3,att_4
0,21,1,0.6075,0.6109,0.6067,0.6256
1,21,4,0.6044,0.6253,0.6114,0.6178
2,21,7,0.6069,0.6274,0.6192,0.6324
3,21,10,0.6111,0.6052,0.5902,0.5816
4,21,13,0.6336,0.621,0.6264,0.5997
5,21,16,0.6208,0.604,0.6052,0.6135
6,21,19,0.6306,0.6076,0.6097,0.6116
7,21,22,0.6048,0.5145,0.613,0.5797
8,21,25,0.576,0.5811,0.5884,0.579
9,21,28,0.6009,0.5848,0.6109,0.6136
10,21,31,0.6217,0.6008,0.559,0.6248
11,21,34,0.5842,0.6063,0.5542,0.6066
12,21,37,0.5669,0.5832,0.5951,0.5403
13,21,40,0.5724,0.5774,0.5632,0.5989
14,21,43,0.5145,0.5616,0.5391,0.5294
15,21,46,0.5235,0.5604,0.5481,0.5464
16,21,49,0.5247,0.5673,0.5226,0.5762
17,21,52,0.5312,0.5427,0.5292,0.5145
18,21,55,0.5649,0.5597,0.572,0.5354
19,21,58,0.5145,0.5515,0.5416,0.5317
20,21,61,0.5501,0.5508,0.5482,0.54
21,21,64,0.5657,0.5654,0.6122,0.5626
22,21,67,0.5712,0.5789,0.5145,0.5551
23,21,70,0.5504,0.5413,0.5241,0.5263
24,21,73,0.534,0.58,0.5481,0.5145
25,21,76,0.53,0.5255,0.5603,0.5301
26,21,79,0.5504,0.5552,0.5307,0.5453
27,21,82,0.5486,0.5556,0.551,0.5655
28,21,85,0.559,0.5464,0.5348,0.5517
29,21,88,0.545,0.5248,0.5664,0.5145
30,21,91,0.5444,0.5558,0.6053,0.5145
31,21,94,0.5145,0.5768,0.562,0.5544
32,21,97,0.546,0.5458,0.563,0.5343
33,21,100,0.5145,0.5186,0.5218,0.598
34,21,103,0.5698,0.5456,0.5481,0.5591
35,21,106,0.5229,0.5774,0.5145,0.5145
36,21,109,0.5048,0.5387,0.5145,0.6119
37,21,112,0.5145,0.5504,0.523,0.5868
38,21,115,0.5145,0.5262,0.5103,0.5571
39,21,118,0.5656,0.5552,0.5399,0.5348
40,21,121,0.5348,0.5318,0.571,0.5352
41,21,124,0.5145,0.5145,0.5306,0.5145
42,21,127,0.5587,0.5212,0.5287,0.5272
43,21,130,0.533,0.5359,0.5226,0.5684
44,21,133,0.56,0.5145,0.5527,0.5531
45,21,136,0.5568,0.5286,0.5536,0.5145
46,21,139,0.5145,0.54,0.5376,0.5145
47,21,142,0.5708,0.5145,0.5234,0.5431
48,21,145,0.5316,0.544,0.5707,0.4346
49,21,148,0.5289,0.4231,0.5145,0.5777
50,21,151,0.5429,0.5145,0.5529,0.5279
51,21,154,0.5145,0.5714,0.5299,0.5401
52,21,157,0.5145,0.5495,0.5566,0.5458
53,21,160,0.5145,0.5145,0.56,0.5145
54,21,163,0.4879,0.5343,0.5145,0.5484
55,21,166,0.5214,0.4246,0.5262,0.5145
56,21,169,0.5329,0.5145,0.5326,0.4448
57,21,172,0.3301,0.4075,0.5234,0.4237
58,21,175,0.5145,0.5145,0.4112,0.4231
59,21,178,0.4121,0.5406,0.5145,0.4323
60,21,181,0.3298,0.5145,0.5331,0.5145
61,21,184,0.308,0.2056,0.5145,0.5145
62,21,187,0.2064,0.5145,0.5145,0.5145
63,21,190,0.5145,0.2103,0.4121,0.3309
64,21,193,0.4184,0.4121,0.3088,0.4121
65,21,196,0.4121,0.5145,0.3088,0.3088
66,21,199,0.5145,0.3097,0.3088,0.4112
67,21,202,0.5145,0.4112,0.5336,0.3088
68,21,205,0.3088,0.2056,0.3088,0.4112
69,21,208,0.3088,0.2056,0.4112,0.4112
70,21,211,0.2056,0.5145,0.4112,0.4112
71,21,214,0.5145,0.2056,0.5145,0.5145
72,21,217,0.3088,0.5145,0.3088,0.3337
73,21,220,0.4121,0.3088,0.4121,0.308
74,21,223,0.2056,0.4112,0.5145,0.308
75,21,226,0.4112,0.4112,0.2056,0.3088
76,21,229,0.3088,0.4121,0.4112,0.4112
77,21,232,0.4121,0.5145,0.308,0.4112
78,21,235,0.3088,0.4121,0.3088,0.2056
79,21,238,0.308,0.4121,0.5145,0.2048
80,21,241,0.2056,0.5145,0.2064,0.4112
81,21,244,0.4112,0.3088,0.3088,0.308
82,21,247,0.4121,0.3088,0.1032,0.308
83,21,250,0.3088,0.4112,0.5145,0.4121
84,21,253,0.3088,0.5145,0.3088,0.3088
85,21,256,0.2056,0.1032,0.3088,0.2048
86,21,259,0.5145,0.4112,0.308,0.3088
87,21,262,0.3088,0.4121,0.3088,0.308
88,21,265,0.5145,0.4112,0.2056,0.4121
89,21,268,0.4112,0.5145,0.308,0.4121
90,21,271,0.4121,0.2064,0.3088,0.4121
91,21,274,0.3088,0.3088,0.5145,0.2056
92,21,277,0.2262,0.308,0.5145,0.4112
93,21,280,0.4112,0.308,0.5145,0.2064
94,21,283,0.4112,0.3088,0.308,0.2056
95,21,286,0.3097,0.3088,0.3088,0.4112
96,21,289,0.4121,0.4121,0.4121,0.2048
97,21,292,0.4112,0.3088,0.2048,0.4112
98,21,295,0.3088,0.5145,0.4112,0.4112
99,21,298,0.3088,0.4112,0.5145,0.3088
,Dataset#,L,att_1,att_2,att_3,att_4
0,22,1,0.3022,0.2944,0.2959,0.338
1,22,4,0.2784,0.2766,0.3282,0.2839
2,22,7,0.2737,0.3052,0.291,0.2607
3,22,10,0.2862,0.283,0.2514,0.2475
4,22,13,0.2812,0.3036,0.2893,0.2569
5,22,16,0.3058,0.2726,0.2555,0.2122
6,22,19,0.2929,0.2948,0.3117,0.3312
7,22,22,0.2763,0.289,0.3001,0.2824
8,22,25,0.3221,0.2968,0.2762,0.2605
9,22,28,0.2569,0.2543,0.2854,0.2949
10,22,31,0.2518,0.2789,0.2668,0.2747
11,22,34,0.294,0.2697,0.2593,0.2615
12,22,37,0.2497,0.2596,0.2531,0.2593
13,22,40,0.2618,0.27,0.2135,0.2593
14,22,43,0.2726,0.2539,0.2654,0.2593
15,22,46,0.2593,0.2593,0.2593,0.2767
16,22,49,0.2593,0.2601,0.2583,0.2593
17,22,52,0.2452,0.2666,0.2561,0.2278
18,22,55,0.2593,0.2593,0.2844,0.2661
19,22,58,0.2705,0.2754,0.277,0.2796
20,22,61,0.2782,0.2593,0.2459,0.2593
21,22,64,0.2593,0.2593,0.2074,0.2593
22,22,67,0.2593,0.2786,0.2678,0.2512
23,22,70,0.2654,0.2752,0.2291,0.2593
24,22,73,0.2074,0.1964,0.265,0.2893
25,22,76,0.2206,0.2399,0.2754,0.2324
26,22,79,0.2733,0.2622,0.2438,0.2444
27,22,82,0.2587,0.269,0.2074,0.2657
28,22,85,0.2248,0.2593,0.2593,0.2905
29,22,88,0.276,0.2495,0.2593,0.2665
30,22,91,0.2036,0.2115,0.2674,0.2178
31,22,94,0.2725,0.2593,0.2796,0.2634
32,22,97,0.2634,0.2579,0.2646,0.2119
33,22,100,0.2593,0.2593,0.2262,0.2593
34,22,103,0.2646,0.27,0.2593,0.2399
35,22,106,0.2074,0.2626,0.2593,0.2756
36,22,109,0.2593,0.2334,0.2593,0.2593
37,22,112,0.196,0.2714,0.2587,0.2601
38,22,115,0.179,0.2593,0.2845,0.2593
39,22,118,0.2639,0.2074,0.2541,0.1556
40,22,121,0.1595,0.2074,0.2593,0.269
41,22,124,0.2593,0.2593,0.2127,0.2074
42,22,127,0.2512,0.1992,0.2074,0.2535
43,22,130,0.2593,0.2074,0.2183,0.2659
44,22,133,0.2074,0.2549,0.2529,0.2593
45,22,136,0.2665,0.2593,0.2574,0.3107
46,22,139,0.2684,0.2593,0.2519,0.2741
47,22,142,0.2593,0.2726,0.2421,0.2889
48,22,145,0.2074,0.2593,0.2699,0.2731
49,22,148,0.2074,0.2633,0.2833,0.264
50,22,151,0.1556,0.2815,0.2074,0.2074
51,22,154,0.2015,0.2074,0.2209,0.2593
52,22,157,0.2074,0.2263,0.2013,0.2394
53,22,160,0.2668,0.1556,0.2074,0.1575
54,22,163,0.2593,0.2593,0.2074,0.2314
55,22,166,0.268,0.2593,0.2678,0.2624
56,22,169,0.1515,0.2593,0.2074,0.2074
57,22,172,0.2446,0.2074,0.2593,0.2093
58,22,175,0.2593,0.2074,0.1556,0.2074
59,22,178,0.2074,0.2074,0.2074,0.2048
60,22,181,0.2593,0.1556,0.1556,0.2074
61,22,184,0.2074,0.2593,0.2074,0.1556
62,22,187,0.2646,0.2074,0.2074,0.2074
63,22,190,0.2593,0.1037,0.2074,0.2593
64,22,193,0.1914,0.2074,0.1556,0.2074
65,22,196,0.2074,0.1556,0.1556,0.05186
66,22,199,0.2593,0.2593,0.2074,0.2074
67,22,202,0.1556,0.1556,0.2074,0.2593
68,22,205,0.2074,0.1556,0.1037,0.2074
69,22,208,0.1556,0.2074,0.1556,0.2074
70,22,211,0.1556,0.2593,0.2593,0.1037
71,22,214,0.2593,0.1556,0.1037,0.2074
72,22,217,0.2074,0.2593,0.2074,0.2074
73,22,220,0.1037,0.1037,0.2617,0.05186
74,22,223,0.2074,0.2593,0.1556,0.1716
75,22,226,0.1556,0.2593,0.2074,0.2074
76,22,229,0.2074,0.2074,0.2593,0.1556
77,22,232,0.2074,0.1037,0.2074,0.1037
78,22,235,0.2074,0.1037,0.2074,0.1037
79,22,238,0.2593,0.1556,0.2074,0.2074
80,22,241,0.1556,0.2074,0.1556,0.2593
81,22,244,0.1556,0.1556,0.2074,0.1556
82,22,247,0.2074,0.2074,0.2074,0.1037
83,22,250,0.1556,0.1556,0.1556,0.1037
84,22,253,0.1556,0.2074,0.2074,0.05186
85,22,256,0.2593,0.2593,0.1556,0.2074
86,22,259,0.2593,0.2593,0.2074,0.2593
87,22,262,0.1037,0.2593,0.2074,0.1037
88,22,265,0.2074,0.2593,0.1037,0.2074
89,22,268,0.1556,0.1556,0.1037,0.1556
90,22,271,0.1556,0.1556,0.1037,0.1556
91,22,274,0.1556,0.2593,0.2074,0.2074
92,22,277,0.1556,0.1037,0.1556,0.2074
93,22,280,0.1556,0.05186,0.1037,0.1556
94,22,283,0.05186,0.1556,0.1556,0.1556
95,22,286,0.2074,0.1556,0.2074,0.1556
96,22,289,0.1037,0.1037,0.05186,0.1037
97,22,292,0.1037,0.2593,0.1556,0.1037
98,22,295,0.2074,0.2074,0.1037,0.1037
99,22,298,0.2074,0.2074,0.1556,0.2074
,Dataset#,L,att_1,att_2,att_3,att_4
0,24,1,0.2504,0.233,0.2499,0.2597
1,24,4,0.2762,0.2245,0.219,0.2699
2,24,7,0.2297,0.2622,0.2675,0.2484
3,24,10,0.3105,0.2296,0.2586,0.2178
4,24,13,0.248,0.2204,0.2594,0.2586
5,24,16,0.2512,0.2374,0.2232,0.2207
6,24,19,0.2374,0.2393,0.2522,0.241
7,24,22,0.2374,0.2858,0.2617,0.2374
8,24,25,0.2374,0.2615,0.2298,0.2426
9,24,28,0.2374,0.2419,0.2406,0.2374
10,24,31,0.2151,0.2735,0.2768,0.2438
11,24,34,0.2411,0.2374,0.2428,0.2485
12,24,37,0.2374,0.2374,0.2374,0.2481
13,24,40,0.2374,0.2419,0.2374,0.228
14,24,43,0.2374,0.2213,0.2423,0.2374
15,24,46,0.2393,0.2374,0.2358,0.2374
16,24,49,0.2374,0.2758,0.2374,0.2374
17,24,52,0.2374,0.2374,0.2374,0.2374
18,24,55,0.2381,0.2374,0.2393,0.2374
19,24,58,0.2374,0.2374,0.2426,0.2499
20,24,61,0.1926,0.2374,0.2374,0.2374
21,24,64,0.2448,0.2374,0.1893,0.1893
22,24,67,0.1893,0.2532,0.2374,0.2374
23,24,70,0.228,0.2634,0.2374,0.2374
24,24,73,0.2383,0.2546,0.2442,0.2374
25,24,76,0.2426,0.1926,0.2374,0.2374
26,24,79,0.2416,0.2481,0.1875,0.2374
27,24,82,0.193,0.2374,0.2379,0.2337
28,24,85,0.2374,0.194,0.2374,0.2374
29,24,88,0.2374,0.2559,0.2406,0.2359
30,24,91,0.2235,0.1924,0.2374,0.2213
31,24,94,0.2309,0.2374,0.1889,0.2374
32,24,97,0.1926,0.1444,0.2464,0.1893
33,24,100,0.1411,0.2374,0.2374,0.2716
34,24,103,0.1893,0.2374,0.2374,0.2028
35,24,106,0.1893,0.2374,0.2325,0.2374
36,24,109,0.2374,0.2374,0.2374,0.2518
37,24,112,0.1893,0.2307,0.2256,0.1893
38,24,115,0.2374,0.2083,0.2374,0.2374
39,24,118,0.2374,0.2374,0.2374,0.2374
40,24,121,0.2337,0.2285,0.2073,0.1893
41,24,124,0.2374,0.1893,0.2374,0.07562
42,24,127,0.1951,0.2374,0.1411,0.2442
43,24,130,0.2374,0.1731,0.2374,0.1893
44,24,133,0.2374,0.1926,0.2374,0.09628
45,24,136,0.2393,0.1893,0.2374,0.1893
46,24,139,0.2374,0.1893,0.1893,0.1444
47,24,142,0.1926,0.232,0.1926,0.1893
48,24,145,0.1444,0.1893,0.2374,0.1993
49,24,148,0.1893,0.1957,0.1893,0.1893
50,24,151,0.1444,0.1893,0.1411,0.2393
51,24,154,0.1893,0.1813,0.2374,0.2374
52,24,157,0.2374,0.2287,0.09628,0.1893
53,24,160,0.2374,0.2354,0.1893,0.2374
54,24,163,0.2374,0.1893,0.1411,0.1893
55,24,166,0.2351,0.1893,0.2374,0.1411
56,24,169,0.1444,0.1893,0.1893,0.1411
57,24,172,0.1893,0.1893,0.2374,0.2374
58,24,175,0.1444,0.2374,0.2374,0.2374
59,24,178,0.1411,0.2374,0.1893,0.1893
60,24,181,0.1893,0.1893,0.04814,0.1411
61,24,184,0.1893,0.04814,0.2374,0.1411
62,24,187,0.1411,0.1411,0.2374,0.2374
63,24,190,0.1893,0.1411,0.1926,0.1893
64,24,193,0.1411,0.1893,0.093,0.1893
65,24,196,0.1893,0.1893,0.1893,0.1411
66,24,199,0.2374,0.093,0.1893,0.04814
67,24,202,0.1411,0.2374,0.1926,0.093
68,24,205,0.1893,0.1411,0.1893,0.1411
69,24,208,0.1893,0.1444,0.1893,0.1411
70,24,211,0.1893,0.093,0.09628,0.1926
71,24,214,0.1893,0.1444,0.1444,0.09628
72,24,217,0.1893,0.1893,0.1893,0.09628
73,24,220,0.1444,0.1893,0.1893,0.2374
74,24,223,0.1411,0.093,0.1411,0.2374
75,24,226,0.09628,0.2374,0.1893,0.1893
76,24,229,0.04486,0.1893,0.1926,0.09628
77,24,232,0.1926,0.1893,0.1893,0.1893
78,24,235,0.09628,0.1444,0.1411,0.04814
79,24,238,0.1926,0.1444,0.1411,0.2374
80,24,241,0.2374,0.093,0.1893,0.1926
81,24,244,0.2374,0.09628,0.2374,0.093
82,24,247,0.2374,0.1893,0.1411,0.09628
83,24,250,0.1411,0.2374,0.093,0.09628
84,24,253,0.093,0.04814,0.1411,0.1893
85,24,256,0.2374,0.04814,0.1411,0.2374
86,24,259,0.1893,0.1411,0.04814,0.1893
87,24,262,0.093,0.04814,0.04814,0.093
88,24,265,0.09628,0.1893,0.09628,0.1411
89,24,268,0.1411,0.1444,0.1893,0.04814
90,24,271,0.1893,0.09628,0.093,0.1926
91,24,274,0.1411,0.2374,0.1444,0.2374
92,24,277,0.1893,0.1411,0.04814,0.1444
93,24,280,0.1893,0.1893,0.2374,0.1411
94,24,283,0.1893,0.1893,0.04814,0.1411
95,24,286,0.1411,0.1411,0.1893,0.1411
96,24,289,0.1926,0.1893,0.09628,0.1926
97,24,292,0.1444,0.2374,0.1893,0.1893
98,24,295,0,0.09628,0.1893,0.1893
99,24,298,0,0.04486,0.1411,0.1926
,Dataset#,L,att_1,att_2,att_3,att_4
0,25,1,0.2461,0.2726,0.2556,0.2561
1,25,4,0.3011,0.2551,0.3003,0.2841
2,25,7,0.2678,0.2944,0.2558,0.2611
3,25,10,0.2676,0.2961,0.2513,0.2818
4,25,13,0.2656,0.2392,0.292,0.2422
5,25,16,0.2333,0.2333,0.2414,0.2427
6,25,19,0.3174,0.2394,0.2375,0.2817
7,25,22,0.2817,0.228,0.2551,0.2357
8,25,25,0.2354,0.2579,0.2451,0.2221
9,25,28,0.2255,0.207,0.2237,0.2214
10,25,31,0.2384,0.2545,0.2424,0.2349
11,25,34,0.2627,0.2282,0.2615,0.2374
12,25,37,0.2202,0.1745,0.2503,0.2248
13,25,40,0.2235,0.197,0.2183,0.2575
14,25,43,0.239,0.2276,0.2276,0.2662
15,25,46,0.2361,0.226,0.1827,0.1967
16,25,49,0.2177,0.2382,0.2276,0.2601
17,25,52,0.2202,0.2276,0.2276,0.2374
18,25,55,0.234,0.2276,0.1346,0.2423
19,25,58,0.2282,0.2127,0.2276,0.1827
20,25,61,0.2276,0.2183,0.2276,0.2354
21,25,64,0.2069,0.1895,0.1827,0.2276
22,25,67,0.2276,0.1794,0.2325,0.2264
23,25,70,0.2351,0.1794,0.2276,0.2276
24,25,73,0.2276,0.1342,0.2276,0.2633
25,25,76,0.2276,0.2276,0.2276,0.2276
26,25,79,0.2293,0.2276,0.1964,0.2276
27,25,82,0.2276,0.2276,0.3051,0.226
28,25,85,0.2716,0.2415,0.2276,0.2276
29,25,88,0.2276,0.226,0.1827,0.2269
30,25,91,0.2449,0.2217,0.2721,0.1827
31,25,94,0.2012,0.1921,0.2276,0.1827
32,25,97,0.2276,0.1794,0.1827,0.2235
33,25,100,0.2659,0.2276,0.1346,0.2321
34,25,103,0.2883,0.1827,0.2464,0.1346
35,25,106,0.2379,0.1827,0.2276,0.2399
36,25,109,0.1827,0.2272,0.1487,0.1827
37,25,112,0.2248,0.2276,0.2276,0.2387
38,25,115,0.2276,0.1379,0.1346,0.2276
39,25,118,0.2248,0.1827,0.1782,0.2276
40,25,121,0.2276,0.2276,0.2276,0.1827
41,25,124,0.1379,0.2234,0.2276,0.1794
42,25,127,0.2276,0.2276,0.2276,0.08972
43,25,130,0.1827,0.2276,0.196,0.2276
44,25,133,0.2276,0.1779,0.1736,0.1827
45,25,136,0.1994,0.1827,0.2276,0.2436
46,25,139,0.2449,0.2276,0.1719,0.1823
47,25,142,0.1379,0.1794,0.2369,0.1827
48,25,145,0.1827,0.2276,0.1908,0.1968
49,25,148,0.2184,0.1391,0.2276,0.2276
50,25,151,0.1794,0.181,0.2276,0.2321
51,25,154,0.2276,0.2276,0.1859,0.1827
52,25,157,0.1379,0.1827,0.2276,0.1346
53,25,160,0.2276,0.08636,0.1794,0.2276
54,25,163,0.1794,0.1827,0.1964,0.2276
55,25,166,0.1827,0.1517,0.1032,0.1584
56,25,169,0.2276,0.1437,0.2276,0.1332
57,25,172,0.1346,0.1827,0.1827,0.1379
58,25,175,0.1346,0.1794,0.1827,0.2276
59,25,178,0.2276,0.2276,0.1346,0.2276
60,25,181,0.2276,0.1889,0.1827,0.1346
61,25,184,0.1346,0.2276,0.1346,0.04486
62,25,187,0.1827,0.08972,0.1794,0.1379
63,25,190,0.04486,0.1379,0.2276,0.1827
64,25,193,0.08972,0.1379,0.1827,0.04486
65,25,196,0.08972,0.1827,0.1379,0.1379
66,25,199,0.1827,0.1794,0.08972,0.093
67,25,202,0.093,0.08972,0.1346,0.1827
68,25,205,0.1794,0.2276,0.2276,0.1794
69,25,208,0.1346,0.1827,0.04814,0.1827
70,25,211,0.1379,0.2276,0.1379,0.1379
71,25,214,0.1827,0.093,0.1379,0.2276
72,25,217,0.1794,0.1346,0.04486,0.2276
73,25,220,0.1827,0.1346,0.04486,0.1827
74,25,223,0.2276,0.1827,0.1794,0.04486
75,25,226,0.08972,0.08972,0.2276,0.1379
76,25,229,0.04486,0.1379,0.04486,0.08972
77,25,232,0.1827,0.1379,0.2276,0.1827
78,25,235,0.1379,0.04486,0.1346,0.08972
79,25,238,0.1827,0.1827,0.1379,0.1379
80,25,241,0.08972,0.2276,0.1346,0.08972
81,25,244,0.08972,0.1346,0.093,0.2276
82,25,247,0.1794,0.2276,0.093,0.1379
83,25,250,0.08972,0.1827,0.1379,0.08972
84,25,253,0.1379,0.1794,0.1379,0.1379
85,25,256,0.1379,0.1827,0.1379,0.2276
86,25,259,0.08972,0.08972,0.1827,0.1827
87,25,262,0.04486,0.1794,0.093,0.2276
88,25,265,0.1827,0.1379,0.08972,0.1379
89,25,268,0.1827,0.08972,0.093,0.1379
90,25,271,0.04486,0.08972,0.2276,0.1346
91,25,274,0.1827,0.2276,0.08972,0.1827
92,25,277,0.1346,0.093,0.1379,0.1379
93,25,280,0.08972,0.1379,0.1827,0.2276
94,25,283,0.1827,0.093,0.1827,0.093
95,25,286,0.1379,0.1827,0.1379,0.093
96,25,289,0.1346,0.1827,0.1827,0.1379
97,25,292,0.08972,0.1379,0.1346,0.1827
98,25,295,0.2276,0.1379,0.1346,0.08972
99,25,298,0.1379,0.04486,0.1346,0.1827
,Dataset#,L,att_1,att_2,att_3,att_4
0,26,1,0.6655,0.6512,0.6476,0.6305
1,26,4,0.666,0.6694,0.6901,0.6828
2,26,7,0.68,0.6825,0.6531,0.6632
3,26,10,0.6946,0.6666,0.6633,0.6607
4,26,13,0.6703,0.6371,0.6825,0.6649
5,26,16,0.7031,0.6929,0.6447,0.6435
6,26,19,0.6562,0.6554,0.6182,0.6849
7,26,22,0.6305,0.6763,0.6077,0.647
8,26,25,0.645,0.6731,0.6453,0.5793
9,26,28,0.5773,0.5632,0.5796,0.5928
10,26,31,0.5952,0.6141,0.5632,0.5928
11,26,34,0.5577,0.6149,0.5889,0.5787
12,26,37,0.5632,0.5978,0.5778,0.5928
13,26,40,0.5632,0.5632,0.6183,0.5889
14,26,43,0.625,0.5632,0.5632,0.5843
15,26,46,0.5734,0.5631,0.5632,0.6108
16,26,49,0.5653,0.5781,0.5632,0.5873
17,26,52,0.5843,0.591,0.5632,0.5843
18,26,55,0.5928,0.5632,0.5797,0.5632
19,26,58,0.5969,0.5632,0.5632,0.5922
20,26,61,0.5632,0.5632,0.5891,0.5935
21,26,64,0.5875,0.5811,0.5632,0.5632
22,26,67,0.5725,0.5632,0.5922,0.5771
23,26,70,0.5632,0.5632,0.5952,0.5863
24,26,73,0.5632,0.5632,0.6041,0.5771
25,26,76,0.5969,0.5632,0.5948,0.5813
26,26,79,0.6057,0.5908,0.5889,0.5952
27,26,82,0.5632,0.5632,0.5632,0.5632
28,26,85,0.5632,0.5632,0.5632,0.5632
29,26,88,0.5632,0.5632,0.6007,0.5632
30,26,91,0.5632,0.5632,0.5632,0.5763
31,26,94,0.5632,0.5632,0.5632,0.5723
32,26,97,0.5689,0.5632,0.5632,0.5632
33,26,100,0.5632,0.5632,0.5796,0.5632
34,26,103,0.5632,0.5632,0.5776,0.5632
35,26,106,0.5796,0.4701,0.599,0.592
36,26,109,0.5632,0.5632,0.5997,0.5655
37,26,112,0.5632,0.5668,0.5632,0.5858
38,26,115,0.5632,0.5766,0.5632,0.5718
39,26,118,0.6145,0.6038,0.5632,0.5632
40,26,121,0.5794,0.5632,0.5632,0.5632
41,26,124,0.5939,0.5632,0.5632,0.5632
42,26,127,0.5632,0.5632,0.5632,0.5859
43,26,130,0.5788,0.591,0.5889,0.5893
44,26,133,0.451,0.5632,0.5632,0.5632
45,26,136,0.5632,0.5632,0.5632,0.5811
46,26,139,0.5632,0.451,0.5632,0.5632
47,26,142,0.5632,0.5971,0.5998,0.5632
48,26,145,0.5632,0.5632,0.5632,0.5632
49,26,148,0.5632,0.5796,0.5632,0.5857
50,26,151,0.5632,0.5826,0.5632,0.5632
51,26,154,0.5632,0.6053,0.5632,0.5632
52,26,157,0.576,0.5828,0.5632,0.5632
53,26,160,0.5632,0.5632,0.5895,0.451
54,26,163,0.451,0.5632,0.5632,0.5632
55,26,166,0.5632,0.5632,0.627,0.5802
56,26,169,0.5632,0.551,0.5632,0.5632
57,26,172,0.5829,0.5533,0.5924,0.5632
58,26,175,0.5632,0.6024,0.5632,0.5632
59,26,178,0.5632,0.5632,0.5632,0.5632
60,26,181,0.5632,0.5632,0.5632,0.5632
61,26,184,0.5632,0.5632,0.5632,0.5815
62,26,187,0.5632,0.5632,0.5632,0.451
63,26,190,0.5632,0.5632,0.5632,0.5632
64,26,193,0.5632,0.5632,0.451,0.5632
65,26,196,0.5632,0.5632,0.5632,0.5632
66,26,199,0.3388,0.5632,0.5735,0.5632
67,26,202,0.5632,0.5632,0.5632,0.5632
68,26,205,0.451,0.5632,0.5632,0.3388
69,26,208,0.5632,0.451,0.5632,0.451
70,26,211,0.5632,0.5632,0.5632,0.451
71,26,214,0.5632,0.451,0.5632,0.5632
72,26,217,0.5632,0.5632,0.5632,0.451
73,26,220,0.451,0.5632,0.5632,0.451
74,26,223,0.5632,0.5632,0.451,0.451
75,26,226,0.5632,0.5632,0.451,0.5632
76,26,229,0.451,0.5632,0.5632,0.5632
77,26,232,0.5632,0.451,0.5632,0.451
78,26,235,0.451,0.5632,0.5632,0.451
79,26,238,0.5632,0.451,0.5632,0.5632
80,26,241,0.5632,0.451,0.3388,0.5632
81,26,244,0.451,0.5632,0.451,0.451
82,26,247,0.451,0.451,0.451,0.5632
83,26,250,0.451,0.5632,0.451,0.5632
84,26,253,0.451,0.5632,0.451,0.5632
85,26,256,0.3388,0.5632,0.5632,0.3388
86,26,259,0.5632,0.5632,0.3388,0.5632
87,26,262,0.5632,0.5632,0.3388,0.5632
88,26,265,0.451,0.451,0.451,0.5632
89,26,268,0.3367,0.3367,0.449,0.5632
90,26,271,0.5632,0.5632,0.3388,0.5632
91,26,274,0.3367,0.451,0.451,0.5632
92,26,277,0.5632,0.5632,0.451,0.3367
93,26,280,0.5632,0.5632,0.5632,0.451
94,26,283,0.5632,0.449,0.5632,0.451
95,26,286,0.5632,0.451,0.451,0.5632
96,26,289,0.451,0.451,0.449,0.5632
97,26,292,0.3388,0.3367,0.5632,0.5632
98,26,295,0.451,0.451,0.5632,0.2265
99,26,298,0.5632,0.449,0.5632,0.3367
,Dataset#,L,att_1,att_2,att_3,att_4
0,27,1,0.9109,0.8938,0.8561,0.9066
1,27,4,0.9324,0.9519,0.9411,0.9469
2,27,7,0.9535,0.9879,0.937,0.9457
3,27,10,0.928,0.9449,0.9509,0.9592
4,27,13,0.9322,0.9681,0.9688,0.9556
5,27,16,0.9672,0.9359,0.934,0.9231
6,27,19,0.9616,0.9621,0.9433,0.9249
7,27,22,0.9248,0.9016,0.9498,0.9612
8,27,25,0.9415,0.9434,0.9395,0.8975
9,27,28,0.9164,0.9571,0.9487,0.9415
10,27,31,0.9115,0.9466,0.9264,0.9417
11,27,34,0.8731,0.894,0.9491,0.9437
12,27,37,0.9431,0.7996,0.8,0.7954
13,27,40,0.7744,0.9487,0.5433,0.7738
14,27,43,0.9365,0.7902,0.962,0.9269
15,27,46,0.5462,0.8702,0.9608,0.4615
16,27,49,0.9461,0.5897,0.8294,0.5595
17,27,52,0.6604,0.7602,0.7525,0.807
18,27,55,0.7918,0.9056,0.6112,0.6353
19,27,58,0.7995,0.9548,0.8313,0.6157
20,27,61,0.7699,0.6735,0.5129,0.6087
21,27,64,0.8893,0.9445,0.6343,0.8059
22,27,67,0.669,0.8362,0.8157,0.6626
23,27,70,0.7828,0.8249,0.8195,0.8743
24,27,73,0.725,0.5049,0.7487,0.5967
25,27,76,0.5252,0.7137,0.587,0.6354
26,27,79,0.7403,0.7969,0.9154,0.894
27,27,82,0.6914,0.79,0.7592,0.7396
28,27,85,0.8288,0.7071,0.7205,0.6748
29,27,88,0.5114,0.5842,0.7197,0.7809
30,27,91,0.9319,0.5366,0.6468,0.7727
31,27,94,0.8248,0.6018,0.9147,0.77
32,27,97,0.8833,0.8624,0.7754,0.7097
33,27,100,0.4797,0.6397,0.6373,0.613
34,27,103,0.4797,0.522,0.9123,0.6495
35,27,106,0.7285,0.8994,0.5275,0.6328
36,27,109,0.5264,0.8897,0.6708,0.6351
37,27,112,0.5655,0.5272,0.8994,0.6458
38,27,115,0.6443,0.6751,0.6319,0.6131
39,27,118,0.5163,0.6728,0.7932,0.7581
40,27,121,0.782,0.7527,0.6358,0.7593
41,27,124,0.7661,0.7555,0.7887,0.6069
42,27,127,0.8864,0.5937,0.6167,0.6102
43,27,130,0.6703,0.3807,0.5385,0.9168
44,27,133,0.7263,0.5754,0.71,0.6785
45,27,136,0.669,0.4897,0.4016,0.7865
46,27,139,0.8545,0.5095,0.3957,0.6308
47,27,142,0.6317,0.7534,0.7438,0.574
48,27,145,0.5238,0.6093,0.4652,0.4631
49,27,148,0.6544,0.4954,0.4808,0.6683
50,27,151,0.3316,0.585,0.7838,0.7305
51,27,154,0.629,0.6134,0.9191,0.5913
52,27,157,0.7833,0.6769,0.6227,0.3837
53,27,160,0.2979,0.8939,0.5192,0.6632
54,27,163,0.6354,0.6223,0.6216,0.534
55,27,166,0.8551,0.4816,0.7238,0.5162
56,27,169,0.1655,0.05518,0.3655,0.2076
57,27,172,0.1655,0.1655,0.1655,0.1818
58,27,175,0.1655,0.05518,0.1655,0.05518
59,27,178,0.1655,0.1104,0.05518,0.05518
60,27,181,0.05518,0.05518,0.2236,0.05518
61,27,184,0,0,0.05518,0.1104
62,27,187,0.1104,0.3119,0.1104,0.05518
63,27,190,0.1655,0.05518,0.1104,0.2558
64,27,193,0.1104,0.1655,0.1104,0.1104
65,27,196,0.1104,0.1104,0.05518,0.05518
66,27,199,0.05518,0,0.1104,0.1104
67,27,202,0.1104,0,0.05518,0.1875
68,27,205,0.05518,0.1333,0.05518,0.05518
69,27,208,0.1104,0.05518,0.05518,0
70,27,211,0.1655,0.1104,0.1655,0.1104
71,27,214,0.1104,0.2979,0.05518,0.2986
72,27,217,0,0.05518,0.05518,0.1104
73,27,220,0.05518,0.1655,0.05518,0.1655
74,27,223,0.2207,0.05518,0.1104,0
75,27,226,0.1104,0.05518,0.1104,0.1104
76,27,229,0.1655,0,0,0.05518
77,27,232,0.1655,0.1655,0.05518,0.1104
78,27,235,0.05518,0.05518,0.1104,0.1655
79,27,238,0.1104,0.05518,0.05518,0
80,27,241,0.05518,0.1655,0,0.1104
81,27,244,0.05518,0,0.1655,0.1655
82,27,247,0.05518,0.05518,0,0.1104
83,27,250,0.1655,0,0.05518,0
84,27,253,0.05518,0.1655,0.1104,0.05518
85,27,256,0.1104,0,0.1655,0.05518
86,27,259,0.05518,0.1655,0,0.1655
87,27,262,0.05518,0.1104,0.1655,0.05518
88,27,265,0.05518,0,0.1104,0.1104
89,27,268,0,0.05518,0.1104,0.1655
90,27,271,0,0.05518,0.1104,0.1104
91,27,274,0.05518,0.1104,0.05518,0.1655
92,27,277,0.1655,0.05518,0.05518,0.1655
93,27,280,0,0.1655,0,0.05518
94,27,283,0.1104,0.1104,0.1104,0.05518
95,27,286,0.1104,0.05518,0.1104,0.05518
96,27,289,0,0.05518,0.1104,0
97,27,292,0,0,0.2207,0.1104
98,27,295,0.1104,0.05518,0,0.05518
99,27,298,0.05518,0.1655,0,0.1104
,Dataset#,L,att_1,att_2,att_3,att_4
0,28,1,0.2867,0.2825,0.2865,0.2803
1,28,4,0.3634,0.369,0.3384,0.339
2,28,7,0.3359,0.3382,0.3439,0.3091
3,28,10,0.336,0.3013,0.3486,0.3302
4,28,13,0.3605,0.3746,0.3799,0.3712
5,28,16,0.309,0.392,0.22,0.2879
6,28,19,0.3368,0.3477,0.2781,0.3548
7,28,22,0.3431,0.358,0.3613,0.3382
8,28,25,0.2755,0.2584,0.3215,0.2559
9,28,28,0.3359,0.2929,0.3125,0.2743
10,28,31,0.2729,0.2666,0.2474,0.2359
11,28,34,0.2504,0.28,0.2533,0.2281
12,28,37,0.3025,0.3129,0.2674,0.1568
13,28,40,0.3056,0.2175,0.3507,0.2773
14,28,43,0.228,0.2919,0.2639,0.3168
15,28,46,0.2304,0.2926,0.3006,0.1761
16,28,49,0.2381,0.2849,0.1861,0.2298
17,28,52,0.2277,0.3509,0.1845,0.2148
18,28,55,0.2129,0.2884,0.1599,0.2845
19,28,58,0.2375,0.2721,0.2762,0.2105
20,28,61,0.2866,0.3037,0.1893,0.2355
21,28,64,0.1997,0.2657,0.2696,0.2623
22,28,67,0.213,0.1347,0.2394,0.2712
23,28,70,0.2086,0.2051,0.1923,0.1878
24,28,73,0.1375,0.2101,0.127,0.2501
25,28,76,0.1378,0.2343,0.1739,0.1792
26,28,79,0.236,0.1667,0.2263,0.2583
27,28,82,0.2798,0.1751,0.2376,0.2366
28,28,85,0.2323,0.1419,0.2273,0.2511
29,28,88,0.2555,0.227,0.2048,0.2126
30,28,91,0.1048,0.2076,0.2491,0.1871
31,28,94,0.2015,0.1256,0.1371,0.1637
32,28,97,0.2438,0.2257,0.12,0.1774
33,28,100,0.2087,0.2658,0.2235,0.1483
34,28,103,0.199,0.241,0.2553,0.1209
35,28,106,0.1746,0.1048,0.2046,0.0926
36,28,109,0.1959,0.194,0.1705,0.136
37,28,112,0.1331,0.1375,0.1888,0.167
38,28,115,0.1959,0.1715,0.2145,0.2105
39,28,118,0.09348,0.1836,0.1818,0.1521
40,28,121,0.1048,0.1707,0.2431,0.2196
41,28,124,0.1545,0.1842,0.2,0.1705
42,28,127,0.1484,0.1528,0.2281,0.2032
43,28,130,0.1871,0.1248,0.1286,0.1624
44,28,133,0.1657,0.1491,0.1633,0.1878
45,28,136,0.1419,0.1775,0.1751,0.2653
46,28,139,0.1878,0.2067,0.1476,0.2983
47,28,142,0.1539,0.06876,0.06574,0.1048
48,28,145,0.1375,0.1378,0.1947,0.2349
49,28,148,0.1698,0.2098,0.0916,0.1048
50,28,151,0.1736,0.1422,0.1574,0.1858
51,28,154,0.1541,0.2159,0.2151,0.1357
52,28,157,0.1962,0.07526,0.1048,0.2211
53,28,160,0.2147,0.1875,0.1051,0.2152
54,28,163,0.1385,0.07414,0.1808,0.06574
55,28,166,0.1909,0.2419,0.1666,0.1489
56,28,169,0.1346,0.1018,0.1488,0.1378
57,28,172,0.1048,0.09846,0.1018,0.08572
58,28,175,0.06906,0.03604,0.06876,0.1051
59,28,178,0.1378,0.1048,0.1633,0.1169
60,28,181,0.08678,0.06574,0.1705,0.1018
61,28,184,0,0.1418,0.03272,0.1018
62,28,187,0.1018,0.1345,0.1018,0.1015
63,28,190,0.1378,0,0.03604,0.06876
64,28,193,0.06876,0.06906,0.1015,0.1015
65,28,196,0.1018,0.1705,0.07208,0.06906
66,28,199,0.1345,0.1018,0.06906,0.06876
67,28,202,0.1127,0.1018,0.03272,0.1018
68,28,205,0.06544,0.1018,0.06906,0.1015
69,28,208,0.03272,0.09968,0.1018,0.06906
70,28,211,0.1018,0.06876,0,0.1345
71,28,214,0.1375,0.1048,0.07208,0.03272
72,28,217,0.06876,0.1018,0.07208,0.1338
73,28,220,0.03604,0.06906,0.1018,0.1048
74,28,223,0.03302,0.03604,0.06544,0.03272
75,28,226,0.09846,0.06876,0.03302,0.06574
76,28,229,0.1018,0.06574,0.1378,0.1018
77,28,232,0.03302,0.03272,0.06876,0.1375
78,28,235,0.1378,0.1018,0.1048,0.09846
79,28,238,0.06574,0.1015,0.1018,0.03604
80,28,241,0.06574,0.06876,0.06876,0.1018
81,28,244,0.1345,0.06876,0.06544,0.06574
82,28,247,0.1015,0.03604,0.1015,0.1018
83,28,250,0.09846,0.1378,0.06876,0.1048
84,28,253,0.1051,0.03272,0.03272,0.06574
85,28,256,0.1018,0,0.06876,0.06574
86,28,259,0.06906,0.1018,0.06876,0.03604
87,28,262,0.06906,0.1015,0.03272,0.06574
88,28,265,0.06574,0.1018,0.06876,0.03272
89,28,268,0.06876,0.06544,0.1345,0.1018
90,28,271,0.03302,0.03272,0.1803,0.06876
91,28,274,0.1375,0.03604,0.06876,0.1015
92,28,277,0.1018,0.03604,0.03302,0.1018
93,28,280,0.1345,0.1015,0.03604,0.03302
94,28,283,0.06574,0,0.09846,0.06876
95,28,286,0.06876,0.09846,0.06876,0.06906
96,28,289,0.06544,0.06574,0.1345,0.03604
97,28,292,0.1705,0.1018,0.03302,0.1375
98,28,295,0.06876,0.06906,0,0.03604
99,28,298,0.1015,0.03604,0.1051,0.09846
,Dataset#,L,att_1,att_2,att_3,att_4
0,29,1,0.5748,0.564,0.5788,0.5831
1,29,4,0.5956,0.587,0.5728,0.6057
2,29,7,0.5821,0.5938,0.5796,0.573
3,29,10,0.582,0.6038,0.5955,0.5635
4,29,13,0.5967,0.6024,0.61,0.5996
5,29,16,0.591,0.5935,0.469,0.5842
6,29,19,0.5693,0.5716,0.5966,0.551
7,29,22,0.6159,0.5474,0.5642,0.5835
8,29,25,0.496,0.5961,0.5539,0.5556
9,29,28,0.4704,0.5828,0.6081,0.4766
10,29,31,0.4555,0.5383,0.5154,0.4861
11,29,34,0.5117,0.5274,0.4782,0.425
12,29,37,0.5595,0.5534,0.5002,0.5408
13,29,40,0.5584,0.4489,0.537,0.4996
14,29,43,0.5091,0.4611,0.4901,0.4142
15,29,46,0.5469,0.4006,0.4032,0.5519
16,29,49,0.462,0.4037,0.4343,0.4313
17,29,52,0.5144,0.4832,0.5822,0.5004
18,29,55,0.4707,0.3402,0.5346,0.5161
19,29,58,0.3789,0.4774,0.4528,0.5022
20,29,61,0.5184,0.462,0.4583,0.3862
21,29,64,0.4046,0.4414,0.3962,0.4346
22,29,67,0.5156,0.4377,0.3551,0.4922
23,29,70,0.5008,0.4407,0.4766,0.4451
24,29,73,0.4123,0.4096,0.5217,0.5481
25,29,76,0.5682,0.5033,0.4332,0.5587
26,29,79,0.4194,0.5071,0.4996,0.4395
27,29,82,0.3449,0.3748,0.4431,0.3574
28,29,85,0.4982,0.3746,0.4365,0.45
29,29,88,0.5751,0.4805,0.4638,0.4775
30,29,91,0.4481,0.4816,0.5673,0.5583
31,29,94,0.4738,0.3974,0.5517,0.4859
32,29,97,0.5014,0.5881,0.6132,0.5254
33,29,100,0.3334,0.513,0.5207,0.4132
34,29,103,0.4503,0.4325,0.3345,0.4293
35,29,106,0.3999,0.49,0.5681,0.6045
36,29,109,0.4955,0.5619,0.4448,0.4116
37,29,112,0.3918,0.4054,0.3853,0.4815
38,29,115,0.3791,0.4769,0.4683,0.477
39,29,118,0.5091,0.4644,0.3167,0.4693
40,29,121,0.4744,0.4972,0.3243,0.3402
41,29,124,0.3986,0.393,0.3757,0.3939
42,29,127,0.533,0.3807,0.4576,0.4628
43,29,130,0.4355,0.3623,0.4419,0.417
44,29,133,0.4498,0.5547,0.3921,0.3402
45,29,136,0.2869,0.4579,0.4544,0.4089
46,29,139,0.3992,0.4045,0.3885,0.3273
47,29,142,0.4912,0.4626,0.3635,0.4413
48,29,145,0.4654,0.4666,0.4559,0.5231
49,29,148,0.4675,0.5382,0.5562,0.3918
50,29,151,0.3865,0.3326,0.337,0.3402
51,29,154,0.3402,0.4019,0.3811,0.2837
52,29,157,0.4984,0.4007,0.4523,0.409
53,29,160,0.4258,0.5121,0.5136,0.3285
54,29,163,0.4716,0.4353,0.4164,0.4231
55,29,166,0.5069,0.4628,0.3656,0.3453
56,29,169,0.3909,0.412,0.4571,0.4221
57,29,172,0.317,0.318,0.1882,0.273
58,29,175,0.0672,0.1365,0.246,0.2494
59,29,178,0.3797,0.261,0.2058,0.2037
60,29,181,0.2709,0.1365,0.1365,0.1344
61,29,184,0.3402,0.1344,0.1365,0.2037
62,29,187,0.1344,0.2058,0.1365,0.2016
63,29,190,0.2037,0.2037,0.2058,0.2016
64,29,193,0.273,0.2709,0.273,0.1344
65,29,196,0.2016,0.1365,0.1365,0.1386
66,29,199,0.273,0.2037,0.2709,0.2058
67,29,202,0.2058,0.0672,0.1365,0.273
68,29,205,0.1365,0.273,0.1344,0.273
69,29,208,0.2058,0.0693,0.1344,0.2058
70,29,211,0.1365,0.1365,0.1365,0.2037
71,29,214,0.2037,0.1365,0.2037,0.1365
72,29,217,0.2709,0.1365,0.1365,0.1365
73,29,220,0.3402,0.2058,0.1365,0.2058
74,29,223,0.1365,0.1365,0.1365,0.3402
75,29,226,0.0672,0.2037,0.2037,0.1365
76,29,229,0.2709,0.0693,0.1344,0.1365
77,29,232,0.1344,0.273,0.1386,0.2709
78,29,235,0.2037,0.2058,0.1344,0.1365
79,29,238,0.1365,0.2037,0.2037,0.1365
80,29,241,0.2037,0.1365,0,0.1365
81,29,244,0.2709,0.3402,0.1344,0.1365
82,29,247,0.2058,0.1344,0.2058,0.3402
83,29,250,0.1344,0.1365,0.2016,0.2037
84,29,253,0.1365,0,0.0672,0.2058
85,29,256,0.1365,0.0672,0.1365,0.1344
86,29,259,0.1344,0.1365,0.0672,0.2037
87,29,262,0.0693,0.2037,0.1365,0.2037
88,29,265,0.0672,0.0672,0.2058,0.2058
89,29,268,0,0.1365,0.1344,0.2058
90,29,271,0.1365,0.2058,0.0693,0.0672
91,29,274,0.1365,0.2037,0.2037,0.2037
92,29,277,0.273,0.1344,0.2037,0.2037
93,29,280,0.0672,0.273,0.0672,0.1344
94,29,283,0.1344,0.2058,0.1344,0.2037
95,29,286,0.3402,0.1365,0.2037,0.273
96,29,289,0.273,0.1365,0.273,0.2058
97,29,292,0.1344,0.1365,0.2037,0.2058
98,29,295,0,0.2016,0.2037,0.2709
99,29,298,0.2037,0.0693,0.1365,0.2037
,Dataset#,L,att_1,att_2,att_3,att_4
0,30,1,0.5977,0.6047,0.6129,0.6165
1,30,4,0.6911,0.6558,0.6926,0.6371
2,30,7,0.6615,0.6532,0.7465,0.7201
3,30,10,0.6599,0.723,0.6748,0.7006
4,30,13,0.7379,0.7145,0.7187,0.7498
5,30,16,0.7143,0.6529,0.7337,0.6534
6,30,19,0.7379,0.7146,0.7205,0.6706
7,30,22,0.7244,0.7138,0.7004,0.5775
8,30,25,0.6667,0.6943,0.692,0.7125
9,30,28,0.6742,0.6356,0.6296,0.6236
10,30,31,0.7269,0.7211,0.6214,0.6862
11,30,34,0.7792,0.6546,0.6546,0.7094
12,30,37,0.6598,0.6506,0.6589,0.7123
13,30,40,0.508,0.6936,0.6822,0.4925
14,30,43,0.6913,0.637,0.7195,0.6885
15,30,46,0.4964,0.7441,0.6345,0.6812
16,30,49,0.5337,0.4688,0.3739,0.5965
17,30,52,0.693,0.7033,0.6878,0.6369
18,30,55,0.4966,0.6522,0.5888,0.6482
19,30,58,0.5579,0.6709,0.4662,0.4418
20,30,61,0.4208,0.4843,0.3737,0.5302
21,30,64,0.5808,0.4117,0.512,0.5362
22,30,67,0.4577,0.5497,0.7356,0.3928
23,30,70,0.5342,0.6871,0.585,0.5252
24,30,73,0.6119,0.6258,0.6549,0.5025
25,30,76,0.5798,0.6693,0.719,0.6327
26,30,79,0.4343,0.6719,0.4989,0.4918
27,30,82,0.6155,0.5245,0.312,0.5784
28,30,85,0.4935,0.3427,0.2989,0.5045
29,30,88,0.5192,0.3468,0.3117,0.5085
30,30,91,0.4675,0.4672,0.4696,0.5043
31,30,94,0.4978,0.6204,0.4874,0.4953
32,30,97,0.4821,0.5223,0.4439,0.5008
33,30,100,0.3588,0.3598,0.4478,0.5098
34,30,103,0.5091,0.498,0.7304,0.1333
35,30,106,0.2483,0.3128,0.3514,0.2613
36,30,109,0.2929,0.3604,0.1504,0.2176
37,30,112,0.3367,0.2111,0.5248,0.2396
38,30,115,0.4427,0.5579,0.3855,0.2435
39,30,118,0.2549,0.5043,0.1419,0
40,30,121,0.2266,0.4228,0.09914,0.581
41,30,124,0.2945,0.1351,0.3205,0.494
42,30,127,0.1752,0.225,0.5251,0.3802
43,30,130,0.2345,0.4157,0.4444,0.4888
44,30,133,0.4252,0.4202,0.1709,0.1206
45,30,136,0.1633,0.1333,0.3845,0.4269
46,30,139,0.3774,0.342,0.3849,0.2639
47,30,142,0.2546,0.4439,0.2302,0.4197
48,30,145,0.2422,0.2967,0.3613,0.3521
49,30,148,0.2815,0.3258,0.1333,0.2829
50,30,151,0.07272,0.2635,0.1385,0.0752
51,30,154,0.1263,0.1449,0,0.2067
52,30,157,0.2365,0.03728,0.1517,0.03728
53,30,160,0,0.0752,0.0752,0
54,30,163,0.2305,0.03728,0.1667,0.1552
55,30,166,0,0,0.3361,0.295
56,30,169,0.1128,0.1408,0.1576,0.0376
57,30,172,0,0.1173,0,0
58,30,175,0.0376,0.07488,0,0.1751
59,30,178,0,0.0376,0.07488,0
60,30,181,0.0752,0.0376,0.0752,0.07488
61,30,184,0.0376,0,0.1189,0
62,30,187,0.1467,0,0,0.07458
63,30,190,0,0.0376,0,0
64,30,193,0,0,0,0.1487
65,30,196,0.0376,0,0.0752,0
66,30,199,0.1825,0.0376,0.0752,0.088
67,30,202,0.0376,0,0,0.1857
68,30,205,0,0,0.0376,0
69,30,208,0.0376,0.03728,0,0.0752
70,30,211,0.0376,0.1333,0.0376,0
71,30,214,0,0,0.07488,0.1504
72,30,217,0.0752,0,0.0376,0
73,30,220,0.0376,0.0752,0.03728,0
74,30,223,0.07488,0,0.0376,0.0376
75,30,226,0.0376,0.0376,0,0
76,30,229,0,0,0.0376,0
77,30,232,0,0,0.0376,0
78,30,235,0.0376,0,0.0376,0
79,30,238,0.07488,0,0.0376,0
80,30,241,0.03728,0.03728,0.0376,0
81,30,244,0.0376,0.03728,0.0376,0
82,30,247,0,0.0376,0.0376,0
83,30,250,0,0.0376,0.0376,0.0376
84,30,253,0,0.0376,0,0.0376
85,30,256,0,0,0,0.0376
86,30,259,0,0.03728,0,0
87,30,262,0,0,0,0
88,30,265,0.0376,0,0,0
89,30,268,0,0.0376,0.03728,0.07488
90,30,271,0,0,0,0
91,30,274,0.03728,0,0,0.0376
92,30,277,0,0,0,0
93,30,280,0,0,0,0.0376
94,30,283,0,0,0,0.03728
95,30,286,0.0376,0,0.07488,0
96,30,289,0.03728,0.0376,0,0.0376
97,30,292,0,0.0376,0.03728,0
98,30,295,0,0.0376,0,0
99,30,298,0,0,0.0376,0
,Dataset#,L,att_1,att_2,att_3,att_4
0,31,1,0.3949,0.3769,0.3882,0.3945
1,31,4,0.3818,0.4153,0.4069,0.3921
2,31,7,0.4009,0.398,0.3526,0.4562
3,31,10,0.3937,0.3869,0.3746,0.3949
4,31,13,0.4313,0.3448,0.3962,0.4269
5,31,16,0.3223,0.3696,0.428,0.4213
6,31,19,0.3751,0.3974,0.4032,0.3748
7,31,22,0.4506,0.3878,0.4064,0.3057
8,31,25,0.3689,0.4591,0.4259,0.3081
9,31,28,0.3127,0.4109,0.4,0.3771
10,31,31,0.4414,0.3882,0.3597,0.4635
11,31,34,0.3912,0.3088,0.3763,0.3918
12,31,37,0.4237,0.4159,0.3477,0.4563
13,31,40,0.387,0.2273,0.4051,0.3021
14,31,43,0.306,0.2984,0.3886,0.433
15,31,46,0.2262,0.2678,0.3906,0.185
16,31,49,0.3028,0.2818,0.3471,0.3205
17,31,52,0.268,0.379,0.4027,0.3392
18,31,55,0.2947,0.3051,0.2723,0.09742
19,31,58,0.3901,0.2975,0.3147,0.3637
20,31,61,0.1987,0.1518,0.339,0.2539
21,31,64,0.2752,0.2405,0.2336,0.3699
22,31,67,0.2796,0.2252,0.3445,0.3153
23,31,70,0.2322,0.3752,0.3093,0.1475
24,31,73,0.2945,0.3077,0.4006,0.3242
25,31,76,0.1853,0.2949,0.3195,0.2774
26,31,79,0.1015,0.3392,0.2985,0.106
27,31,82,0.4067,0.1454,0.2291,0.2664
28,31,85,0.2323,0.3673,0.2389,0.19
29,31,88,0.09228,0.266,0.2593,0.1758
30,31,91,0.2756,0.2636,0.3517,0.2106
31,31,94,0.106,0.06152,0.1715,0.1417
32,31,97,0.218,0.1383,0.2045,0.1416
33,31,100,0.1262,0.2084,0.2016,0.09562
34,31,103,0.1807,0.1262,0.2088,0.1684
35,31,106,0.1989,0.244,0.2681,0.1204
36,31,109,0.2554,0.06466,0.1262,0.123
37,31,112,0.1812,0.1923,0.3253,0.1811
38,31,115,0.1665,0.1101,0.2164,0.1421
39,31,118,0.2365,0.09528,0.1336,0.1615
40,31,121,0.2129,0.1315,0.1308,0.3139
41,31,124,0.08484,0.2279,0.2785,0.1965
42,31,127,0.1641,0.1167,0.1355,0.0879
43,31,130,0.1984,0.09542,0.1788,0.2593
44,31,133,0.1295,0.06364,0.2116,0.1139
45,31,136,0.1478,0.09228,0.3101,0.2321
46,31,139,0.09228,0.2202,0.09962,0.06466
47,31,142,0.09542,0.1592,0.202,0.1763
48,31,145,0.2624,0.1736,0.1758,0.1333
49,31,148,0.09542,0.09104,0.09228,0.06152
50,31,151,0.09228,0.1771,0.06466,0.1371
51,31,154,0.06466,0.15,0.1554,0.06152
52,31,157,0.2031,0.1203,0.06152,0.1416
53,31,160,0.1029,0.2693,0.09228,0.09542
54,31,163,0.2422,0.1908,0.09542,0.03076
55,31,166,0.06466,0.09228,0.09228,0.1278
56,31,169,0.09542,0.09542,0.06152,0.06152
57,31,172,0.09542,0.03076,0.03076,0.1607
58,31,175,0.06152,0.03076,0.09228,0.1115
59,31,178,0.03076,0.03076,0.06152,0.1484
60,31,181,0.06152,0.06466,0.03076,0.03076
61,31,184,0.09228,0.09542,0.09542,0.06466
62,31,187,0.03076,0.06152,0.06466,0.06152
63,31,190,0.06152,0.06466,0.03076,0.1569
64,31,193,0.06466,0.06152,0,0.06152
65,31,196,0,0.06466,0.1262,0.03076
66,31,199,0.06152,0.06152,0.03076,0.09542
67,31,202,0.1262,0.09542,0.06466,0
68,31,205,0.09542,0.1262,0.03076,0.09228
69,31,208,0.06152,0.1262,0.09542,0
70,31,211,0.06152,0,0.09542,0.0339
71,31,214,0.1829,0.09542,0.06466,0.09228
72,31,217,0.06152,0.1569,0.09542,0
73,31,220,0.09542,0.06152,0.06152,0.0339
74,31,223,0.06152,0.06152,0.09542,0
75,31,226,0.06466,0.0339,0.06466,0.06152
76,31,229,0.06466,0.03076,0.03076,0.123
77,31,232,0.03076,0.1262,0.09542,0.09228
78,31,235,0.06152,0.06466,0.03076,0
79,31,238,0.06152,0.06466,0.06152,0.03076
80,31,241,0.1262,0.06466,0,0.03076
81,31,244,0.03076,0.09228,0.06152,0.03076
82,31,247,0.06152,0.06466,0.03076,0.03076
83,31,250,0.06466,0,0.06152,0.09542
84,31,253,0.06152,0.06152,0.09542,0.03076
85,31,256,0.09228,0.03076,0.06152,0.03076
86,31,259,0.09542,0,0.09228,0.03076
87,31,262,0.09228,0,0.03076,0.09542
88,31,265,0.0339,0.06466,0.09542,0.09228
89,31,268,0.06466,0.03076,0.03076,0.1262
90,31,271,0.1262,0.06152,0.06152,0.06152
91,31,274,0.1262,0.06466,0.06466,0.06152
92,31,277,0.1262,0.06152,0.03076,0.09542
93,31,280,0.06152,0.0339,0,0.1262
94,31,283,0.03076,0,0.03076,0.09542
95,31,286,0.09542,0.09542,0.06152,0.06466
96,31,289,0.123,0.1262,0.09542,0.0339
97,31,292,0.03076,0.03076,0.03076,0.06466
98,31,295,0.09228,0,0.06152,0.06466
99,31,298,0.03076,0.03076,0.09542,0.06152
,Dataset#,L,att_1,att_2,att_3,att_4
0,32,1,0.3979,0.4086,0.3637,0.4027
1,32,4,0.3966,0.3943,0.4052,0.4099
2,32,7,0.3641,0.3929,0.3796,0.3911
3,32,10,0.3826,0.3784,0.3884,0.3755
4,32,13,0.3898,0.3917,0.3798,0.3846
5,32,16,0.3661,0.3457,0.3198,0.3388
6,32,19,0.4047,0.3974,0.3439,0.3824
7,32,22,0.3614,0.4043,0.3904,0.3796
8,32,25,0.3512,0.3949,0.3043,0.3742
9,32,28,0.3533,0.3405,0.3712,0.3635
10,32,31,0.3135,0.3376,0.3463,0.2737
11,32,34,0.4042,0.3814,0.3601,0.3261
12,32,37,0.3658,0.3027,0.2923,0.306
13,32,40,0.3556,0.2671,0.3061,0.2871
14,32,43,0.2741,0.3851,0.2923,0.3801
15,32,46,0.3791,0.3389,0.3575,0.2994
16,32,49,0.2816,0.2939,0.3292,0.2724
17,32,52,0.3338,0.3122,0.3074,0.2716
18,32,55,0.3801,0.2893,0.3405,0.3319
19,32,58,0.244,0.2767,0.352,0.3385
20,32,61,0.3009,0.2957,0.3593,0.2814
21,32,64,0.3511,0.3529,0.2504,0.2888
22,32,67,0.2737,0.2916,0.2449,0.3014
23,32,70,0.323,0.2986,0.343,0.3001
24,32,73,0.2504,0.3658,0.3437,0.3516
25,32,76,0.3581,0.3371,0.2937,0.3627
26,32,79,0.3017,0.3168,0.3023,0.3139
27,32,82,0.3021,0.3015,0.2592,0.2888
28,32,85,0.2894,0.3494,0.3322,0.2902
29,32,88,0.2782,0.3338,0.272,0.3204
30,32,91,0.3107,0.3682,0.2789,0.3556
31,32,94,0.3203,0.2979,0.2729,0.2504
32,32,97,0.2836,0.3353,0.2504,0.2962
33,32,100,0.3352,0.3019,0.3396,0.2251
34,32,103,0.315,0.2428,0.3439,0.342
35,32,106,0.3664,0.3117,0.386,0.2863
36,32,109,0.15,0.2737,0.2881,0.2615
37,32,112,0.3335,0.2504,0.2211,0.3564
38,32,115,0.3583,0.317,0.3557,0.2966
39,32,118,0.2963,0.2646,0.3224,0.3577
40,32,121,0.3011,0.3453,0.3104,0.3227
41,32,124,0.3115,0.3469,0.2722,0.3494
42,32,127,0.2584,0.2504,0.3196,0.3009
43,32,130,0.3423,0.3326,0.1533,0.2487
44,32,133,0.2197,0.3573,0.2526,0.2894
45,32,136,0.3031,0.2,0.266,0.2998
46,32,139,0.2631,0.3046,0.2787,0.2
47,32,142,0.3703,0.3756,0.2955,0.3193
48,32,145,0.2751,0.3202,0.2619,0.2004
49,32,148,0.3338,0.2907,0.2955,0.346
50,32,151,0.2919,0.3146,0.3532,0.2799
51,32,154,0.3669,0.3666,0.2575,0.2167
52,32,157,0.27,0.269,0.3151,0.2446
53,32,160,0.3069,0.3145,0.2149,0.3099
54,32,163,0.22,0.2004,0.2609,0.1342
55,32,166,0.1853,0.307,0.2004,0.2246
56,32,169,0.3139,0.2974,0.1483,0.287
57,32,172,0.205,0.1504,0.2957,0.2235
58,32,175,0.1987,0.15,0.197,0.1
59,32,178,0.2765,0.1778,0.2004,0.2379
60,32,181,0.15,0.1504,0.1504,0.1504
61,32,184,0.15,0.15,0.15,0.1504
62,32,187,0.2004,0.2004,0.15,0.1
63,32,190,0.05,0.2142,0.1504,0.1135
64,32,193,0.1004,0.1504,0.2004,0.1
65,32,196,0.1,0.2504,0.1004,0.2004
66,32,199,0.1504,0.15,0.05,0.2504
67,32,202,0.1,0.1504,0.1504,0
68,32,205,0.15,0.2004,0.05,0.1004
69,32,208,0.1004,0.15,0.1004,0.05
70,32,211,0.15,0.1504,0.2,0.15
71,32,214,0.1504,0.1,0.2004,0.2004
72,32,217,0.1,0.2004,0.05,0.0504
73,32,220,0.0504,0.1,0.1504,0.1504
74,32,223,0.15,0.05,0.1504,0.15
75,32,226,0.1004,0.15,0.1,0.1504
76,32,229,0.2004,0.1004,0.15,0.1504
77,32,232,0.2,0.1,0.05,0.1504
78,32,235,0.15,0.1,0.15,0.2004
79,32,238,0.1504,0.2004,0.2004,0.05
80,32,241,0.2,0.1,0.05,0.05
81,32,244,0.1504,0.15,0.1504,0.2004
82,32,247,0.1504,0.1004,0.1004,0.1004
83,32,250,0.1004,0.2004,0.1,0.15
84,32,253,0.1004,0.1,0.1504,0.1004
85,32,256,0.1,0.1,0,0.2004
86,32,259,0.1,0.2504,0.15,0.15
87,32,262,0,0.05,0.1504,0.1504
88,32,265,0.1,0.2004,0.2004,0.1
89,32,268,0.2004,0.1504,0.15,0.2504
90,32,271,0.1,0.1,0.1004,0.2504
91,32,274,0.1504,0.1,0.1,0.05
92,32,277,0.2,0.15,0.05,0.1
93,32,280,0.05,0.1004,0.1,0.15
94,32,283,0.0504,0.2004,0.15,0
95,32,286,0.1004,0.1,0.15,0.2004
96,32,289,0.2004,0,0.2004,0.1
97,32,292,0.15,0.05,0.2004,0.1004
98,32,295,0.2504,0.1504,0.1504,0.1504
99,32,298,0.05,0.1504,0.15,0.1504
,Dataset#,L,att_1,att_2,att_3,att_4
0,33,1,0.6467,0.646,0.6428,0.6803
1,33,4,0.6713,0.6921,0.7237,0.6802
2,33,7,0.7468,0.7598,0.7031,0.7455
3,33,10,0.7182,0.7499,0.744,0.7582
4,33,13,0.7049,0.7469,0.7518,0.6914
5,33,16,0.7129,0.7698,0.7351,0.69
6,33,19,0.7347,0.7109,0.7524,0.7314
7,33,22,0.7207,0.6995,0.7707,0.726
8,33,25,0.7115,0.7615,0.7508,0.7459
9,33,28,0.7687,0.7127,0.7418,0.7164
10,33,31,0.7454,0.758,0.7067,0.7369
11,33,34,0.7436,0.725,0.7014,0.7491
12,33,37,0.6691,0.7223,0.7637,0.7207
13,33,40,0.7136,0.7117,0.658,0.5326
14,33,43,0.6873,0.7261,0.6356,0.7334
15,33,46,0.7229,0.7069,0.7032,0.7202
16,33,49,0.5791,0.7683,0.7052,0.7287
17,33,52,0.6668,0.6212,0.6982,0.6865
18,33,55,0.4538,0.6485,0.7407,0.7426
19,33,58,0.6625,0.7229,0.6783,0.6399
20,33,61,0.5742,0.4937,0.6531,0.6116
21,33,64,0.7205,0.685,0.5441,0.628
22,33,67,0.6074,0.737,0.6136,0.6376
23,33,70,0.6479,0.6589,0.6253,0.5906
24,33,73,0.5507,0.6615,0.7256,0.4568
25,33,76,0.6364,0.4757,0.597,0.547
26,33,79,0.6834,0.6438,0.6198,0.5058
27,33,82,0.7493,0.5563,0.643,0.6517
28,33,85,0.3285,0.7059,0.6593,0.3107
29,33,88,0.5824,0.7105,0.6071,0.6741
30,33,91,0.6315,0.6354,0.7186,0.619
31,33,94,0.6649,0.6137,0.6924,0.6101
32,33,97,0.59,0.6552,0.5825,0.4522
33,33,100,0.646,0.745,0.6259,0.5451
34,33,103,0.7209,0.4156,0.4539,0.5802
35,33,106,0.5607,0.7064,0.4487,0.5996
36,33,109,0.5954,0.5175,0.6104,0.6656
37,33,112,0.6026,0.7034,0.587,0.3673
38,33,115,0.7218,0.5825,0.6475,0.4542
39,33,118,0.6469,0.7064,0.5198,0.5961
40,33,121,0.4786,0.7462,0.4805,0.396
41,33,124,0.5863,0.2638,0.6989,0.4054
42,33,127,0.602,0.5198,0.4219,0.4397
43,33,130,0.5905,0.678,0.3606,0.6836
44,33,133,0.6211,0.5134,0.6166,0.5505
45,33,136,0.5877,0.6831,0.4394,0.7199
46,33,139,0.3707,0.516,0.2039,0.613
47,33,142,0.7066,0.4187,0.3992,0.3978
48,33,145,0.4449,0.6103,0.2089,0.2406
49,33,148,0.3533,0.3402,0.6753,0.3749
50,33,151,0.4585,0.4482,0.5863,0.4132
51,33,154,0.5864,0.4548,0.4624,0.334
52,33,157,0.2259,0.5111,0.4678,0.39
53,33,160,0.5289,0.5212,0.3046,0.5987
54,33,163,0.3939,0.5254,0.4345,0.382
55,33,166,0.5862,0.4767,0.5558,0.4101
56,33,169,0.1268,0.2498,0.4056,0.2049
57,33,172,0.2297,0.2284,0.1108,0.05538
58,33,175,0.1706,0.1878,0.3658,0.3466
59,33,178,0.1941,0.05758,0.113,0.05538
60,33,181,0.113,0.1803,0.1466,0
61,33,184,0.05758,0.243,0,0.2349
62,33,187,0.2074,0,0.05538,0.2768
63,33,190,0,0,0.2495,0.1949
64,33,193,0.05758,0.2076,0,0.05538
65,33,196,0.1683,0.05758,0.05538,0.05538
66,33,199,0,0.3575,0,0.2237
67,33,202,0.2565,0.05538,0.05758,0.05758
68,33,205,0.2076,0.05758,0.1108,0.1942
69,33,208,0,0.05538,0.05538,0.05538
70,33,211,0,0,0.113,0.05538
71,33,214,0.113,0.05538,0.1661,0.05758
72,33,217,0,0,0.113,0.1826
73,33,220,0,0,0.1152,0
74,33,223,0.1108,0.05538,0.32,0.1752
75,33,226,0,0.113,0,0.05538
76,33,229,0.113,0.05538,0.05538,0
77,33,232,0,0.05758,0.05538,0.1705
78,33,235,0.05538,0.1683,0,0
79,33,238,0.1661,0.113,0.05538,0.113
80,33,241,0.1108,0,0.1108,0.1705
81,33,244,0,0.113,0.05538,0.05538
82,33,247,0.05538,0.09796,0.05538,0.1108
83,33,250,0.1683,0.05538,0.1108,0.1933
84,33,253,0,0,0,0.05538
85,33,256,0,0.05538,0,0.05538
86,33,259,0,0.05538,0.1683,0.2259
87,33,262,0.1705,0.113,0,0.1108
88,33,265,0.05758,0.05538,0,0.2237
89,33,268,0,0.05758,0.05538,0
90,33,271,0.1152,0.05758,0.1108,0.05538
91,33,274,0.1705,0.113,0.05538,0.113
92,33,277,0.113,0.05538,0.1152,0
93,33,280,0.05538,0,0.113,0.113
94,33,283,0,0.05758,0.1152,0.05758
95,33,286,0.05758,0,0.05538,0
96,33,289,0,0,0.05538,0.113
97,33,292,0.113,0.1108,0.1683,0.1661
98,33,295,0.05538,0.05538,0.05758,0
99,33,298,0,0.113,0.05538,0
,Dataset#,L,att_1,att_2,att_3,att_4
0,34,1,0.9597,0.9572,0.9599,0.9558
1,34,4,0.9583,0.9588,0.9469,0.9611
2,34,7,0.966,0.9685,0.9565,0.9583
3,34,10,0.9523,0.9616,0.961,0.9642
4,34,13,0.9634,0.9659,0.9507,0.9618
5,34,16,0.9591,0.9534,0.9583,0.9579
6,34,19,0.961,0.9583,0.9562,0.966
7,34,22,0.9599,0.9691,0.9485,0.9632
8,34,25,0.9562,0.9538,0.9685,0.9505
9,34,28,0.9478,0.9549,0.956,0.9404
10,34,31,0.8607,0.9569,0.8767,0.9513
11,34,34,0.9687,0.9528,0.7068,0.9587
12,34,37,0.7839,0.87,0.8569,0.7959
13,34,40,0.7824,0.9539,0.8006,0.8716
14,34,43,0.7138,0.7942,0.9588,0.8646
15,34,46,0.947,0.9568,0.958,0.7792
16,34,49,0.8689,0.8685,0.9613,0.8737
17,34,52,0.8825,0.9601,0.7931,0.9635
18,34,55,0.6216,0.8761,0.8712,0.9549
19,34,58,0.7958,0.7107,0.885,0.9451
20,34,61,0.7823,0.9439,0.7716,0.7176
21,34,64,0.8772,0.8799,0.7848,0.7881
22,34,67,0.7905,0.7996,0.7016,0.797
23,34,70,0.7919,0.8715,0.7727,0.8693
24,34,73,0.7115,0.7836,0.6147,0.6876
25,34,76,0.8642,0.707,0.9608,0.7114
26,34,79,0.9617,0.9452,0.9537,0.8779
27,34,82,0.8754,0.8714,0.7185,0.8721
28,34,85,0.7847,0.8817,0.778,0.8689
29,34,88,0.7095,0.9525,0.6917,0.778
30,34,91,0.8851,0.944,0.8614,0.8771
31,34,94,0.7874,0.7914,0.7984,0.7667
32,34,97,0.8712,0.7979,0.8642,0.8784
33,34,100,0.7984,0.7951,0.7979,0.9308
34,34,103,0.9544,0.7168,0.7685,0.621
35,34,106,0.8559,0.8603,0.7139,0.7095
36,34,109,0.803,0.7895,0.7144,0.8029
37,34,112,0.7872,0.9485,0.8787,0.8881
38,34,115,0.8648,0.7821,0.7064,0.7815
39,34,118,0.8841,0.8828,0.8595,0.7945
40,34,121,0.7864,0.8606,0.8695,0.789
41,34,124,0.7732,0.8889,0.856,0.7082
42,34,127,0.7866,0.7046,0.8691,0.8768
43,34,130,0.5945,0.6206,0.7849,0.6278
44,34,133,0.9336,0.8839,0.7746,0.9392
45,34,136,0.7086,0.9607,0.8029,0.8637
46,34,139,0.8814,0.7967,0.706,0.7915
47,34,142,0.7129,0.8733,0.7821,0.6991
48,34,145,0.8413,0.7795,0.6949,0.855
49,34,148,0.7823,0.7917,0.7979,0.7091
50,34,151,0.8526,0.7707,0.86,0.8702
51,34,154,0.7245,0.7788,0.6238,0.6956
52,34,157,0.7898,0.7915,0.8746,0.7818
53,34,160,0.7093,0.7835,0.699,0.6967
54,34,163,0.7717,0.6998,0.9347,0.7024
55,34,166,0.7873,0.8745,0.7672,0.7778
56,34,169,0.7054,0.7994,0.8646,0.7554
57,34,172,0.5171,0.594,0.601,0.7842
58,34,175,0.5152,0.6141,0.3804,0.5095
59,34,178,0.713,0.5161,0.2161,0.3028
60,34,181,0.3048,0.2173,0,0.5079
61,34,184,0.325,0.325,0.4191,0.4333
62,34,187,0.1096,0.3256,0.3012,0
63,34,190,0.4345,0.5095,0.2191,0
64,34,193,0.2173,0.1077,0.1077,0.3256
65,34,196,0.2173,0,0.2173,0.3238
66,34,199,0.1096,0.2814,0.3256,0.1096
67,34,202,0.1077,0,0.1096,0.4333
68,34,205,0.1096,0.1077,0.325,0.3238
69,34,208,0.3256,0.5143,0.325,0.3268
70,34,211,0.2161,0.2179,0.325,0.1084
71,34,214,0,0.1096,0.2173,0.3268
72,34,217,0.3268,0.3268,0.2154,0.2179
73,34,220,0.3256,0.3275,0.4333,0.1077
74,34,223,0.3268,0.3268,0.2179,0.2173
75,34,226,0.2173,0.4333,0.5429,0.2179
76,34,229,0.3256,0.1077,0,0.1077
77,34,232,0.1077,0.1084,0.2173,0.2161
78,34,235,0.1084,0.3268,0.325,0.2161
79,34,238,0.2173,0.3256,0.2179,0
80,34,241,0.2179,0.2191,0,0.2191
81,34,244,0.1077,0.1096,0.2173,0.325
82,34,247,0.4333,0.1096,0.2173,0.4352
83,34,250,0.3256,0.3268,0.325,0.3268
84,34,253,0.2179,0.1077,0,0.1096
85,34,256,0.1077,0.2173,0.3256,0.2173
86,34,259,0.3268,0.2179,0.1077,0.2173
87,34,262,0.1084,0.1096,0.3256,0.3238
88,34,265,0.5245,0.2179,0.1077,0.2173
89,34,268,0.1096,0.325,0,0
90,34,271,0.2161,0.325,0,0.1077
91,34,274,0.3256,0.2161,0.3238,0.1096
92,34,277,0.325,0.3268,0.325,0.4333
93,34,280,0.2191,0.2161,0.1084,0.2179
94,34,283,0.2154,0.1077,0.2191,0.3268
95,34,286,0.3268,0.2179,0.1077,0.1077
96,34,289,0.2173,0.1096,0.4352,0.5429
97,34,292,0.2191,0.3256,0.1077,0.2173
98,34,295,0.1077,0,0.3268,0.2173
99,34,298,0.1096,0.325,0.3268,0.2173
,Dataset#,L,att_1,att_2,att_3,att_4
0,35,1,0.5767,0.5709,0.57,0.5868
1,35,4,0.5696,0.5645,0.5708,0.5709
2,35,7,0.5804,0.5767,0.5751,0.5549
3,35,10,0.5891,0.5614,0.5863,0.5758
4,35,13,0.5828,0.5871,0.5709,0.5715
5,35,16,0.5709,0.5671,0.5785,0.5726
6,35,19,0.5695,0.5784,0.5699,0.5291
7,35,22,0.5968,0.526,0.5766,0.5626
8,35,25,0.5518,0.5426,0.5604,0.5866
9,35,28,0.5558,0.5716,0.5493,0.5403
10,35,31,0.5393,0.5132,0.556,0.5663
11,35,34,0.5627,0.5391,0.5355,0.5755
12,35,37,0.5524,0.5678,0.5563,0.5034
13,35,40,0.5735,0.5453,0.564,0.5677
14,35,43,0.5455,0.5118,0.5744,0.538
15,35,46,0.5154,0.5194,0.5789,0.5029
16,35,49,0.5282,0.5708,0.5844,0.5228
17,35,52,0.5432,0.5141,0.5136,0.5198
18,35,55,0.5452,0.5608,0.5188,0.4904
19,35,58,0.5017,0.5625,0.5194,0.4822
20,35,61,0.5147,0.5776,0.5191,0.5236
21,35,64,0.5462,0.5403,0.4662,0.5405
22,35,67,0.4316,0.5145,0.5495,0.4873
23,35,70,0.5587,0.4775,0.5134,0.4923
24,35,73,0.5569,0.5489,0.5561,0.4644
25,35,76,0.5211,0.4123,0.5033,0.4741
26,35,79,0.5372,0.4382,0.471,0.4719
27,35,82,0.5133,0.4631,0.3848,0.54
28,35,85,0.5379,0.5135,0.5447,0.5068
29,35,88,0.503,0.4745,0.4832,0.4836
30,35,91,0.548,0.5049,0.5411,0.4685
31,35,94,0.5026,0.4727,0.4884,0.501
32,35,97,0.5408,0.5128,0.5453,0.5396
33,35,100,0.5384,0.5371,0.4028,0.5063
34,35,103,0.5183,0.516,0.5196,0.5303
35,35,106,0.52,0.4696,0.4507,0.4938
36,35,109,0.4453,0.5255,0.493,0.5147
37,35,112,0.4737,0.4011,0.533,0.5225
38,35,115,0.4891,0.4453,0.516,0.474
39,35,118,0.4767,0.5153,0.4948,0.3851
40,35,121,0.5431,0.4453,0.4882,0.4599
41,35,124,0.4757,0.4734,0.5128,0.4634
42,35,127,0.3782,0.5549,0.4924,0.5044
43,35,130,0.4602,0.5176,0.4852,0.4666
44,35,133,0.4345,0.5584,0.4946,0.4453
45,35,136,0.4734,0.5144,0.4836,0.5494
46,35,139,0.464,0.5245,0.4913,0.5275
47,35,142,0.5512,0.4848,0.4933,0.5374
48,35,145,0.4453,0.3868,0.547,0.5368
49,35,148,0.5132,0.4934,0.5101,0.4948
50,35,151,0.4787,0.4831,0.4667,0.5225
51,35,154,0.4921,0.4168,0.4956,0.4948
52,35,157,0.5245,0.4765,0.518,0.4846
53,35,160,0.4355,0.519,0.5361,0.5279
54,35,163,0.3673,0.4319,0.5556,0.2681
55,35,166,0.3861,0.5421,0.4696,0.4685
56,35,169,0.3994,0.5159,0.5191,0.4928
57,35,172,0.3573,0.4683,0.4758,0.4646
58,35,175,0.4161,0.4453,0.4286,0.4453
59,35,178,0.3567,0.3774,0.3725,0.475
60,35,181,0.2687,0.0886,0.413,0
61,35,184,0.1766,0.2673,0.3777,0.2667
62,35,187,0.2667,0.2673,0.1148,0.3786
63,35,190,0.3888,0.3171,0.3553,0.2823
64,35,193,0.3567,0.3124,0.2929,0.4058
65,35,196,0.2196,0.3733,0.1781,0.1781
66,35,199,0.2832,0.1787,0.2094,0.4453
67,35,202,0.37,0.3751,0.3799,0.2936
68,35,205,0.1787,0.1781,0.2667,0.2929
69,35,208,0.3822,0.3753,0.3573,0.2673
70,35,211,0.0886,0.3754,0.1787,0.3567
71,35,214,0.2667,0.2989,0.0886,0.3553
72,35,217,0.2842,0.1967,0.2022,0.1128
73,35,220,0.1787,0.2667,0.1766,0.4453
74,35,223,0.2667,0.3567,0.09006,0.1787
75,35,226,0,0.3775,0.2673,0.3567
76,35,229,0.1787,0.0886,0.1787,0.088
77,35,232,0.2667,0.2667,0.1772,0.09006
78,35,235,0.09006,0.2681,0.2007,0.2673
79,35,238,0.0886,0.1787,0.1781,0.3567
80,35,241,0.1781,0.3553,0.09006,0.1787
81,35,244,0.3567,0.4453,0.09006,0.1787
82,35,247,0.2652,0.4677,0.2673,0.1772
83,35,250,0.09006,0.2673,0.1772,0.2667
84,35,253,0.1781,0.2667,0.2687,0.3573
85,35,256,0.2667,0.1781,0.1787,0.1787
86,35,259,0.3573,0.1781,0.1781,0.09006
87,35,262,0.1787,0.2673,0.1787,0.4453
88,35,265,0.2844,0.2667,0.3553,0.1766
89,35,268,0.1801,0.1766,0.2687,0.1766
90,35,271,0.3553,0.0886,0.1766,0.2667
91,35,274,0.2687,0.09006,0.1781,0.2667
92,35,277,0,0.1787,0,0.0886
93,35,280,0.2667,0.1781,0.3553,0.2667
94,35,283,0.09006,0.2667,0.0886,0.1781
95,35,286,0.1787,0.1781,0.3573,0.2667
96,35,289,0.088,0.2673,0.2667,0.2681
97,35,292,0.088,0.2673,0.09006,0.0886
98,35,295,0.3567,0.3553,0.3573,0.1766
99,35,298,0.088,0.2687,0.1772,0.2681
,Dataset#,L,att_1,att_2,att_3,att_4
0,36,1,0.8247,0.7952,0.8143,0.8107
1,36,4,0.8294,0.8195,0.7927,0.8266
2,36,7,0.8095,0.8248,0.8145,0.8161
3,36,10,0.8048,0.8486,0.8105,0.8281
4,36,13,0.8406,0.8138,0.8075,0.8051
5,36,16,0.8229,0.8102,0.8455,0.8311
6,36,19,0.8058,0.8308,0.8391,0.7522
7,36,22,0.7863,0.8418,0.8072,0.7991
8,36,25,0.7894,0.7992,0.7983,0.8356
9,36,28,0.7792,0.7623,0.8488,0.8109
10,36,31,0.8129,0.7717,0.8454,0.8158
11,36,34,0.8088,0.8319,0.7557,0.6873
12,36,37,0.6654,0.7511,0.8067,0.8075
13,36,40,0.7859,0.6437,0.835,0.7327
14,36,43,0.7264,0.7367,0.6765,0.6885
15,36,46,0.7567,0.6782,0.6731,0.8025
16,36,49,0.6883,0.6727,0.8057,0.706
17,36,52,0.7821,0.6656,0.6697,0.6237
18,36,55,0.7083,0.6737,0.746,0.7305
19,36,58,0.6208,0.6857,0.798,0.6545
20,36,61,0.6099,0.6891,0.6951,0.6931
21,36,64,0.7622,0.5976,0.7432,0.5489
22,36,67,0.696,0.6073,0.7586,0.8264
23,36,70,0.7596,0.7581,0.5432,0.7558
24,36,73,0.7506,0.5456,0.6209,0.6967
25,36,76,0.672,0.7498,0.6846,0.6093
26,36,79,0.6996,0.7638,0.6867,0.7256
27,36,82,0.7647,0.7484,0.6807,0.5917
28,36,85,0.7561,0.7922,0.6886,0.7481
29,36,88,0.7642,0.7562,0.6662,0.7395
30,36,91,0.743,0.7518,0.641,0.5937
31,36,94,0.7475,0.7501,0.588,0.6095
32,36,97,0.7094,0.7566,0.6008,0.7243
33,36,100,0.6938,0.6267,0.6133,0.6305
34,36,103,0.6854,0.5564,0.5468,0.6789
35,36,106,0.6821,0.6759,0.6154,0.7208
36,36,109,0.7367,0.5536,0.6182,0.6842
37,36,112,0.6655,0.5489,0.7718,0.6849
38,36,115,0.6949,0.684,0.5455,0.6742
39,36,118,0.7881,0.6071,0.6137,0.5601
40,36,121,0.54,0.617,0.6801,0.752
41,36,124,0.6652,0.5513,0.6758,0.6888
42,36,127,0.5532,0.7264,0.623,0.6498
43,36,130,0.6061,0.6449,0.7441,0.6545
44,36,133,0.6355,0.7413,0.5932,0.6187
45,36,136,0.5466,0.6866,0.6776,0.5541
46,36,139,0.6062,0.6131,0.6956,0.6872
47,36,142,0.71,0.7437,0.5892,0.6474
48,36,145,0.796,0.743,0.6503,0.636
49,36,148,0.5502,0.6621,0.7931,0.772
50,36,151,0.5795,0.7104,0.5666,0.6896
51,36,154,0.5532,0.6064,0.6692,0.6125
52,36,157,0.6144,0.6072,0.678,0.6115
53,36,160,0.603,0.5373,0.6815,0.721
54,36,163,0.7325,0.6694,0.7423,0.6634
55,36,166,0.7479,0.5601,0.6841,0.7374
56,36,169,0.4639,0.2891,0.4485,0.4834
57,36,172,0.3533,0.2521,0.2891,0.5466
58,36,175,0.3866,0.2891,0.3859,0.352
59,36,178,0.2911,0.2676,0.1936,0.1943
60,36,181,0.2911,0.1943,0.09548,0.09548
61,36,184,0.2897,0.1929,0.09548,0.1936
62,36,187,0.1943,0.1943,0.2897,0.3866
63,36,190,0.1943,0.09682,0,0.2891
64,36,193,0.4834,0.2891,0.09682,0.2911
65,36,196,0.3706,0.2897,0.09682,0.2897
66,36,199,0.1923,0.3859,0.2891,0.2905
67,36,202,0.3866,0.09682,0.3859,0.2897
68,36,205,0.09682,0.2897,0.1936,0.1923
69,36,208,0.1923,0.1936,0.2897,0.1923
70,36,211,0.1923,0.09682,0.3866,0.1936
71,36,214,0.3859,0.1943,0.3866,0.1943
72,36,217,0.3879,0.1936,0,0.2911
73,36,220,0.2897,0.1943,0.1929,0.09682
74,36,223,0.4834,0.1923,0.3866,0.09548
75,36,226,0.2905,0.09682,0.2891,0.3879
76,36,229,0.2905,0.2911,0.09548,0.3866
77,36,232,0.2911,0.3866,0.09682,0.1929
78,36,235,0.1936,0.2905,0.1923,0.3859
79,36,238,0.1923,0.2911,0.09682,0.09682
80,36,241,0.1923,0.2897,0.09682,0.09744
81,36,244,0.2905,0.2905,0.1943,0.2891
82,36,247,0.09682,0.1923,0.3879,0.2905
83,36,250,0.2897,0.09682,0.1943,0.1923
84,36,253,0.2897,0.09682,0.2897,0.3866
85,36,256,0.09682,0.2911,0.09548,0.2891
86,36,259,0.3866,0.1923,0.2911,0.3866
87,36,262,0.09682,0.09548,0.4834,0.2897
88,36,265,0.1923,0.09548,0.09744,0.4834
89,36,268,0.09682,0.2905,0.3879,0.1943
90,36,271,0.1923,0.1936,0.1936,0.2897
91,36,274,0.1936,0.2891,0.09682,0.2911
92,36,277,0.4834,0.3879,0.2897,0
93,36,280,0.1923,0.2891,0.3879,0.1943
94,36,283,0.09682,0.1923,0.1943,0.09744
95,36,286,0.1923,0.1923,0.1943,0.1923
96,36,289,0.1943,0.1936,0.2911,0.3859
97,36,292,0.2905,0.2897,0,0.4834
98,36,295,0.2897,0.2911,0.3879,0.2911
99,36,298,0.2891,0.3866,0.1943,0.1936
,Dataset#,L,att_1,att_2,att_3,att_4
0,37,1,0.9902,0.9951,1,1
1,37,4,1,1,0.9951,1
2,37,7,1,0.9951,1,1
3,37,10,1,1,1,1
4,37,13,1,1,1,1
5,37,16,1,1,1,1
6,37,19,1,1,1,1
7,37,22,1,1,1,1
8,37,25,1,1,1,1
9,37,28,1,1,1,1
10,37,31,1,1,1,1
11,37,34,0.7143,1,1,1
12,37,37,0.8571,1,1,0.8571
13,37,40,1,1,0.7143,1
14,37,43,0.8571,0.7143,0.8571,1
15,37,46,0.5714,0.8571,1,1
16,37,49,0.7143,0.8571,0.8571,1
17,37,52,1,0.9951,1,0.8571
18,37,55,0.8571,0.7143,0.7143,0.7143
19,37,58,0.8571,0.5714,0.8571,0.8571
20,37,61,0.8571,0.7048,0.5714,0.7143
21,37,64,0.8571,0.4286,0.8571,0.8571
22,37,67,0.8571,0.5714,0.8571,0.8571
23,37,70,0.5714,0.8571,0.7143,0.8571
24,37,73,0.5714,0.8571,0.7143,0.7143
25,37,76,0.4286,0.8571,1,0.8571
26,37,79,0.7143,0.8571,0.8571,0.7143
27,37,82,0.8571,0.7143,0.8571,0.7143
28,37,85,1,1,0.8571,1
29,37,88,1,0.7143,0.8571,0.7143
30,37,91,0.8,0.8571,0.8571,0.7143
31,37,94,0.7143,1,0.7143,0.5714
32,37,97,0.7143,0.7143,0.8571,1
33,37,100,1,0.7143,1,0.7143
34,37,103,0.8571,0.8571,1,0.7143
35,37,106,0.5714,0.7143,0.8571,0.8571
36,37,109,0.8571,0.8571,0.5714,0.5714
37,37,112,0.8571,0.7143,0.8571,0.7143
38,37,115,0.8476,0.7143,0.8571,0.7143
39,37,118,0.5714,0.5663,0.7143,0.679
40,37,121,0.8571,0.7092,0.8571,0.7143
41,37,124,0.8,0.7143,0.4286,0.7143
42,37,127,0.7092,0.8571,0.7143,0.8523
43,37,130,0.8571,0.7949,0.7143,0.2857
44,37,133,0.8571,1,1,1
45,37,136,0.7143,0.8571,0.7143,0.8571
46,37,139,0.8571,0.9951,0.8571,0.8571
47,37,142,0.5714,1,0.8571,0.7143
48,37,145,0.4286,0.7143,0.8349,0.7143
49,37,148,0.7143,0.8571,0.8571,0.7951
50,37,151,0.5714,0.9949,1,0.7143
51,37,154,0.8571,0.7094,0.8466,0.7143
52,37,157,1,0.8571,0.7143,0.4286
53,37,160,0.8571,0.5143,0.8571,0.7951
54,37,163,1,0.6571,0.7143,0.7143
55,37,166,0.6981,0.6571,0.7143,0.5714
56,37,169,0.8571,0.8425,0.8571,0.6523
57,37,172,0.4571,0.5143,0.5143,0.3143
58,37,175,0.652,0.3143,0.6571,0.6
59,37,178,0.05714,0.2571,0.2571,0.2
60,37,181,0.2571,0.4571,0.1143,0.4571
61,37,184,0.3143,0.05714,0.05714,0.05714
62,37,187,0.3143,0.05714,0.05714,0.1143
63,37,190,0.1714,0.2,0.1143,0.3143
64,37,193,0.1714,0.1143,0.05714,0.05714
65,37,196,0.05714,0.3143,0.3143,0.1143
66,37,199,0.1714,0.3714,0,0.05714
67,37,202,0.1143,0.1143,0.1714,0.1714
68,37,205,0.1714,0.05714,0.2571,0
69,37,208,0.1143,0.1143,0.1143,0.1143
70,37,211,0.1143,0.05714,0,0.05714
71,37,214,0.2286,0.2571,0.1143,0.1714
72,37,217,0,0.05714,0.1143,0.05714
73,37,220,0.1714,0.05714,0.1143,0.1143
74,37,223,0,0,0.05714,0.1714
75,37,226,0.05714,0.1143,0,0.2286
76,37,229,0.1143,0.2286,0.1143,0.1143
77,37,232,0.1143,0.2286,0.1143,0.1143
78,37,235,0.1143,0.05714,0,0.1143
79,37,238,0,0.1714,0.05714,0.1143
80,37,241,0.05714,0.1714,0.1143,0.1714
81,37,244,0.05714,0.1143,0.05714,0.05714
82,37,247,0.1143,0.1143,0.05714,0.2286
83,37,250,0,0.1714,0.1714,0.05714
84,37,253,0.1714,0.1143,0.1143,0.1143
85,37,256,0.1714,0.05714,0.05714,0.1143
86,37,259,0.1143,0.05714,0.1714,0.05714
87,37,262,0.1714,0.1143,0.1143,0.1143
88,37,265,0.2857,0.1143,0.05714,0.05714
89,37,268,0.05714,0.1143,0.05714,0.05714
90,37,271,0.1143,0.3143,0.1143,0.05714
91,37,274,0.1714,0.1143,0.1143,0.1143
92,37,277,0.1143,0,0.05714,0.1714
93,37,280,0,0.2286,0.05714,0
94,37,283,0.05714,0.1714,0.05714,0.1143
95,37,286,0.1143,0.05714,0.1714,0.05714
96,37,289,0.05714,0.05714,0.1714,0.05714
97,37,292,0,0.1143,0.1714,0
98,37,295,0.05714,0.05714,0.05714,0
99,37,298,0.1714,0.1143,0.05714,0.1143
,Dataset#,L,att_1,att_2,att_3,att_4
0,38,1,0.845,0.8554,0.8449,0.8292
1,38,4,0.8437,0.8619,0.8536,0.8458
2,38,7,0.8458,0.8472,0.8645,0.8215
3,38,10,0.8319,0.8431,0.8226,0.8331
4,38,13,0.8516,0.836,0.8407,0.8543
5,38,16,0.8453,0.8393,0.8529,0.849
6,38,19,0.8453,0.8495,0.8383,0.8342
7,38,22,0.8477,0.8432,0.8443,0.85
8,38,25,0.8423,0.7879,0.849,0.8549
9,38,28,0.7808,0.8276,0.8357,0.8181
10,38,31,0.8496,0.8285,0.8562,0.7625
11,38,34,0.7903,0.8625,0.8411,0.6948
12,38,37,0.7783,0.5922,0.8462,0.701
13,38,40,0.7146,0.7158,0.8556,0.7025
14,38,43,0.779,0.5979,0.7224,0.7176
15,38,46,0.6527,0.8511,0.6689,0.7946
16,38,49,0.7857,0.6035,0.6614,0.792
17,38,52,0.6458,0.802,0.8287,0.6774
18,38,55,0.7221,0.7606,0.7162,0.5573
19,38,58,0.715,0.5844,0.6438,0.6963
20,38,61,0.597,0.6789,0.786,0.7794
21,38,64,0.6653,0.711,0.5913,0.7864
22,38,67,0.7029,0.7214,0.595,0.6108
23,38,70,0.7202,0.6536,0.6014,0.7357
24,38,73,0.5794,0.7344,0.7214,0.6222
25,38,76,0.7272,0.7146,0.644,0.7061
26,38,79,0.6345,0.7095,0.5971,0.7312
27,38,82,0.7859,0.662,0.6478,0.7702
28,38,85,0.6637,0.7243,0.59,0.7695
29,38,88,0.5929,0.6922,0.7048,0.7959
30,38,91,0.7697,0.5978,0.7216,0.5942
31,38,94,0.7058,0.7025,0.7163,0.6713
32,38,97,0.776,0.7218,0.6612,0.7208
33,38,100,0.7106,0.6616,0.749,0.6499
34,38,103,0.536,0.6461,0.7332,0.5726
35,38,106,0.6573,0.6666,0.5729,0.7727
36,38,109,0.7728,0.7059,0.6604,0.7819
37,38,112,0.647,0.7715,0.581,0.6716
38,38,115,0.6996,0.7974,0.5882,0.7247
39,38,118,0.7886,0.7733,0.6514,0.7066
40,38,121,0.7797,0.7252,0.6445,0.8374
41,38,124,0.7129,0.6477,0.7178,0.7742
42,38,127,0.6414,0.7165,0.7139,0.5854
43,38,130,0.7088,0.7118,0.7577,0.5969
44,38,133,0.7102,0.6538,0.647,0.6467
45,38,136,0.7134,0.6585,0.6538,0.599
46,38,139,0.769,0.6663,0.7214,0.7651
47,38,142,0.6493,0.5946,0.746,0.7806
48,38,145,0.536,0.7341,0.68,0.6682
49,38,148,0.7632,0.7225,0.6039,0.7693
50,38,151,0.722,0.5874,0.7068,0.6539
51,38,154,0.6471,0.7845,0.7191,0.7023
52,38,157,0.6622,0.7712,0.7754,0.6036
53,38,160,0.5929,0.7168,0.7749,0.5923
54,38,163,0.7116,0.6995,0.7358,0.7054
55,38,166,0.6618,0.6509,0.6927,0.5994
56,38,169,0.6085,0.6505,0.6512,0.5402
57,38,172,0.3222,0.3205,0.3222,0.4992
58,38,175,0.3222,0.3222,0.2156,0.43
59,38,178,0.2138,0.4986,0.4282,0.3216
60,38,181,0.106,0.3205,0.1078,0.2156
61,38,184,0.3222,0.3205,0.3205,0.2156
62,38,187,0.1067,0.2138,0.2138,0.3205
63,38,190,0.2144,0.2144,0.3222,0.3216
64,38,193,0,0.1067,0.3222,0.2138
65,38,196,0.2156,0.1078,0.3222,0.3222
66,38,199,0.4294,0.2144,0.3233,0.2156
67,38,202,0.3222,0.4294,0.1078,0.1078
68,38,205,0.3205,0.3216,0.106,0.4294
69,38,208,0.106,0.4282,0.3216,0.536
70,38,211,0.3216,0.4282,0.1067,0.2138
71,38,214,0.2156,0.3222,0.4294,0.3222
72,38,217,0.4294,0.3222,0.3233,0.2138
73,38,220,0.2138,0.2156,0.43,0.4282
74,38,223,0.3205,0.3205,0.2156,0.3205
75,38,226,0.1078,0.2127,0.3222,0.2138
76,38,229,0.2156,0.2144,0.4282,0.3216
77,38,232,0.1078,0.2144,0.3205,0.4282
78,38,235,0.3216,0.3205,0.4294,0.1067
79,38,238,0.3233,0.2156,0.2144,0.4294
80,38,241,0.3222,0.3222,0.536,0.1078
81,38,244,0.2144,0.4282,0.2144,0.3216
82,38,247,0.4282,0,0.3216,0.1067
83,38,250,0.2156,0.2156,0.3216,0.43
84,38,253,0.4294,0.2144,0.3205,0.1078
85,38,256,0.536,0,0.4282,0.3205
86,38,259,0.3222,0.4282,0.3216,0.3233
87,38,262,0.1078,0.1078,0.4294,0.2144
88,38,265,0.3222,0.536,0.43,0.2144
89,38,268,0.2144,0.2156,0.2138,0.3222
90,38,271,0.2138,0.43,0.3233,0.4282
91,38,274,0.43,0.1067,0.3205,0.536
92,38,277,0.2144,0.3205,0.2127,0.2156
93,38,280,0.2156,0.2138,0.536,0.4282
94,38,283,0.2156,0.4282,0.3205,0.3205
95,38,286,0.2156,0.3205,0.4282,0.3222
96,38,289,0.3216,0.3222,0.536,0.3205
97,38,292,0.2138,0.2144,0.2156,0.3233
98,38,295,0.3233,0.3205,0.106,0.3205
99,38,298,0.3233,0.3205,0.4294,0.3222
,Dataset#,L,att_1,att_2,att_3,att_4
0,39,1,0.68,0.6871,0.6759,0.6873
1,39,4,0.6799,0.6886,0.6826,0.6927
2,39,7,0.6891,0.6812,0.6772,0.6853
3,39,10,0.6776,0.6847,0.6748,0.6988
4,39,13,0.6632,0.6722,0.6859,0.6736
5,39,16,0.6815,0.6872,0.6816,0.6916
6,39,19,0.6667,0.6681,0.6444,0.6629
7,39,22,0.6462,0.6877,0.6756,0.6758
8,39,25,0.6587,0.5994,0.5408,0.605
9,39,28,0.5444,0.6279,0.5975,0.5609
10,39,31,0.5671,0.6789,0.5988,0.5155
11,39,34,0.5535,0.5792,0.6437,0.5544
12,39,37,0.5559,0.556,0.564,0.6677
13,39,40,0.481,0.539,0.6072,0.6171
14,39,43,0.5897,0.5978,0.5578,0.5178
15,39,46,0.5506,0.481,0.5933,0.5951
16,39,49,0.5879,0.5581,0.599,0.5514
17,39,52,0.5523,0.6015,0.5321,0.519
18,39,55,0.481,0.5578,0.595,0.5216
19,39,58,0.5234,0.6161,0.5645,0.6293
20,39,61,0.5102,0.6314,0.5179,0.5023
21,39,64,0.6095,0.6034,0.5173,0.5647
22,39,67,0.519,0.5279,0.5168,0.556
23,39,70,0.5985,0.5609,0.5584,0.5154
24,39,73,0.5547,0.5985,0.4925,0.5302
25,39,76,0.5577,0.5598,0.5434,0.56
26,39,79,0.5581,0.5613,0.5835,0.5252
27,39,82,0.481,0.583,0.578,0.5504
28,39,85,0.5592,0.5173,0.5469,0.5675
29,39,88,0.5212,0.5441,0.5254,0.6267
30,39,91,0.5457,0.5304,0.5603,0.5191
31,39,94,0.481,0.5047,0.5883,0.5566
32,39,97,0.5447,0.481,0.6227,0.481
33,39,100,0.5167,0.5198,0.5518,0.5375
34,39,103,0.5096,0.6053,0.481,0.5584
35,39,106,0.5492,0.5657,0.5191,0.5153
36,39,109,0.5197,0.5771,0.481,0.481
37,39,112,0.5925,0.5529,0.5269,0.5003
38,39,115,0.5236,0.5591,0.5551,0.546
39,39,118,0.5528,0.5134,0.5789,0.5295
40,39,121,0.5208,0.5091,0.5191,0.526
41,39,124,0.568,0.5173,0.481,0.5706
42,39,127,0.5168,0.5523,0.481,0.481
43,39,130,0.5595,0.5186,0.5081,0.4181
44,39,133,0.5108,0.5827,0.5432,0.6243
45,39,136,0.5086,0.5051,0.5094,0.481
46,39,139,0.5531,0.5156,0.5168,0.5446
47,39,142,0.5402,0.5213,0.481,0.481
48,39,145,0.481,0.4887,0.5191,0.4252
49,39,148,0.5566,0.5185,0.5027,0.5567
50,39,151,0.5524,0.516,0.4184,0.551
51,39,154,0.5138,0.5473,0.5238,0.481
52,39,157,0.5806,0.5446,0.481,0.5628
53,39,160,0.5007,0.5862,0.5187,0.589
54,39,163,0.5701,0.5429,0.5191,0.5512
55,39,166,0.5544,0.481,0.5456,0.5536
56,39,169,0.4662,0.5231,0.5546,0.481
57,39,172,0.481,0.521,0.5492,0.3858
58,39,175,0.3846,0.481,0.3276,0.4256
59,39,178,0.3131,0.3268,0.287,0.2906
60,39,181,0.384,0.1923,0.384,0.384
61,39,184,0.2888,0.287,0.384,0.3846
62,39,187,0.3219,0.384,0.2893,0.2875
63,39,190,0.384,0.2888,0.481,0.2906
64,39,193,0.3858,0.1923,0.1935,0.3846
65,39,196,0.2888,0.1941,0.09524,0.384
66,39,199,0.384,0.287,0.287,0.3846
67,39,202,0.1905,0.384,0.3858,0.3858
68,39,205,0.384,0.3858,0.2888,0.2875
69,39,208,0.384,0.3846,0.2893,0.2893
70,39,211,0.2875,0.2906,0.2906,0.2893
71,39,214,0.3858,0.1923,0.3858,0.481
72,39,217,0.481,0.2888,0.384,0.384
73,39,220,0.2893,0.2888,0.384,0.3846
74,39,223,0.481,0.2893,0.3858,0.3858
75,39,226,0.2888,0.2888,0.384,0.384
76,39,229,0.2888,0.3846,0.3858,0.384
77,39,232,0.2875,0.481,0.384,0.2875
78,39,235,0.481,0.1917,0,0.2906
79,39,238,0.481,0.3846,0.481,0.1923
80,39,241,0.481,0.481,0.3858,0.2888
81,39,244,0.2893,0.287,0.481,0.3846
82,39,247,0.3858,0.384,0.3846,0.384
83,39,250,0.2888,0.3846,0.1923,0.3858
84,39,253,0.481,0.3858,0.2888,0.09704
85,39,256,0.384,0.481,0.2888,0.2875
86,39,259,0.1923,0.1905,0.481,0.287
87,39,262,0.3858,0.2893,0.3846,0.384
88,39,265,0.1941,0.481,0.481,0.481
89,39,268,0.2888,0.2893,0.287,0.2893
90,39,271,0.384,0.2888,0.3846,0.2888
91,39,274,0.1923,0.3846,0.2875,0.2875
92,39,277,0.1935,0.287,0.3858,0.2893
93,39,280,0.481,0.3858,0.2875,0.1905
94,39,283,0.481,0.1923,0.1923,0.384
95,39,286,0.287,0.1935,0.1917,0.1923
96,39,289,0.384,0.1935,0.3858,0.481
97,39,292,0.1923,0.384,0.481,0.1923
98,39,295,0.2893,0.2875,0.3858,0.384
99,39,298,0.3846,0.1941,0.09524,0.1917
,Dataset#,L,att_1,att_2,att_3,att_4
0,40,1,0.3177,0.266,0.2984,0.2893
1,40,4,0.3716,0.3493,0.3535,0.41
2,40,7,0.3683,0.303,0.3675,0.3484
3,40,10,0.4429,0.3125,0.4018,0.423
4,40,13,0.2788,0.34,0.3574,0.3395
5,40,16,0.3677,0.3442,0.3659,0.3329
6,40,19,0.4098,0.3532,0.3071,0.282
7,40,22,0.4043,0.3788,0.3805,0.3212
8,40,25,0.3036,0.4272,0.2361,0.3747
9,40,28,0.3509,0.4008,0.2629,0.2952
10,40,31,0.4218,0.1696,0.3401,0.2039
11,40,34,0.1726,0.2403,0.3452,0.1761
12,40,37,0.2139,0.1515,0.3066,0.2439
13,40,40,0.1926,0.1813,0.2959,0.1446
14,40,43,0.3226,0.2589,0.3681,0.3194
15,40,46,0.1744,0.2315,0.2557,0.3434
16,40,49,0.2285,0.1027,0.142,0.137
17,40,52,0.2281,0.1784,0.2958,0.2433
18,40,55,0.06452,0.147,0.3602,0.21
19,40,58,0.2073,0.1911,0.09438,0.1039
20,40,61,0.1009,0.1918,0.1507,0.1489
21,40,64,0.1353,0.0673,0.1686,0.1511
22,40,67,0.1823,0.2439,0.2043,0.1502
23,40,70,0.1282,0.1141,0.1894,0.1181
24,40,73,0.08788,0.2114,0.1145,0.1748
25,40,76,0.08374,0.1389,0.3239,0.1963
26,40,79,0.2176,0.166,0.2055,0.1344
27,40,82,0.2537,0.1189,0.2581,0.3058
28,40,85,0.109,0.0673,0.04394,0.2016
29,40,88,0.2255,0.1747,0.1116,0.2074
30,40,91,0.09786,0.07728,0.1974,0.1085
31,40,94,0.04394,0.04394,0.0851,0.2467
32,40,97,0.06452,0.1359,0.04164,0.04394
33,40,100,0.09836,0.07624,0.1039,0.04116
34,40,103,0.06452,0.08788,0.08788,0.1234
35,40,106,0.02336,0.1053,0.08296,0.02336
36,40,109,0.1144,0.07872,0.08422,0.1682
37,40,112,0.155,0.1353,0.06452,0.06452
38,40,115,0.142,0.1401,0.1341,0.08104
39,40,118,0.2221,0.0851,0.07336,0.1144
40,40,121,0.02058,0.0673,0.04116,0.0673
41,40,124,0.06452,0.1234,0.04558,0.08788
42,40,127,0.04394,0.1148,0.02058,0.06452
43,40,130,0.1059,0.08788,0.06452,0.04394
44,40,133,0.1481,0.04394,0.1157,0.1238
45,40,136,0.1381,0.1076,0.1162,0.1818
46,40,139,0.07924,0.1001,0.02058,0.0673
47,40,142,0.145,0.1345,0.06452,0.0721
48,40,145,0.09116,0.08788,0.04672,0.08788
49,40,148,0.06452,0.0671,0.02058,0.0851
50,40,151,0.1167,0.0673,0.06452,0.0981
51,40,154,0.06174,0.06502,0.0673,0.04116
52,40,157,0.1377,0.07026,0.02058,0.01666
53,40,160,0.06452,0.07672,0.04116,0.02336
54,40,163,0.1189,0.0975,0.06894,0
55,40,166,0.1305,0.0673,0.1228,0.02336
56,40,169,0.04394,0.04394,0.09154,0.02058
57,40,172,0,0,0.08788,0.04394
58,40,175,0.04116,0.02058,0.06452,0.04394
59,40,178,0.0673,0.06452,0.08788,0.02058
60,40,181,0,0.02058,0.04116,0.02336
61,40,184,0.04002,0.08788,0.02058,0.02058
62,40,187,0.04672,0.04394,0.08788,0.0673
63,40,190,0.04672,0.0851,0.09466,0.06174
64,40,193,0.0673,0.08788,0.04394,0.06174
65,40,196,0.04672,0.04116,0.04116,0.04394
66,40,199,0.06452,0.04394,0.04672,0.02058
67,40,202,0.04394,0.02058,0.06452,0.04394
68,40,205,0.02058,0.04394,0.04116,0.08788
69,40,208,0.04394,0.02058,0.06174,0.1085
70,40,211,0.02336,0.06452,0,0.04394
71,40,214,0,0.06452,0.06452,0.06452
72,40,217,0.02058,0.04394,0.0673,0.02058
73,40,220,0.04116,0.06452,0,0.02336
74,40,223,0.08788,0,0.02336,0.06452
75,40,226,0.0673,0.06452,0.02336,0.02336
76,40,229,0.06452,0.04394,0.02336,0.06452
77,40,232,0.02336,0.04394,0.02058,0.06452
78,40,235,0.04116,0.06452,0.04394,0.08788
79,40,238,0.0673,0.0673,0.0851,0.02336
80,40,241,0.04116,0,0.06452,0.02058
81,40,244,0.04672,0.02058,0.04394,0.0851
82,40,247,0,0.06452,0.02058,0.08788
83,40,250,0.04394,0.02058,0,0.04116
84,40,253,0.08788,0.04116,0.08788,0.06452
85,40,256,0.02336,0.04672,0.02058,0.06452
86,40,259,0.06452,0.0851,0.0673,0
87,40,262,0.02336,0.02336,0.06452,0.04394
88,40,265,0,0.04394,0.04394,0.04394
89,40,268,0.0851,0.04394,0.06452,0.0673
90,40,271,0.04394,0.04394,0.02058,0.04116
91,40,274,0,0.02058,0.04394,0.02058
92,40,277,0.04116,0,0,0.04394
93,40,280,0.02058,0.04116,0.08788,0
94,40,283,0.04116,0.04672,0.04394,0.02058
95,40,286,0.04116,0.02058,0.0851,0.04116
96,40,289,0.02336,0.02058,0,0.04116
97,40,292,0.04394,0.06452,0.06452,0.06452
98,40,295,0.04116,0.04116,0.02058,0.04394
99,40,298,0.06452,0.08788,0.06174,0.0851
,Dataset#,L,att_1,att_2,att_3,att_4
0,41,1,0.3339,0.3414,0.3625,0.3553
1,41,4,0.3649,0.336,0.3277,0.3267
2,41,7,0.383,0.305,0.337,0.3101
3,41,10,0.3397,0.2886,0.3169,0.3553
4,41,13,0.2528,0.3097,0.3411,0.3573
5,41,16,0.3267,0.2486,0.3565,0.3924
6,41,19,0.3444,0.3329,0.3893,0.3324
7,41,22,0.2933,0.3698,0.341,0.3285
8,41,25,0.3591,0.3282,0.3364,0.3441
9,41,28,0.3213,0.3738,0.2934,0.3165
10,41,31,0.3854,0.1516,0.3182,0.3423
11,41,34,0.3373,0.3223,0.3238,0.37
12,41,37,0.3327,0.3632,0.2323,0.3544
13,41,40,0.3012,0.2279,0.2778,0.2804
14,41,43,0.2562,0.2602,0.2572,0.2604
15,41,46,0.2802,0.3206,0.2285,0.2948
16,41,49,0.2549,0.2424,0.3111,0.2488
17,41,52,0.2466,0.2038,0.2502,0.2451
18,41,55,0.2437,0.3029,0.2761,0.3293
19,41,58,0.1972,0.2333,0.3075,0.2203
20,41,61,0.1807,0.1848,0.2331,0.2834
21,41,64,0.2621,0.1356,0.3605,0.3886
22,41,67,0.3429,0.2211,0.15,0.1492
23,41,70,0.2158,0.2166,0.2682,0.3229
24,41,73,0.2124,0.2548,0.2286,0.1651
25,41,76,0.3025,0.1308,0.274,0.1899
26,41,79,0.2175,0.1773,0.2859,0.2433
27,41,82,0.18,0.2023,0.2689,0.2595
28,41,85,0.1862,0.1685,0.1523,0.1229
29,41,88,0.243,0.2441,0.1453,0.2556
30,41,91,0.2383,0.2887,0.2096,0.2419
31,41,94,0.225,0.2476,0.1449,0.2276
32,41,97,0.1157,0.1258,0.2943,0.09528
33,41,100,0.1771,0.2669,0.09996,0.1982
34,41,103,0.1375,0.1275,0.1617,0.2023
35,41,106,0.1511,0.3561,0.1838,0.2823
36,41,109,0.1959,0.2107,0.2093,0.2058
37,41,112,0.1442,0.1176,0.2052,0.1526
38,41,115,0.1535,0.1398,0.3246,0.1107
39,41,118,0.115,0.1772,0.09132,0.1391
40,41,121,0.1268,0.154,0.1188,0.1949
41,41,124,0,0.08448,0.1972,0.08688
42,41,127,0.1393,0.1824,0.192,0.09646
43,41,130,0.1275,0.2307,0,0.2584
44,41,133,0.144,0.2134,0.08294,0.03056
45,41,136,0.2551,0.1629,0.1286,0.048
46,41,139,0.1238,0.1306,0.1823,0.2009
47,41,142,0.03076,0.0615,0.05264,0.1748
48,41,145,0.1848,0.0827,0.06132,0
49,41,148,0.1249,0.1067,0.1327,0.08034
50,41,151,0.02816,0.1191,0.1519,0.1802
51,41,154,0.05872,0.1935,0.075,0.06132
52,41,157,0.05892,0.1913,0.1092,0.09508
53,41,160,0.1583,0.08688,0.05,0.0897
54,41,163,0.09666,0.1324,0.0853,0.1176
55,41,166,0,0.1856,0.1691,0.1653
56,41,169,0.08298,0.05632,0.06316,0.06428
57,41,172,0.05892,0.2016,0.02816,0.1176
58,41,175,0.08708,0.08948,0.1032,0.03056
59,41,178,0.08688,0.1316,0.03056,0.08708
60,41,181,0.08948,0.1217,0.06132,0.02816
61,41,184,0.05872,0.08448,0.05632,0.08708
62,41,187,0.08948,0.09712,0,0
63,41,190,0.02816,0.05872,0.0923,0.1176
64,41,193,0.05,0.03056,0.02816,0.02816
65,41,196,0.06132,0.02816,0,0
66,41,199,0.05872,0.05872,0.05872,0.05872
67,41,202,0.02816,0.08688,0.03076,0.02816
68,41,205,0.1497,0.05872,0.05892,0.02816
69,41,208,0.1152,0.03076,0.05892,0
70,41,211,0.08948,0.1152,0,0
71,41,214,0.1176,0.08708,0.05872,0.02816
72,41,217,0.1133,0.05632,0.08688,0.05892
73,41,220,0.02816,0.02816,0.05632,0.08708
74,41,223,0,0,0.05872,0
75,41,226,0.03056,0.08708,0.02816,0.02816
76,41,229,0,0.02816,0.02816,0.02816
77,41,232,0.03076,0.03056,0.08688,0.02816
78,41,235,0.05872,0.02816,0.08448,0.05892
79,41,238,0.02816,0,0,0.03056
80,41,241,0.05632,0.02816,0.02816,0
81,41,244,0.02816,0.05632,0.08948,0.08708
82,41,247,0.02816,0.03056,0.05632,0.03076
83,41,250,0.02816,0,0.02816,0.06132
84,41,253,0.02816,0.03076,0,0.03056
85,41,256,0.08708,0.05892,0.03056,0.03076
86,41,259,0.03076,0,0,0.08708
87,41,262,0.02816,0.02816,0.05892,0
88,41,265,0.02816,0.03056,0.02816,0.05892
89,41,268,0.03076,0.05892,0.03076,0
90,41,271,0,0,0.05872,0.03076
91,41,274,0,0,0,0.08708
92,41,277,0.05632,0.08688,0.05632,0.03056
93,41,280,0,0.02816,0,0
94,41,283,0.02816,0,0.06132,0.05892
95,41,286,0.02816,0,0.1152,0.02816
96,41,289,0.05892,0.03056,0.02816,0.02816
97,41,292,0.03056,0.05632,0.02816,0.05872
98,41,295,0,0.02816,0.05632,0.03056
99,41,298,0,0.02816,0.05872,0.05892
,Dataset#,L,att_1,att_2,att_3,att_4
0,42,1,0.9617,0.9573,0.9591,0.9598
1,42,4,0.965,0.9573,0.9525,0.9614
2,42,7,0.9543,0.9528,0.9544,0.9585
3,42,10,0.9482,0.9547,0.9564,0.9505
4,42,13,0.9564,0.9523,0.9479,0.9592
5,42,16,0.9588,0.9586,0.9487,0.963
6,42,19,0.9567,0.9543,0.9585,0.9626
7,42,22,0.9542,0.9569,0.952,0.955
8,42,25,0.9567,0.9545,0.961,0.9528
9,42,28,0.9443,0.8604,0.8658,0.9486
10,42,31,0.9591,0.9522,0.866,0.8665
11,42,34,0.8704,0.8714,0.8678,0.7747
12,42,37,0.8667,0.8718,0.9526,0.8733
13,42,40,0.6931,0.6931,0.7813,0.7789
14,42,43,0.9568,0.965,0.7004,0.9544
15,42,46,0.9633,0.6912,0.6041,0.6906
16,42,49,0.692,0.696,0.784,0.696
17,42,52,0.8601,0.8732,0.6942,0.7828
18,42,55,0.8671,0.8729,0.6083,0.8726
19,42,58,0.7831,0.7844,0.8751,0.7831
20,42,61,0.7903,0.6976,0.6863,0.6942
21,42,64,0.863,0.8638,0.862,0.786
22,42,67,0.779,0.862,0.8605,0.7824
23,42,70,0.7025,0.7851,0.7721,0.8762
24,42,73,0.6886,0.7786,0.8742,0.8665
25,42,76,0.8732,0.5984,0.7896,0.7792
26,42,79,0.8575,0.7767,0.6018,0.6952
27,42,82,0.8716,0.8669,0.9568,0.7825
28,42,85,0.87,0.6883,0.7824,0.6931
29,42,88,0.7806,0.9627,0.7824,0.6085
30,42,91,0.6944,0.6915,0.8684,0.6939
31,42,94,0.6032,0.8714,0.6931,0.6816
32,42,97,0.7779,0.6924,0.8727,0.6066
33,42,100,0.7771,0.8753,0.8745,0.7767
34,42,103,0.6985,0.7787,0.7812,0.7862
35,42,106,0.8724,0.6063,0.7004,0.6985
36,42,109,0.69,0.6836,0.6002,0.6085
37,42,112,0.8623,0.6086,0.6905,0.863
38,42,115,0.7818,0.8687,0.8685,0.693
39,42,118,0.6878,0.6938,0.8673,0.8606
40,42,121,0.7873,0.5987,0.9582,0.8795
41,42,124,0.6917,0.9523,0.7696,0.7768
42,42,127,0.7025,0.8605,0.9524,0.6105
43,42,130,0.8667,0.6912,0.7006,0.6002
44,42,133,0.6962,0.867,0.7835,0.6915
45,42,136,0.7833,0.6917,0.8701,0.781
46,42,139,0.9633,0.6032,0.6021,0.6909
47,42,142,0.7854,0.7026,0.6126,0.6962
48,42,145,0.7759,0.8653,0.7777,0.7819
49,42,148,0.6021,0.8671,0.5184,0.7795
50,42,151,0.6933,0.6105,0.872,0.8667
51,42,154,0.8759,0.7884,0.8708,0.692
52,42,157,0.8628,0.7894,0.6873,0.869
53,42,160,0.8689,0.6893,0.7818,0.7861
54,42,163,0.6999,0.7815,0.6866,0.7799
55,42,166,0.7802,0.783,0.695,0.7067
56,42,169,0.7839,0.6845,0.6043,0.8675
57,42,172,0.5981,0.8682,0.5023,0.5886
58,42,175,0.5865,0.4804,0.6032,0.8666
59,42,178,0.4994,0.6904,0.5016,0.3934
60,42,181,0.5901,0.5184,0.2065,0.6981
61,42,184,0.3109,0.4836,0.4981,0.4146
62,42,187,0.3948,0.5025,0.2076,0.2918
63,42,190,0.3973,0.5023,0.2997,0.2076
64,42,193,0.396,0.4834,0.4157,0.1038
65,42,196,0.3113,0.3109,0.1038,0.2896
66,42,199,0.4146,0.6085,0.5184,0.5021
67,42,202,0.2913,0.3113,0.3103,0.2076
68,42,205,0.3103,0.3103,0.1043,0.2076
69,42,208,0.4146,0.3119,0.2065,0.1038
70,42,211,0.2065,0.1038,0.1038,0.1038
71,42,214,0.3103,0.2065,0.2071,0.2065
72,42,217,0.1038,0.4157,0.3109,0.3119
73,42,220,0.2081,0,0.4141,0.4141
74,42,223,0.1038,0.2065,0.3113,0.2076
75,42,226,0.5184,0.3109,0.2065,0.3119
76,42,229,0.3109,0.2065,0.1038,0.4141
77,42,232,0.2081,0.4157,0.2081,0.3103
78,42,235,0.2076,0.3103,0,0.4146
79,42,238,0.2076,0.4146,0.2065,0.3119
80,42,241,0.3119,0.3103,0.3109,0.3109
81,42,244,0.2081,0.3103,0.2065,0.1027
82,42,247,0.3103,0.4141,0.2065,0.1038
83,42,250,0.3109,0.3119,0.2076,0.3103
84,42,253,0.2065,0.2076,0.3109,0.4146
85,42,256,0.3109,0.2081,0.3109,0.2065
86,42,259,0.3109,0.3119,0.3119,0.2081
87,42,262,0.3119,0.3119,0.1038,0.3109
88,42,265,0.1038,0.3109,0.2081,0.1038
89,42,268,0.5184,0.2065,0.3103,0.1038
90,42,271,0.4146,0.3103,0.4146,0.3103
91,42,274,0.2071,0.1043,0.2076,0.3113
92,42,277,0.3109,0.1038,0.2065,0.2065
93,42,280,0.4157,0.2065,0.2071,0.4141
94,42,283,0.1038,0.4157,0.4146,0.3103
95,42,286,0.2065,0.3103,0.3109,0.1038
96,42,289,0.4146,0.3109,0.2065,0.2081
97,42,292,0.4146,0.4146,0.3103,0.2065
98,42,295,0.2076,0.3109,0.2076,0.1038
99,42,298,0.3103,0.2081,0.3109,0.1027
,Dataset#,L,att_1,att_2,att_3,att_4
0,43,1,0.3685,0.3669,0.3729,0.3515
1,43,4,0.4069,0.3885,0.3714,0.4343
2,43,7,0.3831,0.3586,0.4133,0.3095
3,43,10,0.3357,0.3651,0.378,0.3897
4,43,13,0.3909,0.2979,0.3567,0.3296
5,43,16,0.4076,0.3215,0.3436,0.3342
6,43,19,0.3092,0.4487,0.3385,0.3156
7,43,22,0.3107,0.3169,0.355,0.3413
8,43,25,0.2605,0.3762,0.3353,0.3425
9,43,28,0.3584,0.392,0.3326,0.334
10,43,31,0.2783,0.3619,0.347,0.3555
11,43,34,0.3538,0.346,0.3361,0.2464
12,43,37,0.3337,0.3563,0.3198,0.2429
13,43,40,0.3385,0.35,0.2341,0.2785
14,43,43,0.3213,0.2736,0.3334,0.3023
15,43,46,0.3702,0.2394,0.3358,0.1402
16,43,49,0.2514,0.3043,0.235,0.3856
17,43,52,0.222,0.3545,0.341,0.2746
18,43,55,0.2757,0.3078,0.3067,0.3005
19,43,58,0.3855,0.2433,0.3179,0.3022
20,43,61,0.2201,0.2953,0.2159,0.2547
21,43,64,0.2909,0.1754,0.1465,0.2593
22,43,67,0.3214,0.3237,0.2918,0.2535
23,43,70,0.3138,0.2077,0.2409,0.2204
24,43,73,0.274,0.3341,0.3061,0.2916
25,43,76,0.1394,0.2685,0.1977,0.2266
26,43,79,0.1248,0.2838,0.1608,0.3626
27,43,82,0.1837,0.2372,0.3269,0.2468
28,43,85,0.25,0.1154,0.2264,0.2698
29,43,88,0.2381,0.2083,0.2619,0.1814
30,43,91,0.1006,0.1146,0.09414,0.2455
31,43,94,0.2316,0.2375,0.0844,0.1727
32,43,97,0.272,0.2853,0.2357,0.1867
33,43,100,0.2365,0.1615,0.2645,0.2715
34,43,103,0.1294,0.2024,0.1461,0.1567
35,43,106,0.1297,0.2405,0.1279,0.1402
36,43,109,0.1513,0.1603,0.1927,0.2822
37,43,112,0.1314,0.06042,0.1983,0.2953
38,43,115,0.2733,0.186,0.1608,0.08356
39,43,118,0.2209,0.2293,0.1593,0.08656
40,43,121,0.1064,0.2425,0.1627,0.2107
41,43,124,0.09302,0.06276,0.1139,0.0909
42,43,127,0.1442,0.08592,0.1939,0.09414
43,43,130,0.1555,0.07138,0.1355,0.3511
44,43,133,0.2086,0.0902,0.1712,0.183
45,43,136,0.1537,0.1033,0.2288,0.09414
46,43,139,0.2346,0.1985,0.1596,0.1461
47,43,142,0.2097,0.1556,0.2461,0.2112
48,43,145,0.1902,0.1492,0.0536,0.2086
49,43,148,0.1998,0.1893,0.08676,0.03138
50,43,151,0.1279,0.09414,0,0.04878
51,43,154,0.06276,0.2145,0.06276,0
52,43,157,0.07,0.1799,0.03376,0.1713
53,43,160,0.172,0.1255,0.1558,0.08222
54,43,163,0.1082,0.09652,0.09476,0.03138
55,43,166,0.08738,0.09414,0.2173,0.06276
56,43,169,0.06514,0.08402,0.06276,0.05264
57,43,172,0.09414,0.06514,0.06276,0
58,43,175,0.08852,0.09414,0.09414,0
59,43,178,0.03138,0.06514,0.03138,0.03138
60,43,181,0,0.03138,0.143,0.06514
61,43,184,0.03138,0.06276,0.1255,0.03138
62,43,187,0,0.03138,0.09652,0.06276
63,43,190,0,0.03376,0.09414,0.1141
64,43,193,0.06514,0.03138,0.06514,0.03138
65,43,196,0,0.03138,0.06276,0.09096
66,43,199,0.1279,0.06276,0.03138,0.03138
67,43,202,0.06276,0.03376,0.06276,0.09652
68,43,205,0.09414,0,0.03138,0.06514
69,43,208,0.06276,0.03138,0.06276,0.03138
70,43,211,0.06276,0.06276,0.09292,0.03138
71,43,214,0.1179,0.03138,0.06514,0.09652
72,43,217,0.03138,0.03376,0.03138,0.06276
73,43,220,0.03138,0.03138,0.09414,0.06514
74,43,223,0,0.09414,0.03376,0.06276
75,43,226,0.09414,0.06276,0.03376,0.06276
76,43,229,0,0.06276,0.03138,0.03376
77,43,232,0.03138,0.03138,0,0.1147
78,43,235,0.09652,0.06514,0.09652,0.06276
79,43,238,0.06276,0.06276,0.06276,0.06514
80,43,241,0.06514,0.03138,0.03376,0
81,43,244,0.09652,0.09652,0.06514,0.09414
82,43,247,0.03138,0.06514,0.09064,0.03376
83,43,250,0.06514,0.03138,0.09652,0.03138
84,43,253,0.03376,0.09414,0.03376,0.06276
85,43,256,0.08888,0.06276,0.03138,0.03138
86,43,259,0.06276,0.06276,0.1279,0.09652
87,43,262,0,0,0.03138,0.03138
88,43,265,0.06276,0.09414,0,0.1279
89,43,268,0.09652,0.03138,0.06276,0.06276
90,43,271,0.03138,0.03138,0.03376,0.03138
91,43,274,0,0.03376,0,0.06514
92,43,277,0.06276,0.03138,0.06514,0.03376
93,43,280,0.03376,0.08244,0.03138,0.03138
94,43,283,0.03138,0.03138,0.03138,0.03138
95,43,286,0.06276,0.06514,0.06276,0.06514
96,43,289,0.03138,0,0.03138,0.06514
97,43,292,0.1593,0.1279,0.03138,0.03376
98,43,295,0.06276,0.06276,0.06514,0.06276
99,43,298,0.03138,0.09652,0,0.03138
,Dataset#,L,att_1,att_2,att_3,att_4
0,44,1,0.488,0.4939,0.4911,0.4922
1,44,4,0.5054,0.5021,0.503,0.4949
2,44,7,0.5125,0.5195,0.511,0.517
3,44,10,0.5249,0.5038,0.5038,0.4981
4,44,13,0.5067,0.5041,0.5213,0.4994
5,44,16,0.4859,0.4833,0.4977,0.5095
6,44,19,0.5066,0.4587,0.4605,0.5054
7,44,22,0.4298,0.5113,0.4945,0.4503
8,44,25,0.4686,0.4589,0.4787,0.5162
9,44,28,0.454,0.4758,0.5076,0.5088
10,44,31,0.4873,0.4478,0.5166,0.4235
11,44,34,0.4553,0.463,0.4506,0.4059
12,44,37,0.4522,0.5053,0.4836,0.4187
13,44,40,0.4022,0.4489,0.4857,0.4922
14,44,43,0.4291,0.4208,0.4432,0.4117
15,44,46,0.4016,0.3918,0.388,0.4406
16,44,49,0.4137,0.4385,0.391,0.4951
17,44,52,0.4342,0.4375,0.4117,0.3997
18,44,55,0.4542,0.4671,0.4092,0.4559
19,44,58,0.4653,0.4094,0.3973,0.4753
20,44,61,0.4265,0.4518,0.4483,0.4023
21,44,64,0.4171,0.4031,0.4935,0.4293
22,44,67,0.4123,0.3844,0.4207,0.453
23,44,70,0.4523,0.4145,0.4161,0.4275
24,44,73,0.4366,0.4208,0.4676,0.4918
25,44,76,0.4364,0.4146,0.4153,0.4351
26,44,79,0.332,0.4928,0.4096,0.403
27,44,82,0.4157,0.4455,0.4272,0.4787
28,44,85,0.4364,0.422,0.4503,0.4192
29,44,88,0.4225,0.4436,0.4459,0.3844
30,44,91,0.4445,0.4794,0.413,0.4391
31,44,94,0.3284,0.4611,0.3868,0.4632
32,44,97,0.4801,0.4517,0.3433,0.4108
33,44,100,0.4442,0.446,0.44,0.4455
34,44,103,0.485,0.4101,0.4172,0.4183
35,44,106,0.4652,0.4235,0.3844,0.428
36,44,109,0.4679,0.4049,0.429,0.4048
37,44,112,0.3844,0.4382,0.341,0.4215
38,44,115,0.4066,0.4102,0.453,0.41
39,44,118,0.4576,0.4644,0.3946,0.4112
40,44,121,0.4284,0.4122,0.4492,0.4207
41,44,124,0.4257,0.4106,0.3844,0.3747
42,44,127,0.4145,0.4388,0.3987,0.4056
43,44,130,0.2551,0.3908,0.441,0.451
44,44,133,0.3844,0.3844,0.3844,0.4192
45,44,136,0.394,0.4395,0.4666,0.4136
46,44,139,0.4356,0.4092,0.4543,0.3979
47,44,142,0.4132,0.3699,0.3798,0.4615
48,44,145,0.4163,0.4492,0.4378,0.3976
49,44,148,0.4467,0.4781,0.4442,0.4819
50,44,151,0.3844,0.4174,0.3631,0.3404
51,44,154,0.4663,0.406,0.4357,0.4212
52,44,157,0.3083,0.444,0.3822,0.3784
53,44,160,0.4061,0.4085,0.4175,0.4327
54,44,163,0.307,0.4241,0.4135,0.4573
55,44,166,0.4095,0.4232,0.4017,0.4515
56,44,169,0.321,0.3314,0.4311,0.4258
57,44,172,0.3238,0.4083,0.307,0.3844
58,44,175,0.307,0.2309,0.307,0.1548
59,44,178,0.3083,0.3844,0.1535,0.3083
60,44,181,0.307,0.07608,0.3844,0.1535
61,44,184,0.2309,0.3083,0.3844,0.1535
62,44,187,0.2296,0.1548,0.307,0.3083
63,44,190,0.2622,0.307,0.1548,0.2309
64,44,193,0.2309,0.2309,0.1522,0.2323
65,44,196,0.1548,0.2309,0.3272,0.4019
66,44,199,0.3844,0.2309,0.3844,0.1535
67,44,202,0.3083,0.2296,0.2309,0.1535
68,44,205,0.1535,0.2569,0.2309,0.1535
69,44,208,0.3083,0.2309,0.3083,0.2309
70,44,211,0.307,0.3844,0.307,0.307
71,44,214,0.1535,0.1535,0.07742,0.2309
72,44,217,0.3844,0.307,0.2309,0.2309
73,44,220,0.3844,0.2309,0.3083,0.3083
74,44,223,0.2309,0.307,0.3083,0.1535
75,44,226,0.1535,0.307,0.07742,0.2309
76,44,229,0.307,0.1522,0.1548,0.307
77,44,232,0.07742,0.2309,0.3309,0.2296
78,44,235,0.2309,0.307,0.07742,0.07742
79,44,238,0.1548,0.1535,0.07742,0.1535
80,44,241,0.1535,0.2296,0.2309,0.2296
81,44,244,0.2309,0.2309,0.1548,0.3083
82,44,247,0.2309,0.307,0.2309,0.307
83,44,250,0.2309,0.2296,0.3083,0.1548
84,44,253,0.3844,0.1548,0.1535,0.2309
85,44,256,0.2296,0.3844,0.2296,0.1535
86,44,259,0.2296,0.2323,0.307,0.2309
87,44,262,0.2296,0.2309,0.3083,0.07742
88,44,265,0.3083,0.3844,0.2296,0.2296
89,44,268,0.307,0.2309,0.307,0.3844
90,44,271,0.2296,0.1522,0.1535,0.307
91,44,274,0.2296,0.2309,0.1535,0.07742
92,44,277,0.2309,0.3844,0.2296,0.307
93,44,280,0.2309,0.307,0.307,0.07742
94,44,283,0.1535,0.3844,0.2309,0.3844
95,44,286,0.2309,0.1535,0.307,0.1522
96,44,289,0.3083,0.3844,0.2309,0.307
97,44,292,0.07608,0.307,0.1535,0.2309
98,44,295,0.1522,0.1535,0.07742,0.2309
99,44,298,0.2296,0.2296,0.2309,0.1548
,Dataset#,L,att_1,att_2,att_3,att_4
0,45,1,0.6686,0.6599,0.6694,0.6553
1,45,4,0.662,0.6577,0.6618,0.6662
2,45,7,0.6658,0.6681,0.6469,0.6297
3,45,10,0.6573,0.6425,0.6704,0.6629
4,45,13,0.6543,0.6687,0.6481,0.6428
5,45,16,0.6246,0.6662,0.6366,0.6219
6,45,19,0.6553,0.6233,0.6175,0.6464
7,45,22,0.6297,0.6546,0.577,0.5706
8,45,25,0.5743,0.6309,0.5741,0.5674
9,45,28,0.5518,0.57,0.6193,0.6271
10,45,31,0.5323,0.6103,0.5656,0.579
11,45,34,0.5174,0.5466,0.5403,0.5897
12,45,37,0.5714,0.5381,0.6125,0.5919
13,45,40,0.5891,0.5925,0.6076,0.5907
14,45,43,0.5634,0.5879,0.5785,0.6537
15,45,46,0.6341,0.5723,0.5988,0.5593
16,45,49,0.5174,0.6052,0.5174,0.604
17,45,52,0.5174,0.5654,0.5404,0.5926
18,45,55,0.5174,0.533,0.5394,0.6017
19,45,58,0.5174,0.5622,0.5409,0.5611
20,45,61,0.6043,0.5363,0.604,0.5763
21,45,64,0.5511,0.5512,0.6096,0.5401
22,45,67,0.5174,0.6163,0.5334,0.5317
23,45,70,0.5505,0.5363,0.596,0.626
24,45,73,0.5447,0.5401,0.6106,0.5874
25,45,76,0.5401,0.5359,0.5378,0.5525
26,45,79,0.5985,0.6009,0.6249,0.5933
27,45,82,0.5487,0.5692,0.5287,0.5844
28,45,85,0.6351,0.5312,0.568,0.5566
29,45,88,0.5712,0.6101,0.5693,0.5761
30,45,91,0.5665,0.5875,0.551,0.5773
31,45,94,0.5447,0.5403,0.5886,0.5579
32,45,97,0.5691,0.5753,0.5616,0.5865
33,45,100,0.5745,0.5508,0.5628,0.5409
34,45,103,0.6089,0.5174,0.584,0.57
35,45,106,0.5174,0.5939,0.5606,0.5444
36,45,109,0.6099,0.5527,0.5432,0.5444
37,45,112,0.537,0.5771,0.5531,0.5174
38,45,115,0.5709,0.5619,0.607,0.5759
39,45,118,0.5958,0.5351,0.445,0.5959
40,45,121,0.6063,0.5559,0.556,0.5174
41,45,124,0.5936,0.5375,0.5411,0.6209
42,45,127,0.5174,0.5508,0.5174,0.5334
43,45,130,0.5174,0.5975,0.59,0.5934
44,45,133,0.5423,0.5304,0.591,0.5834
45,45,136,0.6076,0.6103,0.6044,0.5742
46,45,139,0.5891,0.5632,0.5721,0.5392
47,45,142,0.6173,0.55,0.5174,0.5739
48,45,145,0.553,0.5448,0.5783,0.5371
49,45,148,0.5925,0.6037,0.5744,0.5807
50,45,151,0.5949,0.6088,0.574,0.5789
51,45,154,0.6067,0.5933,0.5543,0.573
52,45,157,0.5692,0.5351,0.5609,0.5174
53,45,160,0.5595,0.5174,0.5714,0.5726
54,45,163,0.552,0.557,0.5574,0.5473
55,45,166,0.5433,0.5708,0.5426,0.5459
56,45,169,0.5459,0.5174,0.5445,0.5499
57,45,172,0.4372,0.5174,0.5538,0.5709
58,45,175,0.4135,0.4751,0.5394,0.3115
59,45,178,0.4135,0.4588,0.5174,0.4439
60,45,181,0.3097,0.4404,0.5174,0.4135
61,45,184,0.4144,0.3106,0.3097,0.3106
62,45,187,0.3106,0.4144,0.5174,0.3106
63,45,190,0.4135,0.5174,0.2068,0.5174
64,45,193,0.4144,0.4342,0.2058,0.4144
65,45,196,0.3106,0.3097,0.3106,0.1038
66,45,199,0.1038,0.4135,0.4144,0.4135
67,45,202,0.4135,0.4144,0.4135,0.3106
68,45,205,0.4144,0.5174,0.3106,0.5174
69,45,208,0.2068,0.5174,0.3106,0.4144
70,45,211,0.3106,0.2077,0.4135,0.3115
71,45,214,0.3106,0.5174,0.3106,0.5174
72,45,217,0.4135,0.4144,0.1038,0.4144
73,45,220,0.5174,0.3115,0.3115,0.2068
74,45,223,0.5174,0.4135,0.4144,0.3106
75,45,226,0.3106,0.2077,0.3106,0.3097
76,45,229,0.3106,0.4144,0.3106,0.5174
77,45,232,0.4144,0.3097,0.4144,0.3106
78,45,235,0.4135,0.3115,0.3106,0.3097
79,45,238,0.2077,0.2077,0.3115,0.4135
80,45,241,0.5174,0.3097,0.3106,0.2068
81,45,244,0.3106,0.5174,0.5174,0.3106
82,45,247,0.3097,0.3106,0.3097,0.3106
83,45,250,0.3106,0.4135,0.4144,0.3106
84,45,253,0.2077,0.4135,0.4135,0.4135
85,45,256,0.3106,0.3097,0.5174,0.4135
86,45,259,0.3097,0.2077,0.4144,0.4135
87,45,262,0.2068,0.4144,0.3106,0.3106
88,45,265,0.5174,0.3097,0.5174,0.4135
89,45,268,0.4144,0.2077,0.4144,0.4135
90,45,271,0.4144,0.5174,0.3106,0.3097
91,45,274,0.4144,0.1029,0.4135,0.2077
92,45,277,0.3106,0.3106,0.4135,0.4144
93,45,280,0.5174,0.3115,0.1029,0.4135
94,45,283,0.4135,0.3106,0.4135,0.3106
95,45,286,0.4144,0.2058,0.4135,0.3106
96,45,289,0.2068,0.2068,0.4144,0.3106
97,45,292,0.4135,0.3106,0.3097,0.2068
98,45,295,0.4144,0.3097,0.2077,0.2068
99,45,298,0.3106,0.3106,0.3115,0.4135
,Dataset#,L,att_1,att_2,att_3,att_4
0,46,1,0.3218,0.3262,0.3249,0.3263
1,46,4,0.3263,0.3239,0.3256,0.3263
2,46,7,0.3184,0.3268,0.3222,0.3219
3,46,10,0.3256,0.3195,0.3073,0.3237
4,46,13,0.3213,0.3212,0.3274,0.3196
5,46,16,0.3217,0.3175,0.3256,0.3256
6,46,19,0.3256,0.3256,0.3256,0.3256
7,46,22,0.3261,0.321,0.3256,0.3256
8,46,25,0.3256,0.3256,0.3256,0.3256
9,46,28,0.3256,0.3293,0.3256,0.3165
10,46,31,0.327,0.3256,0.3256,0.3256
11,46,34,0.3274,0.3256,0.3256,0.3256
12,46,37,0.3256,0.3256,0.3256,0.3256
13,46,40,0.3256,0.3256,0.3256,0.3099
14,46,43,0.3256,0.3099,0.3246,0.3256
15,46,46,0.3256,0.3256,0.3256,0.3256
16,46,49,0.3256,0.3256,0.3256,0.3256
17,46,52,0.3058,0.3256,0.3256,0.3377
18,46,55,0.3256,0.3256,0.3256,0.3256
19,46,58,0.3256,0.3256,0.3256,0.3256
20,46,61,0.3256,0.3256,0.3256,0.3256
21,46,64,0.3256,0.3099,0.3256,0.3256
22,46,67,0.3256,0.3256,0.3256,0.3256
23,46,70,0.3256,0.3256,0.3256,0.3256
24,46,73,0.3256,0.3256,0.3256,0.3256
25,46,76,0.3256,0.3256,0.3256,0.3256
26,46,79,0.3256,0.3256,0.3256,0.3256
27,46,82,0.3256,0.3256,0.3256,0.3256
28,46,85,0.3256,0.3256,0.3256,0.3256
29,46,88,0.3256,0.3256,0.3256,0.3256
30,46,91,0.3256,0.3256,0.3256,0.3256
31,46,94,0.3256,0.3256,0.3256,0.3256
32,46,97,0.3256,0.3256,0.3256,0.3256
33,46,100,0.3256,0.3256,0.3256,0.3256
34,46,103,0.3256,0.3256,0.3256,0.3256
35,46,106,0.3256,0.3256,0.3256,0.3256
36,46,109,0.3256,0.3256,0.3256,0.3256
37,46,112,0.3256,0.3256,0.3256,0.3256
38,46,115,0.3256,0.3256,0.3256,0.3256
39,46,118,0.3256,0.3256,0.3256,0.3256
40,46,121,0.2604,0.3256,0.3256,0.1954
41,46,124,0.3256,0.3256,0.3256,0.3256
42,46,127,0.2604,0.3256,0.3256,0.3256
43,46,130,0.3127,0.3256,0.3099,0.3256
44,46,133,0.3256,0.3256,0.318,0.3256
45,46,136,0.3256,0.3256,0.3256,0.2604
46,46,139,0.3256,0.3256,0.3256,0.3256
47,46,142,0.3256,0.3256,0.3256,0.3256
48,46,145,0.3256,0.3256,0.3256,0.3256
49,46,148,0.3256,0.3256,0.3256,0.3256
50,46,151,0.3256,0.3256,0.3256,0.3256
51,46,154,0.245,0.3256,0.3256,0.3104
52,46,157,0.318,0.3256,0.3256,0.3256
53,46,160,0.3256,0.3256,0.2603,0.2604
54,46,163,0.2607,0.3256,0.3256,0.3256
55,46,166,0.2607,0.3256,0.2607,0.3256
56,46,169,0.3256,0.2607,0.1951,0.3256
57,46,172,0.2607,0.3256,0.3256,0.3256
58,46,175,0.3256,0.3256,0.3256,0.3256
59,46,178,0.2604,0.2604,0.2607,0.3256
60,46,181,0.3256,0.3256,0.3256,0.2604
61,46,184,0.3256,0.2607,0.1302,0.2604
62,46,187,0.1305,0.3256,0.3256,0.2372
63,46,190,0.1302,0.2607,0.3256,0.3256
64,46,193,0.2607,0.3256,0.3256,0.2604
65,46,196,0.2604,0.2607,0.2607,0.3256
66,46,199,0.1954,0.2604,0.2604,0.2607
67,46,202,0.3256,0.1954,0.1954,0.3256
68,46,205,0.3256,0.1302,0.3256,0.1954
69,46,208,0.2607,0.2604,0.1794,0.3256
70,46,211,0.3256,0.3256,0.2604,0.2604
71,46,214,0.2607,0.1302,0.3256,0.3256
72,46,217,0.3256,0.2604,0.2607,0.2607
73,46,220,0.2604,0.2607,0.3256,0.1958
74,46,223,0.3256,0.3099,0.2607,0.3256
75,46,226,0.3256,0.3256,0.1954,0.2604
76,46,229,0.2607,0.2607,0.3256,0.3256
77,46,232,0.3256,0.3256,0.2607,0.2604
78,46,235,0.2604,0.2604,0.1302,0.2607
79,46,238,0.3256,0.2604,0.3256,0.2604
80,46,241,0.2607,0.2607,0.2607,0.1954
81,46,244,0.3256,0.2607,0.2607,0.3256
82,46,247,0.3256,0.1954,0.3256,0.1954
83,46,250,0.3256,0.2607,0.1951,0.2604
84,46,253,0.1951,0.3256,0.3256,0.3256
85,46,256,0.3256,0.1302,0.3256,0.2604
86,46,259,0.2607,0.2604,0.2607,0.3256
87,46,262,0.1951,0.3256,0.3256,0.3256
88,46,265,0.3256,0.3256,0.1302,0.1951
89,46,268,0.2607,0.2604,0.1951,0.3256
90,46,271,0.1954,0.3256,0.1305,0.2607
91,46,274,0.1954,0.1954,0.1951,0.1954
92,46,277,0.1302,0.1954,0.1951,0.2607
93,46,280,0.3256,0.3256,0.1954,0.06492
94,46,283,0.1951,0.1954,0.1954,0.06526
95,46,286,0.2604,0.1954,0.1951,0.1951
96,46,289,0.3256,0.3256,0.1958,0.3256
97,46,292,0.2604,0.1954,0.1302,0.2607
98,46,295,0.1958,0.3256,0.2607,0.1954
99,46,298,0.1954,0.3256,0.3256,0.3256
,Dataset#,L,att_1,att_2,att_3,att_4
0,47,1,0.4685,0.4082,0.3929,0.4498
1,47,4,0.472,0.4688,0.4781,0.4584
2,47,7,0.4607,0.4362,0.4456,0.4516
3,47,10,0.4754,0.4593,0.4339,0.4561
4,47,13,0.4277,0.4349,0.4253,0.4383
5,47,16,0.4514,0.4344,0.3908,0.4388
6,47,19,0.4163,0.3994,0.3973,0.4199
7,47,22,0.3914,0.3863,0.3865,0.4014
8,47,25,0.4135,0.3744,0.4405,0.3863
9,47,28,0.3774,0.4198,0.4175,0.4132
10,47,31,0.3899,0.3982,0.3813,0.3984
11,47,34,0.3744,0.3744,0.3744,0.3744
12,47,37,0.3859,0.4068,0.3744,0.4153
13,47,40,0.3744,0.392,0.3778,0.4302
14,47,43,0.3753,0.3993,0.4143,0.4231
15,47,46,0.3794,0.3935,0.3918,0.3849
16,47,49,0.3926,0.3988,0.3974,0.3744
17,47,52,0.3744,0.3876,0.4134,0.3744
18,47,55,0.3744,0.3744,0.3984,0.3744
19,47,58,0.3744,0.3744,0.3744,0.3889
20,47,61,0.3976,0.3682,0.3902,0.3822
21,47,64,0.3925,0.3767,0.3744,0.4033
22,47,67,0.3764,0.3744,0.3744,0.3416
23,47,70,0.3762,0.3937,0.3897,0.39
24,47,73,0.3744,0.3744,0.3675,0.3755
25,47,76,0.3744,0.3898,0.3744,0.414
26,47,79,0.3911,0.386,0.3796,0.3744
27,47,82,0.3917,0.3744,0.3744,0.3914
28,47,85,0.3744,0.3833,0.3812,0.3744
29,47,88,0.397,0.3805,0.3716,0.3744
30,47,91,0.3744,0.3744,0.3744,0.3744
31,47,94,0.3804,0.3744,0.3519,0.3744
32,47,97,0.3828,0.4023,0.3933,0.3744
33,47,100,0.3744,0.3942,0.3744,0.3736
34,47,103,0.3744,0.3744,0.3704,0.3744
35,47,106,0.4203,0.3727,0.3736,0.3821
36,47,109,0.376,0.3739,0.3811,0.3733
37,47,112,0.3914,0.404,0.3644,0.3744
38,47,115,0.3744,0.3858,0.3832,0.3977
39,47,118,0.3949,0.3744,0.3958,0.3857
40,47,121,0.3851,0.3847,0.3744,0.3716
41,47,124,0.3744,0.3744,0.3756,0.3744
42,47,127,0.3744,0.3744,0.3786,0.3788
43,47,130,0.3744,0.3744,0.3792,0.3744
44,47,133,0.3899,0.3,0.3825,0.3744
45,47,136,0.3744,0.3744,0.3744,0.3809
46,47,139,0.3744,0.3744,0.3744,0.3
47,47,142,0.3455,0.3842,0.3141,0.3744
48,47,145,0.3917,0.3744,0.3744,0.3744
49,47,148,0.3744,0.3744,0.3,0.3136
50,47,151,0.3744,0.3,0.3882,0.3774
51,47,154,0.3744,0.3059,0.3744,0.3744
52,47,157,0.382,0.3744,0.3744,0.3744
53,47,160,0.3562,0.3744,0.3744,0.3792
54,47,163,0.2988,0.3744,0.3774,0.375
55,47,166,0.3744,0.384,0.3744,0.3744
56,47,169,0.3744,0.3744,0.3819,0.3744
57,47,172,0.3923,0.3744,0.3744,0.3814
58,47,175,0.3769,0.3744,0.38,0.3744
59,47,178,0.3744,0.3,0.3,0.3
60,47,181,0.3124,0.3744,0.3744,0.3845
61,47,184,0.2244,0.3744,0.3744,0.3
62,47,187,0.2244,0.3744,0.3,0.3744
63,47,190,0.3744,0.3,0.3744,0.2256
64,47,193,0.3744,0.3744,0.3744,0.3744
65,47,196,0.3,0.3744,0.3,0.3744
66,47,199,0.2244,0.3,0.3744,0.2988
67,47,202,0.3744,0.3,0.2988,0.3744
68,47,205,0.2256,0.2256,0.2244,0.2256
69,47,208,0.3744,0.2256,0.2988,0.3
70,47,211,0.2988,0.2244,0.1488,0.15
71,47,214,0.3744,0.3,0.3744,0.3744
72,47,217,0.2988,0.3744,0.2256,0.3
73,47,220,0.3,0.3744,0.3069,0.2244
74,47,223,0.2988,0.3,0.3744,0.2231
75,47,226,0.3744,0.3,0.2244,0.2988
76,47,229,0.3,0.3744,0.2244,0.15
77,47,232,0.3,0.2988,0.2988,0.3
78,47,235,0.1488,0.3,0.3744,0.3
79,47,238,0.2244,0.2988,0.3,0.2988
80,47,241,0.2988,0.3,0.2244,0.15
81,47,244,0.3,0.3744,0.3744,0.3744
82,47,247,0.2244,0.3744,0.2256,0.2988
83,47,250,0.2256,0.2256,0.3744,0.2988
84,47,253,0.3744,0.2988,0.3744,0.2988
85,47,256,0.2256,0.3,0.2988,0.3744
86,47,259,0.2244,0.2244,0.2244,0.2256
87,47,262,0.3,0.3,0.2988,0.3
88,47,265,0.2231,0.2244,0.2244,0.3744
89,47,268,0.3744,0.2988,0.3,0.3744
90,47,271,0.2988,0.3744,0.2988,0.3744
91,47,274,0.2988,0.2988,0.3744,0.3744
92,47,277,0.3,0.2231,0.3744,0.15
93,47,280,0.2988,0.3,0.3,0.2244
94,47,283,0.2988,0.3,0.15,0.3744
95,47,286,0.07438,0.3744,0.3,0.3
96,47,289,0.3744,0.3744,0.3,0.2244
97,47,292,0.3744,0.3744,0.3,0.3744
98,47,295,0.3744,0.2256,0.2988,0.15
99,47,298,0.3,0.3,0.3744,0.2231
,Dataset#,L,att_1,att_2,att_3,att_4
0,48,1,0.9938,0.9876,0.9907,0.9954
1,48,4,0.9937,0.9968,0.9922,0.9907
2,48,7,0.9969,0.9937,0.9937,0.9937
3,48,10,0.9953,0.9953,0.9984,0.9921
4,48,13,0.9923,0.9907,0.9969,0.9953
5,48,16,0.9937,0.9954,0.9921,0.9938
6,48,19,0.9906,0.9922,0.9984,0.9876
7,48,22,0.9953,0.9968,0.9953,0.9953
8,48,25,0.9952,0.9922,0.9937,0.9937
9,48,28,0.9922,0.9905,0.9984,0.9891
10,48,31,0.9969,0.9952,0.9953,0.992
11,48,34,0.9937,0.9953,0.9968,0.9953
12,48,37,0.9953,0.9953,0.9969,0.9922
13,48,40,0.9904,0.992,0.9953,0.9922
14,48,43,0.9904,0.9968,0.9889,0.9969
15,48,46,0.9921,0.9044,0.9905,0.9938
16,48,49,0.902,0.9044,0.9922,0.8158
17,48,52,0.9044,0.9937,0.906,0.906
18,48,55,0.9028,0.7249,0.9936,0.9758
19,48,58,0.906,0.9072,0.9024,0.9029
20,48,61,0.9013,0.9921,0.9067,0.8998
21,48,64,0.9075,0.8194,0.8154,0.9067
22,48,67,0.9938,0.9043,0.9044,0.9906
23,48,70,0.9921,0.9083,0.8137,0.8119
24,48,73,0.809,0.8151,0.9006,0.6368
25,48,76,0.8088,0.9071,0.9904,0.9907
26,48,79,0.8998,0.9055,0.9083,0.8127
27,48,82,0.7242,0.8018,0.8997,0.9025
28,48,85,0.8131,0.9954,0.8151,0.9952
29,48,88,0.8104,0.9022,0.9014,0.8186
30,48,91,0.9922,0.9014,0.8174,0.9937
31,48,94,0.9825,0.9013,0.7265,0.9937
32,48,97,0.992,0.8112,0.7293,0.9905
33,48,100,0.9044,0.989,0.8131,0.9041
34,48,103,0.9024,0.8948,0.9044,0.9905
35,48,106,0.9037,0.8113,0.9938,0.8954
36,48,109,0.9067,0.9952,0.8127,0.819
37,48,112,0.8151,0.9921,0.8146,0.9921
38,48,115,0.9969,0.8119,0.7171,0.8135
39,48,118,0.904,0.8174,0.9906,0.7051
40,48,121,0.725,0.8147,0.9953,0.9828
41,48,124,0.9088,0.8982,0.989,0.8981
42,48,127,0.9906,0.9072,0.9889,0.9028
43,48,130,0.9937,0.9921,0.9907,0.9028
44,48,133,0.9056,0.8186,0.9953,0.9921
45,48,136,0.9875,0.8162,0.7277,0.6384
46,48,139,0.9005,0.8983,0.7261,0.9953
47,48,142,0.8943,0.9855,0.9071,0.9028
48,48,145,0.9922,0.906,0.9937,0.9083
49,48,148,0.9007,0.983,0.9087,0.9056
50,48,151,0.8105,0.8981,0.9829,0.8143
51,48,154,0.9036,0.8094,0.6372,0.7249
52,48,157,0.7906,0.9044,0.8124,0.8999
53,48,160,0.9937,0.8112,0.8104,0.8098
54,48,163,0.9007,0.7245,0.8104,0.9045
55,48,166,0.8128,0.7277,0.8982,0.7269
56,48,169,0.9013,0.906,0.8174,0.9072
57,48,172,0.4174,0.5075,0.5952,0.8106
58,48,175,0.4194,0.8096,0.1968,0.8151
59,48,178,0.3091,0.7036,0.1984,0.1103
60,48,181,0.5029,0.2182,0.4147,0.219
61,48,184,0.3059,0,0.527,0.1984
62,48,187,0.3968,0.1091,0.1938,0
63,48,190,0,0.3075,0.3103,0.1091
64,48,193,0,0.5035,0.1099,0.4372
65,48,196,0.1103,0.1091,0.2182,0.7235
66,48,199,0.2,0.219,0.3293,0.1091
67,48,202,0.4151,0.1099,0.419,0.5059
68,48,205,0.1091,0.1103,0.1091,0.1099
69,48,208,0,0.3075,0.1103,0.5265
70,48,211,0.3075,0.1099,0,0.4163
71,48,214,0.5254,0.4384,0.3281,0.2182
72,48,217,0.6148,0,0.2194,0.5027
73,48,220,0.2194,0.525,0.2194,0.3281
74,48,223,0.219,0.1091,0.3285,0
75,48,226,0.1091,0.4166,0.1091,0.1103
76,48,229,0.4384,0.2202,0.2194,0.219
77,48,232,0.1099,0.3281,0.1099,0
78,48,235,0.1091,0.1969,0.2194,0.3045
79,48,238,0.219,0.4384,0.1091,0.2202
80,48,241,0,0.219,0.1099,0.2182
81,48,244,0.1103,0,0.1103,0.219
82,48,247,0.1091,0.2182,0.3285,0
83,48,250,0,0.1103,0.2182,0.1099
84,48,253,0.1091,0.3044,0.3281,0.4384
85,48,256,0.1091,0.417,0.2182,0.2194
86,48,259,0.1103,0.3281,0.3293,0.3293
87,48,262,0.3285,0.1091,0.3293,0.1103
88,48,265,0,0.2182,0,0.3281
89,48,268,0.1091,0.1091,0.1103,0.2182
90,48,271,0.2182,0,0.2194,0.2194
91,48,274,0,0.2202,0.2182,0.2194
92,48,277,0.1099,0.1099,0.3281,0
93,48,280,0,0.3273,0.2202,0.1099
94,48,283,0.2182,0,0.1099,0.1099
95,48,286,0,0.3281,0.1099,0.2202
96,48,289,0,0.1103,0.2182,0
97,48,292,0.2182,0.3285,0.219,0
98,48,295,0,0.3293,0.219,0.2194
99,48,298,0.3293,0.2182,0.2202,0.3281
,Dataset#,L,att_1,att_2,att_3,att_4
0,49,1,0.9027,0.9129,0.9193,0.9007
1,49,4,0.9425,0.9348,0.9069,0.9222
2,49,7,0.8101,0.9398,0.8951,0.9092
3,49,10,0.9421,0.9433,0.9467,0.9333
4,49,13,0.806,0.9613,0.9203,0.9368
5,49,16,0.9386,0.9259,0.9225,0.9368
6,49,19,0.9399,0.6999,0.8179,0.918
7,49,22,0.9331,0.8207,0.9282,0.811
8,49,25,0.9331,0.9316,0.9015,0.9378
9,49,28,0.9404,0.8193,0.928,0.9125
10,49,31,0.9091,0.9314,0.9299,0.7983
11,49,34,0.943,0.8296,0.7182,0.8109
12,49,37,0.8212,0.9449,0.8262,0.8226
13,49,40,0.8299,0.917,0.8208,0.7877
14,49,43,0.8003,0.7214,0.9289,0.9294
15,49,46,0.7243,0.7989,0.804,0.9395
16,49,49,0.7253,0.8225,0.8661,0.8253
17,49,52,0.7224,0.8883,0.7843,0.9362
18,49,55,0.7894,0.8262,0.718,0.7262
19,49,58,0.8108,0.707,0.7584,0.6222
20,49,61,0.6117,0.9114,0.7808,0.8072
21,49,64,0.8596,0.8198,0.7977,0.7275
22,49,67,0.8198,0.8199,0.7152,0.7862
23,49,70,0.7072,0.8254,0.8717,0.7023
24,49,73,0.7881,0.682,0.4974,0.7083
25,49,76,0.914,0.7324,0.704,0.5219
26,49,79,0.7236,0.7026,0.7911,0.707
27,49,82,0.5142,0.7214,0.6138,0.6903
28,49,85,0.8239,0.7854,0.7791,0.6975
29,49,88,0.7113,0.7642,0.6632,0.7853
30,49,91,0.7146,0.8987,0.6193,0.7616
31,49,94,0.8079,0.8962,0.8123,0.4299
32,49,97,0.5811,0.8125,0.7019,0.6936
33,49,100,0.8202,0.7038,0.8964,0.8747
34,49,103,0.7951,0.8908,0.832,0.7938
35,49,106,0.7225,0.8184,0.786,0.809
36,49,109,0.712,0.6028,0.8033,0.8593
37,49,112,0.899,0.7016,0.6928,0.6849
38,49,115,0.6945,0.7094,0.698,0.6112
39,49,118,0.6132,0.6923,0.6008,0.9063
40,49,121,0.5019,0.7801,0.7082,0.7782
41,49,124,0.7938,0.6067,0.7018,0.5818
42,49,127,0.6057,0.7728,0.5995,0.5175
43,49,130,0.569,0.7121,0.602,0.4991
44,49,133,0.6524,0.5592,0.4265,0.7626
45,49,136,0.8002,0.6055,0.7955,0.7699
46,49,139,0.6177,0.6711,0.4327,0.8356
47,49,142,0.5841,0.7107,0.6972,0.6832
48,49,145,0.8671,0.8873,0.715,0.6896
49,49,148,0.5758,0.4098,0.5645,0.761
50,49,151,0.7953,0.51,0.6813,0.4351
51,49,154,0.7049,0.5793,0.71,0.4993
52,49,157,0.4829,0.5792,0.6037,0.7584
53,49,160,0.8915,0.3271,0.4544,0.6006
54,49,163,0.5995,0.6042,0.5753,0.6523
55,49,166,0.5024,0.5107,0.7795,0.7259
56,49,169,0.5286,0.5175,0.7525,0.614
57,49,172,0.3267,0.5039,0.1649,0.2846
58,49,175,0.1649,0.246,0.1649,0.5516
59,49,178,0.2769,0.2599,0.5097,0.4146
60,49,181,0.4201,0.08262,0.2953,0.1649
61,49,184,0.246,0.2464,0.4021,0.3315
62,49,187,0.1649,0.1783,0.3286,0.4995
63,49,190,0.08262,0.246,0.08262,0.2445
64,49,193,0.4874,0.5034,0.1634,0.2481
65,49,196,0.2475,0.4216,0.2464,0.1638
66,49,199,0.1649,0.689,0.2449,0.3246
67,49,202,0.1122,0.415,0.228,0.4203
68,49,205,0.2648,0.1634,0.3287,0.4273
69,49,208,0.2493,0.394,0.246,0.3286
70,49,211,0.4056,0.08262,0.432,0.1638
71,49,214,0.246,0.2464,0.4075,0.08262
72,49,217,0.21,0.1638,0.246,0.5914
73,49,220,0.1638,0.246,0.1638,0.1634
74,49,223,0.246,0.2475,0.1649,0.08262
75,49,226,0.246,0.2449,0.08262,0.08224
76,49,229,0.4098,0.08114,0.1649,0.1649
77,49,232,0.2445,0.2281,0,0.1634
78,49,235,0.1634,0.1638,0.1638,0.08224
79,49,238,0.3271,0.2449,0.246,0.3416
80,49,241,0.08114,0.08114,0,0.1702
81,49,244,0.08224,0.1638,0,0.08114
82,49,247,0.1634,0.1623,0.246,0.2449
83,49,250,0.2445,0.1649,0.08224,0.1638
84,49,253,0.1652,0.246,0.246,0
85,49,256,0.2449,0.3275,0.08262,0.3943
86,49,259,0.1638,0.1634,0,0.1649
87,49,262,0.1638,0.246,0.1623,0.08114
88,49,265,0.2445,0,0.2475,0.1638
89,49,268,0.08262,0.1623,0.1634,0.08114
90,49,271,0.1649,0.2464,0.246,0.08114
91,49,274,0.2449,0.2449,0.2475,0.1638
92,49,277,0.1649,0.246,0.1638,0.1634
93,49,280,0.1638,0.2445,0.08114,0.4098
94,49,283,0.246,0.1652,0.08224,0.246
95,49,286,0.2449,0.2449,0.1634,0.246
96,49,289,0.1649,0,0.1634,0.3271
97,49,292,0.3271,0.1634,0.08262,0.1638
98,49,295,0.08114,0.1638,0.246,0.08262
99,49,298,0,0.08224,0.1634,0.1634
,Dataset#,L,att_1,att_2,att_3,att_4
0,50,1,0.5466,0.5281,0.5544,0.518
1,50,4,0.55,0.5474,0.5462,0.5481
2,50,7,0.5548,0.5358,0.5789,0.546
3,50,10,0.5372,0.5335,0.5512,0.5449
4,50,13,0.5532,0.5741,0.5263,0.5243
5,50,16,0.5147,0.5269,0.5237,0.5228
6,50,19,0.5165,0.5209,0.5686,0.5147
7,50,22,0.5573,0.5301,0.5387,0.5257
8,50,25,0.5147,0.5412,0.5207,0.5147
9,50,28,0.5147,0.5147,0.5239,0.5147
10,50,31,0.5147,0.5147,0.5147,0.5147
11,50,34,0.5147,0.5089,0.5241,0.5147
12,50,37,0.5147,0.5147,0.5147,0.5318
13,50,40,0.5147,0.5147,0.5147,0.5147
14,50,43,0.5147,0.5277,0.5147,0.5147
15,50,46,0.5147,0.5147,0.5147,0.5252
16,50,49,0.5147,0.5147,0.5147,0.5303
17,50,52,0.5147,0.5147,0.5266,0.5147
18,50,55,0.5147,0.5147,0.5235,0.5147
19,50,58,0.5147,0.5147,0.5147,0.5147
20,50,61,0.5165,0.5147,0.5147,0.5147
21,50,64,0.5147,0.5147,0.5147,0.5147
22,50,67,0.5245,0.5147,0.5147,0.5147
23,50,70,0.5147,0.5175,0.5147,0.5147
24,50,73,0.5147,0.5147,0.5147,0.5147
25,50,76,0.5147,0.5147,0.5147,0.5147
26,50,79,0.5147,0.537,0.5147,0.5147
27,50,82,0.5147,0.5221,0.5147,0.5147
28,50,85,0.5147,0.5147,0.5173,0.5147
29,50,88,0.5147,0.5147,0.5147,0.5147
30,50,91,0.5147,0.5161,0.5147,0.5147
31,50,94,0.5147,0.5147,0.5147,0.5234
32,50,97,0.5147,0.5147,0.5147,0.5147
33,50,100,0.5147,0.5147,0.5147,0.5147
34,50,103,0.5211,0.531,0.5198,0.5164
35,50,106,0.5147,0.5147,0.5147,0.5147
36,50,109,0.5145,0.5147,0.5147,0.5147
37,50,112,0.5147,0.5147,0.5147,0.5147
38,50,115,0.5147,0.5147,0.5147,0.5147
39,50,118,0.5147,0.5294,0.5147,0.5147
40,50,121,0.5147,0.5147,0.5147,0.5147
41,50,124,0.5147,0.5147,0.5147,0.5147
42,50,127,0.5147,0.5147,0.5147,0.5147
43,50,130,0.5313,0.5147,0.5147,0.5147
44,50,133,0.5147,0.5147,0.5147,0.5147
45,50,136,0.5147,0.5273,0.5147,0.5147
46,50,139,0.5147,0.5147,0.5147,0.5147
47,50,142,0.5147,0.5147,0.5147,0.5147
48,50,145,0.5147,0.5273,0.5255,0.5147
49,50,148,0.5147,0.5147,0.5147,0.5173
50,50,151,0.5147,0.5147,0.5228,0.5147
51,50,154,0.5147,0.5147,0.5147,0.5147
52,50,157,0.5147,0.5154,0.5147,0.4963
53,50,160,0.5147,0.5159,0.5147,0.5147
54,50,163,0.5147,0.5147,0.5147,0.5147
55,50,166,0.5147,0.5147,0.5147,0.5147
56,50,169,0.5147,0.5147,0.5147,0.5147
57,50,172,0.5147,0.5147,0.5147,0.5147
58,50,175,0.5147,0.5147,0.5147,0.5147
59,50,178,0.412,0.5147,0.5147,0.5147
60,50,181,0.5147,0.5147,0.5147,0.5147
61,50,184,0.5147,0.5147,0.5147,0.5147
62,50,187,0.5147,0.5147,0.5147,0.5147
63,50,190,0.5147,0.5147,0.5147,0.5147
64,50,193,0.5147,0.5147,0.5147,0.5147
65,50,196,0.5147,0.5147,0.5147,0.5147
66,50,199,0.5147,0.5147,0.5147,0.5147
67,50,202,0.5147,0.5147,0.5147,0.412
68,50,205,0.5147,0.5147,0.5147,0.412
69,50,208,0.5147,0.5147,0.5147,0.5147
70,50,211,0.5147,0.5147,0.5147,0.5147
71,50,214,0.5147,0.5147,0.5147,0.5147
72,50,217,0.5147,0.5147,0.5147,0.5147
73,50,220,0.5147,0.4112,0.5147,0.4112
74,50,223,0.5147,0.5147,0.5147,0.5147
75,50,226,0.5147,0.5147,0.4112,0.5147
76,50,229,0.5147,0.4112,0.5147,0.5147
77,50,232,0.5147,0.5147,0.5147,0.5147
78,50,235,0.5147,0.5147,0.5147,0.5147
79,50,238,0.412,0.5147,0.5147,0.5147
80,50,241,0.5147,0.5147,0.5147,0.412
81,50,244,0.5147,0.5147,0.5147,0.412
82,50,247,0.3089,0.5147,0.5147,0.412
83,50,250,0.5147,0.5147,0.5147,0.5147
84,50,253,0.5147,0.5147,0.5147,0.5147
85,50,256,0.4124,0.5147,0.5147,0.5147
86,50,259,0.5147,0.5147,0.5147,0.412
87,50,262,0.4112,0.3093,0.412,0.4124
88,50,265,0.4124,0.3078,0.5147,0.412
89,50,268,0.3085,0.5147,0.412,0.4112
90,50,271,0.412,0.5147,0.4112,0.5147
91,50,274,0.412,0.5147,0.5147,0.412
92,50,277,0.5147,0.5147,0.5147,0.5147
93,50,280,0.4112,0.5147,0.5147,0.5147
94,50,283,0.5147,0.3085,0.5147,0.4112
95,50,286,0.3078,0.5147,0.412,0.5147
96,50,289,0.3089,0.3085,0.3085,0.2058
97,50,292,0.4112,0.5147,0.5147,0.5147
98,50,295,0.3089,0.5147,0.3085,0.4124
99,50,298,0.412,0.5147,0.5147,0.5147
,Dataset#,L,att_1,att_2,att_3,att_4
0,51,1,0.8872,0.8701,0.8654,0.8701
1,51,4,0.8884,0.8981,0.8789,0.8967
2,51,7,0.8649,0.8764,0.8901,0.8816
3,51,10,0.8884,0.8814,0.8935,0.8756
4,51,13,0.8907,0.8915,0.8922,0.8897
5,51,16,0.8795,0.8881,0.8831,0.882
6,51,19,0.8827,0.882,0.885,0.8954
7,51,22,0.8877,0.8879,0.8862,0.8833
8,51,25,0.881,0.8848,0.8966,0.8933
9,51,28,0.8798,0.8856,0.8877,0.823
10,51,31,0.8851,0.8781,0.8865,0.884
11,51,34,0.8145,0.8896,0.8812,0.8756
12,51,37,0.7999,0.879,0.8853,0.8761
13,51,40,0.8769,0.8062,0.8762,0.8031
14,51,43,0.7989,0.8915,0.75,0.8138
15,51,46,0.8735,0.88,0.8055,0.8118
16,51,49,0.8116,0.8836,0.8039,0.8873
17,51,52,0.7328,0.8858,0.871,0.8211
18,51,55,0.7365,0.8138,0.8899,0.8772
19,51,58,0.6693,0.8046,0.8232,0.8213
20,51,61,0.7489,0.881,0.7347,0.7547
21,51,64,0.8145,0.8186,0.8711,0.8852
22,51,67,0.8881,0.7261,0.8155,0.802
23,51,70,0.8068,0.7419,0.7974,0.8142
24,51,73,0.8067,0.7983,0.7451,0.6695
25,51,76,0.8081,0.887,0.8052,0.6631
26,51,79,0.7385,0.823,0.8128,0.7309
27,51,82,0.7983,0.5972,0.6726,0.7453
28,51,85,0.7524,0.8038,0.8041,0.7351
29,51,88,0.6667,0.7921,0.8808,0.8777
30,51,91,0.7407,0.8058,0.6665,0.7368
31,51,94,0.6637,0.6642,0.6689,0.7453
32,51,97,0.8113,0.7377,0.8711,0.8217
33,51,100,0.6719,0.6686,0.8129,0.8168
34,51,103,0.8209,0.6707,0.8108,0.738
35,51,106,0.7556,0.6082,0.5303,0.8168
36,51,109,0.7389,0.8043,0.6707,0.7324
37,51,112,0.7438,0.7331,0.7363,0.7425
38,51,115,0.7315,0.6628,0.8766,0.739
39,51,118,0.8148,0.891,0.7976,0.7456
40,51,121,0.7496,0.6777,0.8097,0.8232
41,51,124,0.7219,0.8211,0.7391,0.7997
42,51,127,0.6728,0.6707,0.6701,0.7999
43,51,130,0.7471,0.7436,0.7394,0.8833
44,51,133,0.6515,0.5935,0.7379,0.6002
45,51,136,0.7367,0.8606,0.7389,0.6768
46,51,139,0.8053,0.6855,0.7406,0.8013
47,51,142,0.8181,0.671,0.7412,0.7367
48,51,145,0.7427,0.7947,0.7374,0.7421
49,51,148,0.5982,0.7451,0.7326,0.806
50,51,151,0.819,0.7503,0.7231,0.6748
51,51,154,0.5999,0.7045,0.8064,0.7396
52,51,157,0.6702,0.6686,0.5959,0.7386
53,51,160,0.66,0.7968,0.8713,0.8107
54,51,163,0.666,0.7306,0.6732,0.6722
55,51,166,0.6692,0.8639,0.816,0.5303
56,51,169,0.7522,0.8048,0.6752,0.6613
57,51,172,0.5696,0.5617,0.5638,0.5684
58,51,175,0.7378,0.282,0.5592,0.3904
59,51,178,0.4553,0.3815,0.6241,0.4943
60,51,181,0.4911,0.2115,0.2119,0.4234
61,51,184,0.1057,0.2119,0.3932,0.3176
62,51,187,0.2887,0.381,0.3985,0.3184
63,51,190,0.2126,0.3939,0.3188,0.3184
64,51,193,0.4245,0.2119,0.1057,0.6016
65,51,196,0.2126,0.2812,0.3184,0.3188
66,51,199,0.4245,0.1057,0.2115,0.3184
67,51,202,0.3184,0.1057,0.1069,0.1057
68,51,205,0.4241,0.3176,0.5303,0.2115
69,51,208,0.3188,0.2115,0.2115,0.2115
70,51,211,0.1755,0.3184,0,0.1714
71,51,214,0.4241,0,0.1069,0.3176
72,51,217,0,0.1057,0.3184,0.2115
73,51,220,0.3176,0.1062,0.3188,0.3188
74,51,223,0.1069,0.608,0.1062,0.4245
75,51,226,0.2832,0.1057,0.3176,0.1069
76,51,229,0.3893,0.3172,0.1069,0.2115
77,51,232,0.2126,0.4241,0.3184,0.1062
78,51,235,0.3176,0.2126,0.1062,0.3188
79,51,238,0.3184,0.4234,0.4245,0.5303
80,51,241,0.4241,0.3176,0.3184,0.3176
81,51,244,0.2115,0.2126,0.2126,0.4245
82,51,247,0,0.2115,0.4234,0.5303
83,51,250,0.3184,0.3184,0.2119,0.1057
84,51,253,0.3176,0.3176,0.2126,0.2115
85,51,256,0.3176,0,0.3188,0
86,51,259,0.4245,0.3176,0.1057,0.1057
87,51,262,0.3176,0.1062,0.1057,0.1057
88,51,265,0.2126,0.1057,0.3176,0.2115
89,51,268,0.2115,0.1057,0.1057,0.4234
90,51,271,0.2119,0.1062,0,0.3184
91,51,274,0.2115,0.2115,0.2119,0.2119
92,51,277,0.213,0.213,0.2115,0.2119
93,51,280,0,0.3176,0.3184,0.213
94,51,283,0.3184,0.3188,0.4245,0.2119
95,51,286,0.2115,0.2126,0.3188,0.2126
96,51,289,0,0.3184,0.1057,0.3184
97,51,292,0.1069,0.1069,0.2119,0.3176
98,51,295,0,0.4245,0.3858,0.1057
99,51,298,0.1057,0.1057,0.5303,0.1057
,Dataset#,L,att_1,att_2,att_3,att_4
0,52,1,0.7657,0.7474,0.7182,0.7883
1,52,4,0.8093,0.7252,0.77,0.767
2,52,7,0.8145,0.8397,0.7112,0.7205
3,52,10,0.7318,0.7233,0.6853,0.7998
4,52,13,0.7533,0.7603,0.7193,0.8012
5,52,16,0.8084,0.7868,0.8658,0.8054
6,52,19,0.693,0.764,0.7923,0.6958
7,52,22,0.7155,0.7016,0.7891,0.7798
8,52,25,0.7741,0.702,0.6972,0.7479
9,52,28,0.7969,0.6252,0.6167,0.6752
10,52,31,0.7283,0.7923,0.6531,0.7567
11,52,34,0.626,0.7532,0.7041,0.663
12,52,37,0.579,0.6577,0.7911,0.6964
13,52,40,0.5902,0.7432,0.6266,0.6614
14,52,43,0.6168,0.6456,0.6583,0.6567
15,52,46,0.6721,0.6157,0.6288,0.6572
16,52,49,0.7033,0.6074,0.5661,0.6788
17,52,52,0.6034,0.6622,0.676,0.5924
18,52,55,0.6144,0.5647,0.7121,0.5354
19,52,58,0.5752,0.6471,0.7209,0.6596
20,52,61,0.6658,0.6284,0.7263,0.6157
21,52,64,0.6136,0.6021,0.7402,0.6014
22,52,67,0.6697,0.5823,0.5646,0.6288
23,52,70,0.6225,0.5247,0.5562,0.5475
24,52,73,0.6019,0.665,0.6992,0.6434
25,52,76,0.5526,0.5814,0.5326,0.5972
26,52,79,0.7558,0.6467,0.5738,0.5703
27,52,82,0.6114,0.6963,0.6067,0.6249
28,52,85,0.5381,0.5211,0.6611,0.7367
29,52,88,0.5995,0.5626,0.4973,0.5228
30,52,91,0.5423,0.6263,0.5317,0.6074
31,52,94,0.5617,0.6041,0.582,0.5579
32,52,97,0.7209,0.6171,0.6489,0.549
33,52,100,0.6001,0.5573,0.5852,0.6817
34,52,103,0.5494,0.6437,0.3973,0.5724
35,52,106,0.6295,0.569,0.5664,0.5225
36,52,109,0.5394,0.6915,0.6028,0.5544
37,52,112,0.6243,0.5291,0.5692,0.5253
38,52,115,0.5971,0.6416,0.5372,0.5639
39,52,118,0.5798,0.5188,0.5465,0.5784
40,52,121,0.5809,0.6347,0.6899,0.6204
41,52,124,0.6183,0.5274,0.5846,0.5884
42,52,127,0.6094,0.586,0.5373,0.5179
43,52,130,0.6698,0.5652,0.5435,0.538
44,52,133,0.4973,0.5693,0.3981,0.5689
45,52,136,0.6054,0.5391,0.5381,0.5187
46,52,139,0.5227,0.6103,0.6377,0.6577
47,52,142,0.5188,0.6053,0.5669,0.5836
48,52,145,0.5507,0.4973,0.5269,0.5344
49,52,148,0.5484,0.5925,0.5867,0.6902
50,52,151,0.4973,0.6205,0.4973,0.4973
51,52,154,0.5852,0.5552,0.5482,0.5685
52,52,157,0.5576,0.5322,0.5815,0.5418
53,52,160,0.564,0.4973,0.5806,0.5378
54,52,163,0.5946,0.5826,0.5621,0.6154
55,52,166,0.5185,0.4973,0.5335,0.6256
56,52,169,0.4973,0.536,0.553,0.5579
57,52,172,0.4402,0.3984,0.336,0.1992
58,52,175,0.4973,0.3981,0.5639,0.2992
59,52,178,0.4471,0.5181,0.2981,0.3973
60,52,181,0.3973,0.3973,0.4555,0.4973
61,52,184,0.4973,0.4973,0.4973,0.3603
62,52,187,0.3191,0.6265,0.4973,0.3981
63,52,190,0.6352,0.1992,0.4973,0.4647
64,52,193,0.3973,0.1992,0.3981,0.3981
65,52,196,0.1992,0.3973,0.2992,0.451
66,52,199,0.3973,0.2988,0.3981,0.2981
67,52,202,0.3981,0.1,0.2981,0.3981
68,52,205,0.2992,0.4973,0.3981,0.09884
69,52,208,0.4681,0.3973,0.3973,0.543
70,52,211,0.3984,0.3981,0.2984,0.3973
71,52,214,0.3973,0.3973,0.1992,0.2988
72,52,217,0.2973,0.2,0.3973,0.4973
73,52,220,0.2984,0.1984,0.3984,0.2992
74,52,223,0.2992,0.2,0.1992,0.3973
75,52,226,0.3973,0.4973,0.2984,0.4973
76,52,229,0.3526,0.1988,0.2,0.2981
77,52,232,0.1992,0.2981,0.09922,0.1
78,52,235,0.3981,0.4847,0.4973,0.3984
79,52,238,0.3984,0.3973,0.1992,0.4973
80,52,241,0.4973,0.3984,0.1992,0.3973
81,52,244,0.2981,0.2981,0.2981,0.2981
82,52,247,0.3241,0.2981,0.4973,0.2984
83,52,250,0.3981,0.2973,0.1988,0.2981
84,52,253,0.09922,0.2984,0.3981,0.2981
85,52,256,0.3981,0.3981,0.2981,0.2973
86,52,259,0.3973,0.4973,0.1992,0.1992
87,52,262,0.3981,0.2981,0.2981,0.2992
88,52,265,0.2992,0.3973,0.4973,0.2984
89,52,268,0.2984,0.2992,0.3973,0.3973
90,52,271,0.3981,0.2984,0.1992,0.2992
91,52,274,0.3981,0.3984,0.4973,0.2988
92,52,277,0.3973,0.4973,0.3973,0.3981
93,52,280,0.2992,0.1981,0.2981,0.2992
94,52,283,0.1992,0.1992,0.2992,0
95,52,286,0.1,0.3981,0.09922,0.3984
96,52,289,0.3973,0.1992,0.4973,0.09922
97,52,292,0.1988,0.3981,0.2,0.4973
98,52,295,0.1981,0.2981,0.3981,0.1988
99,52,298,0.2992,0.09922,0.2973,0.2
,Dataset#,L,att_1,att_2,att_3,att_4
0,53,1,0.7501,0.7296,0.7834,0.724
1,53,4,0.8688,0.7972,0.8856,0.8704
2,53,7,0.8075,0.8728,0.8047,0.8481
3,53,10,0.858,0.843,0.8227,0.8512
4,53,13,0.8524,0.8208,0.8193,0.856
5,53,16,0.8345,0.8041,0.8403,0.7909
6,53,19,0.8398,0.8504,0.8261,0.8111
7,53,22,0.8284,0.8515,0.8957,0.7723
8,53,25,0.8321,0.8321,0.7255,0.8748
9,53,28,0.7681,0.8248,0.8223,0.7764
10,53,31,0.8014,0.7281,0.8364,0.8316
11,53,34,0.8195,0.8356,0.7497,0.8386
12,53,37,0.7304,0.8131,0.8387,0.7887
13,53,40,0.7254,0.744,0.7757,0.7409
14,53,43,0.7646,0.3918,0.6668,0.8209
15,53,46,0.7871,0.6456,0.6262,0.6104
16,53,49,0.6321,0.8042,0.5139,0.8504
17,53,52,0.8145,0.6194,0.6826,0.5469
18,53,55,0.7474,0.8213,0.7627,0.6038
19,53,58,0.816,0.6575,0.5335,0.7185
20,53,61,0.7657,0.3578,0.8515,0.5191
21,53,64,0.5426,0.6796,0.6624,0.5945
22,53,67,0.838,0.5375,0.7387,0.4945
23,53,70,0.6851,0.6206,0.6543,0.7668
24,53,73,0.6277,0.5774,0.7383,0.6367
25,53,76,0.6095,0.6239,0.7103,0.3746
26,53,79,0.7338,0.4957,0.4743,0.381
27,53,82,0.6394,0.6358,0.6291,0.627
28,53,85,0.4901,0.6506,0.549,0.8285
29,53,88,0.6588,0.8393,0.681,0.3771
30,53,91,0.5234,0.4238,0.2889,0.5197
31,53,94,0.6511,0.5085,0.3466,0.3121
32,53,97,0.6228,0.39,0.7312,0.6212
33,53,100,0.3461,0.8173,0.609,0.5204
34,53,103,0.6335,0.491,0.7954,0.4872
35,53,106,0.3014,0.6228,0.6652,0.4398
36,53,109,0.5144,0.4474,0.4359,0.5784
37,53,112,0.7031,0.6601,0.5834,0.3415
38,53,115,0.4874,0.7181,0.539,0.7702
39,53,118,0.5585,0.4385,0.8028,0.4114
40,53,121,0.3576,0.391,0.4555,0.3883
41,53,124,0.5064,0.3072,0.3716,0.4537
42,53,127,0.3156,0.4401,0.5222,0.3562
43,53,130,0.5247,0.4872,0.5581,0.401
44,53,133,0.5953,0.2098,0.257,0.2928
45,53,136,0.5023,0.3443,0.2918,0.5153
46,53,139,0.4185,0.6424,0.5477,0.4908
47,53,142,0.4974,0.3246,0.5065,0.1667
48,53,145,0.4778,0.2806,0.4718,0.5123
49,53,148,0.2903,0.3822,0.633,0.1889
50,53,151,0.7624,0.4369,0.555,0.1524
51,53,154,0.4368,0.4198,0.5704,0.1143
52,53,157,0.35,0.3544,0.5162,0.5583
53,53,160,0.221,0.3121,0.1807,0.4425
54,53,163,0.3808,0.4875,0.03334,0.3707
55,53,166,0.4687,0.1667,0.4269,0.2599
56,53,169,0.03334,0.1,0.1286,0.07578
57,53,172,0.03334,0.03334,0.3792,0.03334
58,53,175,0.06668,0.06668,0.03334,0.03334
59,53,178,0.06668,0.03334,0.1625,0.06668
60,53,181,0.06668,0.06668,0.06668,0.2268
61,53,184,0.2237,0.1548,0.06668,0
62,53,187,0.1086,0.03334,0.1,0.03334
63,53,190,0,0.03334,0.06668,0.06668
64,53,193,0,0.03334,0.06668,0.06668
65,53,196,0.2011,0,0.06668,0.03334
66,53,199,0.06668,0.03334,0,0.1891
67,53,202,0.2011,0,0,0.06668
68,53,205,0.1583,0.06668,0.1,0.1667
69,53,208,0.1,0.03334,0.06668,0.06668
70,53,211,0.1,0.1334,0.1762,0
71,53,214,0.03334,0.03334,0.1464,0.1
72,53,217,0.03334,0.06668,0,0.06668
73,53,220,0.03334,0.03334,0.06668,0.06668
74,53,223,0.03334,0.03334,0.06668,0.1
75,53,226,0.06668,0.03334,0.06668,0
76,53,229,0.03334,0.1334,0.03334,0.1
77,53,232,0.06668,0.06668,0.06668,0.03334
78,53,235,0.03334,0,0,0.06668
79,53,238,0.03334,0.06668,0.03334,0.03334
80,53,241,0,0.06668,0.06668,0.1
81,53,244,0,0.03334,0.06668,0.03334
82,53,247,0.03334,0.1,0.03334,0
83,53,250,0.06668,0.03334,0,0.03334
84,53,253,0,0.06668,0.1,0.06668
85,53,256,0.03334,0.06668,0,0.1
86,53,259,0.1,0.03334,0,0
87,53,262,0.03334,0.03334,0.1,0.03334
88,53,265,0.03334,0.03334,0.06668,0.06668
89,53,268,0,0.06668,0.06668,0
90,53,271,0.03334,0.06668,0,0.06668
91,53,274,0.03334,0.06668,0.03334,0.06668
92,53,277,0,0.1334,0.06668,0.06668
93,53,280,0.03334,0.03334,0,0.03334
94,53,283,0.06668,0,0.03334,0
95,53,286,0.06668,0.03334,0.03334,0.1
96,53,289,0.06668,0.03334,0.03334,0
97,53,292,0.03334,0.03334,0.1,0.1334
98,53,295,0.1,0.03334,0.03334,0.06668
99,53,298,0.06668,0.03334,0,0.1
,Dataset#,L,att_1,att_2,att_3,att_4
0,54,1,0.5505,0.5715,0.5507,0.5523
1,54,4,0.5633,0.566,0.5736,0.5741
2,54,7,0.5739,0.5867,0.593,0.5628
3,54,10,0.569,0.5563,0.5663,0.5667
4,54,13,0.5624,0.5657,0.554,0.5605
5,54,16,0.5179,0.5245,0.5709,0.5708
6,54,19,0.5169,0.5627,0.5401,0.5548
7,54,22,0.5347,0.5402,0.5541,0.5446
8,54,25,0.4895,0.5042,0.5671,0.465
9,54,28,0.5463,0.5107,0.5056,0.5021
10,54,31,0.4648,0.5461,0.5315,0.5186
11,54,34,0.4952,0.4856,0.5492,0.4615
12,54,37,0.5286,0.5125,0.4955,0.5063
13,54,40,0.5162,0.4944,0.5511,0.5139
14,54,43,0.4615,0.5242,0.488,0.5299
15,54,46,0.4749,0.5236,0.4727,0.4615
16,54,49,0.4764,0.5216,0.4946,0.4985
17,54,52,0.5481,0.4839,0.4615,0.499
18,54,55,0.4975,0.4806,0.5213,0.5366
19,54,58,0.4717,0.4928,0.5086,0.4831
20,54,61,0.5,0.5181,0.4865,0.4615
21,54,64,0.5069,0.4848,0.5109,0.4892
22,54,67,0.4901,0.4894,0.4651,0.533
23,54,70,0.4753,0.493,0.5223,0.4965
24,54,73,0.4804,0.4615,0.4778,0.5055
25,54,76,0.5027,0.5349,0.495,0.5081
26,54,79,0.4775,0.4796,0.4778,0.5354
27,54,82,0.5424,0.4959,0.4823,0.4615
28,54,85,0.5035,0.4782,0.4615,0.4615
29,54,88,0.5049,0.5094,0.5174,0.4973
30,54,91,0.4615,0.4615,0.4669,0.491
31,54,94,0.4791,0.49,0.4615,0.4889
32,54,97,0.4879,0.4615,0.5078,0.5091
33,54,100,0.4646,0.4615,0.4983,0.4872
34,54,103,0.4808,0.4746,0.4615,0.5044
35,54,106,0.4984,0.4615,0.4842,0.4847
36,54,109,0.4615,0.4748,0.4615,0.499
37,54,112,0.4615,0.4833,0.4814,0.4756
38,54,115,0.487,0.5036,0.4615,0.4895
39,54,118,0.5063,0.4615,0.4615,0.4908
40,54,121,0.4741,0.5064,0.4947,0.4791
41,54,124,0.4933,0.5123,0.4793,0.4772
42,54,127,0.4615,0.477,0.4907,0.486
43,54,130,0.5216,0.5316,0.486,0.4615
44,54,133,0.4615,0.4855,0.5105,0.4759
45,54,136,0.468,0.4915,0.4753,0.4799
46,54,139,0.5295,0.514,0.4835,0.4698
47,54,142,0.4615,0.4839,0.4615,0.5085
48,54,145,0.4947,0.4786,0.4615,0.4738
49,54,148,0.5094,0.5154,0.5153,0.5125
50,54,151,0.4878,0.49,0.4967,0.4615
51,54,154,0.4892,0.4615,0.4729,0.5122
52,54,157,0.4873,0.4969,0.519,0.4721
53,54,160,0.4722,0.5073,0.4706,0.4809
54,54,163,0.3789,0.498,0.5416,0.4615
55,54,166,0.4615,0.493,0.486,0.4845
56,54,169,0.4615,0.4615,0.4734,0.4788
57,54,172,0.4897,0.3818,0.4941,0.3692
58,54,175,0.3692,0.3692,0.3831,0.3692
59,54,178,0.2769,0.2769,0.4615,0.1846
60,54,181,0.3692,0.4615,0.3075,0.4615
61,54,184,0.3692,0.4942,0.2769,0.4615
62,54,187,0.2769,0.2769,0.1846,0.2769
63,54,190,0.2769,0.3692,0.4615,0.2769
64,54,193,0.4615,0.3692,0.3692,0.4615
65,54,196,0.4633,0.3692,0.2769,0.3692
66,54,199,0.4615,0.2769,0.3692,0.4615
67,54,202,0.3692,0.1846,0.2901,0.3692
68,54,205,0.3692,0.2769,0.4615,0.3692
69,54,208,0.2769,0.3692,0.3692,0.3692
70,54,211,0.3692,0.4615,0.2769,0.3692
71,54,214,0.3876,0.4615,0.4615,0.4615
72,54,217,0.4615,0.2769,0.4615,0.4615
73,54,220,0.4615,0.3692,0.2769,0.4615
74,54,223,0.3692,0.1846,0.3692,0.2769
75,54,226,0.2939,0.2769,0.4615,0.3692
76,54,229,0.3692,0.3692,0.3692,0.3692
77,54,232,0.2769,0.3692,0.3692,0.2769
78,54,235,0.4615,0.1846,0.2769,0.3692
79,54,238,0.2769,0.3692,0.4615,0.2769
80,54,241,0.3692,0.3692,0.1846,0.2769
81,54,244,0.4615,0.2769,0.4615,0.4615
82,54,247,0.2769,0.1846,0.3692,0.3692
83,54,250,0.3692,0.4615,0.3692,0.2769
84,54,253,0.4615,0.3692,0.4615,0.1846
85,54,256,0.4615,0.4615,0.1846,0.2769
86,54,259,0.0923,0.2769,0.3692,0.4615
87,54,262,0.4615,0.4615,0.4615,0.3692
88,54,265,0.3692,0.3692,0.1846,0.4615
89,54,268,0.2769,0.3692,0.3692,0.2769
90,54,271,0.2769,0.4615,0.3692,0.3692
91,54,274,0.3692,0.2769,0.2769,0.2769
92,54,277,0.2769,0.3692,0.4615,0.2769
93,54,280,0.3692,0.3692,0.3692,0.3692
94,54,283,0.3692,0.4615,0.3692,0.3692
95,54,286,0.2769,0.3692,0.2769,0.4615
96,54,289,0.2769,0.3692,0.1846,0.2769
97,54,292,0.2769,0.2769,0.4615,0.3692
98,54,295,0.3692,0.2769,0.2769,0.3692
99,54,298,0.2769,0.4615,0.4615,0.3692
,Dataset#,L,att_1,att_2,att_3,att_4
0,55,1,0.4307,0.4365,0.4271,0.4228
1,55,4,0.4616,0.4433,0.4536,0.4655
2,55,7,0.4515,0.4657,0.4436,0.4526
3,55,10,0.476,0.4487,0.4557,0.4802
4,55,13,0.4589,0.4697,0.4298,0.4601
5,55,16,0.4619,0.4333,0.4385,0.4451
6,55,19,0.448,0.4332,0.4547,0.461
7,55,22,0.4015,0.4308,0.4429,0.4124
8,55,25,0.4417,0.4114,0.4167,0.4502
9,55,28,0.4153,0.4238,0.4236,0.3978
10,55,31,0.4138,0.4114,0.4346,0.4114
11,55,34,0.4241,0.3958,0.4609,0.4484
12,55,37,0.4236,0.4281,0.4114,0.4114
13,55,40,0.4114,0.4117,0.4447,0.4342
14,55,43,0.4195,0.399,0.3983,0.4026
15,55,46,0.4114,0.4066,0.4114,0.4114
16,55,49,0.3988,0.4089,0.4255,0.4195
17,55,52,0.4013,0.4114,0.4114,0.4235
18,55,55,0.4212,0.4171,0.4505,0.441
19,55,58,0.4208,0.4411,0.4227,0.4222
20,55,61,0.4262,0.4114,0.4114,0.4327
21,55,64,0.4114,0.402,0.4114,0.4114
22,55,67,0.4234,0.4221,0.4114,0.4114
23,55,70,0.4195,0.4114,0.4164,0.4114
24,55,73,0.4236,0.4114,0.433,0.4503
25,55,76,0.4114,0.4114,0.4368,0.4198
26,55,79,0.4296,0.421,0.4114,0.4114
27,55,82,0.4114,0.4157,0.4114,0.4467
28,55,85,0.4114,0.4274,0.4243,0.4114
29,55,88,0.4245,0.4178,0.4114,0.4159
30,55,91,0.4114,0.4218,0.4208,0.4114
31,55,94,0.4089,0.4114,0.4206,0.4114
32,55,97,0.4114,0.4114,0.4197,0.4262
33,55,100,0.4141,0.4234,0.406,0.4037
34,55,103,0.4114,0.4114,0.4114,0.4114
35,55,106,0.4114,0.4114,0.4114,0.4261
36,55,109,0.4114,0.4065,0.4114,0.4135
37,55,112,0.4114,0.4114,0.4215,0.4114
38,55,115,0.4114,0.4275,0.4217,0.4354
39,55,118,0.4029,0.409,0.4269,0.4114
40,55,121,0.4114,0.4132,0.4114,0.4114
41,55,124,0.4071,0.4114,0.4095,0.4114
42,55,127,0.4114,0.4347,0.4166,0.4114
43,55,130,0.4122,0.4289,0.4114,0.4114
44,55,133,0.4175,0.4114,0.4095,0.4114
45,55,136,0.4114,0.4114,0.4114,0.4497
46,55,139,0.4114,0.4114,0.4114,0.3289
47,55,142,0.4356,0.4211,0.4114,0.4114
48,55,145,0.4114,0.4114,0.4268,0.41
49,55,148,0.4114,0.4186,0.4188,0.4114
50,55,151,0.4036,0.4144,0.4114,0.4114
51,55,154,0.4114,0.4114,0.4201,0.4114
52,55,157,0.4114,0.4142,0.3963,0.4114
53,55,160,0.4114,0.3289,0.4156,0.4114
54,55,163,0.4114,0.4114,0.4114,0.4227
55,55,166,0.4114,0.4307,0.4232,0.4144
56,55,169,0.4114,0.4126,0.4324,0.3302
57,55,172,0.4114,0.4114,0.3289,0.3302
58,55,175,0.4114,0.4114,0.4114,0.3963
59,55,178,0.4114,0.3289,0.2464,0.4283
60,55,181,0.4114,0.3289,0.1651,0.4114
61,55,184,0.2476,0.4114,0.4114,0.3289
62,55,187,0.3302,0.3289,0.3289,0.3289
63,55,190,0.4114,0.3289,0.4114,0.3289
64,55,193,0.4114,0.4114,0.3302,0.4114
65,55,196,0.4114,0.4114,0.4114,0.1651
66,55,199,0.4114,0.4114,0.3289,0.4114
67,55,202,0.4114,0.3289,0.4114,0.337
68,55,205,0.4114,0.4114,0.3289,0.4114
69,55,208,0.3289,0.3302,0.4114,0.3302
70,55,211,0.4114,0.4114,0.4114,0.4114
71,55,214,0.3289,0.4114,0.2476,0.3289
72,55,217,0.4114,0.4114,0.4114,0.4114
73,55,220,0.4114,0.4114,0.3302,0.08254
74,55,223,0.4114,0.3289,0.4114,0.2464
75,55,226,0.2464,0.4114,0.4114,0.4114
76,55,229,0.4114,0.4114,0.4114,0.4114
77,55,232,0.4114,0.4114,0.4114,0.3289
78,55,235,0.4114,0.4114,0.4114,0.4114
79,55,238,0.4114,0.3302,0.4114,0.4114
80,55,241,0.3289,0.4114,0.3289,0.1651
81,55,244,0.3289,0.4114,0.2464,0.4114
82,55,247,0.4114,0.4114,0.4114,0.3302
83,55,250,0.4114,0.3289,0.2464,0.3289
84,55,253,0.3289,0.4114,0.2476,0.3289
85,55,256,0.4114,0.2476,0.2464,0.3289
86,55,259,0.4114,0.2464,0.3289,0.1651
87,55,262,0.3289,0.4114,0.3289,0.4114
88,55,265,0.4114,0.4114,0.3289,0.08254
89,55,268,0.3302,0.4114,0.1638,0.2464
90,55,271,0.2476,0.3289,0.1651,0.2464
91,55,274,0.4114,0.4114,0.3289,0.1651
92,55,277,0.1651,0.3289,0.4114,0.3289
93,55,280,0.4114,0.2464,0.3302,0.3302
94,55,283,0.3289,0.4114,0.4114,0.3289
95,55,286,0.4114,0.2464,0.3289,0.2464
96,55,289,0.3289,0.3289,0.4114,0.3302
97,55,292,0.3289,0.2464,0.3289,0.3289
98,55,295,0.3289,0.2476,0.1651,0.2476
99,55,298,0.1638,0.08254,0.1651,0.2464
,Dataset#,L,att_1,att_2,att_3,att_4
0,56,1,0.4132,0.4104,0.4054,0.4023
1,56,4,0.4293,0.4275,0.4173,0.4314
2,56,7,0.4293,0.4235,0.4399,0.4254
3,56,10,0.4382,0.4,0.4255,0.4158
4,56,13,0.4051,0.4045,0.4077,0.4037
5,56,16,0.4245,0.3645,0.4059,0.413
6,56,19,0.4341,0.3947,0.4202,0.4123
7,56,22,0.3889,0.4396,0.4333,0.3799
8,56,25,0.4085,0.4059,0.4198,0.4011
9,56,28,0.4105,0.3891,0.3755,0.4159
10,56,31,0.4056,0.3327,0.4014,0.4106
11,56,34,0.3698,0.4228,0.2805,0.3744
12,56,37,0.4387,0.3809,0.3956,0.3685
13,56,40,0.4149,0.4095,0.3501,0.3717
14,56,43,0.427,0.4161,0.4002,0.375
15,56,46,0.3742,0.3316,0.4226,0.3055
16,56,49,0.4038,0.3963,0.3402,0.3176
17,56,52,0.3421,0.4172,0.4308,0.3465
18,56,55,0.2729,0.4082,0.3348,0.3996
19,56,58,0.3729,0.4181,0.3749,0.4041
20,56,61,0.3912,0.4111,0.2836,0.3974
21,56,64,0.3516,0.2879,0.408,0.2419
22,56,67,0.3749,0.3527,0.3406,0.4062
23,56,70,0.395,0.3556,0.3272,0.377
24,56,73,0.4241,0.3718,0.3611,0.382
25,56,76,0.3475,0.3169,0.3902,0.3695
26,56,79,0.3536,0.2285,0.3786,0.2894
27,56,82,0.3115,0.384,0.2498,0.3795
28,56,85,0.3819,0.3539,0.3334,0.4063
29,56,88,0.3328,0.3483,0.3809,0.3731
30,56,91,0.3122,0.416,0.3318,0.2946
31,56,94,0.2848,0.3065,0.2865,0.3366
32,56,97,0.4093,0.2428,0.3429,0.2975
33,56,100,0.3271,0.2803,0.3151,0.3893
34,56,103,0.3713,0.3445,0.4069,0.2355
35,56,106,0.4288,0.3095,0.2822,0.3588
36,56,109,0.3565,0.3147,0.2911,0.313
37,56,112,0.3415,0.3455,0.3488,0.3159
38,56,115,0.3264,0.3181,0.2609,0.437
39,56,118,0.3498,0.2988,0.3332,0.2887
40,56,121,0.2907,0.3447,0.3,0.3249
41,56,124,0.2926,0.2399,0.1857,0.2808
42,56,127,0.2139,0.2171,0.3653,0.2977
43,56,130,0.2604,0.3201,0.2844,0.2645
44,56,133,0.3042,0.2925,0.2318,0.2855
45,56,136,0.3356,0.2877,0.3179,0.2604
46,56,139,0.2791,0.4209,0.3319,0.253
47,56,142,0.2873,0.3423,0.3559,0.3054
48,56,145,0.3139,0.3003,0.3498,0.161
49,56,148,0.1313,0.2738,0.2693,0.3542
50,56,151,0.3911,0.263,0.3979,0.2312
51,56,154,0.2851,0.2767,0.3306,0.3555
52,56,157,0.3755,0.202,0.2314,0.3006
53,56,160,0.27,0.3139,0.334,0.2169
54,56,163,0.2178,0.2221,0.2888,0.3062
55,56,166,0.3168,0.2806,0.2262,0.2411
56,56,169,0.3117,0.2171,0.3054,0.3158
57,56,172,0.1286,0.08584,0.1299,0.26
58,56,175,0.04292,0.04426,0.04274,0.1299
59,56,178,0.2222,0.1314,0.2725,0.08566
60,56,181,0.1727,0.08566,0.2173,0.04292
61,56,184,0.04292,0.04426,0.08584,0.153
62,56,187,0.1803,0.08566,0.1299,0.1778
63,56,190,0.04426,0.04426,0.1662,0.115
64,56,193,0.04274,0.08192,0.1644,0.1022
65,56,196,0.1299,0.1997,0.1299,0.08566
66,56,199,0.1301,0.1497,0.04292,0.04292
67,56,202,0.1783,0.04292,0.1728,0.163
68,56,205,0.1286,0.08566,0.08584,0.0606
69,56,208,0.215,0.08718,0.08566,0.214
70,56,211,0.08718,0.1299,0.1299,0.1599
71,56,214,0.1742,0.1301,0.08718,0.2171
72,56,217,0.2066,0.08566,0.04292,0.08718
73,56,220,0.087,0.1299,0.04292,0.04292
74,56,223,0,0.08566,0.1699,0.08852
75,56,226,0.1744,0.04426,0.04292,0
76,56,229,0.08566,0.1299,0.08718,0.04274
77,56,232,0.08566,0.1301,0.1633,0.1742
78,56,235,0.04426,0.1314,0.08718,0.1314
79,56,238,0.04426,0.08566,0.1299,0.08718
80,56,241,0.1301,0.04274,0.087,0.08584
81,56,244,0.04292,0.04274,0.087,0.04426
82,56,247,0.08718,0.08718,0.08718,0.08718
83,56,250,0.08718,0.08584,0.08852,0.08584
84,56,253,0.08584,0,0.1301,0.1728
85,56,256,0.1301,0.08718,0.04426,0.1299
86,56,259,0.1299,0.1314,0,0.04426
87,56,262,0.04274,0.04426,0.1728,0.1299
88,56,265,0.1299,0,0.08718,0.08718
89,56,268,0,0.08566,0.08718,0.1031
90,56,271,0.087,0.1742,0.1286,0.087
91,56,274,0.04274,0,0.087,0.1728
92,56,277,0.08566,0.04292,0.1314,0.04426
93,56,280,0,0.1301,0.1301,0.04274
94,56,283,0.04426,0.08566,0.1299,0.087
95,56,286,0.04292,0.1742,0,0.1299
96,56,289,0.1301,0.08718,0.08718,0.1299
97,56,292,0.1286,0.08718,0.087,0.2171
98,56,295,0.04292,0.04292,0.08718,0.04426
99,56,298,0.08718,0.04292,0.08718,0.08718
,Dataset#,L,att_1,att_2,att_3,att_4
0,57,1,0.7587,0.7588,0.7534,0.7522
1,57,4,0.7926,0.7835,0.783,0.7787
2,57,7,0.7798,0.794,0.7816,0.7924
3,57,10,0.7932,0.7857,0.7705,0.7762
4,57,13,0.7785,0.787,0.7735,0.777
5,57,16,0.7828,0.7853,0.7744,0.7805
6,57,19,0.7919,0.7852,0.7881,0.781
7,57,22,0.7924,0.7719,0.7868,0.7787
8,57,25,0.775,0.785,0.7758,0.7872
9,57,28,0.7377,0.7853,0.7079,0.7823
10,57,31,0.7772,0.7901,0.7739,0.7841
11,57,34,0.7815,0.7311,0.7754,0.7612
12,57,37,0.7714,0.7354,0.7249,0.77
13,57,40,0.7774,0.7847,0.7231,0.7854
14,57,43,0.7591,0.734,0.7681,0.7784
15,57,46,0.7771,0.7705,0.7866,0.7753
16,57,49,0.786,0.7789,0.7084,0.7687
17,57,52,0.7862,0.765,0.7699,0.7885
18,57,55,0.6516,0.7799,0.7164,0.7761
19,57,58,0.7902,0.7743,0.7557,0.7772
20,57,61,0.7834,0.7733,0.7288,0.7711
21,57,64,0.7513,0.7802,0.7277,0.6116
22,57,67,0.693,0.7866,0.779,0.7619
23,57,70,0.7583,0.6687,0.7798,0.7188
24,57,73,0.7136,0.728,0.7735,0.7719
25,57,76,0.7347,0.7749,0.7187,0.7839
26,57,79,0.6676,0.7634,0.7768,0.7731
27,57,82,0.7712,0.7632,0.7627,0.7253
28,57,85,0.715,0.7714,0.6649,0.7202
29,57,88,0.706,0.772,0.6109,0.7394
30,57,91,0.7482,0.6774,0.7363,0.7126
31,57,94,0.729,0.7211,0.6568,0.7115
32,57,97,0.7456,0.7152,0.7139,0.7058
33,57,100,0.706,0.7652,0.5465,0.757
34,57,103,0.7308,0.7262,0.6699,0.7025
35,57,106,0.7193,0.607,0.743,0.7746
36,57,109,0.7348,0.6814,0.7415,0.6854
37,57,112,0.693,0.7879,0.7573,0.7079
38,57,115,0.6806,0.7023,0.774,0.7402
39,57,118,0.7653,0.7669,0.7001,0.7225
40,57,121,0.6948,0.7151,0.7158,0.7092
41,57,124,0.7012,0.7237,0.7032,0.7611
42,57,127,0.7176,0.7195,0.7103,0.7722
43,57,130,0.6943,0.7683,0.5603,0.7055
44,57,133,0.6847,0.6365,0.762,0.6636
45,57,136,0.6952,0.6961,0.6597,0.6493
46,57,139,0.6622,0.7028,0.7081,0.7188
47,57,142,0.7754,0.6623,0.7294,0.7018
48,57,145,0.5907,0.6547,0.5518,0.7524
49,57,148,0.7637,0.717,0.6054,0.7629
50,57,151,0.7056,0.6472,0.715,0.653
51,57,154,0.69,0.7533,0.6599,0.7494
52,57,157,0.5772,0.6443,0.6595,0.656
53,57,160,0.6895,0.7516,0.6505,0.7529
54,57,163,0.646,0.7044,0.6735,0.7618
55,57,166,0.746,0.6553,0.6032,0.7077
56,57,169,0.6777,0.5885,0.5169,0.2379
57,57,172,0.2982,0.3055,0.2545,0.3978
58,57,175,0.1532,0.4365,0.2025,0.2014
59,57,178,0.3504,0.3032,0.1007,0.1007
60,57,181,0.4337,0.2014,0.2025,0.3
61,57,184,0.2542,0.3464,0.2014,0.2457
62,57,187,0.3032,0.3032,0.3032,0.1007
63,57,190,0.3997,0.1535,0.1018,0.1443
64,57,193,0.2014,0.2444,0.6423,0.1509
65,57,196,0.1007,0.14,0.2379,0.1469
66,57,199,0.4983,0.2489,0.1544,0.3545
67,57,202,0.4128,0.1007,0.1007,0.2014
68,57,205,0.1354,0.2896,0.1333,0
69,57,208,0.1007,0.2531,0.2474,0.1018
70,57,211,0.5244,0.1389,0.4402,0.2564
71,57,214,0.1018,0.2924,0.1626,0.2014
72,57,217,0,0.1538,0.2014,0.2923
73,57,220,0.2556,0.1007,0.1485,0.1007
74,57,223,0,0.2025,0.1007,0.1007
75,57,226,0.3439,0.2014,0,0.1007
76,57,229,0,0.2521,0,0
77,57,232,0.2025,0.2014,0.1018,0
78,57,235,0.2471,0.3003,0.2014,0.1451
79,57,238,0,0.2014,0.1018,0.2464
80,57,241,0.3032,0.3021,0.2014,0.3032
81,57,244,0.2025,0.2014,0,0
82,57,247,0.2014,0,0.1018,0.1007
83,57,250,0,0.1018,0.2014,0.3032
84,57,253,0.1007,0.1007,0,0
85,57,256,0.1007,0.1007,0.1007,0.3032
86,57,259,0.1007,0.1007,0.2014,0.1007
87,57,262,0.1018,0.1007,0.3021,0.1018
88,57,265,0,0.2025,0.2025,0.1018
89,57,268,0,0.1007,0.1007,0.3021
90,57,271,0.1018,0,0,0.2025
91,57,274,0,0.1007,0.1007,0.2014
92,57,277,0.3021,0.1007,0.1007,0
93,57,280,0.1007,0.3021,0.1007,0
94,57,283,0.2014,0.2014,0.1007,0
95,57,286,0,0.2014,0.1007,0.2014
96,57,289,0.2014,0.1007,0.4028,0
97,57,292,0.2025,0.1007,0.2025,0.1007
98,57,295,0.1007,0.1007,0.1007,0.1018
99,57,298,0,0.1007,0.1007,0.2014
,Dataset#,L,att_1,att_2,att_3,att_4
0,58,1,0.42,0.4187,0.4218,0.4139
1,58,4,0.4564,0.4386,0.4444,0.4397
2,58,7,0.4505,0.4705,0.4471,0.4428
3,58,10,0.4278,0.4373,0.4375,0.4438
4,58,13,0.4361,0.4438,0.4411,0.4586
5,58,16,0.4402,0.4339,0.4098,0.4416
6,58,19,0.4478,0.4297,0.4406,0.4549
7,58,22,0.4556,0.4439,0.4516,0.4406
8,58,25,0.4262,0.4385,0.4588,0.3917
9,58,28,0.4057,0.4223,0.4354,0.4519
10,58,31,0.4015,0.4029,0.411,0.4362
11,58,34,0.3988,0.4338,0.3876,0.4185
12,58,37,0.4296,0.3961,0.3946,0.4073
13,58,40,0.3837,0.3973,0.3969,0.4298
14,58,43,0.3639,0.4301,0.435,0.4218
15,58,46,0.4345,0.4309,0.429,0.3681
16,58,49,0.4515,0.4387,0.3123,0.3825
17,58,52,0.4463,0.3298,0.3852,0.4442
18,58,55,0.4002,0.3091,0.3408,0.3427
19,58,58,0.3851,0.3995,0.3772,0.3401
20,58,61,0.3914,0.4329,0.4118,0.4053
21,58,64,0.4173,0.4637,0.402,0.397
22,58,67,0.3239,0.4434,0.3882,0.354
23,58,70,0.4059,0.4224,0.3943,0.4263
24,58,73,0.4042,0.3894,0.4557,0.3786
25,58,76,0.4046,0.3677,0.3972,0.3419
26,58,79,0.3314,0.3112,0.3289,0.4539
27,58,82,0.3851,0.3841,0.3174,0.4022
28,58,85,0.3591,0.3576,0.3808,0.4106
29,58,88,0.4302,0.3344,0.4115,0.4018
30,58,91,0.3025,0.3686,0.393,0.3624
31,58,94,0.3669,0.3612,0.4025,0.3861
32,58,97,0.4056,0.3827,0.3769,0.3637
33,58,100,0.3598,0.323,0.3636,0.3429
34,58,103,0.3592,0.3531,0.3914,0.4493
35,58,106,0.4219,0.3999,0.4347,0.346
36,58,109,0.3293,0.4429,0.3248,0.3894
37,58,112,0.3686,0.3845,0.3617,0.4377
38,58,115,0.3074,0.3041,0.3737,0.3629
39,58,118,0.4115,0.3285,0.3703,0.3922
40,58,121,0.3896,0.2415,0.3609,0.4008
41,58,124,0.329,0.3587,0.3716,0.3364
42,58,127,0.361,0.4281,0.3672,0.3058
43,58,130,0.3743,0.2598,0.3302,0.3881
44,58,133,0.3722,0.3271,0.4218,0.3505
45,58,136,0.2667,0.3903,0.3773,0.2613
46,58,139,0.3453,0.3218,0.3218,0.4303
47,58,142,0.3505,0.3338,0.363,0.3634
48,58,145,0.4124,0.3583,0.365,0.3803
49,58,148,0.3283,0.4023,0.3295,0.3543
50,58,151,0.2697,0.3572,0.3399,0.3453
51,58,154,0.3668,0.275,0.3498,0.3624
52,58,157,0.2977,0.2915,0.3628,0.2951
53,58,160,0.3338,0.3664,0.3814,0.3305
54,58,163,0.3504,0.3965,0.4207,0.3866
55,58,166,0.2786,0.3298,0.3636,0.2917
56,58,169,0.2638,0.371,0.2462,0.2327
57,58,172,0.1749,0.3663,0.2338,0.1749
58,58,175,0.05784,0.2502,0.1749,0.1746
59,58,178,0.2651,0.2327,0.1168,0.1749
60,58,181,0.2461,0.1746,0.176,0.1168
61,58,184,0.2338,0.1462,0.2338,0.2338
62,58,187,0.1735,0.1157,0.2325,0.2917
63,58,190,0.1749,0.1168,0.117,0.3012
64,58,193,0.2338,0.117,0.1749,0.1157
65,58,196,0.2325,0,0.1157,0.05784
66,58,199,0.0592,0.1182,0.05896,0.1168
67,58,202,0.117,0.117,0.05784,0.176
68,58,205,0.2917,0.2917,0.05784,0.1746
69,58,208,0.05784,0.1157,0.2327,0.0592
70,58,211,0.176,0.2338,0.1168,0
71,58,214,0.2338,0.2917,0.176,0.1168
72,58,217,0.2325,0.2917,0.117,0.1746
73,58,220,0.176,0.05784,0.1487,0.05896
74,58,223,0.1749,0.176,0.1157,0.2917
75,58,226,0.117,0.176,0.1746,0.2338
76,58,229,0.2338,0.2338,0.2325,0.2327
77,58,232,0.2688,0.2338,0.176,0.1746
78,58,235,0.05784,0.176,0.05784,0.117
79,58,238,0.05896,0.117,0.1749,0.2338
80,58,241,0.1735,0.1157,0.2338,0.2338
81,58,244,0.117,0.2338,0.176,0.1182
82,58,247,0.1157,0.1746,0.2917,0.1168
83,58,250,0.1746,0.05784,0.117,0.1746
84,58,253,0.1168,0.2338,0.1749,0.2917
85,58,256,0.176,0.2338,0.2917,0.2917
86,58,259,0.2338,0.1746,0.1749,0
87,58,262,0.2327,0.1168,0.1157,0.05784
88,58,265,0.1157,0.1749,0.1182,0.05896
89,58,268,0.176,0.1749,0.1746,0.2338
90,58,271,0.176,0.1157,0.05896,0.1735
91,58,274,0.1735,0.1157,0,0.2338
92,58,277,0.1746,0.2917,0.1749,0.1157
93,58,280,0.117,0.176,0.05896,0.1157
94,58,283,0.2338,0.176,0.1157,0.05784
95,58,286,0.1746,0.176,0.176,0.117
96,58,289,0.2327,0.1168,0.1746,0.1168
97,58,292,0.1746,0.1157,0.1749,0.2338
98,58,295,0.2338,0.2338,0.2338,0.1168
99,58,298,0.1746,0.1157,0.1746,0.2338
,Dataset#,L,att_1,att_2,att_3,att_4
0,59,1,0.9588,0.9614,0.9599,0.9587
1,59,4,0.958,0.9716,0.9801,0.966
2,59,7,0.9585,0.9682,0.9685,0.966
3,59,10,0.9609,0.9696,0.9651,0.9744
4,59,13,0.9713,0.9643,0.9581,0.96
5,59,16,0.9615,0.9665,0.9677,0.9593
6,59,19,0.9752,0.9723,0.9681,0.9722
7,59,22,0.9647,0.969,0.9605,0.9754
8,59,25,0.9594,0.9697,0.9638,0.9661
9,59,28,0.9738,0.8605,0.9694,0.9668
10,59,31,0.9725,0.9647,0.9605,0.8746
11,59,34,0.9665,0.9669,0.8727,0.8665
12,59,37,0.9636,0.865,0.8571,0.8678
13,59,40,0.8728,0.8516,0.8752,0.8705
14,59,43,0.6809,0.9767,0.8651,0.777
15,59,46,0.7798,0.9686,0.8702,0.7826
16,59,49,0.9501,0.8808,0.7613,0.857
17,59,52,0.9636,0.9611,0.7818,0.6736
18,59,55,0.6714,0.8727,0.7833,0.9634
19,59,58,0.6678,0.866,0.875,0.9577
20,59,61,0.8754,0.7766,0.9609,0.7846
21,59,64,0.8698,0.8632,0.8627,0.7744
22,59,67,0.9711,0.6678,0.7726,0.8696
23,59,70,0.7707,0.8639,0.6853,0.7802
24,59,73,0.6816,0.7684,0.9562,0.7864
25,59,76,0.7641,0.7789,0.5771,0.7786
26,59,79,0.7789,0.7639,0.9641,0.8695
27,59,82,0.861,0.6798,0.6758,0.7591
28,59,85,0.7645,0.5789,0.8539,0.6781
29,59,88,0.7596,0.6713,0.7636,0.576
30,59,91,0.9487,0.9654,0.6754,0.6723
31,59,94,0.8477,0.7653,0.8726,0.7606
32,59,97,0.7684,0.8366,0.5839,0.6837
33,59,100,0.7761,0.5876,0.6688,0.7779
34,59,103,0.8472,0.6803,0.7765,0.7734
35,59,106,0.7698,0.7706,0.7781,0.776
36,59,109,0.7654,0.6656,0.9612,0.576
37,59,112,0.9467,0.8543,0.663,0.7728
38,59,115,0.581,0.7664,0.589,0.755
39,59,118,0.8593,0.5863,0.7578,0.6546
40,59,121,0.8716,0.773,0.7666,0.7609
41,59,124,0.6845,0.7702,0.7759,0.5893
42,59,127,0.6605,0.674,0.9531,0.5822
43,59,130,0.7655,0.853,0.7741,0.6636
44,59,133,0.8604,0.7708,0.9579,0.7762
45,59,136,0.861,0.7659,0.8627,0.6764
46,59,139,0.6715,0.669,0.8663,0.7771
47,59,142,0.7695,0.8523,0.8542,0.775
48,59,145,0.7675,0.5863,0.6724,0.7532
49,59,148,0.6728,0.8719,0.684,0.8507
50,59,151,0.5883,0.8802,0.6756,0.7586
51,59,154,0.6607,0.7773,0.7534,0.6768
52,59,157,0.6861,0.9446,0.6685,0.8548
53,59,160,0.7675,0.7664,0.8726,0.7641
54,59,163,0.7431,0.5724,0.7663,0.7817
55,59,166,0.8437,0.8477,0.8663,0.6758
56,59,169,0.8645,0.8501,0.7694,0.6845
57,59,172,0.4894,0.6788,0.7587,0.5667
58,59,175,0.6499,0.4918,0.6781,0.4865
59,59,178,0.5672,0.3887,0.279,0.2915
60,59,181,0.3922,0.3851,0.5824,0.6793
61,59,184,0.3821,0.3821,0.09824,0.1958
62,59,187,0.4893,0.2937,0.4842,0.3875
63,59,190,0.1958,0.09718,0.1958,0.1954
64,59,193,0.1947,0.2937,0.09752,0.3912
65,59,196,0.3925,0.3805,0.1965,0.1954
66,59,199,0.1965,0.2937,0.3912,0.09824
67,59,202,0.1958,0.1947,0.294,0
68,59,205,0.2947,0.09824,0.3919,0.1958
69,59,208,0.2929,0.2929,0.1958,0.2937
70,59,211,0.1958,0.1958,0.1954,0.294
71,59,214,0.09824,0.1965,0.09824,0.09824
72,59,217,0.09824,0.09824,0.4894,0.09824
73,59,220,0.1965,0.09718,0.2947,0.09718
74,59,223,0.09824,0.1958,0.1958,0.1954
75,59,226,0.3912,0.294,0.09824,0.2947
76,59,229,0.294,0.09824,0.1954,0.09824
77,59,232,0,0.294,0.3912,0.294
78,59,235,0,0.09824,0.1954,0.1958
79,59,238,0.294,0.1954,0.1965,0.1947
80,59,241,0.1954,0.09718,0.4894,0
81,59,244,0.3912,0.1958,0.1954,0.1958
82,59,247,0.1958,0.2937,0.2937,0.1954
83,59,250,0.2947,0.1954,0,0.09718
84,59,253,0.2929,0.2937,0.09824,0.1954
85,59,256,0.1954,0.2947,0.3919,0.09752
86,59,259,0.294,0.1954,0.3922,0.294
87,59,262,0.2937,0.1954,0.2929,0.1954
88,59,265,0.2937,0.1958,0.3912,0.09824
89,59,268,0.3922,0.09752,0.09718,0.2929
90,59,271,0.3919,0.1947,0.09824,0.09824
91,59,274,0.09824,0.1954,0.09752,0.1954
92,59,277,0.2937,0.09824,0.1965,0.2937
93,59,280,0.1954,0.1954,0.09824,0.294
94,59,283,0.1958,0.09824,0.09824,0.1947
95,59,286,0.3912,0.2937,0,0
96,59,289,0.2929,0.1954,0.2937,0.1947
97,59,292,0.09824,0,0.09824,0.09752
98,59,295,0.09824,0.3922,0.2929,0.09824
99,59,298,0.3919,0,0.294,0.09824
,Dataset#,L,att_1,att_2,att_3,att_4
0,60,1,0.4278,0.4284,0.4337,0.4252
1,60,4,0.4103,0.414,0.4333,0.4551
2,60,7,0.4296,0.4495,0.4434,0.4332
3,60,10,0.4197,0.4313,0.4474,0.4104
4,60,13,0.4126,0.4108,0.4265,0.4566
5,60,16,0.4115,0.4191,0.3816,0.4481
6,60,19,0.4357,0.4291,0.3897,0.4456
7,60,22,0.4306,0.4128,0.4421,0.3891
8,60,25,0.4347,0.4477,0.4389,0.435
9,60,28,0.3967,0.4322,0.3317,0.3649
10,60,31,0.445,0.4334,0.4198,0.4121
11,60,34,0.44,0.3815,0.4128,0.4122
12,60,37,0.418,0.4173,0.4285,0.3902
13,60,40,0.4311,0.4242,0.397,0.3894
14,60,43,0.4227,0.4322,0.3831,0.3737
15,60,46,0.4215,0.37,0.3943,0.3432
16,60,49,0.3434,0.4145,0.3897,0.4218
17,60,52,0.4213,0.3304,0.425,0.3853
18,60,55,0.3346,0.3047,0.4014,0.4358
19,60,58,0.3554,0.3749,0.432,0.374
20,60,61,0.4048,0.4083,0.3941,0.4146
21,60,64,0.3303,0.2859,0.4221,0.3613
22,60,67,0.3302,0.4131,0.4219,0.3005
23,60,70,0.3475,0.3583,0.3458,0.3155
24,60,73,0.3607,0.3714,0.3249,0.3896
25,60,76,0.3757,0.3961,0.4488,0.3558
26,60,79,0.3817,0.3308,0.4012,0.2663
27,60,82,0.3273,0.3642,0.3218,0.3712
28,60,85,0.4161,0.3749,0.36,0.3476
29,60,88,0.3743,0.3394,0.3992,0.3384
30,60,91,0.358,0.3347,0.3908,0.4026
31,60,94,0.2742,0.402,0.3331,0.2896
32,60,97,0.3675,0.3749,0.4068,0.3215
33,60,100,0.357,0.2679,0.3375,0.3345
34,60,103,0.3716,0.3401,0.2375,0.4013
35,60,106,0.2344,0.3473,0.3805,0.4067
36,60,109,0.3707,0.3506,0.3259,0.3922
37,60,112,0.3814,0.2981,0.2775,0.2395
38,60,115,0.3116,0.4264,0.2997,0.3167
39,60,118,0.3109,0.2035,0.4253,0.4106
40,60,121,0.3878,0.2992,0.3757,0.253
41,60,124,0.3825,0.3467,0.357,0.3647
42,60,127,0.3278,0.2251,0.2395,0.2891
43,60,130,0.3175,0.3312,0.394,0.4046
44,60,133,0.3132,0.2213,0.3045,0.2716
45,60,136,0.3826,0.2646,0.3068,0.4147
46,60,139,0.3475,0.3585,0.3413,0.3055
47,60,142,0.2539,0.3088,0.2471,0.3057
48,60,145,0.3387,0.3104,0.3318,0.3182
49,60,148,0.2942,0.2879,0.2249,0.2515
50,60,151,0.2918,0.3003,0.176,0.3554
51,60,154,0.2475,0.2987,0.2557,0.1322
52,60,157,0.3619,0.2004,0.3711,0.08906
53,60,160,0.2548,0.236,0.2337,0.3275
54,60,163,0.2568,0.2623,0.2496,0.2868
55,60,166,0.2651,0.1669,0.1835,0.3501
56,60,169,0.1665,0.2142,0.2797,0.22
57,60,172,0.2193,0.1762,0.1352,0.201
58,60,175,0.219,0.1335,0.1322,0.1316
59,60,178,0.1308,0.04316,0.239,0.04462
60,60,181,0.1322,0.04462,0.08906,0.08906
61,60,184,0.0876,0.08906,0.0876,0.0876
62,60,187,0.0876,0.08888,0.1337,0.1796
63,60,190,0.1322,0.2193,0.08906,0.1991
64,60,193,0.08906,0.0876,0.1263,0.04316
65,60,196,0.132,0,0.2299,0.08906
66,60,199,0.08924,0.08572,0.1337,0.126
67,60,202,0.04462,0.1768,0.1322,0.08888
68,60,205,0.0876,0.1582,0.08906,0.08778
69,60,208,0.08906,0.04444,0.1768,0
70,60,211,0.08778,0.08906,0.08778,0.08778
71,60,214,0.08906,0.2157,0.08906,0.1322
72,60,217,0.1729,0.04462,0.1768,0.04444
73,60,220,0,0.0876,0.04462,0.08778
74,60,223,0.2213,0.1324,0.1325,0.1337
75,60,226,0.1337,0.0876,0.1322,0.04462
76,60,229,0.08906,0.0876,0.04444,0.08778
77,60,232,0.08906,0.2127,0.08778,0.08906
78,60,235,0.08906,0.08888,0.1322,0.08924
79,60,238,0.1322,0.08906,0.0876,0.08888
80,60,241,0.1322,0.08906,0.08778,0.08906
81,60,244,0.08778,0.1335,0.1337,0.04444
82,60,247,0.08906,0.08888,0.1322,0
83,60,250,0.1335,0.04444,0.04462,0
84,60,253,0.04462,0.1324,0.08906,0.132
85,60,256,0.1767,0.04444,0.08906,0.1324
86,60,259,0,0,0.0876,0.0876
87,60,262,0.1322,0,0.04444,0.08924
88,60,265,0.08888,0,0.08906,0.04316
89,60,268,0,0.1781,0.1768,0.1781
90,60,271,0.1322,0.08924,0.08906,0
91,60,274,0.08906,0.132,0.04444,0.0876
92,60,277,0.04444,0.08778,0.0876,0.08906
93,60,280,0.08778,0.04444,0.08906,0.08888
94,60,283,0.08778,0.1335,0.04316,0.08778
95,60,286,0.04462,0.08906,0.08906,0.08924
96,60,289,0.08906,0,0.1768,0.1322
97,60,292,0.1337,0.08924,0.04462,0.08778
98,60,295,0.04316,0.04462,0.08906,0.04444
99,60,298,0.04316,0.04462,0.1322,0.08906
,Dataset#,L,att_1,att_2,att_3,att_4
0,61,1,0.284,0.2795,0.2641,0.2892
1,61,4,0.3265,0.3197,0.2764,0.3438
2,61,7,0.267,0.2403,0.2824,0.2885
3,61,10,0.268,0.2955,0.2907,0.248
4,61,13,0.2689,0.24,0.2616,0.2721
5,61,16,0.2974,0.2711,0.2809,0.1905
6,61,19,0.2765,0.2823,0.277,0.2573
7,61,22,0.2315,0.2256,0.1833,0.2704
8,61,25,0.2548,0.3408,0.1761,0.2943
9,61,28,0.2652,0.2374,0.2723,0.3122
10,61,31,0.2344,0.2509,0.2064,0.2075
11,61,34,0.196,0.2211,0.2317,0.1967
12,61,37,0.2753,0.2833,0.2455,0.2012
13,61,40,0.2482,0.2493,0.1285,0.103
14,61,43,0.2849,0.1696,0.2057,0.2477
15,61,46,0.2507,0.1636,0.281,0.1379
16,61,49,0.2268,0.1901,0.2578,0.1733
17,61,52,0.1544,0.1299,0.1496,0.1944
18,61,55,0.1322,0.1971,0.2327,0.2199
19,61,58,0.178,0.1589,0.1412,0.2118
20,61,61,0.2647,0.1495,0.2787,0.1671
21,61,64,0.1876,0.1369,0.1472,0.2098
22,61,67,0.1579,0.1601,0.1965,0.1938
23,61,70,0.142,0.1906,0.05074,0.1653
24,61,73,0.1712,0.07912,0.237,0.1907
25,61,76,0.1884,0.07922,0.1877,0.1471
26,61,79,0.1393,0.1827,0.1459,0.1541
27,61,82,0.153,0.2162,0.28,0.1317
28,61,85,0.1947,0.2205,0.2143,0.2398
29,61,88,0.1819,0.1045,0.1215,0.1806
30,61,91,0.1862,0.07874,0.1949,0.1688
31,61,94,0.1044,0.2285,0.136,0.1643
32,61,97,0.1566,0.1823,0.1341,0.1299
33,61,100,0.1494,0.1719,0.2104,0.1837
34,61,103,0.1062,0.1416,0.1334,0.1388
35,61,106,0.1193,0.134,0.1163,0.1727
36,61,109,0.1123,0.0718,0.1698,0.1348
37,61,112,0.1545,0.1748,0.1398,0.1123
38,61,115,0.103,0.2412,0.1176,0.1299
39,61,118,0.1045,0.1295,0.07416,0.07764
40,61,121,0.06976,0.1055,0.1143,0.1516
41,61,124,0.1933,0.119,0.1045,0.2214
42,61,127,0.2275,0.07912,0.1238,0.1044
43,61,130,0.05222,0.1865,0.1446,0.1841
44,61,133,0.1773,0.1466,0.164,0.05222
45,61,136,0.1799,0.1045,0.103,0.1027
46,61,139,0.103,0.1484,0.1421,0.1045
47,61,142,0.1527,0.1857,0.07922,0.167
48,61,145,0.12,0.1504,0.1491,0.1668
49,61,148,0.1593,0.1119,0.1751,0.1371
50,61,151,0.1457,0.1094,0.1988,0.103
51,61,154,0.103,0.103,0.2061,0.1408
52,61,157,0.1668,0.2031,0.1257,0.07564
53,61,160,0.0866,0.154,0.1823,0.07606
54,61,163,0.1044,0.1844,0.1299,0.1045
55,61,166,0.1027,0.05064,0.07986,0.1125
56,61,169,0.1442,0.1045,0.1299,0.09074
57,61,172,0.02542,0.05222,0.07764,0.1047
58,61,175,0.1299,0.109,0.07922,0.07912
59,61,178,0.103,0.05222,0.103,0.07606
60,61,181,0.02532,0.05232,0.07606,0.05064
61,61,184,0.05074,0.05074,0.0538,0.0269
62,61,187,0.0269,0.05222,0.07606,0.07912
63,61,190,0.07764,0.0269,0.1044,0.08256
64,61,193,0.05232,0.1045,0.05222,0.1045
65,61,196,0.07754,0.07764,0.1045,0.02532
66,61,199,0.07764,0.07754,0.05074,0.0538
67,61,202,0.07912,0.1299,0.0538,0.103
68,61,205,0.07764,0.05232,0.0269,0.05222
69,61,208,0.05222,0.07764,0.02532,0.07754
70,61,211,0.05232,0.07922,0.05074,0.07764
71,61,214,0.05232,0.07754,0.103,0.1338
72,61,217,0.05222,0.1299,0.07754,0.07764
73,61,220,0.103,0.103,0.05222,0.05064
74,61,223,0.05222,0.0269,0.103,0.07754
75,61,226,0.0269,0.1045,0.07922,0.05222
76,61,229,0.1044,0.1045,0.07764,0.05222
77,61,232,0.0269,0.07922,0.05064,0.07912
78,61,235,0.1045,0.07922,0.07754,0.1045
79,61,238,0.05232,0.1299,0.05222,0.07764
80,61,241,0.07764,0.05222,0.05232,0.05232
81,61,244,0.1045,0.07754,0.07606,0.02532
82,61,247,0.0538,0.05232,0.103,0.05222
83,61,250,0.1045,0.0269,0.1045,0.07912
84,61,253,0.1299,0.05232,0.07754,0.05222
85,61,256,0.07606,0.05064,0.103,0.05064
86,61,259,0.05222,0.07764,0.07764,0.05222
87,61,262,0.07764,0.05074,0.02532,0.07606
88,61,265,0.1045,0.1299,0.02532,0.07606
89,61,268,0.07764,0.07764,0.0269,0.07764
90,61,271,0.02532,0.02532,0.07764,0.1299
91,61,274,0.07764,0.07764,0.07764,0.07764
92,61,277,0.05064,0.05222,0.07754,0.07764
93,61,280,0.07606,0.02532,0.05222,0.1045
94,61,283,0.07764,0.05074,0.0269,0.103
95,61,286,0.1045,0.0538,0.02542,0
96,61,289,0.0538,0.0269,0.0269,0.05222
97,61,292,0.05222,0.05232,0.05222,0.1044
98,61,295,0.1299,0.02542,0.07922,0.0538
99,61,298,0.07764,0.07606,0.07764,0.07764
,Dataset#,L,att_1,att_2,att_3,att_4
0,62,1,0.8029,0.797,0.7778,0.7944
1,62,4,0.8324,0.8284,0.8261,0.8468
2,62,7,0.8236,0.8253,0.8372,0.8247
3,62,10,0.8121,0.8295,0.8417,0.8339
4,62,13,0.8157,0.825,0.8334,0.8284
5,62,16,0.8308,0.8315,0.8112,0.8087
6,62,19,0.8359,0.8457,0.8156,0.8259
7,62,22,0.7954,0.7282,0.827,0.8298
8,62,25,0.8029,0.6518,0.7474,0.8215
9,62,28,0.7242,0.7244,0.8271,0.7232
10,62,31,0.7183,0.7326,0.7442,0.636
11,62,34,0.731,0.6355,0.6468,0.6218
12,62,37,0.7483,0.7101,0.6189,0.7146
13,62,40,0.6091,0.5514,0.6169,0.6266
14,62,43,0.731,0.6329,0.5504,0.647
15,62,46,0.6611,0.5367,0.4566,0.6419
16,62,49,0.6354,0.7363,0.548,0.6384
17,62,52,0.5475,0.5202,0.6425,0.5489
18,62,55,0.5309,0.7356,0.6876,0.7398
19,62,58,0.6242,0.5454,0.7121,0.8305
20,62,61,0.4503,0.6039,0.6264,0.7419
21,62,64,0.7352,0.6198,0.7242,0.4454
22,62,67,0.7193,0.4569,0.6401,0.7382
23,62,70,0.6298,0.6436,0.4724,0.4663
24,62,73,0.6924,0.4643,0.6418,0.643
25,62,76,0.6351,0.5562,0.3626,0.4368
26,62,79,0.6386,0.6486,0.6483,0.5482
27,62,82,0.6178,0.7555,0.8199,0.4631
28,62,85,0.7103,0.7153,0.8067,0.6489
29,62,88,0.6633,0.5658,0.6541,0.4534
30,62,91,0.5619,0.5458,0.5362,0.7182
31,62,94,0.4059,0.4537,0.559,0.4285
32,62,97,0.5433,0.6334,0.7154,0.6382
33,62,100,0.6228,0.7178,0.6115,0.5365
34,62,103,0.6308,0.4717,0.7428,0.731
35,62,106,0.7189,0.3626,0.733,0.5305
36,62,109,0.4397,0.6055,0.5552,0.7003
37,62,112,0.5389,0.612,0.6053,0.5397
38,62,115,0.7209,0.5339,0.7181,0.6269
39,62,118,0.7054,0.5298,0.8301,0.8116
40,62,121,0.7284,0.6024,0.6526,0.6271
41,62,124,0.7157,0.5511,0.6369,0.7251
42,62,127,0.5211,0.4503,0.6165,0.6574
43,62,130,0.6565,0.6321,0.62,0.4494
44,62,133,0.5368,0.605,0.5585,0.5375
45,62,136,0.7376,0.5484,0.6325,0.8103
46,62,139,0.6876,0.6518,0.4503,0.4476
47,62,142,0.5491,0.4559,0.657,0.6898
48,62,145,0.4543,0.7956,0.6339,0.7192
49,62,148,0.5432,0.6492,0.6268,0.7983
50,62,151,0.385,0.7074,0.5417,0.4608
51,62,154,0.4403,0.5246,0.6603,0.6226
52,62,157,0.5466,0.5431,0.531,0.6106
53,62,160,0.7183,0.5425,0.6359,0.7983
54,62,163,0.7061,0.5523,0.6886,0.625
55,62,166,0.5393,0.536,0.535,0.7202
56,62,169,0.4863,0.3858,0.5497,0.3099
57,62,172,0.2179,0.3754,0.2616,0.4511
58,62,175,0.2179,0.2179,0.07234,0.2179
59,62,178,0.217,0.2903,0.2179,0.2179
60,62,181,0.2179,0.1447,0.07324,0.1447
61,62,184,0.1456,0.2179,0.217,0.1456
62,62,187,0.217,0.2179,0.07234,0.217
63,62,190,0.217,0.2179,0,0.1456
64,62,193,0.1456,0.2179,0.1447,0.217
65,62,196,0.3626,0.1447,0.1447,0.1456
66,62,199,0.1456,0.1447,0.2903,0.217
67,62,202,0.1456,0.2903,0.1447,0.2179
68,62,205,0.2894,0.2179,0.07234,0
69,62,208,0.2179,0.2179,0.2179,0.217
70,62,211,0.2179,0.2903,0.1447,0.217
71,62,214,0.217,0.2179,0.2903,0.1447
72,62,217,0.07234,0.217,0.1447,0.2179
73,62,220,0.2903,0.1456,0.2179,0.07234
74,62,223,0.07234,0.217,0.1447,0.07234
75,62,226,0.1456,0.2894,0.1456,0.1447
76,62,229,0.2903,0.07234,0.1447,0.217
77,62,232,0.1447,0.1447,0.3626,0.1456
78,62,235,0.07324,0.217,0.1456,0.2179
79,62,238,0.07324,0.07234,0.217,0
80,62,241,0.217,0.07234,0.1456,0.217
81,62,244,0.07234,0.1447,0.1456,0.07324
82,62,247,0.1447,0.07234,0.2179,0.1447
83,62,250,0.07234,0.1456,0.2179,0.2903
84,62,253,0.2903,0.2179,0.1447,0.2903
85,62,256,0.217,0.07234,0.1447,0.3626
86,62,259,0.2903,0.1447,0.2179,0
87,62,262,0.2179,0.1447,0.2903,0.2179
88,62,265,0.1447,0.2903,0.07234,0.07234
89,62,268,0.2179,0.217,0.217,0.2179
90,62,271,0.1456,0.2179,0.07234,0.1447
91,62,274,0.2179,0.1447,0.07234,0.07234
92,62,277,0.1447,0.2179,0.1456,0.217
93,62,280,0.07324,0.2179,0.07234,0.07234
94,62,283,0.2903,0.1447,0.2179,0.2179
95,62,286,0.2179,0.2894,0.07234,0.1447
96,62,289,0.2903,0.1456,0,0.2179
97,62,292,0.1447,0.2179,0.07234,0.07234
98,62,295,0.1456,0.1456,0,0.1447
99,62,298,0.1447,0.07234,0.2903,0.1447
,Dataset#,L,att_1,att_2,att_3,att_4
0,63,1,0.5269,0.5517,0.5486,0.5408
1,63,4,0.6141,0.6087,0.5794,0.5953
2,63,7,0.6302,0.6415,0.6333,0.602
3,63,10,0.6235,0.663,0.6112,0.6134
4,63,13,0.6164,0.6125,0.6165,0.6102
5,63,16,0.6389,0.6205,0.6001,0.6183
6,63,19,0.6108,0.6544,0.6296,0.6309
7,63,22,0.6104,0.6007,0.608,0.6334
8,63,25,0.6314,0.5905,0.6397,0.6098
9,63,28,0.6239,0.6237,0.6486,0.6374
10,63,31,0.6195,0.6503,0.6364,0.5941
11,63,34,0.6223,0.6272,0.6307,0.5566
12,63,37,0.4248,0.5052,0.5428,0.5578
13,63,40,0.4407,0.5665,0.4764,0.6366
14,63,43,0.5283,0.5249,0.4166,0.5064
15,63,46,0.4263,0.3569,0.3396,0.5494
16,63,49,0.5614,0.273,0.3692,0.433
17,63,52,0.4121,0.4188,0.6518,0.4326
18,63,55,0.5325,0.6088,0.372,0.5485
19,63,58,0.515,0.4744,0.4073,0.4658
20,63,61,0.4125,0.4582,0.6197,0.3928
21,63,64,0.4108,0.6414,0.4622,0.5657
22,63,67,0.4476,0.5113,0.4285,0.4424
23,63,70,0.4361,0.5684,0.5224,0.5439
24,63,73,0.6434,0.426,0.6337,0.6437
25,63,76,0.3836,0.483,0.3533,0.4457
26,63,79,0.4489,0.5697,0.3317,0.6139
27,63,82,0.2968,0.5344,0.3171,0.4813
28,63,85,0.3443,0.3551,0.5146,0.3556
29,63,88,0.4315,0.4201,0.2811,0.4383
30,63,91,0.4562,0.5624,0.4115,0.5197
31,63,94,0.5699,0.5493,0.4354,0.5587
32,63,97,0.5252,0.518,0.5296,0.1371
33,63,100,0.4485,0.5596,0.5287,0.5321
34,63,103,0.5609,0.3634,0.4451,0.4521
35,63,106,0.3797,0.3614,0.356,0.3455
36,63,109,0.3307,0.358,0.4558,0.5785
37,63,112,0.5159,0.4325,0.3676,0.5053
38,63,115,0.5658,0.5348,0.4648,0.4251
39,63,118,0.2129,0.4879,0.3565,0.4458
40,63,121,0.6054,0.3992,0.2775,0.4482
41,63,124,0.3859,0.5098,0.4223,0.5342
42,63,127,0.6168,0.6222,0.5451,0.6542
43,63,130,0.5384,0.6115,0.3506,0.5292
44,63,133,0.2705,0.4861,0.4973,0.412
45,63,136,0.5353,0.2644,0.341,0.4751
46,63,139,0.3603,0.4727,0.5264,0.305
47,63,142,0.392,0.3474,0.4331,0.4044
48,63,145,0.2573,0.5475,0.4727,0.409
49,63,148,0.5079,0.3991,0.4564,0.3614
50,63,151,0.3776,0.5421,0.2514,0.4771
51,63,154,0.4304,0.4249,0.4129,0.3609
52,63,157,0.5471,0.4928,0.3497,0.4874
53,63,160,0.5288,0.448,0.6435,0.4399
54,63,163,0.5397,0.4659,0.6233,0.4336
55,63,166,0.4492,0.3327,0.3505,0.2405
56,63,169,0.1428,0.1609,0.1703,0.06794
57,63,172,0.1025,0.0346,0.0346,0.06794
58,63,175,0.1038,0.0692,0.0346,0.1025
59,63,178,0.0346,0.0346,0.0346,0
60,63,181,0.1371,0.0346,0.0692,0
61,63,184,0.1717,0.06794,0.0692,0.0692
62,63,187,0.0346,0.0346,0,0.1025
63,63,190,0,0.1038,0.06794,0.06794
64,63,193,0.1038,0.1717,0.0692,0.0346
65,63,196,0.06794,0.06794,0.0346,0.0346
66,63,199,0.0692,0.0692,0.1025,0
67,63,202,0,0,0.0346,0.0346
68,63,205,0.1038,0.0692,0.0346,0.0692
69,63,208,0.1371,0.06794,0.03334,0.06794
70,63,211,0.1025,0.0692,0,0.0346
71,63,214,0.1025,0.1038,0,0.06794
72,63,217,0.1371,0.03334,0.06794,0.1025
73,63,220,0.03334,0.0346,0.0692,0.0346
74,63,223,0.0692,0.0692,0.1384,0.1384
75,63,226,0.1038,0.0346,0.0692,0
76,63,229,0.1371,0.0692,0.0346,0.0346
77,63,232,0.1038,0.0346,0.1038,0.06794
78,63,235,0.1038,0.1038,0.1025,0
79,63,238,0.03334,0.0346,0.0692,0
80,63,241,0.0346,0.0346,0,0.0346
81,63,244,0.06794,0.0346,0.1025,0.06794
82,63,247,0.0692,0.0346,0.1371,0.03334
83,63,250,0.06794,0.0346,0.06794,0.1371
84,63,253,0.03334,0.0692,0.0346,0
85,63,256,0.0692,0.03334,0.1025,0.03334
86,63,259,0.0346,0.1025,0.06794,0.1384
87,63,262,0.0346,0.1025,0.1038,0.0346
88,63,265,0.06794,0.0346,0.03334,0.1371
89,63,268,0.0692,0.0346,0.03334,0.1025
90,63,271,0.0346,0.0692,0.06794,0.0692
91,63,274,0,0.0692,0.1038,0.0692
92,63,277,0.06794,0.0346,0.0346,0.0692
93,63,280,0.1384,0.06794,0.0346,0.1025
94,63,283,0.0346,0,0.0692,0.1025
95,63,286,0.06794,0.0692,0.06794,0.06794
96,63,289,0,0.0346,0.0692,0.1371
97,63,292,0,0,0.03334,0.0692
98,63,295,0.0692,0.06794,0.0346,0.1025
99,63,298,0.06794,0.1371,0.03334,0.1371
,Dataset#,L,att_1,att_2,att_3,att_4
0,64,1,1,1,1,1
1,64,4,1,1,1,1
2,64,7,1,1,1,1
3,64,10,1,1,1,1
4,64,13,1,1,0.9966,1
5,64,16,1,1,1,1
6,64,19,1,1,1,1
7,64,22,1,1,1,1
8,64,25,1,1,1,0.9983
9,64,28,1,1,1,1
10,64,31,0.8728,0.9983,1,1
11,64,34,1,1,1,1
12,64,37,1,0.872,1,0.8728
13,64,40,1,1,1,1
14,64,43,0.872,0.9812,0.8718,0.8718
15,64,46,0.8718,1,1,0.8718
16,64,49,0.8728,0.872,1,0.9792
17,64,52,0.7389,1,0.7457,1
18,64,55,1,1,1,1
19,64,58,0.743,0.8718,0.6167,0.872
20,64,61,0.8,0.6177,0.872,0.9965
21,64,64,0.7447,0.7447,0.9888,0.7415
22,64,67,0.8711,0.9933,1,0.9983
23,64,70,0.7449,0.872,0.6167,0.7449
24,64,73,0.8728,0.872,0.8718,0.7449
25,64,76,1,0.8728,0.8718,0.8711
26,64,79,0.8718,0.8718,0.8728,0.8728
27,64,82,0.8728,0.7449,0.7447,0.8718
28,64,85,0.8593,0.8718,0.8718,0.7447
29,64,88,0.7447,0.7439,0.8728,0.8701
30,64,91,0.7447,0.872,0.8728,0.7457
31,64,94,0.5457,0.8728,0.8711,0.9917
32,64,97,1,0.6165,0.9666,0.7318
33,64,100,0.8718,0.6167,0.7211,0.8718
34,64,103,0.8728,0.9983,0.8599,0.7449
35,64,106,0.7439,0.7447,1,0.7447
36,64,109,0.8704,0.7167,0.7439,0.8718
37,64,112,0.6175,0.4893,0.8718,0.6157
38,64,115,0.7449,0.6167,0.6167,0.7384
39,64,118,0.6167,0.7457,0.6175,0.7339
40,64,121,0.7277,0.6117,0.7447,0.8676
41,64,124,0.7439,0.7447,0.6165,0.7447
42,64,127,0.6142,0.9868,0.7439,0.7447
43,64,130,0.6107,0.6167,0.7439,0.4895
44,64,133,0.8687,0.8728,0.7449,0.7436
45,64,136,0.8728,0.4895,0.7439,0.6165
46,64,139,0.7447,0.6165,0.9912,0.6165
47,64,142,0.8718,0.8,0.7447,0.8677
48,64,145,0.4885,0.7237,0.6175,0.7447
49,64,148,0.9837,0.7449,0.7422,0.8701
50,64,151,0.7447,0.7449,0.6175,0.7447
51,64,154,0.8718,0.6165,0.6157,0.4878
52,64,157,0.872,0.6008,0.6167,0.8684
53,64,160,0.4895,0.8638,0.857,0.6116
54,64,163,0.8695,0.743,0.7447,0.8728
55,64,166,0.7457,0.6175,0.8728,0.8728
56,64,169,0.6175,0.5439,0.6718,0.6728
57,64,172,0.3436,0.2728,0.1447,0.2895
58,64,175,0.472,0.2165,0.3457,0.2701
59,64,178,0.2728,0.2728,0.2,0.07284
60,64,181,0.07204,0.1447,0.5447,0.2167
61,64,184,0.3614,0.07182,0.3449,0.1449
62,64,187,0.2175,0.07204,0.2885,0
63,64,190,0.1447,0.2895,0.2167,0.1447
64,64,193,0.2167,0.1449,0.1449,0.2157
65,64,196,0.2167,0.2167,0.2895,0.4132
66,64,199,0.2165,0.1447,0.1449,0.2893
67,64,202,0.3614,0.2167,0.1447,0.2157
68,64,205,0.07182,0.2167,0.2175,0.2157
69,64,208,0.1436,0.1439,0.2167,0.3614
70,64,211,0.4167,0.2895,0.1439,0.1447
71,64,214,0.2157,0.1447,0.2175,0.3614
72,64,217,0.1449,0.1447,0.2167,0.07284
73,64,220,0.2167,0.2157,0.07204,0.4141
74,64,223,0.1457,0.2175,0.2157,0.4167
75,64,226,0.3292,0.07182,0.4893,0.1439
76,64,229,0.2167,0.1457,0.1439,0.2175
77,64,232,0.2165,0.2885,0.1449,0
78,64,235,0.2885,0.07182,0.2167,0.1447
79,64,238,0.1439,0.1447,0,0
80,64,241,0.07182,0.1439,0.2175,0.2895
81,64,244,0,0.1449,0.07284,0.1449
82,64,247,0.1439,0.2157,0.2165,0.1439
83,64,250,0.07284,0.1447,0.07284,0
84,64,253,0.1449,0.2167,0.1449,0.2885
85,64,256,0.07204,0.1447,0.2177,0.2895
86,64,259,0.1449,0.2167,0.2167,0.2175
87,64,262,0.1449,0.2895,0.1447,0.2885
88,64,265,0.1447,0.2895,0,0.07204
89,64,268,0.07284,0.07284,0.2167,0.1447
90,64,271,0.1439,0.1436,0.1436,0.2885
91,64,274,0.07182,0.2893,0.2167,0.1436
92,64,277,0.1449,0.1447,0.2165,0.4165
93,64,280,0.07204,0.2175,0.07204,0.2167
94,64,283,0.2165,0.3614,0.1439,0.2177
95,64,286,0.1439,0.07284,0.1439,0.07284
96,64,289,0.2177,0.1457,0.272,0.2177
97,64,292,0.2895,0.2157,0.07182,0.07182
98,64,295,0.2157,0.2895,0.2157,0.1447
99,64,298,0.2177,0.1457,0.1436,0.07182
,Dataset#,L,att_1,att_2,att_3,att_4
0,65,1,0.4857,0.5248,0.5144,0.5248
1,65,4,0.5655,0.5384,0.5494,0.5849
2,65,7,0.5575,0.5668,0.5923,0.5669
3,65,10,0.5493,0.5466,0.5089,0.5714
4,65,13,0.5673,0.5464,0.5671,0.5321
5,65,16,0.543,0.5098,0.5224,0.5504
6,65,19,0.5814,0.5207,0.5427,0.5133
7,65,22,0.5466,0.5485,0.5532,0.5145
8,65,25,0.5315,0.5274,0.5779,0.5358
9,65,28,0.4804,0.5453,0.5,0.4765
10,65,31,0.536,0.4843,0.5214,0.5133
11,65,34,0.5353,0.571,0.5454,0.5261
12,65,37,0.4222,0.48,0.536,0.5578
13,65,40,0.5004,0.5682,0.4943,0.5078
14,65,43,0.528,0.5147,0.5231,0.4931
15,65,46,0.4579,0.4608,0.5254,0.4466
16,65,49,0.5483,0.5113,0.4484,0.5397
17,65,52,0.4457,0.4201,0.4431,0.5376
18,65,55,0.4609,0.5355,0.5098,0.4914
19,65,58,0.5273,0.4814,0.4806,0.4462
20,65,61,0.5118,0.542,0.5332,0.4509
21,65,64,0.4493,0.3852,0.4816,0.3847
22,65,67,0.4345,0.4704,0.4951,0.5281
23,65,70,0.5344,0.3685,0.3532,0.4444
24,65,73,0.5791,0.3353,0.4611,0.531
25,65,76,0.4119,0.4621,0.4215,0.4211
26,65,79,0.4793,0.3558,0.4686,0.4249
27,65,82,0.3926,0.4533,0.416,0.4961
28,65,85,0.4378,0.466,0.5283,0.4543
29,65,88,0.4451,0.5286,0.5265,0.4872
30,65,91,0.4687,0.1737,0.4582,0.4831
31,65,94,0.4652,0.4864,0.4994,0.4402
32,65,97,0.3928,0.3927,0.4422,0.2792
33,65,100,0.3854,0.4505,0.3869,0.5355
34,65,103,0.471,0.4135,0.4374,0.3228
35,65,106,0.5252,0.4461,0.5186,0.4524
36,65,109,0.4609,0.4954,0.3745,0.448
37,65,112,0.4652,0.5638,0.5311,0.4286
38,65,115,0.3655,0.3582,0.2533,0.3817
39,65,118,0.2735,0.3301,0.4227,0.4026
40,65,121,0.4016,0.4307,0.4856,0.465
41,65,124,0.4773,0.4681,0.2873,0.4959
42,65,127,0.329,0.3732,0.3444,0.2877
43,65,130,0.3424,0.4209,0.343,0.297
44,65,133,0.3649,0.4116,0.4192,0.4944
45,65,136,0.4915,0.2771,0.5223,0.3723
46,65,139,0.4409,0.3335,0.3861,0.4505
47,65,142,0.3343,0.2767,0.2907,0.3238
48,65,145,0.3485,0.4574,0.3616,0.2807
49,65,148,0.2203,0.3202,0.424,0.3343
50,65,151,0.2533,0.3749,0.4436,0.4392
51,65,154,0.4007,0.4718,0.332,0.4033
52,65,157,0.4279,0.4224,0.3234,0.3451
53,65,160,0.3812,0.4294,0.4624,0.4539
54,65,163,0.325,0.3625,0.3709,0.26
55,65,166,0.4206,0.2256,0.4846,0.2418
56,65,169,0.1307,0,0.2159,0.3249
57,65,172,0.1307,0.1992,0.1849,0.2011
58,65,175,0.1722,0.1298,0.2002,0.1737
59,65,178,0.1429,0,0,0.08684
60,65,181,0.08572,0.1737,0.2248,0.03902
61,65,184,0.1679,0,0.1617,0.04294
62,65,187,0.1933,0.0439,0.04294,0.08684
63,65,190,0.08684,0.1367,0.2032,0.0439
64,65,193,0.0878,0.2409,0.08684,0.1365
65,65,196,0.04294,0.0439,0.1387,0.0439
66,65,199,0.0878,0.1298,0.04294,0.0439
67,65,202,0.04294,0.1409,0,0.0439
68,65,205,0.0878,0.0878,0.04294,0.0439
69,65,208,0.0439,0,0.1756,0.08684
70,65,211,0.08684,0.1448,0.1251,0.08684
71,65,214,0,0.0878,0.2176,0.0439
72,65,217,0,0.0439,0.0878,0.08588
73,65,220,0,0.0439,0.08588,0.181
74,65,223,0.04294,0,0.1699,0.08684
75,65,226,0.04294,0.1964,0.08588,0.1272
76,65,229,0.08684,0.0439,0.0439,0.0878
77,65,232,0.0439,0.08684,0.04294,0
78,65,235,0.04294,0.08588,0.0878,0.04294
79,65,238,0.08684,0.1298,0.1298,0.0878
80,65,241,0.04294,0.04294,0.04294,0.0439
81,65,244,0.0878,0,0.0439,0.0439
82,65,247,0,0,0.1298,0.04294
83,65,250,0.0878,0.1307,0.1307,0.1307
84,65,253,0.1307,0.0439,0.1307,0.08684
85,65,256,0.1746,0.08684,0.08684,0.0439
86,65,259,0.04294,0,0.1307,0.04294
87,65,262,0.08684,0.04294,0.1746,0.1298
88,65,265,0.0439,0,0.1307,0.1298
89,65,268,0,0.1298,0.1737,0.1298
90,65,271,0.08684,0.0878,0.0439,0
91,65,274,0.08684,0.0439,0.08684,0.0878
92,65,277,0.0439,0.0878,0.0878,0.08684
93,65,280,0.1307,0.0439,0.0439,0
94,65,283,0.08684,0.1737,0.08588,0.04294
95,65,286,0.0439,0.1746,0.1307,0.08684
96,65,289,0.1307,0,0.0878,0
97,65,292,0.08684,0,0.1298,0.08684
98,65,295,0.0439,0.04294,0.0439,0.04294
99,65,298,0.0878,0.1298,0.0439,0.1307
,Dataset#,L,att_1,att_2,att_3,att_4
0,66,1,0.4039,0.3919,0.4224,0.4067
1,66,4,0.4212,0.4166,0.4336,0.4117
2,66,7,0.4081,0.4351,0.3957,0.4486
3,66,10,0.4312,0.4091,0.4085,0.4277
4,66,13,0.3994,0.4178,0.4324,0.4172
5,66,16,0.3563,0.391,0.4207,0.4188
6,66,19,0.4218,0.4069,0.3925,0.399
7,66,22,0.4166,0.3984,0.4088,0.4021
8,66,25,0.4068,0.4098,0.4232,0.4327
9,66,28,0.4152,0.4004,0.3961,0.3922
10,66,31,0.3892,0.3741,0.4237,0.4047
11,66,34,0.3784,0.3905,0.3175,0.3468
12,66,37,0.411,0.3842,0.411,0.3389
13,66,40,0.3935,0.4067,0.3712,0.3784
14,66,43,0.3892,0.3738,0.3492,0.3571
15,66,46,0.3643,0.4361,0.3273,0.3527
16,66,49,0.3812,0.3496,0.4251,0.3975
17,66,52,0.3633,0.3123,0.4184,0.3319
18,66,55,0.4178,0.4013,0.4287,0.3396
19,66,58,0.3549,0.3453,0.3503,0.3838
20,66,61,0.3571,0.351,0.326,0.2975
21,66,64,0.3533,0.3526,0.3615,0.2902
22,66,67,0.3239,0.4102,0.3973,0.3604
23,66,70,0.375,0.3777,0.3165,0.208
24,66,73,0.2817,0.3741,0.4276,0.4001
25,66,76,0.3517,0.3338,0.2624,0.3604
26,66,79,0.2703,0.3387,0.2497,0.4133
27,66,82,0.3192,0.3831,0.4024,0.3548
28,66,85,0.3547,0.3422,0.3643,0.2553
29,66,88,0.2896,0.3245,0.3685,0.3617
30,66,91,0.374,0.2283,0.2503,0.3061
31,66,94,0.2261,0.426,0.32,0.3634
32,66,97,0.2406,0.3947,0.216,0.2681
33,66,100,0.2989,0.2798,0.3617,0.3136
34,66,103,0.2291,0.3703,0.3328,0.3111
35,66,106,0.4204,0.3409,0.2423,0.2112
36,66,109,0.2882,0.3259,0.3549,0.3618
37,66,112,0.2879,0.2876,0.2802,0.3695
38,66,115,0.3682,0.2825,0.2541,0.291
39,66,118,0.3134,0.3097,0.2738,0.3621
40,66,121,0.2324,0.3077,0.3452,0.2681
41,66,124,0.2463,0.3029,0.2539,0.3462
42,66,127,0.3269,0.3765,0.2981,0.3607
43,66,130,0.2305,0.3483,0.3727,0.3423
44,66,133,0.3095,0.2689,0.3823,0.2843
45,66,136,0.2774,0.2779,0.3055,0.3041
46,66,139,0.2328,0.2195,0.3154,0.1782
47,66,142,0.2505,0.2184,0.2558,0.4154
48,66,145,0.1486,0.3487,0.3915,0.2678
49,66,148,0.1873,0.2193,0.2249,0.2978
50,66,151,0.3639,0.247,0.3441,0.2702
51,66,154,0.3054,0.3022,0.3613,0.3063
52,66,157,0.2656,0.3961,0.2426,0.287
53,66,160,0.263,0.3025,0.3303,0.2993
54,66,163,0.2759,0.2282,0.3289,0.175
55,66,166,0.2727,0.2724,0.2732,0.3496
56,66,169,0.1825,0.2379,0.2373,0.1969
57,66,172,0.1114,0.2974,0,0.1804
58,66,175,0.08086,0.0743,0.0743,0.1114
59,66,178,0.0371,0.1505,0.1189,0.1432
60,66,181,0.0371,0.08172,0.0742,0.1587
61,66,184,0.1114,0.0743,0.1115,0.1053
62,66,187,0.0743,0.0372,0.1453,0.0742
63,66,190,0.1165,0.0743,0.1261,0.1046
64,66,193,0.1529,0.1205,0.1486,0.0371
65,66,196,0.1181,0.1589,0.1486,0.1963
66,66,199,0.2649,0.0743,0.126,0.0742
67,66,202,0.1115,0.0742,0.0743,0.1584
68,66,205,0.1115,0.1113,0.09044,0.1702
69,66,208,0.0742,0.0743,0.1652,0.1486
70,66,211,0.1115,0.0742,0.0743,0.1542
71,66,214,0.0742,0.0742,0,0.0372
72,66,217,0.0371,0.0743,0.0371,0.1808
73,66,220,0.1114,0.0742,0,0.0742
74,66,223,0,0,0,0.1115
75,66,226,0.0743,0.1114,0.1135,0.0372
76,66,229,0.0742,0.1113,0.2432,0.1115
77,66,232,0,0,0.0742,0.1471
78,66,235,0.0743,0.0372,0.09962,0.0372
79,66,238,0.1114,0.0742,0.1617,0.0744
80,66,241,0.0371,0.0743,0.0743,0.1113
81,66,244,0.0371,0,0.0372,0.0372
82,66,247,0.1114,0,0.0371,0.1597
83,66,250,0,0.1115,0.1115,0.0743
84,66,253,0.0372,0.0372,0,0.0743
85,66,256,0.0743,0.0372,0.0742,0.0372
86,66,259,0.1114,0.1857,0.0371,0.0372
87,66,262,0.0743,0.0742,0.0742,0.0743
88,66,265,0.1115,0.0372,0.0743,0.0371
89,66,268,0.1485,0.1114,0.1115,0.0743
90,66,271,0.0743,0.0744,0.0371,0
91,66,274,0,0.0743,0.1486,0.0372
92,66,277,0.0372,0,0.0371,0.1114
93,66,280,0.0743,0.0743,0.0371,0.1114
94,66,283,0.0372,0.0742,0.0371,0.0743
95,66,286,0.0743,0.1115,0.1114,0.0742
96,66,289,0.0371,0.1486,0.0742,0.0372
97,66,292,0,0.0742,0.0742,0.1114
98,66,295,0.0743,0.1115,0.0371,0.0371
99,66,298,0.1486,0.1113,0.0742,0.0743
,Dataset#,L,att_1,att_2,att_3,att_4
0,67,1,0.624,0.6225,0.637,0.6283
1,67,4,0.645,0.6364,0.6532,0.6251
2,67,7,0.6482,0.6421,0.6543,0.6552
3,67,10,0.6511,0.6753,0.6466,0.6313
4,67,13,0.6578,0.6491,0.6651,0.6409
5,67,16,0.6679,0.6863,0.6213,0.6511
6,67,19,0.6374,0.6894,0.6112,0.6519
7,67,22,0.6211,0.6573,0.5741,0.6016
8,67,25,0.6153,0.6202,0.6039,0.6217
9,67,28,0.5817,0.6217,0.6381,0.6363
10,67,31,0.5332,0.5525,0.5938,0.5309
11,67,34,0.6661,0.493,0.5871,0.4612
12,67,37,0.5421,0.5504,0.5489,0.5416
13,67,40,0.5642,0.5012,0.5268,0.5922
14,67,43,0.5371,0.4612,0.5351,0.4874
15,67,46,0.5517,0.5696,0.5842,0.5176
16,67,49,0.5048,0.6182,0.5537,0.6044
17,67,52,0.5048,0.5664,0.5065,0.5383
18,67,55,0.5496,0.5029,0.4943,0.4996
19,67,58,0.4991,0.524,0.5334,0.5278
20,67,61,0.5832,0.4612,0.5524,0.4991
21,67,64,0.5467,0.493,0.5484,0.5651
22,67,67,0.4941,0.593,0.5328,0.5324
23,67,70,0.5329,0.5769,0.5335,0.6265
24,67,73,0.5596,0.4612,0.5017,0.5589
25,67,76,0.4952,0.5227,0.5369,0.4612
26,67,79,0.5896,0.5244,0.4612,0.4877
27,67,82,0.528,0.4666,0.5308,0.4612
28,67,85,0.5234,0.5328,0.5387,0.5279
29,67,88,0.5048,0.4945,0.5213,0.5084
30,67,91,0.503,0.5805,0.5343,0.5825
31,67,94,0.4938,0.4612,0.534,0.4884
32,67,97,0.5204,0.4915,0.4843,0.563
33,67,100,0.5795,0.4877,0.524,0.4612
34,67,103,0.493,0.5816,0.5671,0.5271
35,67,106,0.4968,0.4889,0.4894,0.4915
36,67,109,0.5746,0.5294,0.4915,0.4612
37,67,112,0.5089,0.5055,0.4612,0.4612
38,67,115,0.4941,0.5212,0.5325,0.489
39,67,118,0.5084,0.5272,0.4612,0.4996
40,67,121,0.4915,0.5219,0.5616,0.4945
41,67,124,0.4612,0.5055,0.4984,0.4942
42,67,127,0.5774,0.4612,0.5009,0.5697
43,67,130,0.5263,0.4612,0.4612,0.493
44,67,133,0.4612,0.4641,0.4882,0.4884
45,67,136,0.5312,0.5339,0.5095,0.5321
46,67,139,0.4612,0.5633,0.5393,0.4612
47,67,142,0.5205,0.4612,0.4612,0.4612
48,67,145,0.5834,0.5814,0.4964,0.5061
49,67,148,0.4901,0.4612,0.4996,0.4612
50,67,151,0.5206,0.4612,0.4612,0.5373
51,67,154,0.4612,0.4612,0.4949,0.5233
52,67,157,0.4996,0.5657,0.5517,0.489
53,67,160,0.5281,0.4612,0.4877,0.5503
54,67,163,0.5003,0.5237,0.493,0.4612
55,67,166,0.4877,0.4947,0.4805,0.4449
56,67,169,0.493,0.4915,0.4884,0.4612
57,67,172,0.4612,0.4612,0.3956,0.533
58,67,175,0.4944,0.493,0.4612,0.3688
59,67,178,0.4996,0.3693,0.4612,0.3688
60,67,181,0.4897,0.4612,0.4612,0.4996
61,67,184,0.3688,0.2768,0.4915,0.4919
62,67,187,0.4272,0.493,0.3693,0.3991
63,67,190,0.5026,0.3693,0.3469,0.4612
64,67,193,0.4008,0.2768,0.2764,0.4612
65,67,196,0.2768,0.3028,0.5299,0.3693
66,67,199,0.3688,0.2773,0.493,0.3952
67,67,202,0.5305,0.2773,0.3076,0.2768
68,67,205,0.2768,0.4024,0.2764,0.4915
69,67,208,0.493,0.3688,0.4072,0.4612
70,67,211,0.2764,0.4612,0.3688,0.4005
71,67,214,0.3693,0.4915,0.4022,0.3688
72,67,217,0.4612,0.3693,0.2768,0.3693
73,67,220,0.5259,0.4612,0.4915,0.09196
74,67,223,0.4612,0.2768,0.3688,0.2773
75,67,226,0.2161,0.4996,0.3152,0.2773
76,67,229,0.2764,0.2773,0.3693,0.2773
77,67,232,0.3688,0.4996,0.2768,0.3693
78,67,235,0.2233,0.3688,0.2768,0.1849
79,67,238,0.4612,0.2768,0.3693,0.3688
80,67,241,0.3688,0.09244,0.4072,0.3991
81,67,244,0.4612,0.4612,0.3086,0.2768
82,67,247,0.3688,0.4612,0.224,0.1844
83,67,250,0.2768,0.2768,0.3693,0.4612
84,67,253,0.4612,0.2764,0.3688,0.3688
85,67,256,0.2768,0.3086,0.09196,0.2773
86,67,259,0.3688,0.3688,0.4612,0.2768
87,67,262,0.2768,0.3693,0.3688,0.3033
88,67,265,0.3688,0.2768,0.3688,0.4612
89,67,268,0.2768,0.3688,0.2768,0.1849
90,67,271,0.09244,0.4612,0.4612,0.1844
91,67,274,0.2773,0.2764,0.3688,0.3991
92,67,277,0.3693,0.2768,0.2768,0.2768
93,67,280,0.2764,0.2768,0.2768,0.2768
94,67,283,0.3688,0.1849,0.4077,0.2768
95,67,286,0.3693,0.2768,0.1844,0.3952
96,67,289,0.3688,0.3688,0.2764,0.2773
97,67,292,0.4612,0.3688,0.1849,0.2773
98,67,295,0.1844,0.3688,0.3091,0.2764
99,67,298,0.1844,0.3688,0.3091,0.3688
,Dataset#,L,att_1,att_2,att_3,att_4
0,68,1,0.914,0.9236,0.914,0.9227
1,68,4,0.9357,0.9412,0.9512,0.9395
2,68,7,0.9231,0.925,0.9218,0.9263
3,68,10,0.9256,0.9275,0.9279,0.9332
4,68,13,0.9354,0.9268,0.9171,0.9277
5,68,16,0.938,0.8499,0.9308,0.9367
6,68,19,0.9119,0.9324,0.9245,0.9348
7,68,22,0.9212,0.8443,0.934,0.9339
8,68,25,0.8532,0.8506,0.9291,0.9224
9,68,28,0.929,0.9446,0.9207,0.9388
10,68,31,0.8529,0.9254,0.9314,0.9483
11,68,34,0.9371,0.8921,0.908,0.9213
12,68,37,0.7898,0.9321,0.9346,0.9338
13,68,40,0.8485,0.9234,0.9285,0.9267
14,68,43,0.9408,0.9303,0.9177,0.8484
15,68,46,0.9195,0.9229,0.9282,0.8444
16,68,49,0.7635,0.8532,0.8353,0.7644
17,68,52,0.9431,0.9334,0.8482,0.9252
18,68,55,0.9258,0.9423,0.8272,0.8402
19,68,58,0.848,0.85,0.8664,0.9166
20,68,61,0.7491,0.9236,0.8369,0.8474
21,68,64,0.9014,0.8477,0.9268,0.9192
22,68,67,0.9312,0.6853,0.8355,0.8374
23,68,70,0.8442,0.8414,0.9235,0.9158
24,68,73,0.9324,0.7806,0.8353,0.9383
25,68,76,0.7664,0.8558,0.586,0.925
26,68,79,0.8579,0.9231,0.7648,0.8418
27,68,82,0.8593,0.8453,0.9226,0.7549
28,68,85,0.8374,0.843,0.768,0.8552
29,68,88,0.8419,0.7753,0.9276,0.8522
30,68,91,0.8508,0.7534,0.929,0.6906
31,68,94,0.7748,0.7678,0.7436,0.7435
32,68,97,0.8333,0.8433,0.9068,0.6836
33,68,100,0.9182,0.8382,0.9252,0.8517
34,68,103,0.8489,0.9151,0.7513,0.7583
35,68,106,0.914,0.8607,0.7595,0.8298
36,68,109,0.7525,0.841,0.7747,0.7575
37,68,112,0.9209,0.6839,0.8322,0.8424
38,68,115,0.7429,0.7424,0.8336,0.7628
39,68,118,0.6824,0.9182,0.6663,0.7538
40,68,121,0.9359,0.6703,0.6761,0.918
41,68,124,0.7615,0.9196,0.759,0.9252
42,68,127,0.6883,0.914,0.9207,0.6702
43,68,130,0.8574,0.8502,0.8382,0.8619
44,68,133,0.8418,0.8411,0.838,0.8465
45,68,136,0.8417,0.9133,0.776,0.8312
46,68,139,0.6876,0.8351,0.8303,0.7663
47,68,142,0.7701,0.6881,0.8392,0.8316
48,68,145,0.8257,0.9236,0.82,0.9118
49,68,148,0.7599,0.8301,0.5948,0.6767
50,68,151,0.7399,0.6699,0.7617,0.8277
51,68,154,0.7671,0.9288,0.8449,0.9138
52,68,157,0.5977,0.6692,0.9184,0.7541
53,68,160,0.8292,0.8385,0.9167,0.7616
54,68,163,0.7576,0.7518,0.7549,0.8385
55,68,166,0.8312,0.7554,0.777,0.8383
56,68,169,0.7405,0.8533,0.8352,0.9089
57,68,172,0.8263,0.676,0.7443,0.6502
58,68,175,0.6609,0.6529,0.4681,0.8292
59,68,178,0.6839,0.3836,0.7432,0.8494
60,68,181,0.5731,0.4951,0.3625,0.5566
61,68,184,0.7238,0.465,0.1031,0.3722
62,68,187,0.5354,0.309,0.2065,0.3919
63,68,190,0.4662,0.3924,0.4832,0.557
64,68,193,0.1033,0.1027,0.309,0.2885
65,68,196,0.4601,0.6502,0.5731,0.3601
66,68,199,0.3919,0.5643,0.2057,0.5977
67,68,202,0.3912,0.3807,0.2888,0.2059
68,68,205,0.3631,0.3716,0.2786,0.4877
69,68,208,0.5595,0.309,0.3522,0.38
70,68,211,0.3544,0.5413,0.462,0.383
71,68,214,0.2807,0.1031,0.3989,0.5779
72,68,217,0.2059,0.2773,0.4951,0.1027
73,68,220,0.4665,0.1033,0.2059,0.3092
74,68,223,0.5582,0.6609,0.1033,0.5735
75,68,226,0.4863,0.6005,0.1033,0.5865
76,68,229,0.2065,0.3607,0.6609,0.1746
77,68,232,0.3885,0.464,0.2057,0.3912
78,68,235,0,0.2786,0.309,0.2065
79,68,238,0.4957,0.4123,0.3086,0.5779
80,68,241,0.2057,0.3918,0.2059,0.2797
81,68,244,0.4945,0,0.6402,0.1033
82,68,247,0.3805,0.2059,0.1033,0.1031
83,68,250,0.3912,0.1033,0.5485,0.5645
84,68,253,0.2057,0.2059,0.4123,0.1027
85,68,256,0.3086,0.1031,0.5805,0.4123
86,68,259,0.3914,0,0.2063,0.2059
87,68,262,0.3096,0.309,0,0.3086
88,68,265,0.2059,0.3914,0.3886,0.2059
89,68,268,0.1033,0.2059,0.1033,0.1031
90,68,271,0.1031,0.3836,0.2057,0.4748
91,68,274,0.3092,0.2065,0.1033,0
92,68,277,0.2059,0.1027,0.2057,0.2928
93,68,280,0.2059,0.2054,0.309,0.1031
94,68,283,0,0.597,0.3086,0
95,68,286,0.2059,0.1027,0,0.2063
96,68,289,0.3808,0.464,0.2057,0.4123
97,68,292,0.2059,0.1033,0.309,0.1027
98,68,295,0.3813,0,0.309,0.3092
99,68,298,0.2057,0.3086,0.4123,0
,Dataset#,L,att_1,att_2,att_3,att_4
0,69,1,0.9924,0.9924,0.9924,0.9924
1,69,4,0.9924,0.9924,0.9924,0.9924
2,69,7,0.9924,0.9924,0.9924,0.9924
3,69,10,0.9924,0.9924,0.9924,0.9924
4,69,13,0.9924,0.9924,0.9924,0.9924
5,69,16,0.9924,0.9924,0.9924,0.9924
6,69,19,0.9924,0.9924,0.8287,0.9924
7,69,22,0.9924,0.9924,0.9924,0.9924
8,69,25,0.6676,0.9924,0.8883,0.9924
9,69,28,0.9924,0.9924,0.9924,0.9924
10,69,31,0.6676,0.6676,0.6313,0.8313
11,69,34,0.9924,0.6702,0.6651,0.8313
12,69,37,0.8287,0.9924,0.5065,0.504
13,69,40,0.8287,0.6702,0.6676,0.6676
14,69,43,0.5065,0.3429,0.8287,0.8313
15,69,46,0.8313,0.6313,0.6651,0.8313
16,69,49,0.4702,0.8313,0.6651,0.8287
17,69,52,0.6676,0.8287,0.5065,0.8287
18,69,55,0.6676,0.8313,0.9924,0.9924
19,69,58,0.8287,0.8313,0.8287,0.504
20,69,61,0.6702,0.8313,0.5989,0.6651
21,69,64,0.8313,0.5065,0.6676,0.6676
22,69,67,0.8313,0.6702,0.5065,0.6676
23,69,70,0.9924,0.5065,0.8313,0.9924
24,69,73,0.6676,0.5091,0.5065,0.6676
25,69,76,0.6651,0.9924,0.5065,0.8313
26,69,79,0.7949,0.4702,0.504,0.4702
27,69,82,0.8313,0.5742,0.504,0.8287
28,69,85,0.6702,0.6313,0.6676,0.8313
29,69,88,0.524,0.8313,0.8313,0.3065
30,69,91,0.504,0.8313,0.5091,0.4338
31,69,94,0.4702,0.3454,0.6338,0.504
32,69,97,0.6651,0.4702,0.5975,0.5065
33,69,100,0.8313,0.6676,0.8287,0.6676
34,69,103,0.6702,0.6338,0.3429,0.4702
35,69,106,0.6313,0.7924,0.4313,0.3065
36,69,109,0.6676,0.4338,0.1454,0.3454
37,69,112,0.5923,0.5065,0.6676,0.4676
38,69,115,0.6338,0.6762,0.6338,0.6313
39,69,118,0.504,0.07272,0.4702,0.6676
40,69,121,0.8313,0.4338,0.9924,0.6313
41,69,124,0.4702,0.4702,0.4702,0.3065
42,69,127,0.1454,0.4338,0.3429,0.6313
43,69,130,0.2727,0.3065,0.3091,0.6676
44,69,133,0.3429,0.4338,0.4364,0.8287
45,69,136,0.8313,0.5065,0.1091,0.3429
46,69,139,0.3429,0.6702,0.2702,0.3454
47,69,142,0.4313,0.2727,0.3091,0.3065
48,69,145,0.3065,0.5091,0.4702,0.2702
49,69,148,0.5065,0.349,0.3429,0.5091
50,69,151,0.6313,0.1454,0.1454,0.3454
51,69,154,0.4313,0.1454,0.3429,0.1818
52,69,157,0.7924,0.3429,0.1454,0.4676
53,69,160,0.4338,0.2727,0.5949,0.3454
54,69,163,0.1818,0.4338,0.1091,0.2338
55,69,166,0.1818,0.4338,0.4702,0.3065
56,69,169,0.2727,0.4702,0.2727,0.2364
57,69,172,0.3429,0.4676,0.7949,0.6676
58,69,175,0.07272,0.4702,0.1454,0.2702
59,69,178,0.07272,0.4702,0.1454,0.07272
60,69,181,0.5065,0.3975,0.5065,0.4702
61,69,184,0.4676,0.2727,0.6313,0.5065
62,69,187,0.3091,0.3091,0.4338,0.2702
63,69,190,0.1091,0.1091,0.03636,0.3065
64,69,193,0.07272,0.07272,0.1091,0.1818
65,69,196,0.504,0.1091,0.3975,0.3065
66,69,199,0.2727,0.1091,0.1454,0.3091
67,69,202,0.1975,0.5065,0.2364,0.2702
68,69,205,0.07272,0.6676,0.4338,0.07272
69,69,208,0.1454,0.1454,0.03636,0.2338
70,69,211,0.1091,0.5065,0.1454,0.07272
71,69,214,0.2338,0.1454,0.07272,0.3429
72,69,217,0.2702,0.07272,0.2338,0.2727
73,69,220,0.1091,0.2702,0.4338,0.2
74,69,223,0.07272,0.1454,0.1454,0.1975
75,69,226,0.03636,0.1454,0.03636,0.3065
76,69,229,0.4313,0.2338,0.1091,0.4702
77,69,232,0.03636,0.07272,0.3065,0.1091
78,69,235,0.1091,0.07272,0.1091,0.3065
79,69,238,0.3429,0.1091,0.07272,0.1091
80,69,241,0.03636,0.07272,0.1454,0.1091
81,69,244,0.1454,0.1091,0.07272,0.1091
82,69,247,0.1091,0.03636,0.3065,0
83,69,250,0.07272,0.2364,0.1454,0.03636
84,69,253,0.2702,0.1454,0.2727,0.07272
85,69,256,0.03636,0.2727,0.03636,0.07272
86,69,259,0.1091,0.2727,0.03636,0.03636
87,69,262,0.07272,0.1091,0.03636,0.07272
88,69,265,0.03636,0,0.1454,0.3429
89,69,268,0.07272,0.1454,0.4702,0.07272
90,69,271,0.07272,0.4702,0.1091,0.1091
91,69,274,0.07272,0.1091,0.07272,0.03636
92,69,277,0.1454,0.03636,0.2338,0.07272
93,69,280,0.07272,0,0.07272,0.03636
94,69,283,0.1091,0.03636,0.03636,0.1091
95,69,286,0.1091,0.1091,0.07272,0.1091
96,69,289,0.1454,0.2727,0,0.1454
97,69,292,0.2338,0.03636,0.07272,0.07272
98,69,295,0.07272,0.03636,0.07272,0.1454
99,69,298,0,0,0.07272,0.1454
,Dataset#,L,att_1,att_2,att_3,att_4
0,70,1,0.9951,0.9925,0.9926,0.9924
1,70,4,0.9975,0.995,0.9949,0.9975
2,70,7,0.995,0.9975,0.9874,0.9925
3,70,10,0.9899,0.9901,0.9949,0.9922
4,70,13,0.9949,0.995,0.995,0.995
5,70,16,0.9949,0.9925,0.9975,0.995
6,70,19,0.9975,0.9926,0.9901,0.9923
7,70,22,0.9845,0.9949,0.9975,0.9926
8,70,25,0.995,0.9975,1,0.9975
9,70,28,0.9975,0.9899,0.9925,0.9924
10,70,31,0.9975,0.9949,0.9925,0.9975
11,70,34,0.99,0.9975,0.9877,0.99
12,70,37,0.9975,0.9925,0.9975,0.9949
13,70,40,0.995,0.9949,0.9899,0.9925
14,70,43,0.995,0.99,0.9949,0.9925
15,70,46,0.9949,0.7951,0.995,0.995
16,70,49,0.99,0.9975,0.9975,0.9949
17,70,52,0.9975,0.9925,0.9926,0.9925
18,70,55,0.8338,0.995,0.9949,0.8289
19,70,58,0.9925,0.9898,0.99,0.8314
20,70,61,0.9926,0.9928,0.9772,0.9926
21,70,64,0.8313,0.9899,0.6727,0.8338
22,70,67,0.8314,0.9901,0.8338,0.8289
23,70,70,0.8313,0.9832,0.8312,0.9872
24,70,73,0.8262,0.8238,0.8287,0.9872
25,70,76,0.9829,0.6601,0.9949,0.8209
26,70,79,0.6676,0.8338,0.9832,0.9925
27,70,82,0.9949,0.6678,0.8262,0.9873
28,70,85,0.9876,0.9927,0.8314,0.9897
29,70,88,0.6702,0.8314,0.8237,0.9875
30,70,91,0.8287,0.9874,0.9744,0.8338
31,70,94,0.9901,0.995,0.9926,0.8338
32,70,97,0.9926,0.995,0.8313,0.985
33,70,100,0.9899,0.8338,0.99,0.9873
34,70,103,0.8,0.8264,0.8212,0.9901
35,70,106,0.9898,0.9925,0.8338,0.9949
36,70,109,0.995,0.8364,0.9949,0.9925
37,70,112,0.7949,0.9878,0.99,0.8313
38,70,115,0.8313,0.8315,0.8264,0.8338
39,70,118,0.9926,0.9901,0.6676,0.9901
40,70,121,0.9925,0.9925,0.8262,0.9848
41,70,124,0.8339,0.9898,0.9975,0.99
42,70,127,0.9795,0.995,0.7975,0.9925
43,70,130,0.9897,0.9901,0.8241,0.9975
44,70,133,0.9716,0.9873,0.9923,0.9869
45,70,136,0.9975,0.7975,0.9873,0.9925
46,70,139,0.9851,0.8241,0.9926,0.6289
47,70,142,0.7852,0.9757,0.8238,0.9925
48,70,145,0.995,0.795,0.6628,0.7902
49,70,148,0.7854,0.7924,0.6338,0.6653
50,70,151,0.9833,0.995,0.7924,0.8264
51,70,154,0.7852,0.9901,0.7975,0.6314
52,70,157,0.8,0.9529,0.7949,0.9897
53,70,160,0.6239,0.4702,0.9876,0.8264
54,70,163,0.6653,0.8103,0.8213,0.9877
55,70,166,0.6314,0.9719,0.8339,0.8288
56,70,169,0.9975,0.9852,0.6702,0.795
57,70,172,0.4339,0.6339,0.6338,0.4315
58,70,175,0.4338,0.2,0.2,0.3975
59,70,178,0,0.4,0.2,0.4
60,70,181,0.1975,0.3975,0.2678,0.4
61,70,184,0.2727,0,0,0.2727
62,70,187,0.2703,0.2,0.5877,0.07272
63,70,190,0,0.2364,0.1091,0.1975
64,70,193,0.1951,0,0.03636,0.4314
65,70,196,0,0.03636,0.195,0.1333
66,70,199,0,0,0.4,0
67,70,202,0.2364,0,0.2338,0
68,70,205,0,0.4,0.1949,0.1949
69,70,208,0.2,0,0.03636,0.03636
70,70,211,0.2338,0.03636,0.2339,0
71,70,214,0.03636,0,0.03636,0.1975
72,70,217,0.1975,0,0,0
73,70,220,0,0.1975,0.2364,0.1905
74,70,223,0,0.03636,0,0
75,70,226,0,0.2,0.03636,0.2
76,70,229,0.3899,0,0,0
77,70,232,0,0.2,0,0.1091
78,70,235,0.2703,0.2727,0.1975,0.2676
79,70,238,0,0.03636,0,0.03636
80,70,241,0.2339,0.2,0.03636,0
81,70,244,0.03636,0.03636,0.2727,0
82,70,247,0,0,0.195,0.2
83,70,250,0.1975,0.2566,0.03636,0
84,70,253,0.03636,0,0.1091,0
85,70,256,0.03636,0.03636,0,0.03636
86,70,259,0,0,0,0
87,70,262,0.1758,0.03636,0.03636,0
88,70,265,0.03636,0.07272,0.03636,0
89,70,268,0,0,0.03636,0
90,70,271,0,0.03636,0.03636,0
91,70,274,0,0,0,0
92,70,277,0.1975,0.03636,0.07272,0
93,70,280,0.2364,0,0.03636,0
94,70,283,0.03636,0.2364,0.03636,0.03636
95,70,286,0,0.03636,0.1926,0.07272
96,70,289,0,0.03636,0.03636,0.03636
97,70,292,0.1951,0,0,0
98,70,295,0.03636,0,0,0
99,70,298,0,0,0.03636,0
,Dataset#,L,att_1,att_2,att_3,att_4
0,71,1,0.9734,0.9827,0.9804,0.9668
1,71,4,0.9875,0.995,0.995,0.9975
2,71,7,0.9779,0.9877,0.98,0.9949
3,71,10,0.9875,0.9849,0.9802,0.9849
4,71,13,0.9852,0.9849,0.9873,0.9873
5,71,16,0.9874,0.9899,0.9848,0.9875
6,71,19,0.98,0.9925,0.9898,0.9776
7,71,22,0.9776,0.9872,0.99,0.9827
8,71,25,0.9873,0.9775,0.9735,0.9722
9,71,28,0.9748,0.985,0.9827,0.9875
10,71,31,0.9949,0.9851,0.9925,0.9827
11,71,34,0.98,0.9851,0.9848,0.9796
12,71,37,0.9847,0.9899,0.9873,0.9899
13,71,40,0.9732,0.9822,0.9848,0.9925
14,71,43,0.9821,0.9924,0.98,0.9847
15,71,46,0.9898,0.9804,0.9875,0.9849
16,71,49,0.9822,0.985,0.9849,0.9749
17,71,52,0.9823,0.9755,0.99,0.9746
18,71,55,0.9772,0.9796,0.9875,0.9662
19,71,58,0.9749,0.9749,0.9898,0.9873
20,71,61,0.9828,0.8097,0.9841,0.9825
21,71,64,0.9729,0.9775,0.9825,0.975
22,71,67,0.9851,0.9899,0.9851,0.9823
23,71,70,0.9825,0.9727,0.9824,0.9775
24,71,73,0.9847,0.973,0.9669,0.978
25,71,76,0.9823,0.9707,0.9873,0.9776
26,71,79,0.9825,0.8288,0.9848,0.9823
27,71,82,0.9849,0.9823,0.9874,0.9771
28,71,85,0.8906,0.9847,0.9567,0.6625
29,71,88,0.9776,0.9778,0.8189,0.9801
30,71,91,0.7849,0.9769,0.9849,0.9798
31,71,94,0.9852,0.9728,0.968,0.9802
32,71,97,0.9772,0.9873,0.9747,0.79
33,71,100,0.5732,0.9752,0.9925,0.9848
34,71,103,0.7874,0.8117,0.9849,0.9875
35,71,106,0.7852,0.9848,0.9726,0.9568
36,71,109,0.78,0.9849,0.9848,0.7798
37,71,112,0.9775,0.985,0.8165,0.9799
38,71,115,0.9775,0.9801,0.9731,0.9725
39,71,118,0.7874,0.7852,0.9824,0.9797
40,71,121,0.7753,0.8213,0.8238,0.9823
41,71,124,0.8188,0.8262,0.7825,0.9721
42,71,127,0.9875,0.7822,0.7798,0.9828
43,71,130,0.9875,0.819,0.7847,0.7798
44,71,133,0.98,0.9615,0.7819,0.967
45,71,136,0.5872,0.7801,0.7685,0.2288
46,71,139,0.9754,0.7798,0.9849,0.7873
47,71,142,0.5924,0.8234,0.8212,0.7747
48,71,145,0.7823,0.773,0.2314,0.5925
49,71,148,0.7472,0.7875,0.8288,0.7848
50,71,151,0.4111,0.9778,0.98,0.7776
51,71,154,0.5723,0.8134,0.785,0.7803
52,71,157,0.7824,0.3806,0.7797,0.7769
53,71,160,0.9772,0.6103,0.9664,0.5824
54,71,163,0.7829,0.6264,0.7802,0.7848
55,71,166,0.8186,0.4314,0.9757,0.7823
56,71,169,0.5875,0.785,0.9797,0.4364
57,71,172,0.5826,0.3877,0,0.2312
58,71,175,0.1951,0.1867,0.2314,0
59,71,178,0.5875,0.4339,0.1926,0.1975
60,71,181,0,0.03636,0.3923,0.03636
61,71,184,0.03636,0.195,0.1924,0.1877
62,71,187,0.1152,0,0,0.2338
63,71,190,0.03636,0.03636,0,0.1902
64,71,193,0.1975,0,0,0.2203
65,71,196,0,0.2314,0,0.03636
66,71,199,0,0,0.3899,0.07272
67,71,202,0.1902,0.195,0.3924,0
68,71,205,0,0.1924,0,0.1922
69,71,208,0.2243,0.1949,0,0.1975
70,71,211,0.03636,0,0,0
71,71,214,0.1949,0.3854,0.03636,0.1922
72,71,217,0,0.03636,0.1926,0.07272
73,71,220,0.03636,0.03636,0.2653,0.1975
74,71,223,0,0,0.03636,0.2339
75,71,226,0.2339,0,0.1975,0.1924
76,71,229,0,0.195,0.03636,0.03636
77,71,232,0.195,0,0.1753,0.2314
78,71,235,0,0,0.1902,0
79,71,238,0.1975,0.1926,0,0.1857
80,71,241,0.07272,0,0.07272,0.1949
81,71,244,0,0,0.03636,0.2625
82,71,247,0,0.188,0,0.195
83,71,250,0,0,0,0
84,71,253,0,0,0,0
85,71,256,0,0,0.03636,0
86,71,259,0,0.229,0.2339,0.03636
87,71,262,0,0.03636,0,0
88,71,265,0,0,0,0
89,71,268,0,0,0,0
90,71,271,0.03636,0,0,0
91,71,274,0.03636,0,0,0.03636
92,71,277,0,0.03636,0.07272,0
93,71,280,0,0,0.03636,0
94,71,283,0.07272,0,0,0
95,71,286,0,0.03636,0.03636,0.03636
96,71,289,0.03636,0,0,0.03636
97,71,292,0,0,0.03636,0
98,71,295,0.06838,0.03636,0.03636,0
99,71,298,0,0.03636,0.2312,0.03636
,Dataset#,L,att_1,att_2,att_3,att_4
0,72,1,0.9237,0.9108,0.9364,0.9303
1,72,4,0.9677,0.9702,0.9728,0.9679
2,72,7,0.965,0.9702,0.9617,0.9722
3,72,10,0.9773,0.9684,0.9533,0.9719
4,72,13,0.9675,0.9446,0.9823,0.9771
5,72,16,0.9699,0.9667,0.9699,0.9592
6,72,19,0.9749,0.9746,0.961,0.9717
7,72,22,0.9594,0.9772,0.9647,0.9623
8,72,25,0.9663,0.9589,0.9588,0.9537
9,72,28,0.9695,0.9751,0.9726,0.9696
10,72,31,0.9718,0.9675,0.9667,0.944
11,72,34,0.806,0.9693,0.9584,0.9568
12,72,37,0.9671,0.9673,0.9671,0.9493
13,72,40,0.7985,0.7695,0.9676,0.6526
14,72,43,0.9699,0.9628,0.9746,0.8062
15,72,46,0.9601,0.9699,0.6625,0.8131
16,72,49,0.6502,0.975,0.8086,0.9719
17,72,52,0.8161,0.8,0.9698,0.8237
18,72,55,0.8136,0.8085,0.7979,0.8079
19,72,58,0.9629,0.9653,0.9745,0.8056
20,72,61,0.8164,0.8068,0.8109,0.811
21,72,64,0.8066,0.9699,0.7545,0.6574
22,72,67,0.9563,0.821,0.9699,0.7536
23,72,70,0.811,0.8112,0.8136,0.6501
24,72,73,0.9582,0.8138,0.9721,0.9701
25,72,76,0.8138,0.811,0.9636,0.816
26,72,79,0.6575,0.9598,0.4989,0.9798
27,72,82,0.8086,0.8162,0.8002,0.7947
28,72,85,0.9694,0.965,0.6494,0.9748
29,72,88,0.6575,0.8138,0.8088,0.8189
30,72,91,0.655,0.8077,0.9665,0.8105
31,72,94,0.8006,0.9655,0.9696,0.6293
32,72,97,0.66,0.8141,0.6555,0.8136
33,72,100,0.9566,0.6549,0.4942,0.8058
34,72,103,0.9723,0.8079,0.8039,0.8082
35,72,106,0.6522,0.8117,0.6482,0.9556
36,72,109,0.6576,0.803,0.6528,0.8115
37,72,112,0.6458,0.7689,0.6226,0.8015
38,72,115,0.9612,0.7798,0.6498,0.8071
39,72,118,0.8111,0.6112,0.6387,0.6526
40,72,121,0.8016,0.8058,0.8136,0.9726
41,72,124,0.809,0.6527,0.6574,0.4826
42,72,127,0.958,0.6459,0.6005,0.7992
43,72,130,0.8188,0.7962,0.8133,0.8112
44,72,133,0.8165,0.6449,0.814,0.7872
45,72,136,0.6504,0.4897,0.6459,0.9401
46,72,139,0.9604,0.8035,0.652,0.8066
47,72,142,0.5798,0.8159,0.9605,0.6507
48,72,145,0.4602,0.7979,0.6136,0.7858
49,72,148,0.9673,0.814,0.8078,0.64
50,72,151,0.9726,0.8116,0.809,0.652
51,72,154,0.9613,0.6468,0.9349,0.8091
52,72,157,0.7923,0.6419,0.4884,0.8105
53,72,160,0.4903,0.7691,0.4599,0.6219
54,72,163,0.7974,0.4988,0.4607,0.7935
55,72,166,0.8082,0.7956,0.6428,0.6577
56,72,169,0.5853,0.7715,0.6069,0.6433
57,72,172,0,0.2338,0.03636,0.4193
58,72,175,0.03636,0,0.2314,0.07272
59,72,178,0.03636,0.07272,0.1091,0
60,72,181,0.07272,0.03636,0.2957,0.07272
61,72,184,0.07272,0,0.07272,0.1091
62,72,187,0.03636,0.03636,0.03636,0.07272
63,72,190,0,0.03636,0.07272,0.03636
64,72,193,0.03636,0.03636,0.03636,0.03636
65,72,196,0.1949,0.1091,0.195,0
66,72,199,0.03636,0.07272,0.03636,0
67,72,202,0.03636,0.03636,0.2288,0.07272
68,72,205,0.03636,0.07272,0.07272,0.1091
69,72,208,0.03636,0.07272,0,0.2203
70,72,211,0.07272,0,0.1975,0.1091
71,72,214,0.03636,0.03636,0,0.03636
72,72,217,0.03636,0.03636,0,0.07272
73,72,220,0.07272,0.1091,0.2649,0
74,72,223,0,0.07272,0.1091,0.1091
75,72,226,0.03636,0.1091,0.1902,0.07272
76,72,229,0.1091,0,0.07272,0.07272
77,72,232,0.07272,0,0.1091,0.07272
78,72,235,0.07272,0.2314,0.03636,0.03636
79,72,238,0.1091,0.1091,0.07272,0.1454
80,72,241,0.07272,0.1091,0.03636,0
81,72,244,0.03636,0.07272,0,0
82,72,247,0,0,0.03636,0
83,72,250,0,0.03636,0,0.07272
84,72,253,0.07272,0.03636,0.07272,0.03636
85,72,256,0.07272,0,0.1091,0.03636
86,72,259,0.1091,0,0.03636,0.07272
87,72,262,0.07272,0.03636,0,0.1091
88,72,265,0,0.03636,0,0.03636
89,72,268,0.03636,0.03636,0,0.1091
90,72,271,0.03636,0.03636,0.1091,0.07272
91,72,274,0.03636,0.03636,0.1091,0.03636
92,72,277,0.07272,0,0.1091,0.03636
93,72,280,0.07272,0.03636,0.03636,0
94,72,283,0.03636,0.03636,0.1091,0.1091
95,72,286,0.2364,0.07272,0.07272,0
96,72,289,0.03636,0.03636,0.07272,0.03636
97,72,292,0.07272,0,0,0.03636
98,72,295,0,0.1091,0.03636,0
99,72,298,0.07272,0.07272,0.03636,0.07272
,Dataset#,L,att_1,att_2,att_3,att_4
0,73,1,0.9146,0.9383,0.9183,0.9156
1,73,4,0.9386,0.9445,0.9262,0.958
2,73,7,0.9526,0.9508,0.9581,0.9538
3,73,10,0.9621,0.9624,0.9596,0.9594
4,73,13,0.9695,0.9624,0.9648,0.9645
5,73,16,0.9726,0.9696,0.9566,0.9443
6,73,19,0.9508,0.9602,0.9545,0.9602
7,73,22,0.941,0.9574,0.9495,0.9725
8,73,25,0.957,0.9648,0.9531,0.9404
9,73,28,0.9646,0.9501,0.9749,0.9601
10,73,31,0.975,0.9725,0.9621,0.9482
11,73,34,0.9542,0.9436,0.9516,0.9592
12,73,37,0.9672,0.9502,0.96,0.9546
13,73,40,0.9627,0.9552,0.9617,0.9708
14,73,43,0.9521,0.9655,0.9699,0.9622
15,73,46,0.7958,0.9695,0.9431,0.9601
16,73,49,0.9529,0.9457,0.9382,0.9488
17,73,52,0.9629,0.9674,0.9545,0.9623
18,73,55,0.955,0.9487,0.9553,0.9603
19,73,58,0.8141,0.9601,0.6086,0.943
20,73,61,0.64,0.9621,0.9545,0.9648
21,73,64,0.931,0.9647,0.7983,0.9769
22,73,67,0.9647,0.9541,0.9405,0.9517
23,73,70,0.9603,0.9501,0.9616,0.8136
24,73,73,0.7544,0.9675,0.9694,0.9566
25,73,76,0.7891,0.8085,0.9458,0.9293
26,73,79,0.9356,0.9492,0.9601,0.9495
27,73,82,0.9473,0.9674,0.952,0.6426
28,73,85,0.9561,0.7894,0.9497,0.6474
29,73,88,0.7973,0.8084,0.8087,0.9618
30,73,91,0.9604,0.9404,0.809,0.9599
31,73,94,0.9472,0.9506,0.9426,0.9456
32,73,97,0.6399,0.9543,0.9494,0.7869
33,73,100,0.8046,0.9437,0.8024,0.9669
34,73,103,0.9575,0.9595,0.945,0.9625
35,73,106,0.9492,0.7841,0.8018,0.9469
36,73,109,0.944,0.9369,0.9424,0.7935
37,73,112,0.7628,0.9552,0.6528,0.8113
38,73,115,0.9574,0.8063,0.8012,0.7863
39,73,118,0.9259,0.811,0.8135,0.9485
40,73,121,0.9437,0.9352,0.96,0.9434
41,73,124,0.9019,0.9529,0.9455,0.9508
42,73,127,0.7955,0.753,0.9577,0.7918
43,73,130,0.792,0.942,0.9513,0.7948
44,73,133,0.9504,0.9515,0.9501,0.9475
45,73,136,0.9529,0.9652,0.9605,0.9536
46,73,139,0.934,0.9506,0.9361,0.6328
47,73,142,0.9524,0.7894,0.5999,0.9461
48,73,145,0.944,0.9505,0.8061,0.7923
49,73,148,0.9427,0.7876,0.7847,0.9673
50,73,151,0.9598,0.9189,0.7924,0.9172
51,73,154,0.638,0.6088,0.655,0.6356
52,73,157,0.7821,0.9341,0.9331,0.7986
53,73,160,0.7912,0.5943,0.7732,0.8031
54,73,163,0.5894,0.9558,0.9478,0.8017
55,73,166,0.9391,0.7867,0.7964,0.8007
56,73,169,0.2677,0.7676,0.4092,0.3712
57,73,172,0.1905,0.3845,0.1091,0.4215
58,73,175,0.3806,0.5561,0.1902,0.1854
59,73,178,0.2261,0.2677,0,0.1857
60,73,181,0.1873,0.03636,0,0.2261
61,73,184,0.2601,0.03636,0,0
62,73,187,0.2268,0.1902,0.2258,0
63,73,190,0.03636,0,0.2178,0.1902
64,73,193,0.229,0.1928,0.03636,0.2243
65,73,196,0.3857,0.38,0.1873,0.3823
66,73,199,0,0,0.1805,0
67,73,202,0.03636,0.03636,0,0.4701
68,73,205,0.1857,0.3716,0.07272,0.03636
69,73,208,0.2601,0.2474,0.1922,0.07272
70,73,211,0.1975,0.07272,0.03636,0.2286
71,73,214,0.03636,0.2221,0.2581,0
72,73,217,0.03636,0,0.03636,0.2264
73,73,220,0.03636,0.03636,0,0.2234
74,73,223,0.1831,0.2214,0,0.03636
75,73,226,0.07272,0.2221,0.03636,0.03636
76,73,229,0.03636,0.03636,0.195,0.2195
77,73,232,0.1926,0,0.1905,0
78,73,235,0.03636,0.03636,0.03636,0.03636
79,73,238,0,0.03636,0,0
80,73,241,0.03636,0,0,0
81,73,244,0,0.1922,0,0.2879
82,73,247,0,0.03636,0,0
83,73,250,0.3596,0,0.1091,0.03636
84,73,253,0,0,0.03636,0
85,73,256,0,0.1873,0,0.07272
86,73,259,0.03636,0,0.03636,0.03636
87,73,262,0.03636,0.03636,0,0
88,73,265,0.07272,0.07272,0,0.03636
89,73,268,0.03636,0.03636,0.03636,0.03636
90,73,271,0,0,0,0.07272
91,73,274,0.03636,0,0.07272,0.03636
92,73,277,0.03636,0,0,0.03636
93,73,280,0.03636,0,0.03636,0.07272
94,73,283,0.03636,0.03636,0.07272,0.03636
95,73,286,0,0.03636,0,0.03636
96,73,289,0,0,0.03636,0
97,73,292,0.03636,0.03636,0,0.03636
98,73,295,0.03636,0,0.07272,0.1091
99,73,298,0.03636,0.03636,0,0
,Dataset#,L,att_1,att_2,att_3,att_4
0,74,1,0.9678,0.961,0.943,0.9652
1,74,4,0.9631,0.9652,0.9752,0.9679
2,74,7,0.9656,0.9652,0.9798,0.9653
3,74,10,0.9776,0.9744,0.9578,0.9797
4,74,13,0.9748,0.9749,0.9701,0.97
5,74,16,0.9695,0.9696,0.9821,0.9769
6,74,19,0.9745,0.9798,0.9719,0.9697
7,74,22,0.9747,0.9565,0.9677,0.9718
8,74,25,0.975,0.9772,0.9746,0.9696
9,74,28,0.9797,0.9613,0.9744,0.9797
10,74,31,0.9627,0.9646,0.9824,0.9745
11,74,34,0.9652,0.9798,0.9744,0.9727
12,74,37,0.9673,0.9727,0.9656,0.9673
13,74,40,0.9749,0.9607,0.9616,0.957
14,74,43,0.9721,0.9768,0.9622,0.9723
15,74,46,0.9671,0.9674,0.9415,0.9723
16,74,49,0.9771,0.9774,0.9748,0.9614
17,74,52,0.821,0.9751,0.9749,0.968
18,74,55,0.9727,0.9707,0.9705,0.9718
19,74,58,0.9773,0.9824,0.8137,0.9822
20,74,61,0.9795,0.9775,0.8134,0.9654
21,74,64,0.8187,0.9588,0.9609,0.9747
22,74,67,0.9693,0.9825,0.9692,0.9849
23,74,70,0.9674,0.9721,0.9769,0.9722
24,74,73,0.9637,0.9694,0.9668,0.9754
25,74,76,0.9648,0.8085,0.9729,0.9696
26,74,79,0.9721,0.9657,0.9728,0.965
27,74,82,0.9699,0.9676,0.974,0.9773
28,74,85,0.9695,0.9651,0.9824,0.9771
29,74,88,0.9774,0.8078,0.7743,0.9747
30,74,91,0.7874,0.9725,0.9701,0.9666
31,74,94,0.9692,0.8035,0.9721,0.9719
32,74,97,0.9748,0.9201,0.9692,0.6453
33,74,100,0.9773,0.8158,0.9728,0.9696
34,74,103,0.9647,0.9645,0.8165,0.9675
35,74,106,0.9725,0.9727,0.9707,0.8213
36,74,109,0.9665,0.9772,0.9498,0.78
37,74,112,0.9824,0.79,0.975,0.805
38,74,115,0.9722,0.9771,0.9721,0.9723
39,74,118,0.9692,0.8138,0.9695,0.967
40,74,121,0.9775,0.8041,0.9334,0.9775
41,74,124,0.9657,0.9583,0.9704,0.9465
42,74,127,0.9747,0.9526,0.8137,0.9724
43,74,130,0.5999,0.7824,0.6604,0.6601
44,74,133,0.9873,0.9773,0.7724,0.9596
45,74,136,0.8112,0.9702,0.7801,0.9797
46,74,139,0.749,0.8164,0.9655,0.958
47,74,142,0.949,0.8093,0.9547,0.9597
48,74,145,0.9609,0.9729,0.8039,0.9599
49,74,148,0.7673,0.9697,0.9773,0.9771
50,74,151,0.8214,0.9679,0.77,0.6551
51,74,154,0.8237,0.7778,0.9769,0.7363
52,74,157,0.9594,0.8085,0.7595,0.7993
53,74,160,0.9645,0.965,0.9675,0.9774
54,74,163,0.8213,0.6134,0.5015,0.8106
55,74,166,0.9772,0.7793,0.7631,0.9646
56,74,169,0.6112,0.5878,0.3922,0.9391
57,74,172,0.5772,0.3806,0.3802,0.5794
58,74,175,0.5495,0.3809,0.1846,0.385
59,74,178,0.2338,0.03636,0.2286,0.1975
60,74,181,0,0,0.1924,0.1926
61,74,184,0.3854,0.5708,0,0.3897
62,74,187,0.1924,0.1778,0.03636,0
63,74,190,0.195,0,0.03636,0.1926
64,74,193,0.03636,0,0.187,0.3901
65,74,196,0,0.03636,0.2315,0.195
66,74,199,0,0.1949,0,0.2
67,74,202,0,0.3857,0.07272,0.2703
68,74,205,0.03636,0,0,0.3728
69,74,208,0.3733,0.1926,0,0
70,74,211,0.4172,0.07272,0.2288,0.1922
71,74,214,0,0,0.1922,0.2627
72,74,217,0,0.3821,0.185,0.185
73,74,220,0,0,0,0
74,74,223,0,0,0,0.19
75,74,226,0.1949,0.186,0.03636,0.03636
76,74,229,0,0.03636,0,0.2339
77,74,232,0.03636,0.03636,0,0
78,74,235,0.2264,0,0,0.03636
79,74,238,0.07272,0,0,0
80,74,241,0.1949,0,0,0.5801
81,74,244,0.03636,0.07272,0.03636,0.166
82,74,247,0,0,0,0
83,74,250,0,0.03636,0,0
84,74,253,0.03636,0.1926,0,0
85,74,256,0,0.07272,0.07272,0
86,74,259,0.03636,0,0,0
87,74,262,0,0,0,0
88,74,265,0.1902,0,0,0
89,74,268,0,0,0,0.03636
90,74,271,0,0.03636,0.1091,0.195
91,74,274,0.03636,0.03636,0,0
92,74,277,0.03636,0.03636,0,0
93,74,280,0.03636,0,0,0
94,74,283,0,0,0,0
95,74,286,0,0,0.03636,0
96,74,289,0.03636,0,0.03636,0
97,74,292,0.03636,0,0,0
98,74,295,0,0,0.03636,0
99,74,298,0,0,0,0.03636
,Dataset#,L,att_1,att_2,att_3,att_4
0,75,1,0.7497,0.6852,0.7405,0.7632
1,75,4,0.7937,0.7699,0.7577,0.7744
2,75,7,0.7933,0.7998,0.7805,0.7708
3,75,10,0.7907,0.7925,0.7881,0.7896
4,75,13,0.775,0.782,0.7057,0.7821
5,75,16,0.7863,0.7945,0.7999,0.7915
6,75,19,0.7232,0.7882,0.7819,0.6502
7,75,22,0.7286,0.7897,0.7916,0.7082
8,75,25,0.7016,0.7053,0.7897,0.7878
9,75,28,0.7811,0.7098,0.7973,0.6462
10,75,31,0.7861,0.6793,0.5666,0.6899
11,75,34,0.6965,0.7844,0.7069,0.7755
12,75,37,0.7061,0.7264,0.6971,0.7874
13,75,40,0.7838,0.713,0.7159,0.7234
14,75,43,0.6336,0.709,0.5583,0.6165
15,75,46,0.6394,0.8002,0.7817,0.6145
16,75,49,0.6458,0.6311,0.7623,0.6506
17,75,52,0.6385,0.7837,0.7099,0.7798
18,75,55,0.6507,0.6268,0.6749,0.7929
19,75,58,0.651,0.6336,0.7089,0.6983
20,75,61,0.6435,0.7546,0.7935,0.6258
21,75,64,0.6933,0.6905,0.567,0.7515
22,75,67,0.6472,0.7259,0.635,0.7129
23,75,70,0.6483,0.5667,0.6356,0.5062
24,75,73,0.6399,0.7254,0.6844,0.7809
25,75,76,0.4375,0.5548,0.5085,0.6284
26,75,79,0.6358,0.6556,0.6364,0.6947
27,75,82,0.5662,0.6228,0.6003,0.638
28,75,85,0.7294,0.4375,0.6939,0.5738
29,75,88,0.6895,0.6977,0.634,0.6278
30,75,91,0.6328,0.6204,0.5143,0.7259
31,75,94,0.5834,0.61,0.497,0.5536
32,75,97,0.5739,0.5611,0.6284,0.5918
33,75,100,0.674,0.7117,0.6351,0.6722
34,75,103,0.6322,0.5716,0.6171,0.6258
35,75,106,0.6908,0.6384,0.6372,0.6928
36,75,109,0.7027,0.49,0.4865,0.578
37,75,112,0.6157,0.5739,0.6923,0.6732
38,75,115,0.6355,0.5005,0.5072,0.5362
39,75,118,0.6781,0.5728,0.5567,0.649
40,75,121,0.4947,0.5553,0.6267,0.5706
41,75,124,0.6201,0.5688,0.5123,0.4965
42,75,127,0.7636,0.4895,0.6193,0.6436
43,75,130,0.7609,0.5404,0.6722,0.6317
44,75,133,0.5009,0.546,0.5625,0.5043
45,75,136,0.4057,0.5,0.4713,0.5717
46,75,139,0.609,0.6266,0.6669,0.4933
47,75,142,0.6714,0.5754,0.5529,0.484
48,75,145,0.4375,0.6304,0.5675,0.503
49,75,148,0.6763,0.6912,0.5485,0.4375
50,75,151,0.5552,0.6786,0.5426,0.7103
51,75,154,0.5578,0.6456,0.5847,0.5518
52,75,157,0.6184,0.5977,0.4375,0.638
53,75,160,0.68,0.4973,0.5973,0.499
54,75,163,0.6817,0.6221,0.5003,0.5616
55,75,166,0.4923,0.4873,0.5614,0.5343
56,75,169,0.3255,0.5119,0.35,0.5075
57,75,172,0.4375,0.3367,0.4001,0.4027
58,75,175,0.418,0.35,0.0875,0.5409
59,75,178,0.4974,0.175,0.2625,0.0875
60,75,181,0.35,0.4944,0.4943,0.2625
61,75,184,0.2625,0.4118,0.5052,0.4375
62,75,187,0.2625,0.175,0.35,0.3192
63,75,190,0.35,0.35,0.2625,0.5008
64,75,193,0.2625,0.4375,0.175,0.2625
65,75,196,0.2625,0.2625,0.3208,0.175
66,75,199,0.35,0.35,0.2625,0.2433
67,75,202,0.175,0.4375,0.0875,0.2625
68,75,205,0.4375,0.3118,0.35,0.175
69,75,208,0.35,0.2625,0.2625,0.2625
70,75,211,0.35,0.35,0.35,0.175
71,75,214,0.35,0.3995,0.0875,0.2625
72,75,217,0.0875,0.33,0.175,0.35
73,75,220,0.2625,0.35,0.4375,0.2625
74,75,223,0.2625,0.175,0.175,0.0875
75,75,226,0.35,0.0875,0.3151,0.2625
76,75,229,0.35,0.4375,0.2625,0.35
77,75,232,0.5002,0.2625,0.175,0.2625
78,75,235,0.0875,0.2625,0.2625,0.35
79,75,238,0.175,0.175,0.35,0.0875
80,75,241,0.35,0.2625,0.175,0.175
81,75,244,0.175,0.2625,0.2625,0.35
82,75,247,0.35,0.175,0.2625,0.35
83,75,250,0.35,0.2625,0.2625,0.175
84,75,253,0.2625,0.175,0.35,0.175
85,75,256,0.35,0.35,0.4375,0.2625
86,75,259,0.2625,0.175,0.175,0.175
87,75,262,0.175,0.175,0.175,0.2625
88,75,265,0.2625,0.175,0.2625,0.2625
89,75,268,0.175,0.4375,0.2625,0.2625
90,75,271,0.35,0.35,0.175,0.4375
91,75,274,0.0875,0.2625,0.2625,0.35
92,75,277,0.175,0.35,0.175,0.175
93,75,280,0.35,0.2625,0.4375,0.175
94,75,283,0.35,0.175,0.35,0.0875
95,75,286,0.2625,0.175,0.35,0.2625
96,75,289,0.2625,0.2625,0.0875,0.2625
97,75,292,0.175,0.175,0.35,0.2625
98,75,295,0.2625,0.0875,0.2625,0.175
99,75,298,0.35,0.2625,0.35,0.35
,Dataset#,L,att_1,att_2,att_3,att_4
0,76,1,0.8048,0.8043,0.8034,0.8022
1,76,4,0.7923,0.8073,0.7985,0.8133
2,76,7,0.78,0.7949,0.8055,0.7878
3,76,10,0.7677,0.7821,0.7946,0.7987
4,76,13,0.7941,0.7605,0.7744,0.7882
5,76,16,0.8084,0.7808,0.7646,0.7884
6,76,19,0.7728,0.7824,0.799,0.773
7,76,22,0.7925,0.7919,0.7724,0.7773
8,76,25,0.7799,0.7633,0.8076,0.7737
9,76,28,0.7725,0.7922,0.7684,0.7785
10,76,31,0.7851,0.7852,0.7751,0.7877
11,76,34,0.7703,0.7701,0.655,0.7641
12,76,37,0.7983,0.7699,0.7729,0.7895
13,76,40,0.6778,0.7736,0.7855,0.4301
14,76,43,0.7763,0.768,0.7815,0.7542
15,76,46,0.7887,0.7937,0.7797,0.7418
16,76,49,0.7979,0.7982,0.76,0.6864
17,76,52,0.7838,0.7857,0.7706,0.756
18,76,55,0.7875,0.666,0.5697,0.7806
19,76,58,0.6722,0.7904,0.6832,0.7569
20,76,61,0.7733,0.7763,0.8111,0.7965
21,76,64,0.7925,0.7741,0.6527,0.662
22,76,67,0.7687,0.769,0.7938,0.6718
23,76,70,0.7863,0.6811,0.6493,0.6903
24,76,73,0.6688,0.7748,0.7751,0.7786
25,76,76,0.7574,0.5375,0.6826,0.6565
26,76,79,0.6725,0.696,0.6951,0.5635
27,76,82,0.7858,0.7764,0.56,0.6537
28,76,85,0.7734,0.6746,0.7636,0.6545
29,76,88,0.5754,0.4408,0.7772,0.7615
30,76,91,0.7963,0.6585,0.7708,0.7631
31,76,94,0.7841,0.5597,0.679,0.667
32,76,97,0.6366,0.7763,0.6512,0.7736
33,76,100,0.6861,0.7743,0.6607,0.6229
34,76,103,0.7343,0.7698,0.6885,0.6583
35,76,106,0.7741,0.523,0.7414,0.4393
36,76,109,0.7709,0.5375,0.7647,0.5565
37,76,112,0.6614,0.7764,0.7819,0.6773
38,76,115,0.4437,0.64,0.6614,0.61
39,76,118,0.7808,0.7812,0.5493,0.5467
40,76,121,0.7834,0.6556,0.6943,0.6684
41,76,124,0.7721,0.7727,0.6665,0.6639
42,76,127,0.7602,0.6624,0.7883,0.7787
43,76,130,0.4437,0.7598,0.6639,0.4424
44,76,133,0.7412,0.7813,0.6725,0.5505
45,76,136,0.7986,0.553,0.7733,0.768
46,76,139,0.6447,0.7936,0.668,0.6673
47,76,142,0.4534,0.4103,0.7722,0.6458
48,76,145,0.4328,0.6706,0.7647,0.7551
49,76,148,0.6177,0.5511,0.6623,0.5569
50,76,151,0.5473,0.728,0.6625,0.4623
51,76,154,0.6451,0.4435,0.6646,0.6657
52,76,157,0.5532,0.7595,0.5515,0.6701
53,76,160,0.6681,0.7616,0.5616,0.5618
54,76,163,0.6449,0.5503,0.7628,0.5097
55,76,166,0.7541,0.6488,0.6683,0.6741
56,76,169,0.771,0.4968,0.198,0.7612
57,76,172,0.1918,0.2376,0.09204,0.1982
58,76,175,0.313,0.1849,0.1849,0.3018
59,76,178,0,0.148,0.5451,0.2364
60,76,181,0,0.2027,0.09204,0.3156
61,76,184,0.1487,0.2364,0.2362,0.04602
62,76,187,0.09282,0.04602,0,0.09204
63,76,190,0.1381,0.1899,0.04602,0.04602
64,76,193,0.2366,0.04602,0.04602,0.09282
65,76,196,0.09282,0.2965,0.04602,0.2053
66,76,199,0.2132,0.09204,0.04602,0.04602
67,76,202,0.1538,0.0468,0.1945,0.1999
68,76,205,0.255,0.2792,0.09204,0.1939
69,76,208,0.2018,0.09204,0.2368,0
70,76,211,0.1381,0.09282,0.3989,0.5548
71,76,214,0.1388,0.1513,0,0.1878
72,76,217,0.1859,0.09204,0.2569,0.2528
73,76,220,0,0.1381,0.2067,0.1635
74,76,223,0.04602,0.04602,0.09204,0
75,76,226,0.3235,0.2074,0.1994,0.04602
76,76,229,0.0468,0.2074,0,0.09204
77,76,232,0.04602,0.04602,0.1431,0.04602
78,76,235,0.04602,0.1849,0.04602,0
79,76,238,0,0.0468,0.04602,0
80,76,241,0.04602,0.09282,0.09282,0
81,76,244,0.04602,0.09204,0.1525,0.04602
82,76,247,0.09282,0.09204,0.04602,0.04602
83,76,250,0.0468,0.2024,0.04602,0.2437
84,76,253,0.09204,0.09282,0.09204,0.04602
85,76,256,0.09282,0.0468,0.04602,0.04602
86,76,259,0.1381,0,0.0468,0
87,76,262,0.0468,0.04602,0.1381,0.04602
88,76,265,0,0.09204,0,0.1559
89,76,268,0.04602,0.04602,0.1388,0
90,76,271,0.09282,0.04602,0.09282,0.0468
91,76,274,0.09282,0,0.09282,0.1479
92,76,277,0.1381,0,0.09204,0.0468
93,76,280,0.04602,0.09204,0,0
94,76,283,0.1496,0,0.09282,0.1388
95,76,286,0.04602,0,0.04602,0.04602
96,76,289,0.09204,0.04602,0.1381,0.1381
97,76,292,0,0,0.04602,0.04602
98,76,295,0,0.04602,0,0.09282
99,76,298,0,0,0.0468,0.0468
,Dataset#,L,att_1,att_2,att_3,att_4
0,77,1,0.8573,0.8558,0.8317,0.8502
1,77,4,0.9309,0.921,0.9135,0.9374
2,77,7,0.9173,0.9278,0.9234,0.9341
3,77,10,0.9233,0.9321,0.9063,0.9194
4,77,13,0.9139,0.8965,0.9193,0.9198
5,77,16,0.6916,0.8162,0.9019,0.8117
6,77,19,0.8199,0.8779,0.716,0.9232
7,77,22,0.5966,0.7049,0.9197,0.8291
8,77,25,0.7157,0.7846,0.825,0.8063
9,77,28,0.8032,0.7151,0.6995,0.6938
10,77,31,0.6945,0.7205,0.7165,0.688
11,77,34,0.5918,0.8009,0.816,0.7039
12,77,37,0.6927,0.7031,0.8083,0.8005
13,77,40,0.6832,0.8049,0.6033,0.9195
14,77,43,0.8172,0.6015,0.8029,0.4928
15,77,46,0.8972,0.6998,0.906,0.797
16,77,49,0.7001,0.8879,0.7996,0.5936
17,77,52,0.705,0.793,0.6842,0.8192
18,77,55,0.5995,0.6035,0.5893,0.3882
19,77,58,0.7144,0.7951,0.8142,0.8171
20,77,61,0.815,0.703,0.5903,0.7978
21,77,64,0.5044,0.695,0.5809,0.6055
22,77,67,0.5983,0.7872,0.5951,0.7146
23,77,70,0.7075,0.8213,0.5998,0.7772
24,77,73,0.6081,0.806,0.4976,0.7067
25,77,76,0.709,0.6057,0.6963,0.8238
26,77,79,0.7223,0.6029,0.6083,0.3882
27,77,82,0.8103,0.5964,0.71,0.6707
28,77,85,0.8859,0.8085,0.7129,0.7076
29,77,88,0.5012,0.4924,0.7016,0.4988
30,77,91,0.907,0.6049,0.4906,0.7067
31,77,94,0.6008,0.7163,0.7002,0.5828
32,77,97,0.5904,0.7258,0.5001,0.7929
33,77,100,0.6025,0.6927,0.6865,0.5385
34,77,103,0.6024,0.6684,0.5938,0.7044
35,77,106,0.701,0.7941,0.4987,0.7103
36,77,109,0.4881,0.7075,0.7943,0.6812
37,77,112,0.7014,0.5881,0.706,0.6687
38,77,115,0.9168,0.3882,0.707,0.7124
39,77,118,0.8042,0.7024,0.6972,0.8026
40,77,121,0.7191,0.4924,0.7817,0.6043
41,77,124,0.3103,0.7898,0.7007,0.6063
42,77,127,0.7131,0.6059,0.7054,0.3882
43,77,130,0.4143,0.5815,0.611,0.5059
44,77,133,0.4195,0.6023,0.4953,0.6921
45,77,136,0.7131,0.7056,0.4987,0.6696
46,77,139,0.5943,0.4954,0.6231,0.6128
47,77,142,0.5749,0.6075,0.7081,0.6798
48,77,145,0.4835,0.5133,0.6057,0.5997
49,77,148,0.7115,0.8211,0.8951,0.8204
50,77,151,0.6965,0.568,0.5208,0.5029
51,77,154,0.1926,0.8157,0.6026,0.6851
52,77,157,0.7212,0.7024,0.5882,0.6918
53,77,160,0.7051,0.2329,0.7015,0.8861
54,77,163,0.6293,0.7166,0.4105,0.4162
55,77,166,0.5116,0.5694,0.4984,0.5076
56,77,169,0.4953,0.7749,0.5884,0.5919
57,77,172,0.3882,0.3103,0.1548,0.2328
58,77,175,0.1884,0.156,0.1555,0.2329
59,77,178,0.2328,0.3333,0.3882,0.3108
60,77,181,0.1553,0.156,0.1553,0.3108
61,77,184,0.1548,0.07742,0.1553,0.3102
62,77,187,0.07742,0.3108,0.2334,0.3973
63,77,190,0.2328,0.2334,0.07792,0.3882
64,77,193,0.156,0.1555,0.1555,0.1553
65,77,196,0.1555,0.07742,0.2329,0.3882
66,77,199,0.3102,0.3882,0.2329,0.1548
67,77,202,0.1548,0.1548,0.2329,0.1553
68,77,205,0.2329,0.156,0.07806,0.156
69,77,208,0.2329,0.3108,0.1548,0.1553
70,77,211,0.07792,0.07742,0.07806,0.2329
71,77,214,0,0.2329,0.07742,0.2334
72,77,217,0.3103,0.2334,0.07792,0.2328
73,77,220,0.2328,0.1555,0.3108,0.2329
74,77,223,0.1548,0.1553,0.07806,0.3314
75,77,226,0.2329,0.2328,0.2329,0.1555
76,77,229,0.2329,0.2328,0.1553,0.2334
77,77,232,0,0.2334,0.2334,0.2334
78,77,235,0.2323,0.2328,0.1553,0.3882
79,77,238,0.1548,0.1548,0.3108,0.1553
80,77,241,0.3882,0.3108,0.1548,0.3108
81,77,244,0,0.2328,0.1553,0.3108
82,77,247,0.1548,0.1555,0.1553,0.1548
83,77,250,0.3108,0.156,0.1555,0.2334
84,77,253,0.1553,0.1555,0.2329,0.07742
85,77,256,0.3108,0.2328,0.1553,0.2334
86,77,259,0.3103,0.3108,0.1548,0.2329
87,77,262,0.2329,0.1555,0.1548,0.07742
88,77,265,0.07742,0,0.2329,0.2334
89,77,268,0.2334,0.1555,0.2323,0.3108
90,77,271,0.07806,0.2329,0.2329,0.1548
91,77,274,0.2328,0.2334,0.2329,0.3108
92,77,277,0.07792,0.3108,0.1553,0.3108
93,77,280,0.1548,0.2329,0.2334,0.3102
94,77,283,0.2328,0.1555,0.1553,0.1553
95,77,286,0.3108,0.1553,0.3103,0.3103
96,77,289,0.07742,0.1548,0.07742,0.2328
97,77,292,0.07742,0.1548,0.07806,0.1548
98,77,295,0.3102,0.1555,0.1555,0.2328
99,77,298,0.07742,0.2334,0.3882,0.2323
,Dataset#,L,att_1,att_2,att_3,att_4
0,78,1,0.4231,0.4306,0.4256,0.4189
1,78,4,0.4377,0.4527,0.4442,0.4444
2,78,7,0.4391,0.4267,0.4264,0.4339
3,78,10,0.4529,0.4417,0.4448,0.4315
4,78,13,0.4306,0.4372,0.445,0.4496
5,78,16,0.4419,0.4403,0.4581,0.4484
6,78,19,0.4529,0.4281,0.4445,0.4455
7,78,22,0.3732,0.409,0.4145,0.4122
8,78,25,0.4109,0.407,0.4602,0.3701
9,78,28,0.3526,0.4195,0.3767,0.4523
10,78,31,0.3827,0.3796,0.4017,0.3781
11,78,34,0.3499,0.3328,0.389,0.3643
12,78,37,0.4113,0.4131,0.3783,0.3576
13,78,40,0.3287,0.365,0.3965,0.3656
14,78,43,0.3787,0.363,0.3191,0.341
15,78,46,0.3813,0.3771,0.2677,0.3671
16,78,49,0.3485,0.3741,0.3533,0.3868
17,78,52,0.3611,0.3643,0.3592,0.3369
18,78,55,0.4393,0.3302,0.3607,0.3922
19,78,58,0.4076,0.3723,0.3648,0.3823
20,78,61,0.3686,0.3817,0.3342,0.3919
21,78,64,0.3431,0.3572,0.357,0.356
22,78,67,0.2967,0.3772,0.3606,0.3602
23,78,70,0.338,0.4055,0.3586,0.3782
24,78,73,0.3722,0.3395,0.3707,0.3433
25,78,76,0.3745,0.325,0.2922,0.2486
26,78,79,0.3465,0.3292,0.4054,0.3089
27,78,82,0.4228,0.3829,0.2988,0.3029
28,78,85,0.3682,0.3296,0.4097,0.3078
29,78,88,0.33,0.35,0.3662,0.3359
30,78,91,0.357,0.3676,0.3315,0.4094
31,78,94,0.3588,0.2953,0.381,0.373
32,78,97,0.2926,0.3708,0.3076,0.3944
33,78,100,0.2975,0.3685,0.3415,0.3709
34,78,103,0.3015,0.3645,0.3292,0.4351
35,78,106,0.3324,0.2677,0.3346,0.3903
36,78,109,0.3127,0.3961,0.3716,0.3645
37,78,112,0.331,0.3626,0.3716,0.3735
38,78,115,0.3416,0.3348,0.4007,0.342
39,78,118,0.2931,0.3438,0.3453,0.4012
40,78,121,0.4071,0.3365,0.4544,0.3309
41,78,124,0.3054,0.3161,0.4223,0.3723
42,78,127,0.4162,0.4081,0.2894,0.3204
43,78,130,0.3076,0.33,0.3427,0.3331
44,78,133,0.387,0.2144,0.2939,0.2858
45,78,136,0.2677,0.3745,0.3111,0.3577
46,78,139,0.2994,0.3943,0.2495,0.3377
47,78,142,0.3744,0.2983,0.3419,0.3022
48,78,145,0.3057,0.4115,0.2764,0.3406
49,78,148,0.3167,0.3798,0.3447,0.336
50,78,151,0.3851,0.3296,0.2816,0.3036
51,78,154,0.3495,0.3045,0.333,0.3049
52,78,157,0.3755,0.3375,0.3103,0.2981
53,78,160,0.3837,0.3505,0.3243,0.2677
54,78,163,0.3608,0.3081,0.2677,0.4349
55,78,166,0.3351,0.3353,0.2486,0.336
56,78,169,0.2879,0.303,0.2874,0.2302
57,78,172,0.3245,0.2267,0.2434,0.2014
58,78,175,0.2197,0.2424,0.2421,0.2589
59,78,178,0.1306,0.1069,0.2136,0.161
60,78,181,0.2677,0.2144,0.1068,0.2677
61,78,184,0.2994,0.1069,0.1068,0.1609
62,78,187,0.1609,0.1609,0.2136,0.1069
63,78,190,0.161,0.1068,0.1069,0.2144
64,78,193,0.2144,0.2677,0.1609,0.2136
65,78,196,0.2136,0.2677,0.1075,0.1601
66,78,199,0.1603,0.1603,0.1068,0.2136
67,78,202,0.1603,0.1609,0.2136,0.1601
68,78,205,0.2144,0.2142,0.1075,0.1603
69,78,208,0.05338,0.05338,0.161,0
70,78,211,0.2144,0.1603,0.161,0.1076
71,78,214,0.161,0.2677,0.2677,0.1603
72,78,217,0.1069,0,0.05338,0.1609
73,78,220,0.161,0.2144,0.161,0.1609
74,78,223,0.1075,0.161,0.2142,0.0541
75,78,226,0.1603,0.2144,0.2144,0.1076
76,78,229,0.1075,0.2144,0.1069,0.1075
77,78,232,0.1069,0.1068,0.2677,0.1609
78,78,235,0.2144,0.1069,0.1068,0.1603
79,78,238,0.1609,0.2144,0.2142,0.0535
80,78,241,0.1603,0.1068,0.05338,0.2817
81,78,244,0.1603,0.1609,0.2136,0.1068
82,78,247,0.1068,0.1603,0.1609,0.1069
83,78,250,0.2136,0.2144,0.2144,0.2144
84,78,253,0.1603,0.1609,0.1609,0.1603
85,78,256,0.1603,0.2144,0.05338,0.2144
86,78,259,0.161,0,0.1075,0.1075
87,78,262,0.05338,0.2142,0.1609,0.1601
88,78,265,0.1075,0.2677,0.1075,0.161
89,78,268,0.161,0.2142,0.2142,0.05338
90,78,271,0.1609,0.1075,0.05338,0.1603
91,78,274,0.1075,0.2144,0.2136,0.161
92,78,277,0.1076,0.2142,0.2144,0.161
93,78,280,0.1609,0.1603,0.2677,0.1069
94,78,283,0.1069,0.2144,0.2142,0.1609
95,78,286,0.2144,0.1603,0.1609,0.1603
96,78,289,0.2144,0.1603,0.2136,0.1075
97,78,292,0.1076,0.1603,0.1601,0.1069
98,78,295,0.1068,0.2144,0.2144,0.2144
99,78,298,0.1068,0.05338,0.1603,0.1075
,Dataset#,L,att_1,att_2,att_3,att_4
0,79,1,0.5044,0.509,0.5053,0.5384
1,79,4,0.5923,0.5844,0.5969,0.5674
2,79,7,0.5798,0.5798,0.5806,0.5873
3,79,10,0.5819,0.5839,0.5814,0.5814
4,79,13,0.5348,0.586,0.5801,0.5801
5,79,16,0.5645,0.5628,0.5586,0.5814
6,79,19,0.5348,0.5213,0.5645,0.5578
7,79,22,0.5504,0.5645,0.5504,0.5335
8,79,25,0.5455,0.5806,0.5586,0.5184
9,79,28,0.5112,0.5053,0.5348,0.5112
10,79,31,0.5701,0.5053,0.5179,0.5053
11,79,34,0.518,0.4942,0.5417,0.5272
12,79,37,0.518,0.5053,0.512,0.5281
13,79,40,0.5053,0.5569,0.512,0.5289
14,79,43,0.5586,0.5053,0.5222,0.4883
15,79,46,0.4883,0.5281,0.4883,0.5294
16,79,49,0.4883,0.5112,0.5395,0.4883
17,79,52,0.5289,0.4883,0.5053,0.512
18,79,55,0.5053,0.5053,0.4883,0.512
19,79,58,0.5112,0.5053,0.5476,0.5179
20,79,61,0.5053,0.4883,0.4883,0.4883
21,79,64,0.4883,0.5417,0.512,0.5053
22,79,67,0.5112,0.5226,0.4883,0.4883
23,79,70,0.4883,0.4942,0.512,0.5645
24,79,73,0.5645,0.512,0.4883,0.4942
25,79,76,0.5239,0.512,0.5053,0.5053
26,79,79,0.4883,0.5281,0.5112,0.5289
27,79,82,0.5349,0.5239,0.5408,0.4942
28,79,85,0.5053,0.5066,0.4883,0.512
29,79,88,0.4883,0.4883,0.4883,0.4883
30,79,91,0.5112,0.4883,0.5053,0.5053
31,79,94,0.5239,0.512,0.5222,0.5053
32,79,97,0.4883,0.5222,0.5112,0.5053
33,79,100,0.5053,0.5349,0.5289,0.551
34,79,103,0.512,0.5053,0.4883,0.518
35,79,106,0.4883,0.5476,0.5053,0.5222
36,79,109,0.4883,0.535,0.5348,0.5415
37,79,112,0.5179,0.5053,0.5239,0.5053
38,79,115,0.4883,0.4883,0.5179,0.5053
39,79,118,0.5239,0.518,0.5417,0.5349
40,79,121,0.5179,0.5112,0.5586,0.4883
41,79,124,0.4883,0.5053,0.4942,0.4883
42,79,127,0.5179,0.5053,0.5179,0.5053
43,79,130,0.5053,0.5179,0.4883,0.5222
44,79,133,0.4883,0.518,0.5239,0.5289
45,79,136,0.4883,0.4883,0.535,0.4942
46,79,139,0.5289,0.5586,0.4883,0.4883
47,79,142,0.5053,0.5179,0.4883,0.512
48,79,145,0.3966,0.3907,0.5586,0.5289
49,79,148,0.4883,0.5179,0.4883,0.5409
50,79,151,0.4883,0.3907,0.4077,0.535
51,79,154,0.512,0.4441,0.3904,0.4942
52,79,157,0.3907,0.5053,0.5289,0.5408
53,79,160,0.5053,0.512,0.5053,0.5053
54,79,163,0.518,0.4077,0.4883,0.5112
55,79,166,0.512,0.45,0.4136,0.3907
56,79,169,0.5222,0.535,0.5112,0.4883
57,79,172,0.5053,0.5459,0.5053,0.5348
58,79,175,0.5053,0.5289,0.4204,0.5289
59,79,178,0.5053,0.4883,0.4883,0.4883
60,79,181,0.4883,0.5519,0.4942,0.2931
61,79,184,0.4883,0.512,0.5112,0.4883
62,79,187,0.4883,0.4883,0.4203,0.4204
63,79,190,0.5112,0.4883,0.5112,0.3907
64,79,193,0.4942,0.5053,0.5053,0.4942
65,79,196,0.4942,0.3966,0.3904,0.4313
66,79,199,0.4204,0.5459,0.5112,0.518
67,79,202,0.5222,0.4942,0.4883,0.5112
68,79,205,0.5112,0.5053,0.4883,0.4441
69,79,208,0.4883,0.4883,0.4883,0.3907
70,79,211,0.5409,0.3904,0.4073,0.3904
71,79,214,0.3097,0.518,0.4136,0.5112
72,79,217,0.3907,0.3904,0.4144,0.3907
73,79,220,0.512,0.3907,0.4144,0.4883
74,79,223,0.4883,0.4204,0.3097,0.4942
75,79,226,0.4883,0.5348,0.535,0.4077
76,79,229,0.4883,0.4883,0.4883,0.3228
77,79,232,0.4077,0.5289,0.4077,0.3904
78,79,235,0.2011,0.3907,0.3907,0.512
79,79,238,0.4144,0.2928,0.5053,0.4077
80,79,241,0.4144,0.2931,0.3907,0.518
81,79,244,0.4201,0.4883,0.4077,0.2931
82,79,247,0.3907,0.2931,0.5289,0.4203
83,79,250,0.426,0.5053,0.3907,0.2931
84,79,253,0.4313,0.2987,0.3907,0.3966
85,79,256,0.461,0.4883,0.4883,0.2011
86,79,259,0.4246,0.3907,0.5053,0.5053
87,79,262,0.3907,0.4144,0.4373,0.5053
88,79,265,0.2125,0.3907,0.1952,0.4077
89,79,268,0.3904,0.3966,0.4144,0.5053
90,79,271,0.2928,0.4077,0.3904,0.5053
91,79,274,0.4073,0.512,0.1952,0.5053
92,79,277,0.4201,0.4077,0.4883,0.2931
93,79,280,0.2928,0.2931,0.4883,0.3097
94,79,283,0.3907,0.5417,0.4883,0.2931
95,79,286,0.3907,0.3966,0.2931,0.3904
96,79,289,0.2928,0.3966,0.3907,0.2931
97,79,292,0.3907,0.4883,0.4883,0.2931
98,79,295,0.2931,0.3966,0.4883,0.1952
99,79,298,0.3963,0.3097,0.5053,0.512
,Dataset#,L,att_1,att_2,att_3,att_4
0,80,1,0.9835,0.9894,0.9126,0.9821
1,80,4,0.9766,0.9736,0.9894,0.9834
2,80,7,0.9846,0.9908,0.9908,0.9832
3,80,10,0.9893,0.9878,0.9864,0.9834
4,80,13,0.9863,0.9834,0.9893,0.9846
5,80,16,0.9923,0.9772,0.9923,0.9862
6,80,19,0.9923,0.9565,0.9877,0.9908
7,80,22,0.9863,0.9862,0.9746,0.9832
8,80,25,0.9849,0.9893,0.9878,0.9908
9,80,28,0.9849,0.9863,0.9863,0.9861
10,80,31,0.9831,0.9847,0.9878,0.9908
11,80,34,0.9879,0.9878,0.9877,0.9863
12,80,37,0.9893,0.9908,0.9908,0.9862
13,80,40,0.9878,0.9837,0.9829,0.9893
14,80,43,0.9813,0.9862,0.9781,0.9803
15,80,46,0.9908,0.9719,0.9893,0.9893
16,80,49,0.9879,0.9806,0.9835,0.9863
17,80,52,0.9878,0.9893,0.9893,0.9754
18,80,55,0.9662,0.9877,0.9892,0.9863
19,80,58,0.9863,0.9862,0.9846,0.9893
20,80,61,0.9738,0.9893,0.9864,0.9908
21,80,64,0.8392,0.8196,0.8321,0.8364
22,80,67,0.9893,0.9878,0.9848,0.9908
23,80,70,0.9812,0.9802,0.9878,0.8337
24,80,73,0.9908,0.8664,0.9877,0.9923
25,80,76,0.9894,0.9505,0.8424,0.9908
26,80,79,0.9863,0.9893,0.9864,0.9863
27,80,82,0.9847,0.9878,0.9879,0.9893
28,80,85,0.9862,0.9835,0.8408,0.9818
29,80,88,0.9893,0.9893,0.9893,0.9765
30,80,91,0.9806,0.9893,0.8439,0.9848
31,80,94,0.8439,0.7924,0.9924,0.9804
32,80,97,0.7852,0.9908,0.8408,0.9641
33,80,100,0.9923,0.7878,0.9818,0.8392
34,80,103,0.7895,0.9878,0.9878,0.9908
35,80,106,0.9833,0.8394,0.7862,0.9862
36,80,109,0.7864,0.9864,0.7339,0.9892
37,80,112,0.9788,0.9893,0.9893,0.9878
38,80,115,0.8744,0.9848,0.9834,0.7877
39,80,118,0.9863,0.9541,0.5876,0.7892
40,80,121,0.8278,0.7909,0.9783,0.9862
41,80,124,0.7894,0.9862,0.9833,0.9908
42,80,127,0.9749,0.9877,0.9759,0.9864
43,80,130,0.497,0.9863,0.7924,0.7923
44,80,133,0.9774,0.8439,0.838,0.9893
45,80,136,0.7893,0.9862,0.9878,0.9862
46,80,139,0.4859,0.7847,0.6439,0.9878
47,80,142,0.9878,0.6423,0.9908,0.5939
48,80,145,0.8234,0.9466,0.7863,0.6425
49,80,148,0.9836,0.7924,0.9849,0.5877
50,80,151,0.4938,0.7865,0.8407,0.8408
51,80,154,0.6267,0.9924,0.644,0.9568
52,80,157,0.9846,0.6455,0.7829,0.8362
53,80,160,0.7833,0.9668,0.981,0.9744
54,80,163,0.7862,0.8423,0.5939,0.497
55,80,166,0.974,0.4938,0.8365,0.9877
56,80,169,0.397,0.5909,0.8423,0.8393
57,80,172,0.1,0.05,0.4454,0.7893
58,80,175,0.2469,0.3851,0.05,0.1969
59,80,178,0.197,0.391,0.1,0
60,80,181,0,0,0.1954,0.05
61,80,184,0.1913,0.1,0.1969,0
62,80,187,0.05,0.1985,0.15,0.2469
63,80,190,0.1969,0,0.1985,0.1
64,80,193,0,0.2969,0,0.05
65,80,196,0.1969,0,0,0.2485
66,80,199,0.1,0,0.1,0
67,80,202,0.197,0.1969,0.15,0
68,80,205,0,0.05,0.05,0.05
69,80,208,0.1,0,0,0.05
70,80,211,0,0,0.2386,0.1
71,80,214,0,0,0.05,0
72,80,217,0,0.1,0.05,0.05
73,80,220,0,0.1,0.05,0.297
74,80,223,0.2,0,0.05,0.1
75,80,226,0,0,0,0.05
76,80,229,0.05,0.1,0,0
77,80,232,0.15,0,0.2969,0
78,80,235,0.1,0.05,0,0.1
79,80,238,0.1,0.05,0.05,0.05
80,80,241,0,0.1,0.1,0.15
81,80,244,0,0.05,0.2926,0.1
82,80,247,0,0.2956,0.1,0
83,80,250,0,0.05,0.05,0.1
84,80,253,0.05,0.1,0.1,0.1
85,80,256,0.05,0.2,0.1,0
86,80,259,0.05,0.1,0.05,0
87,80,262,0.2469,0.1,0.1,0
88,80,265,0.05,0.05,0.1,0.05
89,80,268,0.05,0,0.1,0.05
90,80,271,0,0,0.1,0.15
91,80,274,0.1,0,0,0.15
92,80,277,0.1,0.1,0.05,0
93,80,280,0,0.05,0.1,0.05
94,80,283,0,0.15,0,0.1
95,80,286,0.1,0,0.05,0.15
96,80,289,0.1,0.1,0.05,0.2
97,80,292,0,0.2,0,0.1
98,80,295,0.1,0.1,0.05,0.1
99,80,298,0,0.05,0.05,0.05
,Dataset#,L,att_1,att_2,att_3,att_4
0,81,1,0.901,0.9064,0.8934,0.8813
1,81,4,0.9376,0.9181,0.9249,0.9238
2,81,7,0.9331,0.8965,0.9403,0.9357
3,81,10,0.9218,0.934,0.931,0.9124
4,81,13,0.9398,0.9019,0.9398,0.9046
5,81,16,0.933,0.9304,0.9148,0.9318
6,81,19,0.9064,0.9453,0.9259,0.9305
7,81,22,0.9243,0.9386,0.9377,0.939
8,81,25,0.9212,0.9319,0.859,0.9465
9,81,28,0.9246,0.9286,0.9347,0.8997
10,81,31,0.9066,0.9176,0.9273,0.9311
11,81,34,0.9184,0.9225,0.9287,0.7907
12,81,37,0.9191,0.9061,0.9259,0.9151
13,81,40,0.9271,0.9124,0.9314,0.9249
14,81,43,0.9105,0.9012,0.9279,0.9158
15,81,46,0.9377,0.9084,0.9168,0.9257
16,81,49,0.9079,0.9335,0.9302,0.9168
17,81,52,0.8818,0.8756,0.9302,0.9192
18,81,55,0.9006,0.9147,0.8918,0.8638
19,81,58,0.9253,0.8821,0.9198,0.9361
20,81,61,0.9167,0.9205,0.9165,0.9009
21,81,64,0.9156,0.9023,0.9033,0.8904
22,81,67,0.9237,0.9333,0.9108,0.924
23,81,70,0.8155,0.9212,0.7938,0.8942
24,81,73,0.9315,0.9183,0.7247,0.9187
25,81,76,0.7903,0.8813,0.8966,0.9043
26,81,79,0.9205,0.9056,0.8365,0.8754
27,81,82,0.8916,0.6766,0.8947,0.8751
28,81,85,0.7816,0.9143,0.6644,0.7937
29,81,88,0.9004,0.9058,0.8674,0.8919
30,81,91,0.9204,0.8503,0.9061,0.8958
31,81,94,0.9237,0.9212,0.9182,0.6696
32,81,97,0.9281,0.9189,0.9167,0.7537
33,81,100,0.9044,0.9326,0.7886,0.9383
34,81,103,0.7958,0.8733,0.8993,0.8671
35,81,106,0.9112,0.792,0.9161,0.8851
36,81,109,0.8828,0.8961,0.8389,0.8909
37,81,112,0.5425,0.8069,0.8945,0.9081
38,81,115,0.7817,0.8932,0.7652,0.8884
39,81,118,0.9348,0.7741,0.9018,0.9041
40,81,121,0.9025,0.8968,0.9231,0.8972
41,81,124,0.9001,0.8978,0.8409,0.786
42,81,127,0.899,0.8426,0.784,0.9235
43,81,130,0.899,0.9149,0.8727,0.9017
44,81,133,0.9022,0.8507,0.909,0.8605
45,81,136,0.7198,0.6651,0.9093,0.7233
46,81,139,0.8887,0.7878,0.8014,0.667
47,81,142,0.9054,0.9073,0.8733,0.8491
48,81,145,0.7577,0.8748,0.7828,0.7702
49,81,148,0.6604,0.8904,0.8842,0.7711
50,81,151,0.9222,0.8721,0.8872,0.8775
51,81,154,0.7779,0.8787,0.8904,0.6383
52,81,157,0.7537,0.8201,0.8896,0.8466
53,81,160,0.8894,0.8437,0.7649,0.8584
54,81,163,0.8607,0.8971,0.8813,0.8744
55,81,166,0.856,0.7475,0.8899,0.8999
56,81,169,0.9021,0.7025,0.4854,0.8783
57,81,172,0.6068,0.1855,0.2777,0.1805
58,81,175,0.7164,0.181,0.2345,0.2443
59,81,178,0,0.1729,0,0.3671
60,81,181,0.3607,0.3384,0.2478,0.1721
61,81,184,0.2365,0.4856,0.1576,0
62,81,187,0.06056,0.2349,0.1654,0
63,81,190,0.1837,0.3114,0.06068,0.1915
64,81,193,0,0.2343,0.1905,0.06116
65,81,196,0.3686,0.1693,0,0.2374
66,81,199,0.06056,0.1699,0,0
67,81,202,0.1807,0,0.1212,0
68,81,205,0.06068,0.1762,0.1827,0.1214
69,81,208,0.1888,0.1867,0.1793,0.3552
70,81,211,0.1447,0.06056,0.06068,0.5984
71,81,214,0.177,0.06068,0.2885,0
72,81,217,0.4212,0.1212,0,0.1718
73,81,220,0.06056,0.06056,0,0
74,81,223,0.1669,0.06056,0.06068,0
75,81,226,0.1212,0,0.06056,0
76,81,229,0.06068,0.06068,0,0.06116
77,81,232,0.3439,0,0,0.06068
78,81,235,0,0,0.181,0
79,81,238,0.06068,0.1218,0,0
80,81,241,0,0,0,0.1217
81,81,244,0,0.2276,0.06068,0.1217
82,81,247,0,0,0.1214,0
83,81,250,0,0.06068,0,0
84,81,253,0,0.06068,0.06068,0.06056
85,81,256,0.1217,0.06116,0,0
86,81,259,0,0.06068,0,0.06068
87,81,262,0.06068,0,0.06056,0.06056
88,81,265,0.06068,0,0.06068,0.06068
89,81,268,0,0,0.06068,0
90,81,271,0,0,0,0
91,81,274,0,0.06068,0,0.06068
92,81,277,0.06068,0.06068,0,0
93,81,280,0.06068,0,0.1212,0.06056
94,81,283,0.06056,0,0.06056,0
95,81,286,0,0,0,0
96,81,289,0.06068,0.06116,0,0.06116
97,81,292,0,0.06056,0,0.06116
98,81,295,0,0.1824,0,0
99,81,298,0,0,0,0
,Dataset#,L,att_1,att_2,att_3,att_4
0,83,1,0.9862,0.9837,0.9837,0.9729
1,83,4,0.9827,0.9836,0.9845,0.9852
2,83,7,0.9844,0.986,0.9868,0.9835
3,83,10,0.9868,0.9845,0.986,0.986
4,83,13,0.986,0.986,0.9852,0.986
5,83,16,0.9844,0.9828,0.9851,0.986
6,83,19,0.9852,0.9843,0.9852,0.986
7,83,22,0.9834,0.982,0.8688,0.9868
8,83,25,0.9852,0.9749,0.9634,0.9852
9,83,28,0.9804,0.9843,0.9852,0.986
10,83,31,0.8701,0.7567,0.9852,0.9711
11,83,34,0.986,0.9843,0.9844,0.9836
12,83,37,0.8684,0.8684,0.8694,0.8714
13,83,40,0.866,0.9844,0.8722,0.8722
14,83,43,0.8713,0.8713,0.8713,0.8667
15,83,46,0.6902,0.7545,0.7567,0.7555
16,83,49,0.9851,0.7537,0.7529,0.7507
17,83,52,0.867,0.986,0.9851,0.8722
18,83,55,0.8684,0.8443,0.8705,0.8667
19,83,58,0.7435,0.8705,0.986,0.9851
20,83,61,0.986,0.9718,0.6361,0.7477
21,83,64,0.6395,0.8643,0.7537,0.8704
22,83,67,0.7507,0.9789,0.5249,0.7555
23,83,70,0.5249,0.6379,0.8669,0.8659
24,83,73,0.8684,0.7545,0.8582,0.6361
25,83,76,0.5128,0.8702,0.8668,0.9819
26,83,79,0.5249,0.5249,0.6343,0.8667
27,83,82,0.7537,0.6387,0.5249,0.838
28,83,85,0.7448,0.7537,0.7499,0.7534
29,83,88,0.7545,0.4859,0.7462,0.9852
30,83,91,0.5211,0.9868,0.6379,0.8698
31,83,94,0.7507,0.6864,0.5219,0.8627
32,83,97,0.7455,0.7389,0.9844,0.6382
33,83,100,0.7572,0.7563,0.7554,0.9843
34,83,103,0.7171,0.8713,0.871,0.8231
35,83,106,0.6361,0.6387,0.7529,0.7534
36,83,109,0.6425,0.524,0.7551,0.6399
37,83,112,0.6387,0.5666,0.6417,0.7545
38,83,115,0.7366,0.6349,0.8625,0.7528
39,83,118,0.6367,0.8684,0.7537,0.8654
40,83,121,0.637,0.6399,0.6391,0.6225
41,83,124,0.7575,0.8714,0.7537,0.8713
42,83,127,0.7521,0.7545,0.6369,0.4072
43,83,130,0.6361,0.6363,0.808,0.5206
44,83,133,0.5219,0.7537,0.637,0.5211
45,83,136,0.7534,0.7534,0.7507,0.8642
46,83,139,0.8378,0.7507,0.6399,0.8684
47,83,142,0.5211,0.7534,0.8684,0.6234
48,83,145,0.6361,0.5249,0.6207,0.7545
49,83,148,0.8713,0.7534,0.7534,0.4072
50,83,151,0.8684,0.9645,0.7563,0.5211
51,83,154,0.8702,0.7159,0.8713,0.7497
52,83,157,0.8659,0.7492,0.8667,0.8713
53,83,160,0.64,0.6354,0.7539,0.6345
54,83,163,0.8693,0.6305,0.7509,0.8453
55,83,166,0.6382,0.6383,0.7545,0.5222
56,83,169,0.7567,0.6425,0.7563,0.6361
57,83,172,0.7563,0.4072,0.8675,0.7192
58,83,175,0.7537,0.7537,0.5219,0.6369
59,83,178,0.5225,0.6399,0.6399,0.6387
60,83,181,0.4744,0.7545,0.6369,0.2443
61,83,184,0.5557,0.7479,0.5541,0.6375
62,83,187,0.2459,0.4072,0.3621,0.5587
63,83,190,0.3578,0.3261,0.5571,0.4433
64,83,193,0.6357,0.8653,0.3595,0.4433
65,83,196,0.2441,0.2445,0.5219,0.5416
66,83,199,0.673,0.1629,0.6379,0.4724
67,83,202,0.3625,0.4437,0.4072,0.3625
68,83,205,0.7575,0.4433,0.3255,0.5219
69,83,208,0.4072,0.3555,0.3257,0.4431
70,83,211,0.1624,0.4407,0.5211,0.2445
71,83,214,0.2449,0.4433,0.1628,0.6399
72,83,217,0.6387,0.1628,0.4395,0.5549
73,83,220,0,0.4433,0.3261,0.4411
74,83,223,0.2439,0.1629,0.3261,0.1624
75,83,226,0.4282,0.4395,0.3599,0.1629
76,83,229,0.557,0.2445,0.3425,0.3595
77,83,232,0.08172,0.3257,0.2804,0.3595
78,83,235,0.2445,0.2445,0.3257,0.2449
79,83,238,0.3591,0.2441,0.3257,0.1633
80,83,241,0.1629,0.5219,0.2449,0.2804
81,83,244,0.2808,0.3255,0.4412,0.2443
82,83,247,0.3578,0.3591,0.1629,0.3621
83,83,250,0.3261,0.1624,0.2439,0.1629
84,83,253,0.2771,0.2449,0.1624,0.2445
85,83,256,0.4393,0.08158,0.2445,0.1628
86,83,259,0.1628,0.4429,0.3261,0.08118
87,83,262,0.1628,0.08158,0.3595,0.3257
88,83,265,0.08118,0.3261,0.2445,0.1632
89,83,268,0.1632,0.1628,0.08158,0.08118
90,83,271,0.08118,0.2445,0.2808,0.2445
91,83,274,0.08172,0,0.2804,0.1628
92,83,277,0.2445,0.1632,0.4072,0.1628
93,83,280,0,0.2445,0.2808,0.08172
94,83,283,0.08118,0.1624,0.1628,0.1633
95,83,286,0.3257,0.3261,0.5249,0.08172
96,83,289,0.4072,0.3257,0.3257,0.08118
97,83,292,0.08118,0.1629,0.2445,0.08172
98,83,295,0.3255,0.2808,0.3257,0.1628
99,83,298,0.1624,0.4072,0,0.1628
,Dataset#,L,att_1,att_2,att_3,att_4
0,85,1,0.4066,0.3807,0.3823,0.3974
1,85,4,0.4545,0.4814,0.4141,0.4286
2,85,7,0.4718,0.454,0.4374,0.4546
3,85,10,0.4402,0.4581,0.4744,0.4728
4,85,13,0.442,0.4321,0.4731,0.4374
5,85,16,0.3989,0.4888,0.4566,0.4572
6,85,19,0.4314,0.4713,0.4601,0.4562
7,85,22,0.4552,0.4261,0.4732,0.4541
8,85,25,0.4239,0.4564,0.4465,0.3999
9,85,28,0.3956,0.4687,0.4499,0.4111
10,85,31,0.4699,0.4703,0.4481,0.4269
11,85,34,0.4451,0.4888,0.4919,0.475
12,85,37,0.472,0.4692,0.4469,0.4298
13,85,40,0.4727,0.4625,0.4816,0.4654
14,85,43,0.4728,0.4737,0.4768,0.4724
15,85,46,0.4053,0.4197,0.4732,0.5063
16,85,49,0.4276,0.4466,0.4299,0.4014
17,85,52,0.4878,0.3906,0.4835,0.4472
18,85,55,0.4854,0.4867,0.4263,0.4321
19,85,58,0.4826,0.2885,0.4296,0.4696
20,85,61,0.431,0.4511,0.4562,0.4336
21,85,64,0.4205,0.3847,0.4432,0.3582
22,85,67,0.4646,0.3134,0.4258,0.4247
23,85,70,0.4509,0.4773,0.4612,0.3813
24,85,73,0.4608,0.3112,0.4218,0.3672
25,85,76,0.4743,0.4576,0.4965,0.4015
26,85,79,0.4649,0.3709,0.4666,0.4429
27,85,82,0.2534,0.2968,0.4234,0.3931
28,85,85,0.3938,0.4086,0.3311,0.3701
29,85,88,0.3868,0.4046,0.4226,0.4607
30,85,91,0.453,0.4352,0.4377,0.3845
31,85,94,0.3731,0.3665,0.358,0.4215
32,85,97,0.3911,0.2751,0.4418,0.363
33,85,100,0.2566,0.4293,0.2878,0.4314
34,85,103,0.2831,0.3498,0.3298,0.2746
35,85,106,0.2298,0.4889,0.3233,0.4256
36,85,109,0.33,0.2257,0.3496,0.4569
37,85,112,0.3106,0.2617,0.2061,0.4146
38,85,115,0.3309,0.3553,0.4012,0.2023
39,85,118,0.4671,0.3804,0.4028,0.2609
40,85,121,0.3106,0.3228,0.1839,0.35
41,85,124,0.3136,0.1985,0.3499,0.3142
42,85,127,0.3532,0.3214,0.3303,0.4029
43,85,130,0.2722,0.3769,0.4579,0.279
44,85,133,0.3119,0.2943,0.1621,0.4524
45,85,136,0.4147,0.2587,0.2707,0.3244
46,85,139,0.2857,0.0875,0.3253,0.1399
47,85,142,0.2993,0.3285,0.1932,0.3508
48,85,145,0.3572,0.4092,0.1936,0.1676
49,85,148,0.3846,0.171,0.1846,0.1909
50,85,151,0.2424,0.2717,0.1597,0.2323
51,85,154,0.3803,0.3567,0.1163,0.2567
52,85,157,0.2632,0.2441,0.219,0.2865
53,85,160,0.2942,0.1606,0.2682,0.2105
54,85,163,0.1552,0.2309,0.273,0.362
55,85,166,0.1623,0.1987,0.3191,0.2248
56,85,169,0.09362,0,0.1101,0.1176
57,85,172,0.06746,0,0,0.09166
58,85,175,0,0,0.1616,0.02374
59,85,178,0.1563,0.02374,0,0.06666
60,85,181,0.04754,0.02374,0,0
61,85,184,0,0.2257,0.048,0.04754
62,85,187,0.02374,0.04748,0.02374,0
63,85,190,0.1526,0,0,0.05714
64,85,193,0,0.08602,0,0
65,85,196,0,0,0,0.02374
66,85,199,0.02374,0.06304,0.02374,0.09708
67,85,202,0,0,0.02374,0.1815
68,85,205,0.07796,0.1092,0.07844,0
69,85,208,0,0.07128,0,0.06666
70,85,211,0,0.0871,0.02374,0.0238
71,85,214,0,0.0238,0.0238,0.02374
72,85,217,0,0.02374,0,0.02374
73,85,220,0,0.07796,0.02374,0
74,85,223,0.02374,0.04748,0.02374,0.02374
75,85,226,0,0,0.04754,0
76,85,229,0.02374,0.02374,0.02374,0
77,85,232,0,0.02374,0.04754,0
78,85,235,0.04754,0,0,0.04754
79,85,238,0,0.0653,0,0.02374
80,85,241,0.02374,0,0.02374,0
81,85,244,0,0.02374,0.02374,0.02374
82,85,247,0,0,0.04748,0.04748
83,85,250,0,0,0,0.02374
84,85,253,0.02374,0,0.02374,0
85,85,256,0,0.04748,0.02374,0
86,85,259,0.0238,0,0.02374,0.02374
87,85,262,0,0.02374,0,0.02374
88,85,265,0,0,0,0
89,85,268,0.02374,0,0,0
90,85,271,0,0,0,0.04748
91,85,274,0,0.02374,0,0.0238
92,85,277,0,0,0.0238,0
93,85,280,0,0,0.02374,0
94,85,283,0,0,0,0.04748
95,85,286,0.02374,0,0,0.02374
96,85,289,0,0,0,0
97,85,292,0,0.02374,0,0.02374
98,85,295,0,0,0,0.02374
99,85,298,0,0,0.02374,0.04748
,Dataset#,L,att_1,att_2,att_3,att_4
0,86,1,0.3453,0.3724,0.3583,0.3698
1,86,4,0.399,0.4046,0.412,0.3932
2,86,7,0.4274,0.4167,0.4213,0.4188
3,86,10,0.4099,0.423,0.4387,0.4215
4,86,13,0.4428,0.4429,0.4122,0.4252
5,86,16,0.4185,0.4325,0.4286,0.4242
6,86,19,0.4217,0.4267,0.427,0.4191
7,86,22,0.4354,0.4303,0.4156,0.387
8,86,25,0.4291,0.4358,0.3965,0.4214
9,86,28,0.4273,0.3536,0.4055,0.4115
10,86,31,0.4294,0.4192,0.4121,0.4282
11,86,34,0.4167,0.4079,0.3724,0.4191
12,86,37,0.306,0.4011,0.3801,0.3533
13,86,40,0.301,0.4076,0.3665,0.4011
14,86,43,0.2545,0.2829,0.3685,0.3584
15,86,46,0.4252,0.4127,0.3664,0.367
16,86,49,0.3847,0.3458,0.342,0.4137
17,86,52,0.295,0.3914,0.3503,0.4119
18,86,55,0.3656,0.3071,0.2393,0.4346
19,86,58,0.1866,0.3638,0.2475,0.3575
20,86,61,0.409,0.3587,0.4047,0.3984
21,86,64,0.32,0.1849,0.2797,0.406
22,86,67,0.3729,0.3652,0.3127,0.2934
23,86,70,0.2285,0.3432,0.2948,0.3713
24,86,73,0.3549,0.3178,0.1513,0.2433
25,86,76,0.356,0.2876,0.4054,0.3261
26,86,79,0.3028,0.338,0.3633,0.3023
27,86,82,0.2239,0.3514,0.3063,0.2552
28,86,85,0.416,0.343,0.4133,0.2973
29,86,88,0.3705,0.2933,0.4298,0.4206
30,86,91,0.255,0.3202,0.2903,0.276
31,86,94,0.2332,0.2419,0.3476,0.3043
32,86,97,0.2757,0.2373,0.339,0.3106
33,86,100,0.176,0.2327,0.1924,0.2564
34,86,103,0.3671,0.2576,0.3539,0.3271
35,86,106,0.2305,0.307,0.3478,0.3132
36,86,109,0.2754,0.3022,0.309,0.3653
37,86,112,0.4486,0.2498,0.1855,0.2737
38,86,115,0.1712,0.3253,0.3095,0.2993
39,86,118,0.2899,0.3747,0.3134,0.3991
40,86,121,0.3934,0.351,0.162,0.2405
41,86,124,0.3756,0.4206,0.3074,0.4306
42,86,127,0.3028,0.2926,0.3479,0.2912
43,86,130,0.3471,0.3512,0.38,0.3641
44,86,133,0.2339,0.3363,0.1296,0.3433
45,86,136,0.2195,0.4151,0.3424,0.2821
46,86,139,0.2481,0.2959,0.4103,0.399
47,86,142,0.2208,0.1953,0.2682,0.3895
48,86,145,0.3304,0.3273,0.2101,0.2933
49,86,148,0.2123,0.2434,0.1549,0.2129
50,86,151,0.2526,0.2774,0.288,0.3876
51,86,154,0.3828,0.3538,0.2403,0.2973
52,86,157,0.3452,0.2518,0.3698,0.3341
53,86,160,0.242,0.4182,0.2384,0.3374
54,86,163,0.283,0.1296,0.2192,0.2903
55,86,166,0.2566,0.2568,0.3553,0.3657
56,86,169,0.08666,0.07778,0.09524,0.0518
57,86,172,0.07778,0.0518,0.07774,0.07774
58,86,175,0.05184,0.02594,0.0518,0.0259
59,86,178,0,0.05184,0.05184,0.0259
60,86,181,0,0.0518,0.07774,0
61,86,184,0.05188,0.0518,0.1037,0.0259
62,86,187,0.0518,0.05184,0.05184,0.02594
63,86,190,0.07774,0.07774,0.0518,0.0259
64,86,193,0.07778,0.0259,0.0259,0.07778
65,86,196,0.02594,0.0259,0.05184,0.0777
66,86,199,0.05188,0.05188,0.0518,0
67,86,202,0.0259,0.0259,0.0259,0.07774
68,86,205,0.07774,0.0518,0,0
69,86,208,0.0259,0.0259,0.07778,0.05184
70,86,211,0.1036,0.0259,0,0.05184
71,86,214,0.08172,0.0259,0.0259,0.07774
72,86,217,0.02594,0,0.02594,0.0518
73,86,220,0,0.0259,0.07778,0.02594
74,86,223,0.07778,0.07778,0.02594,0.1037
75,86,226,0.0777,0.1037,0.0518,0.0259
76,86,229,0.05184,0.1037,0.0259,0.0259
77,86,232,0.0259,0.07774,0.02594,0.05184
78,86,235,0,0.05188,0.05184,0
79,86,238,0.07778,0,0,0.05184
80,86,241,0.05184,0.07778,0.02594,0.1037
81,86,244,0.1036,0,0.07774,0.0518
82,86,247,0.02594,0.1036,0.1036,0.0259
83,86,250,0,0.05188,0.1037,0.0259
84,86,253,0,0.0259,0.07774,0.02594
85,86,256,0.0259,0.0518,0.07774,0.05184
86,86,259,0.0518,0.0518,0.07778,0.1036
87,86,262,0.05184,0.05184,0.07774,0.1036
88,86,265,0.02594,0.1036,0.0259,0.0518
89,86,268,0.05188,0,0.1037,0.0259
90,86,271,0.07774,0.0259,0.05184,0.07774
91,86,274,0.0259,0.07774,0.05184,0.05184
92,86,277,0.0259,0.07778,0.0259,0.05184
93,86,280,0.07774,0.07774,0.05184,0.05188
94,86,283,0.05184,0.05184,0.0518,0.1037
95,86,286,0.05184,0.0518,0.02594,0.1037
96,86,289,0.0518,0.0259,0.05184,0.0259
97,86,292,0.05184,0.0259,0.07774,0.05184
98,86,295,0.05184,0.0518,0.05184,0
99,86,298,0.02594,0.0259,0.0259,0.07774
,Dataset#,L,att_1,att_2,att_3,att_4
0,87,1,0.7571,0.77,0.7705,0.7542
1,87,4,0.8709,0.8803,0.8643,0.8519
2,87,7,0.8982,0.8458,0.8652,0.8891
3,87,10,0.8787,0.8573,0.9049,0.895
4,87,13,0.8837,0.841,0.8791,0.8919
5,87,16,0.8674,0.8849,0.8795,0.8354
6,87,19,0.866,0.8801,0.8794,0.8659
7,87,22,0.8585,0.8719,0.8742,0.8674
8,87,25,0.8363,0.8511,0.8091,0.8063
9,87,28,0.8614,0.9012,0.8812,0.8673
10,87,31,0.8497,0.851,0.8339,0.8434
11,87,34,0.8906,0.8625,0.8685,0.7067
12,87,37,0.826,0.8012,0.667,0.8656
13,87,40,0.8475,0.796,0.8596,0.8035
14,87,43,0.8218,0.8458,0.8588,0.8371
15,87,46,0.8094,0.5722,0.5707,0.8706
16,87,49,0.8399,0.6347,0.85,0.726
17,87,52,0.8713,0.726,0.6889,0.8022
18,87,55,0.7147,0.8656,0.7137,0.5794
19,87,58,0.7173,0.6957,0.8642,0.5487
20,87,61,0.8625,0.7279,0.7105,0.7183
21,87,64,0.7163,0.4409,0.8103,0.5794
22,87,67,0.4204,0.5679,0.8164,0.6869
23,87,70,0.5418,0.7036,0.5877,0.6982
24,87,73,0.7098,0.6906,0.4182,0.4425
25,87,76,0.6584,0.5894,0.7113,0.805
26,87,79,0.8724,0.759,0.653,0.5318
27,87,82,0.8562,0.4141,0.6857,0.7288
28,87,85,0.5849,0.6879,0.4243,0.5549
29,87,88,0.5702,0.8643,0.5729,0.3995
30,87,91,0.7286,0.7195,0.8286,0.4309
31,87,94,0.7185,0.7364,0.6817,0.2923
32,87,97,0.6946,0.292,0.719,0.2853
33,87,100,0.4167,0.6884,0.8569,0.6934
34,87,103,0.6985,0.3961,0.7217,0.7013
35,87,106,0.5429,0.8496,0.5563,0.4349
36,87,109,0.5055,0.7,0.8187,0.6758
37,87,112,0.5536,0.8612,0.7032,0.5821
38,87,115,0.5724,0.5301,0.4257,0.4068
39,87,118,0.4038,0.8752,0.5713,0.6696
40,87,121,0.5634,0.8711,0.5553,0.6933
41,87,124,0.4321,0.5315,0.7251,0.5557
42,87,127,0.4857,0.2649,0.8196,0.5123
43,87,130,0.6856,0.2795,0.5528,0.4012
44,87,133,0.2995,0.5625,0.4083,0.701
45,87,136,0.3848,0.7078,0.5651,0.6846
46,87,139,0.4135,0.5793,0.6427,0.5066
47,87,142,0.4303,0.5451,0.6311,0.7356
48,87,145,0.5632,0.6682,0.4663,0.8252
49,87,148,0.5258,0.71,0.5372,0.6499
50,87,151,0.6722,0.6684,0.6674,0.422
51,87,154,0.6854,0.5847,0.2818,0.2372
52,87,157,0.5606,0.563,0.5186,0.5133
53,87,160,0.5047,0.4114,0.5581,0.5723
54,87,163,0.6343,0.2994,0.4326,0.4094
55,87,166,0.8626,0.4114,0.4494,0.7856
56,87,169,0.6138,0.2666,0.2967,0.3723
57,87,172,0.0304,0.0618,0.0922,0.0618
58,87,175,0.0917,0.1226,0.0613,0.0613
59,87,178,0,0,0.1535,0.0613
60,87,181,0.0613,0,0.1226,0.0613
61,87,184,0.0922,0.0613,0.0613,0.0927
62,87,187,0.0618,0.0922,0,0.0613
63,87,190,0.0922,0.0309,0.0309,0.0613
64,87,193,0.0608,0.0608,0.0613,0.0309
65,87,196,0.1711,0.0613,0.1879,0
66,87,199,0.0613,0.0304,0.0608,0.0618
67,87,202,0.0309,0,0.0917,0.0304
68,87,205,0.0917,0.0613,0.0613,0.0613
69,87,208,0.2101,0,0.0922,0.0309
70,87,211,0.0922,0.0613,0.0309,0.0618
71,87,214,0.0613,0.0613,0.0608,0.0613
72,87,217,0.0618,0.0618,0,0.0613
73,87,220,0.0613,0.0304,0.1535,0.0618
74,87,223,0.0309,0.0304,0.0922,0.0309
75,87,226,0.1231,0.0304,0.0613,0.1535
76,87,229,0.0613,0.0618,0,0.0304
77,87,232,0.0613,0.0608,0.0309,0.0922
78,87,235,0.0922,0.0927,0.0304,0.0613
79,87,238,0.0618,0.0922,0.0304,0.0922
80,87,241,0.1535,0.0613,0.0309,0.0927
81,87,244,0.0922,0,0.0309,0.0309
82,87,247,0.0309,0.0304,0.0304,0.0917
83,87,250,0.0613,0.0927,0.0304,0.0309
84,87,253,0.0613,0.0304,0.0613,0.0922
85,87,256,0.1226,0.0613,0.0922,0.0304
86,87,259,0.0922,0.1226,0.0613,0.0613
87,87,262,0.1226,0.0922,0.0309,0.0309
88,87,265,0.0608,0.0618,0.0618,0.0613
89,87,268,0.0613,0.0618,0.0618,0.1226
90,87,271,0.0309,0.0304,0.0917,0.0608
91,87,274,0.0917,0.0618,0.1226,0.0922
92,87,277,0.0922,0.1231,0.0613,0.0917
93,87,280,0.0304,0.0309,0.0613,0.0922
94,87,283,0.0922,0.1226,0.0917,0.0613
95,87,286,0,0.0922,0.0922,0
96,87,289,0,0.1226,0.0613,0.0917
97,87,292,0.0613,0.0309,0.0309,0.0618
98,87,295,0.0608,0.0922,0.0309,0.0613
99,87,298,0.0922,0.0922,0.0917,0.0922
,Dataset#,L,att_1,att_2,att_3,att_4
0,88,1,0.9163,0.9039,0.9195,0.8936
1,88,4,0.9261,0.9242,0.9408,0.9461
2,88,7,0.9514,0.9482,0.9413,0.9505
3,88,10,0.9353,0.9287,0.9483,0.9455
4,88,13,0.9443,0.9512,0.9225,0.9594
5,88,16,0.9576,0.9504,0.9408,0.9371
6,88,19,0.9456,0.942,0.9561,0.9451
7,88,22,0.9606,0.9345,0.9325,0.8287
8,88,25,0.822,0.9399,0.8105,0.834
9,88,28,0.7305,0.7247,0.8411,0.7207
10,88,31,0.6086,0.8392,0.72,0.716
11,88,34,0.7364,0.7294,0.8426,0.8413
12,88,37,0.7196,0.8213,0.6119,0.4971
13,88,40,0.833,0.7234,0.8489,0.7134
14,88,43,0.704,0.7193,0.8202,0.8246
15,88,46,0.8222,0.5911,0.4939,0.8271
16,88,49,0.8243,0.8216,0.7214,0.5998
17,88,52,0.7075,0.9242,0.8171,0.7911
18,88,55,0.7989,0.4999,0.6059,0.6999
19,88,58,0.8278,0.717,0.6016,0.7753
20,88,61,0.7077,0.7068,0.8135,0.9456
21,88,64,0.5031,0.6049,0.7094,0.3867
22,88,67,0.7115,0.7109,0.6142,0.594
23,88,70,0.4958,0.5755,0.8322,0.7026
24,88,73,0.7233,0.6039,0.6046,0.5936
25,88,76,0.7349,0.7264,0.8364,0.7093
26,88,79,0.9324,0.8253,0.6807,0.5983
27,88,82,0.9492,0.6126,0.5012,0.7226
28,88,85,0.7102,0.8415,0.7104,0.6089
29,88,88,0.718,0.7164,0.8079,0.7192
30,88,91,0.725,0.709,0.4864,0.6749
31,88,94,0.6958,0.7817,0.7014,0.6126
32,88,97,0.6083,0.4926,0.6052,0.7096
33,88,100,0.7196,0.8311,0.7208,0.8159
34,88,103,0.7055,0.8219,0.7075,0.9537
35,88,106,0.6039,0.6074,0.5967,0.7136
36,88,109,0.832,0.6069,0.7999,0.9262
37,88,112,0.6072,0.8408,0.7097,0.8315
38,88,115,0.8098,0.9551,0.7166,0.6083
39,88,118,0.7355,0.496,0.4953,0.6031
40,88,121,0.7251,0.7115,0.8146,0.4887
41,88,124,0.7195,0.7192,0.7201,0.6808
42,88,127,0.604,0.7053,0.8076,0.8325
43,88,130,0.7307,0.6993,0.6006,0.57
44,88,133,0.5892,0.7177,0.5073,0.6051
45,88,136,0.8055,0.6038,0.7091,0.7158
46,88,139,0.7002,0.7391,0.8244,0.6092
47,88,142,0.8113,0.8358,0.6018,0.7206
48,88,145,0.7065,0.6203,0.7105,0.939
49,88,148,0.4993,0.73,0.6004,0.7265
50,88,151,0.7254,0.5012,0.8227,0.6012
51,88,154,0.7157,0.5843,0.6069,0.4885
52,88,157,0.5935,0.4991,0.7163,0.607
53,88,160,0.3867,0.6772,0.7923,0.9444
54,88,163,0.7096,0.7073,0.7052,0.7194
55,88,166,0.7253,0.597,0.7163,0.6142
56,88,169,0.4957,0.531,0.5127,0.4207
57,88,172,0.2321,0.3091,0.5327,0.2321
58,88,175,0.07754,0.2321,0.1548,0.0773
59,88,178,0.2319,0.2649,0.2321,0.1545
60,88,181,0.1546,0.2321,0.3094,0.07722
61,88,184,0.07754,0.1545,0.3094,0.2321
62,88,187,0.1546,0.2318,0.0773,0.3094
63,88,190,0.2321,0.0773,0.1548,0.1545
64,88,193,0.1545,0.07754,0.2321,0.1548
65,88,196,0.3094,0.2321,0.1546,0.3094
66,88,199,0.2321,0.2318,0.1545,0
67,88,202,0.2321,0.1545,0.07754,0.1545
68,88,205,0.1546,0.2321,0.0773,0.3094
69,88,208,0.3094,0.0773,0.1548,0.1546
70,88,211,0.2321,0.2321,0.2318,0.2318
71,88,214,0.3094,0.1545,0.1545,0.1546
72,88,217,0.2318,0.1546,0.3094,0.2321
73,88,220,0.07754,0.0773,0.1548,0.1548
74,88,223,0.1545,0.3094,0.2321,0.0773
75,88,226,0.0773,0.3094,0.2321,0.1548
76,88,229,0.2318,0.3091,0.2321,0.0773
77,88,232,0.3094,0.0773,0.1548,0.3867
78,88,235,0.1546,0.3867,0.2319,0.2321
79,88,238,0.0773,0.1546,0.1545,0.2318
80,88,241,0.1548,0.0773,0.1546,0.3094
81,88,244,0.2321,0.2318,0.3094,0.2321
82,88,247,0.2321,0.2321,0.1545,0.2319
83,88,250,0.3867,0.1545,0.3091,0.07754
84,88,253,0.2321,0.1548,0.2318,0.1545
85,88,256,0.3867,0.2321,0.2318,0.0773
86,88,259,0.3094,0.1546,0.3094,0.3094
87,88,262,0.2321,0.2321,0.3094,0.2318
88,88,265,0.1548,0.1546,0.3094,0.1548
89,88,268,0.0773,0.2319,0.07722,0.3867
90,88,271,0.3091,0.1548,0.07754,0.3094
91,88,274,0.1545,0.1546,0.3091,0.1545
92,88,277,0.3091,0.2318,0.07754,0.1548
93,88,280,0.2321,0.1548,0.2321,0.2321
94,88,283,0.1546,0.2321,0.1545,0.1545
95,88,286,0,0.07754,0.1548,0.1548
96,88,289,0.1548,0.2321,0,0.1548
97,88,292,0.2321,0.1548,0.1548,0.1546
98,88,295,0.2321,0.1546,0.07722,0.0773
99,88,298,0.1548,0.07722,0.2321,0.3094
,Dataset#,L,att_1,att_2,att_3,att_4
0,89,1,0.559,0.5639,0.5561,0.5724
1,89,4,0.6249,0.6218,0.611,0.6025
2,89,7,0.6166,0.6127,0.6139,0.6222
3,89,10,0.6188,0.6145,0.6142,0.6379
4,89,13,0.6181,0.6291,0.6241,0.6115
5,89,16,0.6176,0.6224,0.6149,0.6239
6,89,19,0.6127,0.6185,0.6124,0.6142
7,89,22,0.6202,0.6179,0.6023,0.616
8,89,25,0.6154,0.6245,0.6257,0.5837
9,89,28,0.623,0.5655,0.6182,0.5749
10,89,31,0.5699,0.5843,0.5974,0.598
11,89,34,0.5655,0.5232,0.5275,0.5657
12,89,37,0.6145,0.6132,0.6053,0.5819
13,89,40,0.5623,0.5177,0.564,0.6101
14,89,43,0.614,0.5589,0.5689,0.62
15,89,46,0.56,0.4831,0.6114,0.6104
16,89,49,0.5282,0.6099,0.5749,0.6307
17,89,52,0.5757,0.5627,0.6072,0.5223
18,89,55,0.6051,0.5575,0.5367,0.5632
19,89,58,0.5617,0.5169,0.4816,0.6152
20,89,61,0.5609,0.5685,0.4876,0.6103
21,89,64,0.5613,0.5669,0.5622,0.5197
22,89,67,0.5188,0.479,0.6046,0.5669
23,89,70,0.5227,0.5638,0.5218,0.5262
24,89,73,0.5672,0.5103,0.4819,0.4831
25,89,76,0.4722,0.6091,0.4882,0.4907
26,89,79,0.5545,0.6112,0.4474,0.4779
27,89,82,0.4432,0.5232,0.5924,0.4905
28,89,85,0.4763,0.5988,0.5178,0.554
29,89,88,0.4849,0.4726,0.4881,0.533
30,89,91,0.565,0.6193,0.5855,0.4773
31,89,94,0.5269,0.5692,0.5134,0.5322
32,89,97,0.4451,0.5657,0.3973,0.517
33,89,100,0.5192,0.4802,0.4829,0.4332
34,89,103,0.5228,0.479,0.5638,0.603
35,89,106,0.4808,0.4755,0.519,0.5182
36,89,109,0.5144,0.4351,0.4691,0.5824
37,89,112,0.5676,0.5317,0.5271,0.5237
38,89,115,0.5131,0.566,0.5291,0.4779
39,89,118,0.513,0.476,0.5676,0.4782
40,89,121,0.5547,0.4695,0.3973,0.5307
41,89,124,0.4806,0.51,0.5137,0.4729
42,89,127,0.4356,0.5163,0.5244,0.4821
43,89,130,0.5093,0.5226,0.5112,0.5726
44,89,133,0.4424,0.4762,0.521,0.4354
45,89,136,0.5201,0.4813,0.5247,0.4511
46,89,139,0.4772,0.6019,0.4834,0.4845
47,89,142,0.536,0.481,0.4439,0.433
48,89,145,0.5213,0.5323,0.4858,0.516
49,89,148,0.4364,0.4364,0.562,0.4988
50,89,151,0.4823,0.4367,0.4937,0.509
51,89,154,0.4714,0.5244,0.4368,0.5121
52,89,157,0.4382,0.4878,0.4358,0.4467
53,89,160,0.4392,0.5809,0.4787,0.5102
54,89,163,0.4811,0.4757,0.5568,0.4844
55,89,166,0.5232,0.5868,0.5095,0.5221
56,89,169,0.4774,0.3592,0.2385,0.407
57,89,172,0.159,0.357,0.2764,0.2385
58,89,175,0.0795,0.1968,0.159,0.3189
59,89,178,0.3178,0.2052,0.2383,0.2016
60,89,181,0.1588,0.3973,0.1588,0.3178
61,89,184,0.2385,0.1588,0.2383,0.2385
62,89,187,0.0795,0.1588,0.2385,0.3198
63,89,190,0.2793,0.159,0.2383,0.0795
64,89,193,0.159,0.2838,0.2383,0.2383
65,89,196,0.2383,0.2385,0.1239,0.0795
66,89,199,0.2796,0.3178,0.365,0.159
67,89,202,0.1588,0.3663,0.1588,0.3178
68,89,205,0.4868,0.4402,0.2383,0.318
69,89,208,0.159,0.4352,0.159,0.159
70,89,211,0.3178,0.3628,0.0795,0.0795
71,89,214,0.2385,0.1195,0.1588,0.2385
72,89,217,0.2861,0.0795,0.2383,0.3178
73,89,220,0.1588,0.159,0.3178,0.2383
74,89,223,0.1588,0.2383,0.159,0.3178
75,89,226,0.159,0.3178,0.2763,0.2008
76,89,229,0.159,0.2385,0,0.2385
77,89,232,0.2715,0.159,0.2831,0.1242
78,89,235,0.318,0.3571,0.1588,0.2383
79,89,238,0.2383,0.359,0.2383,0.3178
80,89,241,0.159,0.159,0.159,0.0795
81,89,244,0.0795,0.159,0,0.2385
82,89,247,0.2383,0.07928,0.3178,0.2383
83,89,250,0.1588,0.3178,0.159,0.2385
84,89,253,0.2385,0,0.318,0.2385
85,89,256,0.2383,0.159,0.2385,0.318
86,89,259,0.3178,0.159,0.159,0.07928
87,89,262,0.0795,0.2383,0.2383,0.07928
88,89,265,0,0.3178,0.2385,0.0795
89,89,268,0.2385,0.3973,0,0.159
90,89,271,0.159,0.07928,0.0795,0.1588
91,89,274,0.2385,0.159,0,0.159
92,89,277,0.2383,0.159,0.2385,0.0795
93,89,280,0.2383,0.0795,0.2383,0.1588
94,89,283,0.1588,0.0795,0.2383,0.2385
95,89,286,0.2383,0.2383,0.2383,0.1588
96,89,289,0.1588,0.1588,0.2385,0.07928
97,89,292,0.1588,0.3178,0.0795,0.0795
98,89,295,0,0.159,0.1588,0.1588
99,89,298,0.159,0.3178,0.1588,0.3178
,Dataset#,L,att_1,att_2,att_3,att_4
0,90,1,0.4305,0.4323,0.4415,0.4474
1,90,4,0.4713,0.4716,0.4785,0.4599
2,90,7,0.4648,0.4731,0.4723,0.4817
3,90,10,0.4823,0.483,0.4893,0.473
4,90,13,0.4561,0.4742,0.4852,0.4871
5,90,16,0.4719,0.4718,0.4731,0.4716
6,90,19,0.4611,0.4761,0.48,0.4757
7,90,22,0.4718,0.4782,0.4881,0.4534
8,90,25,0.477,0.4627,0.4809,0.4776
9,90,28,0.4694,0.4637,0.4964,0.4628
10,90,31,0.4244,0.4804,0.4082,0.485
11,90,34,0.4558,0.4725,0.475,0.4261
12,90,37,0.4669,0.4531,0.4181,0.4206
13,90,40,0.415,0.4165,0.4507,0.4174
14,90,43,0.3585,0.4748,0.4191,0.4813
15,90,46,0.4587,0.4265,0.4845,0.463
16,90,49,0.3271,0.4934,0.4653,0.3746
17,90,52,0.3591,0.476,0.4211,0.414
18,90,55,0.3727,0.4776,0.4097,0.3768
19,90,58,0.4134,0.4208,0.3716,0.4226
20,90,61,0.3899,0.3677,0.362,0.3772
21,90,64,0.3112,0.4851,0.3623,0.3774
22,90,67,0.411,0.4372,0.4263,0.422
23,90,70,0.368,0.4255,0.4358,0.3698
24,90,73,0.3532,0.2641,0.3877,0.3567
25,90,76,0.3664,0.4012,0.3053,0.376
26,90,79,0.2524,0.4684,0.3756,0.3168
27,90,82,0.4287,0.4703,0.4273,0.3631
28,90,85,0.3943,0.3621,0.3563,0.4789
29,90,88,0.3263,0.3642,0.4183,0.4247
30,90,91,0.4692,0.492,0.4183,0.3583
31,90,94,0.4127,0.4155,0.3492,0.4206
32,90,97,0.363,0.4328,0.4075,0.4728
33,90,100,0.462,0.4452,0.4144,0.3749
34,90,103,0.4103,0.3627,0.3406,0.4239
35,90,106,0.3747,0.4274,0.31,0.365
36,90,109,0.3599,0.3562,0.3508,0.4235
37,90,112,0.4123,0.3527,0.3524,0.4241
38,90,115,0.4099,0.4716,0.3469,0.3726
39,90,118,0.3648,0.3764,0.3173,0.3544
40,90,121,0.3538,0.4027,0.4607,0.298
41,90,124,0.431,0.3585,0.4829,0.4834
42,90,127,0.4265,0.3589,0.3648,0.3749
43,90,130,0.3627,0.4382,0.2948,0.4353
44,90,133,0.4461,0.2689,0.3656,0.3789
45,90,136,0.4361,0.4123,0.3356,0.2547
46,90,139,0.4439,0.3755,0.3717,0.3256
47,90,142,0.3679,0.3066,0.3716,0.4069
48,90,145,0.424,0.3311,0.4126,0.3772
49,90,148,0.2942,0.3607,0.4882,0.4007
50,90,151,0.3558,0.4181,0.3598,0.3092
51,90,154,0.4054,0.4141,0.3992,0.3703
52,90,157,0.4253,0.418,0.3615,0.3032
53,90,160,0.3686,0.3126,0.363,0.3594
54,90,163,0.3651,0.4115,0.409,0.4131
55,90,166,0.4227,0.3225,0.4094,0.3537
56,90,169,0.1746,0.3137,0.04126,0.2971
57,90,172,0.1897,0.1241,0.08252,0.2775
58,90,175,0.04126,0.08252,0.08252,0.04126
59,90,178,0.09548,0.04126,0.2185,0.1241
60,90,181,0.08284,0.08252,0.04126,0.2738
61,90,184,0.08252,0.08252,0.08252,0.1654
62,90,187,0.1241,0.08252,0.08252,0.2216
63,90,190,0.08284,0.1241,0,0.08252
64,90,193,0.08252,0.2441,0.1238,0.1241
65,90,196,0.04126,0.1238,0.04158,0.04126
66,90,199,0.1238,0.04126,0.1417,0.08252
67,90,202,0.08284,0.1351,0.04126,0.1841
68,90,205,0.08284,0.08252,0.04126,0.04126
69,90,208,0.08284,0.08284,0,0
70,90,211,0.08284,0,0.1793,0.08252
71,90,214,0.1241,0.08252,0.133,0.08252
72,90,217,0.08252,0.04126,0.08284,0.1238
73,90,220,0.08252,0.04158,0.08284,0.1297
74,90,223,0.04126,0.08284,0.04126,0.126
75,90,226,0.08252,0.08252,0.04126,0.1241
76,90,229,0.1241,0.1241,0.04126,0.1238
77,90,232,0.08252,0.08284,0.08252,0.08252
78,90,235,0.08252,0.04126,0.1241,0.08252
79,90,238,0.08252,0.08284,0.1241,0.08284
80,90,241,0.08252,0.08252,0.08252,0.04126
81,90,244,0.04126,0.08284,0.08252,0
82,90,247,0.08252,0.08284,0.1241,0.1241
83,90,250,0.0909,0.04126,0.1238,0.08252
84,90,253,0.04158,0,0.08284,0.04126
85,90,256,0.08284,0.04126,0.04126,0.08252
86,90,259,0.08252,0,0.04126,0
87,90,262,0.1241,0.1241,0.08284,0.08252
88,90,265,0.04158,0.08284,0.1238,0.04126
89,90,268,0.08252,0.08284,0,0.08252
90,90,271,0.08252,0,0.08252,0.08252
91,90,274,0.08252,0.04126,0,0.08284
92,90,277,0.1238,0.08252,0.08284,0.08284
93,90,280,0.1241,0.08284,0.08252,0.1241
94,90,283,0.1238,0.08252,0.04126,0.1241
95,90,286,0.04158,0.04126,0.08284,0.08252
96,90,289,0.08252,0.04126,0.1241,0.08284
97,90,292,0.08252,0,0.1241,0.1654
98,90,295,0.08252,0.04126,0.1241,0.08252
99,90,298,0,0.08252,0.1241,0.08252
,Dataset#,L,att_1,att_2,att_3,att_4
0,91,1,0.8078,0.8029,0.798,0.8096
1,91,4,0.8033,0.8064,0.8084,0.8051
2,91,7,0.8081,0.8068,0.8097,0.8057
3,91,10,0.8061,0.8091,0.7634,0.8067
4,91,13,0.8054,0.8075,0.8113,0.806
5,91,16,0.8092,0.8115,0.8074,0.8083
6,91,19,0.8042,0.8054,0.8063,0.7568
7,91,22,0.8078,0.8111,0.8156,0.7075
8,91,25,0.7671,0.8026,0.7608,0.8118
9,91,28,0.7017,0.8015,0.8071,0.8125
10,91,31,0.809,0.7574,0.8135,0.7077
11,91,34,0.7099,0.8017,0.7606,0.7118
12,91,37,0.7104,0.8026,0.7021,0.7564
13,91,40,0.6658,0.6642,0.7158,0.6161
14,91,43,0.5653,0.6124,0.6151,0.6135
15,91,46,0.6633,0.6607,0.6582,0.7491
16,91,49,0.661,0.6154,0.7035,0.7016
17,91,52,0.6041,0.6657,0.8058,0.7109
18,91,55,0.7602,0.6148,0.6143,0.7087
19,91,58,0.5653,0.7118,0.6614,0.6584
20,91,61,0.6622,0.6674,0.6127,0.6136
21,91,64,0.7055,0.6145,0.6127,0.6156
22,91,67,0.6131,0.6647,0.5653,0.7124
23,91,70,0.609,0.6147,0.6153,0.6109
24,91,73,0.5653,0.7629,0.5653,0.6607
25,91,76,0.6167,0.6188,0.6645,0.6154
26,91,79,0.615,0.7132,0.5653,0.6168
27,91,82,0.6087,0.5653,0.6585,0.5653
28,91,85,0.6091,0.6141,0.6149,0.7054
29,91,88,0.5653,0.6606,0.6659,0.6594
30,91,91,0.7121,0.5653,0.6174,0.6602
31,91,94,0.6661,0.6595,0.5653,0.665
32,91,97,0.6595,0.707,0.6126,0.6121
33,91,100,0.5653,0.5653,0.5653,0.6126
34,91,103,0.6137,0.5653,0.6128,0.6594
35,91,106,0.6143,0.6095,0.6589,0.6668
36,91,109,0.5653,0.5653,0.6099,0.5653
37,91,112,0.7042,0.6127,0.66,0.6098
38,91,115,0.6165,0.6113,0.6609,0.6564
39,91,118,0.5653,0.616,0.6589,0.6616
40,91,121,0.6112,0.6115,0.6126,0.6576
41,91,124,0.6107,0.6599,0.5653,0.6118
42,91,127,0.7057,0.6105,0.6128,0.7103
43,91,130,0.6634,0.6124,0.6153,0.6139
44,91,133,0.7103,0.5653,0.614,0.6612
45,91,136,0.5653,0.5653,0.6591,0.614
46,91,139,0.5653,0.6604,0.7081,0.6585
47,91,142,0.6625,0.5653,0.6156,0.6079
48,91,145,0.6628,0.5653,0.6119,0.6107
49,91,148,0.5653,0.6115,0.6081,0.5653
50,91,151,0.5653,0.6619,0.5653,0.6106
51,91,154,0.5653,0.6152,0.6677,0.6137
52,91,157,0.7072,0.6107,0.6631,0.5653
53,91,160,0.6629,0.6117,0.6554,0.66
54,91,163,0.5653,0.5653,0.6155,0.7016
55,91,166,0.5653,0.6171,0.6173,0.6532
56,91,169,0.5653,0.6596,0.613,0.6109
57,91,172,0.6105,0.7139,0.5653,0.5653
58,91,175,0.6129,0.6631,0.6633,0.5653
59,91,178,0.6076,0.5653,0.6152,0.6661
60,91,181,0.6608,0.6152,0.6109,0.5653
61,91,184,0.608,0.6093,0.5465,0.6097
62,91,187,0.6129,0.4524,0.6089,0.5653
63,91,190,0.6162,0.4521,0.6146,0.5476
64,91,193,0.339,0.5005,0.339,0.5653
65,91,196,0.6093,0.4524,0.4946,0.5653
66,91,199,0.4522,0.5653,0.4521,0.339
67,91,202,0.4521,0.4521,0.5532,0.4931
68,91,205,0.5653,0.5653,0.5653,0.6094
69,91,208,0.5653,0.4522,0.4521,0.4521
70,91,211,0.3392,0.5653,0.2263,0.4524
71,91,214,0.3394,0.3391,0.4521,0.4521
72,91,217,0.4524,0.3392,0.5653,0.5653
73,91,220,0.5653,0.3391,0.4521,0.4524
74,91,223,0.5653,0.5653,0.3393,0.5653
75,91,226,0.6138,0.6152,0.3392,0.3392
76,91,229,0.3892,0.3873,0.3393,0.3392
77,91,232,0.3391,0.4521,0.2263,0.5653
78,91,235,0.3392,0.5653,0.4522,0.4524
79,91,238,0.5653,0.339,0.4521,0.3393
80,91,241,0.3845,0.4521,0.4524,0.5653
81,91,244,0.3842,0.3392,0.4521,0.5653
82,91,247,0.3391,0.5653,0.3393,0.4522
83,91,250,0.4522,0.3393,0.4521,0.3394
84,91,253,0.5653,0.5653,0.5653,0.3391
85,91,256,0.4521,0.4524,0.4521,0.5653
86,91,259,0.3393,0.3392,0.3393,0.3391
87,91,262,0.4521,0.4524,0.4521,0.3393
88,91,265,0.4521,0.4521,0.4524,0.226
89,91,268,0.4522,0.4521,0.4521,0.4521
90,91,271,0.339,0.3392,0.3392,0.2261
91,91,274,0.3392,0.3392,0.2261,0.609
92,91,277,0.339,0.4524,0.4524,0.4521
93,91,280,0.4521,0.4522,0.4522,0.4521
94,91,283,0.2264,0.3391,0.339,0.4522
95,91,286,0.5653,0.4524,0.4524,0.5653
96,91,289,0.5653,0.5653,0.3392,0.4521
97,91,292,0.2264,0.4524,0.4524,0.4524
98,91,295,0.5653,0.3392,0.4524,0.3391
99,91,298,0.4524,0.3394,0.5653,0.5653
,Dataset#,L,att_1,att_2,att_3,att_4
0,92,1,0.9446,0.9976,0.9982,0.9994
1,92,4,0.9994,0.9994,0.9969,1
2,92,7,0.9935,0.9964,0.9895,0.9874
3,92,10,1,1,0.9964,1
4,92,13,1,1,0.9945,0.994
5,92,16,0.9951,0.9883,0.9957,0.9921
6,92,19,0.9988,0.9957,0.9969,0.9994
7,92,22,0.9793,0.9994,0.9994,1
8,92,25,1,0.9951,0.9994,0.9693
9,92,28,0.8885,1,0.9976,0.9988
10,92,31,1,1,0.9422,0.9988
11,92,34,0.9906,0.9994,0.9988,0.9892
12,92,37,0.9994,0.9742,0.9988,0.9768
13,92,40,0.912,0.9946,1,0.9897
14,92,43,0.9726,1,1,0.9964
15,92,46,0.9988,0.855,0.9976,0.9932
16,92,49,1,1,0.9911,1
17,92,52,0.9899,0.8574,0.5718,0.9939
18,92,55,0.7654,0.8544,0.9757,1
19,92,58,0.9491,1,0.9988,1
20,92,61,0.997,0.9976,0.9464,0.8213
21,92,64,0.9988,1,0.9788,0.9886
22,92,67,0.8422,0.9724,1,0.8574
23,92,70,0.9981,0.9981,0.7945,1
24,92,73,0.9994,0.9994,1,0.9994
25,92,76,0.8055,0.8537,0.7735,0.8143
26,92,79,0.9957,0.8485,0.9976,1
27,92,82,0.855,0.8568,0.9874,0.9981
28,92,85,1,0.9994,0.9994,0.9975
29,92,88,0.9988,0.9426,0.7958,0.9878
30,92,91,0.9729,1,0.9982,0.9988
31,92,94,0.8421,0.7143,0.9988,0.7137
32,92,97,0.8568,0.8574,0.9957,0.9814
33,92,100,0.9116,0.9994,0.8134,0.8574
34,92,103,0.9191,0.9957,0.8538,1
35,92,106,0.4298,0.8991,0.761,0.8543
36,92,109,0.9964,0.7149,0.8574,0.7118
37,92,112,0.9994,1,0.7149,0.8508
38,92,115,0.7143,0.9802,0.7149,1
39,92,118,0.7136,0.8574,0.9988,0.9981
40,92,121,0.9988,1,0.8563,0.9988
41,92,124,0.9239,1,0.9963,0.9982
42,92,127,0.8574,0.7089,0.8574,0.7137
43,92,130,0.9988,0.9827,0.9994,0.9988
44,92,133,0.9963,1,0.6461,0.9024
45,92,136,0.833,0.5605,0.997,0.7471
46,92,139,0.8575,0.9856,0.9994,0.9982
47,92,142,0.8568,0.9976,0.9834,0.8037
48,92,145,1,0.8562,0.8574,0.8545
49,92,148,0.9963,0.7891,0.7149,0.8562
50,92,151,1,0.912,0.7125,0.9717
51,92,154,0.8356,0.8569,0.787,0.9982
52,92,157,0.9988,0.9528,0.8543,0.7987
53,92,160,0.8574,0.7953,0.8556,0.7072
54,92,163,0.848,0.8526,0.855,1
55,92,166,0.5711,0.8344,0.7149,0.924
56,92,169,0.5149,0.5143,0.7149,0.8562
57,92,172,0.7981,0.9981,0.7988,0.3143
58,92,175,0.6568,0.4574,0.4544,0.3149
59,92,178,0.4556,0.6574,0.5994,0.2416
60,92,181,0.2,0.5976,0.2574,0.6162
61,92,184,0.2574,0.3149,0,0.5994
62,92,187,0.4574,0.6383,0.4,0.1149
63,92,190,0.3149,0.2,0.3113,0.2
64,92,193,0.4163,0.2,0,0.2563
65,92,196,0.251,0.3149,0.229,0.05744
66,92,199,0.3633,0.2,0.1976,0.1863
67,92,202,0.1149,0,0.2912,0.1994
68,92,205,0.455,0.2568,0,0.4574
69,92,208,0.05744,0.3715,0,0.2
70,92,211,0.2,0.2,0.2,0.2575
71,92,214,0.2574,0.3982,0.2,0.4533
72,92,217,0,0,0,0
73,92,220,0.2575,0.05744,0.2575,0.05744
74,92,223,0.3063,0.1149,0.3748,0
75,92,226,0.05744,0.1763,0.05744,0.05744
76,92,229,0.1149,0.3958,0.4568,0.5137
77,92,232,0.6,0.1149,0.1149,0.1815
78,92,235,0.2574,0.2574,0.1667,0.2
79,92,238,0.2,0.2509,0.0575,0.2
80,92,241,0.05744,0,0.05744,0.05744
81,92,244,0,0.2575,0.1994,0.05744
82,92,247,0.1149,0.2574,0.2574,0
83,92,250,0.3149,0.0575,0.2574,0
84,92,253,0.1149,0.4574,0,0
85,92,256,0.05744,0.05744,0.05744,0.05744
86,92,259,0.05744,0,0.05744,0.05744
87,92,262,0,0.1149,0.1723,0.05744
88,92,265,0.4574,0.05744,0,0.2
89,92,268,0.2574,0.05744,0,0.2568
90,92,271,0.1149,0.2575,0.2,0
91,92,274,0.1149,0.05744,0.0575,0
92,92,277,0.05744,0,0.1149,0.0575
93,92,280,0.1969,0.2,0.1149,0.2375
94,92,283,0.1723,0.05744,0,0.1149
95,92,286,0,0,0.05744,0
96,92,289,0.0575,0.05744,0.1149,0
97,92,292,0.1149,0,0.05744,0.05744
98,92,295,0,0.05744,0,0.1988
99,92,298,0,0.1149,0.05744,0.3149
,Dataset#,L,att_1,att_2,att_3,att_4
0,93,1,0.7984,0.7948,0.7943,0.7375
1,93,4,0.8016,0.7981,0.817,0.8092
2,93,7,0.8181,0.8161,0.814,0.8114
3,93,10,0.8252,0.8224,0.8301,0.834
4,93,13,0.8324,0.8184,0.8204,0.8309
5,93,16,0.8364,0.8256,0.8202,0.8337
6,93,19,0.8219,0.7548,0.8418,0.8124
7,93,22,0.8338,0.8291,0.8214,0.8322
8,93,25,0.8221,0.8138,0.8302,0.8374
9,93,28,0.8407,0.7558,0.8259,0.7781
10,93,31,0.8226,0.8327,0.8149,0.8397
11,93,34,0.8145,0.824,0.8224,0.8307
12,93,37,0.8211,0.8276,0.7637,0.8196
13,93,40,0.7566,0.8203,0.7644,0.7508
14,93,43,0.7007,0.8149,0.8302,0.8319
15,93,46,0.7085,0.7046,0.7759,0.7126
16,93,49,0.6981,0.7626,0.7094,0.7711
17,93,52,0.8397,0.6972,0.6387,0.7722
18,93,55,0.7651,0.5741,0.7013,0.6316
19,93,58,0.6342,0.7009,0.8343,0.6384
20,93,61,0.7101,0.6976,0.7752,0.6413
21,93,64,0.7028,0.7111,0.7002,0.7642
22,93,67,0.7068,0.6403,0.7065,0.7052
23,93,70,0.638,0.6921,0.8382,0.7036
24,93,73,0.6381,0.6426,0.7714,0.8353
25,93,76,0.5747,0.7088,0.7062,0.7625
26,93,79,0.6984,0.6348,0.7089,0.5758
27,93,82,0.7035,0.7098,0.6396,0.8257
28,93,85,0.5705,0.6999,0.7061,0.64
29,93,88,0.6436,0.7616,0.6417,0.8374
30,93,91,0.7062,0.7021,0.6352,0.7067
31,93,94,0.643,0.707,0.8326,0.6369
32,93,97,0.7097,0.7678,0.7028,0.8357
33,93,100,0.758,0.7022,0.6277,0.758
34,93,103,0.6995,0.6338,0.6979,0.6419
35,93,106,0.6388,0.8251,0.6404,0.6394
36,93,109,0.639,0.6343,0.7717,0.7074
37,93,112,0.5704,0.7036,0.7012,0.8385
38,93,115,0.7057,0.7689,0.7702,0.6345
39,93,118,0.7614,0.6407,0.7713,0.7043
40,93,121,0.5728,0.6322,0.774,0.6366
41,93,124,0.6383,0.7009,0.7647,0.8285
42,93,127,0.6997,0.5712,0.5726,0.636
43,93,130,0.7037,0.5056,0.8107,0.6338
44,93,133,0.7084,0.703,0.691,0.7012
45,93,136,0.7012,0.6921,0.7743,0.8342
46,93,139,0.7569,0.7689,0.7688,0.6404
47,93,142,0.6355,0.704,0.8267,0.7068
48,93,145,0.7019,0.6914,0.7033,0.5717
49,93,148,0.7566,0.6976,0.6391,0.7733
50,93,151,0.7631,0.6441,0.7066,0.7699
51,93,154,0.574,0.5722,0.6334,0.638
52,93,157,0.7069,0.6431,0.7064,0.633
53,93,160,0.6337,0.6941,0.7041,0.6366
54,93,163,0.7685,0.7655,0.7463,0.6291
55,93,166,0.6286,0.5679,0.6997,0.6382
56,93,169,0.4671,0.6401,0.632,0.5432
57,93,172,0.3033,0.1013,0.3036,0.2706
58,93,175,0.3036,0.3036,0.32,0.2023
59,93,178,0.3033,0.3031,0.3033,0.2021
60,93,181,0.2021,0.2023,0.2021,0.3033
61,93,184,0.101,0.2023,0.3629,0.2021
62,93,187,0.2021,0.2023,0.3033,0.4046
63,93,190,0.2594,0.101,0.3033,0.2023
64,93,193,0.1013,0.101,0.101,0.2021
65,93,196,0.3036,0,0.2023,0.3036
66,93,199,0.3033,0.3036,0.4044,0.3036
67,93,202,0.3031,0.1013,0.5056,0.3614
68,93,205,0.3033,0.4044,0,0.4046
69,93,208,0.3033,0.2023,0.2021,0.101
70,93,211,0.2023,0.2023,0.3036,0.101
71,93,214,0.3588,0.2023,0.3036,0.2021
72,93,217,0.2023,0.3036,0.2025,0.2023
73,93,220,0.3036,0.4046,0.2023,0.4044
74,93,223,0.1013,0.2021,0.2023,0.3033
75,93,226,0.2023,0.2021,0.3036,0.2021
76,93,229,0.101,0.3036,0.4044,0.2023
77,93,232,0.3036,0.3033,0.2023,0.101
78,93,235,0.2023,0.101,0.4046,0.101
79,93,238,0.101,0.3036,0.2021,0.3033
80,93,241,0.101,0.3033,0.2023,0.3033
81,93,244,0.3033,0.3033,0.3033,0.3036
82,93,247,0.101,0.2021,0.101,0.4046
83,93,250,0.2023,0,0.2023,0.2025
84,93,253,0.2021,0.3033,0.1013,0.101
85,93,256,0.2023,0.4046,0.4046,0.2021
86,93,259,0.3033,0.1013,0.3036,0.3036
87,93,262,0.101,0.2023,0.101,0.101
88,93,265,0.3036,0,0.3036,0.101
89,93,268,0,0.2023,0.1013,0.2021
90,93,271,0.3033,0.101,0.101,0.3036
91,93,274,0.4046,0.3036,0.4046,0.2023
92,93,277,0.101,0.2021,0.1013,0.3036
93,93,280,0.101,0.2023,0.3036,0.4044
94,93,283,0.4046,0,0.1013,0.3036
95,93,286,0.2023,0.2023,0.4046,0.2023
96,93,289,0.2025,0.3033,0.3031,0.3033
97,93,292,0.1013,0.101,0.2023,0.3033
98,93,295,0.2023,0.3033,0.3033,0
99,93,298,0.5056,0.2021,0.2021,0.2021
,Dataset#,L,att_1,att_2,att_3,att_4
0,94,1,0.5057,0.4761,0.5393,0.5442
1,94,4,0.5855,0.6018,0.4946,0.5312
2,94,7,0.605,0.5985,0.5888,0.6244
3,94,10,0.5671,0.5931,0.5891,0.5886
4,94,13,0.6379,0.6014,0.5913,0.6036
5,94,16,0.6167,0.5959,0.6156,0.6039
6,94,19,0.626,0.5857,0.5614,0.5957
7,94,22,0.6107,0.5939,0.5954,0.5996
8,94,25,0.5913,0.5955,0.5927,0.5278
9,94,28,0.5385,0.607,0.6081,0.5313
10,94,31,0.544,0.5124,0.6163,0.6024
11,94,34,0.4345,0.5132,0.5982,0.5244
12,94,37,0.4774,0.5468,0.4041,0.3846
13,94,40,0.52,0.4717,0.522,0.5114
14,94,43,0.3894,0.4501,0.5299,0.4421
15,94,46,0.5102,0.4629,0.614,0.4533
16,94,49,0.5351,0.5479,0.5273,0.3548
17,94,52,0.5211,0.4741,0.425,0.3833
18,94,55,0.3113,0.4599,0.3838,0.592
19,94,58,0.508,0.5092,0.5318,0.3728
20,94,61,0.3315,0.4992,0.3824,0.5257
21,94,64,0.3941,0.4105,0.4399,0.3754
22,94,67,0.3878,0.3869,0.3184,0.4972
23,94,70,0.4663,0.3153,0.4689,0.3241
24,94,73,0.4583,0.3116,0.3951,0.4441
25,94,76,0.3641,0.5014,0.5918,0.5182
26,94,79,0.3863,0.3887,0.3113,0.432
27,94,82,0.3784,0.3949,0.4552,0.5152
28,94,85,0.4559,0.5302,0.512,0.5902
29,94,88,0.4443,0.3924,0.311,0.4213
30,94,91,0.4632,0.404,0.3943,0.4295
31,94,94,0.4546,0.613,0.4575,0.4478
32,94,97,0.4372,0.3817,0.5179,0.3921
33,94,100,0.4448,0.3958,0.463,0.4396
34,94,103,0.2568,0.457,0.4467,0.3738
35,94,106,0.3731,0.601,0.384,0.3885
36,94,109,0.3565,0.4388,0.4919,0.5088
37,94,112,0.4931,0.2478,0.4462,0.5412
38,94,115,0.372,0.3749,0.5406,0.4477
39,94,118,0.4638,0.5092,0.307,0.4543
40,94,121,0.3677,0.4583,0.4465,0.4616
41,94,124,0.4265,0.3967,0.5681,0.3693
42,94,127,0.3103,0.4431,0.4944,0.5075
43,94,130,0.5851,0.4494,0.3828,0.426
44,94,133,0.3949,0.447,0.3276,0.4351
45,94,136,0.3121,0.369,0.4391,0.4448
46,94,139,0.3782,0.3179,0.5078,0.525
47,94,142,0.3107,0.3085,0.4278,0.2478
48,94,145,0.349,0.4389,0.3226,0.5103
49,94,148,0.3776,0.4372,0.5139,0.4336
50,94,151,0.4578,0.411,0.4487,0.3647
51,94,154,0.3126,0.4397,0.4455,0.3667
52,94,157,0.3317,0.4445,0.3768,0.3073
53,94,160,0.4878,0.3162,0.4474,0.4474
54,94,163,0.5136,0.3815,0.5667,0.4566
55,94,166,0.4322,0.3856,0.3927,0.4387
56,94,169,0.1981,0.3338,0.3782,0.3956
57,94,172,0.1489,0.1996,0.3216,0.1486
58,94,175,0.2679,0.3095,0.09918,0.09918
59,94,178,0.1486,0.2593,0.1489,0.2822
60,94,181,0.09918,0.1486,0.1687,0.1486
61,94,184,0.1981,0.2478,0.2411,0.155
62,94,187,0.09918,0.1489,0.2924,0.1486
63,94,190,0.09918,0.1984,0.09918,0.09888
64,94,193,0.1489,0.1984,0.1828,0.04944
65,94,196,0.2986,0.1486,0.1486,0.2051
66,94,199,0.1489,0.1584,0.2279,0.2562
67,94,202,0.1981,0.1489,0.09888,0.1483
68,94,205,0.09948,0.2478,0.1981,0.1984
69,94,208,0.2634,0.1489,0.1981,0.04974
70,94,211,0.09888,0.212,0.1489,0.09918
71,94,214,0.04974,0.2076,0.09918,0.09888
72,94,217,0.1486,0.04944,0.09918,0.1486
73,94,220,0.1486,0.1981,0.3067,0.2185
74,94,223,0.09888,0.04974,0.09918,0.1486
75,94,226,0.09918,0.09948,0.1984,0.09888
76,94,229,0.1984,0.1486,0.09918,0.09888
77,94,232,0.2705,0,0.04974,0.1486
78,94,235,0.218,0.04974,0.1486,0.1486
79,94,238,0.1483,0.04944,0.1489,0.1981
80,94,241,0.09888,0.2292,0.09918,0.09918
81,94,244,0.2178,0.04974,0.165,0.1446
82,94,247,0.1984,0.09918,0.09918,0.1486
83,94,250,0.3107,0.04974,0.1984,0.09918
84,94,253,0.1489,0.09888,0.1483,0.09888
85,94,256,0.1489,0.1981,0.1486,0.1486
86,94,259,0.09918,0.1486,0.1486,0.1486
87,94,262,0.09888,0.1486,0.04974,0.1483
88,94,265,0.2815,0.09888,0.1489,0.1981
89,94,268,0.1984,0.09888,0.1486,0
90,94,271,0.09918,0.1489,0.04974,0.1483
91,94,274,0.1489,0.09918,0.1486,0.1486
92,94,277,0,0.1486,0.1489,0.1486
93,94,280,0.1486,0.1489,0.1486,0.1984
94,94,283,0.1486,0.04974,0.1486,0.2478
95,94,286,0,0.1981,0.1489,0.1486
96,94,289,0.04974,0.1981,0.04944,0.1489
97,94,292,0.09918,0.09888,0.1486,0.1483
98,94,295,0.1984,0.09888,0,0.09918
99,94,298,0.1984,0.1483,0.1486,0.2478
,Dataset#,L,att_1,att_2,att_3,att_4
0,95,1,0.6372,0.6295,0.6227,0.6221
1,95,4,0.6707,0.6576,0.6717,0.6565
2,95,7,0.6709,0.6655,0.6759,0.6682
3,95,10,0.6806,0.6757,0.6785,0.6795
4,95,13,0.6701,0.6769,0.6749,0.6686
5,95,16,0.6773,0.6804,0.6768,0.6826
6,95,19,0.6885,0.6795,0.6838,0.6914
7,95,22,0.6782,0.6713,0.6812,0.6803
8,95,25,0.6891,0.675,0.6751,0.6782
9,95,28,0.6889,0.6677,0.6861,0.6855
10,95,31,0.638,0.6678,0.6095,0.6777
11,95,34,0.6811,0.6763,0.6351,0.6841
12,95,37,0.6296,0.5896,0.6773,0.6632
13,95,40,0.6426,0.6842,0.6281,0.6192
14,95,43,0.599,0.6981,0.6898,0.544
15,95,46,0.6308,0.6801,0.6644,0.6294
16,95,49,0.591,0.6879,0.6289,0.5341
17,95,52,0.6049,0.6295,0.5916,0.5489
18,95,55,0.6356,0.581,0.673,0.5976
19,95,58,0.6294,0.6217,0.6406,0.5085
20,95,61,0.5008,0.6034,0.6986,0.6418
21,95,64,0.6255,0.634,0.5769,0.5789
22,95,67,0.6636,0.6564,0.5427,0.5783
23,95,70,0.624,0.668,0.5881,0.6319
24,95,73,0.5685,0.5454,0.6771,0.6241
25,95,76,0.6862,0.5822,0.632,0.535
26,95,79,0.58,0.5733,0.5306,0.5888
27,95,82,0.4531,0.5674,0.6817,0.5888
28,95,85,0.6163,0.5419,0.6384,0.5764
29,95,88,0.6291,0.5978,0.5979,0.55
30,95,91,0.6428,0.4944,0.5674,0.6457
31,95,94,0.6396,0.5485,0.691,0.5838
32,95,97,0.6266,0.5454,0.632,0.5873
33,95,100,0.6259,0.5923,0.5876,0.5936
34,95,103,0.6429,0.5816,0.6226,0.691
35,95,106,0.4848,0.6147,0.643,0.5497
36,95,109,0.5455,0.5976,0.5961,0.6486
37,95,112,0.5386,0.5863,0.6546,0.584
38,95,115,0.53,0.5016,0.5549,0.5415
39,95,118,0.6777,0.6626,0.5682,0.547
40,95,121,0.6738,0.6161,0.5438,0.6507
41,95,124,0.4538,0.5407,0.6269,0.4939
42,95,127,0.5015,0.5772,0.5863,0.585
43,95,130,0.5044,0.5538,0.6235,0.5779
44,95,133,0.4933,0.6827,0.6339,0.5458
45,95,136,0.4998,0.6771,0.6073,0.6356
46,95,139,0.5319,0.6294,0.5433,0.5962
47,95,142,0.5763,0.5841,0.5843,0.6452
48,95,145,0.544,0.599,0.6057,0.5303
49,95,148,0.5405,0.5821,0.5673,0.5014
50,95,151,0.5821,0.5895,0.5819,0.5799
51,95,154,0.5408,0.6225,0.5867,0.544
52,95,157,0.5904,0.6726,0.5511,0.5726
53,95,160,0.5952,0.5415,0.6442,0.5425
54,95,163,0.6312,0.5396,0.6444,0.5842
55,95,166,0.6417,0.5349,0.5766,0.5858
56,95,169,0.4622,0.6886,0.4499,0.5063
57,95,172,0.5757,0.4115,0.311,0.1816
58,95,175,0.4504,0.3631,0.3129,0.3997
59,95,178,0.1815,0.3629,0.2722,0.4047
60,95,181,0.2263,0.3631,0.1815,0.1349
61,95,184,0.1814,0.363,0.1814,0.1816
62,95,187,0.1815,0.4062,0.1817,0.3631
63,95,190,0.2722,0.1816,0.2724,0.2723
64,95,193,0,0.2722,0.0907,0.5328
65,95,196,0.3631,0.1816,0.2723,0.2722
66,95,199,0.2722,0.0907,0.2721,0.3631
67,95,202,0.1816,0.1816,0.3631,0
68,95,205,0.3631,0.2723,0.2722,0.2721
69,95,208,0.2724,0.1815,0.2723,0.363
70,95,211,0.1815,0.1814,0.2722,0.363
71,95,214,0.2722,0.09092,0.0907,0.1816
72,95,217,0.1816,0.2724,0.0907,0.1816
73,95,220,0.3631,0.1815,0.3631,0.2723
74,95,223,0.0907,0.2722,0.3631,0.3631
75,95,226,0.1815,0.1816,0.2724,0.2722
76,95,229,0.2723,0.1816,0.2723,0.1814
77,95,232,0.1814,0.09076,0.1816,0.1815
78,95,235,0.1814,0.3631,0.1817,0.4538
79,95,238,0.1814,0.1815,0.2722,0.2722
80,95,241,0.2724,0.1814,0.2723,0.1816
81,95,244,0.2722,0.2724,0.0907,0.1816
82,95,247,0.2723,0.09076,0.0907,0.09092
83,95,250,0.09076,0.1817,0.09092,0
84,95,253,0.0907,0,0.09092,0.1814
85,95,256,0.2723,0,0.2722,0.0907
86,95,259,0.3631,0.3631,0.2723,0.0907
87,95,262,0.0907,0.09076,0.1816,0.2724
88,95,265,0.2724,0.09092,0.2724,0.1816
89,95,268,0.3631,0.2722,0.3631,0.0907
90,95,271,0.1816,0.2723,0.0907,0.1814
91,95,274,0.1816,0.2721,0.4538,0.09076
92,95,277,0.09092,0.0907,0.2722,0.1815
93,95,280,0.0907,0.3631,0.3631,0.1814
94,95,283,0.2723,0.1815,0.1817,0.3631
95,95,286,0.0907,0.2722,0.1816,0.09076
96,95,289,0.1816,0.2723,0.2724,0.3631
97,95,292,0,0.3629,0.3631,0.0907
98,95,295,0.363,0.1814,0.2723,0.1815
99,95,298,0.1816,0.1814,0,0.2724
,Dataset#,L,att_1,att_2,att_3,att_4
0,96,1,0.727,0.7253,0.7195,0.7351
1,96,4,0.7789,0.7804,0.7749,0.767
2,96,7,0.7945,0.7711,0.7906,0.7943
3,96,10,0.7827,0.7984,0.7937,0.7826
4,96,13,0.764,0.7726,0.7832,0.7851
5,96,16,0.7924,0.7885,0.7851,0.7998
6,96,19,0.7472,0.7684,0.7902,0.7882
7,96,22,0.7648,0.7581,0.7875,0.7821
8,96,25,0.7756,0.7694,0.7475,0.7517
9,96,28,0.6519,0.5065,0.6039,0.6337
10,96,31,0.7334,0.6551,0.6274,0.7597
11,96,34,0.5082,0.6385,0.6339,0.5386
12,96,37,0.5204,0.7568,0.7274,0.6245
13,96,40,0.7697,0.5347,0.4178,0.7744
14,96,43,0.4294,0.4252,0.5431,0.4111
15,96,46,0.5509,0.5502,0.4349,0.5347
16,96,49,0.6704,0.4147,0.6663,0.5366
17,96,52,0.5583,0.644,0.6634,0.6586
18,96,55,0.6631,0.525,0.676,0.6488
19,96,58,0.7859,0.2957,0.4251,0.5449
20,96,61,0.6796,0.4313,0.6389,0.6476
21,96,64,0.6659,0.6603,0.5319,0.5339
22,96,67,0.5424,0.6048,0.642,0.5447
23,96,70,0.4328,0.5468,0.6268,0.4292
24,96,73,0.5498,0.6596,0.5212,0.6598
25,96,76,0.5373,0.3013,0.4203,0.7693
26,96,79,0.664,0.428,0.5372,0.7856
27,96,82,0.4261,0.6403,0.6527,0.769
28,96,85,0.5553,0.6312,0.3951,0.4186
29,96,88,0.4159,0.6477,0.5394,0.1856
30,96,91,0.6546,0.5394,0.6458,0.5327
31,96,94,0.5303,0.4161,0.4076,0.673
32,96,97,0.5428,0.4192,0.3077,0.4284
33,96,100,0.4209,0.3026,0.6643,0.297
34,96,103,0.4251,0.4098,0.4024,0.4158
35,96,106,0.4077,0.5549,0.5253,0.5353
36,96,109,0.5275,0.6478,0.5274,0.5264
37,96,112,0.5245,0.6491,0.5253,0.4234
38,96,115,0.6523,0.4288,0.6308,0.417
39,96,118,0.4089,0.5377,0.527,0.3883
40,96,121,0.7718,0.6342,0.5307,0.7252
41,96,124,0.5215,0.6212,0.516,0.3911
42,96,127,0.6518,0.6465,0.6432,0.2963
43,96,130,0.4265,0.3964,0.4197,0.5392
44,96,133,0.4186,0.5264,0.4088,0.5376
45,96,136,0.6577,0.5445,0.5197,0.5087
46,96,139,0.5431,0.299,0.3002,0.421
47,96,142,0.6235,0.6243,0.7501,0.3004
48,96,145,0.6127,0.2868,0.586,0.6555
49,96,148,0.4142,0.5197,0.3012,0.7197
50,96,151,0.648,0.734,0.6054,0.3067
51,96,154,0.4128,0.3016,0.4089,0.1856
52,96,157,0.3817,0.5363,0.7523,0.5158
53,96,160,0.4953,0.5324,0.4994,0.6297
54,96,163,0.6317,0.4853,0.6321,0.5449
55,96,166,0.7394,0.7415,0.4116,0.4259
56,96,169,0.6345,0.3981,0.3883,0.3054
57,96,172,0.3214,0.1905,0.2628,0.3471
58,96,175,0.1114,0.2214,0.07426,0.494
59,96,178,0.1876,0.2361,0.1835,0.07424
60,96,181,0.03714,0.07426,0,0
61,96,184,0.1485,0.07426,0.03712,0.07424
62,96,187,0.07424,0.03712,0.03712,0
63,96,190,0.2157,0.1485,0.1114,0.1485
64,96,193,0.07426,0.1114,0.1114,0.1114
65,96,196,0.1485,0.07426,0.03714,0.2
66,96,199,0.07428,0.07426,0.03712,0.03712
67,96,202,0.1114,0,0.07424,0.1114
68,96,205,0.03714,0.07424,0.07424,0.07426
69,96,208,0.07426,0.03714,0.03712,0.03712
70,96,211,0.03712,0.07424,0.1114,0.07426
71,96,214,0.03714,0.03712,0.07424,0.07424
72,96,217,0.07424,0.1114,0,0.07426
73,96,220,0.1114,0.1485,0.1114,0.03714
74,96,223,0.03714,0.1485,0.07424,0.07428
75,96,226,0.1114,0.1485,0.1485,0.1114
76,96,229,0.07426,0.1114,0.1114,0.03712
77,96,232,0.07426,0.07424,0.1114,0.1485
78,96,235,0.07426,0.1114,0.03712,0.03712
79,96,238,0.1114,0,0.07424,0.07426
80,96,241,0.1114,0.03712,0.07426,0.1114
81,96,244,0.1114,0.1114,0.03712,0.1114
82,96,247,0.07426,0.1114,0.1114,0.03712
83,96,250,0.07424,0.07426,0.07426,0.1114
84,96,253,0.1114,0.1114,0.1114,0.1856
85,96,256,0.07428,0.1485,0.07428,0.1114
86,96,259,0.1114,0,0.03714,0.1114
87,96,262,0.07426,0.1114,0.07426,0.07426
88,96,265,0.03712,0.07426,0.03712,0.07424
89,96,268,0.03714,0.03714,0,0.1114
90,96,271,0.07428,0.1114,0.1114,0.1485
91,96,274,0.1114,0.1114,0.03712,0
92,96,277,0.03714,0.1114,0.03714,0.07424
93,96,280,0.1114,0.1114,0.1114,0.03712
94,96,283,0.1114,0.07426,0.03712,0.1114
95,96,286,0.07424,0.1114,0.07424,0.1114
96,96,289,0.1114,0.07426,0.1114,0.1114
97,96,292,0.1856,0.07426,0.07426,0.1114
98,96,295,0.1114,0.1114,0.07426,0.07424
99,96,298,0.1485,0.07426,0.1485,0.07426
,Dataset#,L,att_1,att_2,att_3,att_4
0,97,1,0.9145,0.9018,0.8732,0.8999
1,97,4,0.9309,0.9299,0.9313,0.927
2,97,7,0.942,0.9319,0.9416,0.9497
3,97,10,0.946,0.9465,0.9357,0.9487
4,97,13,0.9489,0.9411,0.9384,0.9467
5,97,16,0.9541,0.9433,0.9479,0.9426
6,97,19,0.9382,0.9441,0.9349,0.9324
7,97,22,0.9349,0.9352,0.9474,0.9452
8,97,25,0.9395,0.9414,0.9465,0.9422
9,97,28,0.9452,0.9392,0.9479,0.9424
10,97,31,0.9444,0.9293,0.9491,0.9394
11,97,34,0.9466,0.941,0.9493,0.946
12,97,37,0.9362,0.9448,0.936,0.8742
13,97,40,0.9357,0.9422,0.7592,0.9478
14,97,43,0.9309,0.947,0.9459,0.9486
15,97,46,0.9493,0.6328,0.9359,0.8005
16,97,49,0.9388,0.792,0.9449,0.9291
17,97,52,0.6001,0.9468,0.794,0.6397
18,97,55,0.9408,0.793,0.9455,0.9374
19,97,58,0.9321,0.7932,0.7908,0.6385
20,97,61,0.8005,0.9503,0.7952,0.7954
21,97,64,0.9411,0.9351,0.9458,0.4896
22,97,67,0.6342,0.6426,0.9424,0.9463
23,97,70,0.9348,0.7894,0.7925,0.9393
24,97,73,0.6401,0.9524,0.4923,0.4882
25,97,76,0.7886,0.794,0.7871,0.9475
26,97,79,0.7903,0.6416,0.3366,0.644
27,97,82,0.919,0.6386,0.9431,0.7974
28,97,85,0.6422,0.9485,0.792,0.7892
29,97,88,0.7939,0.633,0.7991,0.6385
30,97,91,0.7885,0.8932,0.9431,0.4826
31,97,94,0.9471,0.6285,0.7879,0.7906
32,97,97,0.9359,0.9278,0.4856,0.6419
33,97,100,0.8008,0.9375,0.8011,0.7985
34,97,103,0.9439,0.9429,0.4897,0.6448
35,97,106,0.7866,0.7944,0.9412,0.4836
36,97,109,0.7973,0.9341,0.6438,0.9475
37,97,112,0.7886,0.7855,0.6511,0.7825
38,97,115,0.6311,0.9442,0.7947,0.7951
39,97,118,0.776,0.8014,0.7917,0.9349
40,97,121,0.7894,0.9214,0.646,0.7961
41,97,124,0.7915,0.6382,0.9337,0.4811
42,97,127,0.9374,0.9297,0.9449,0.793
43,97,130,0.7956,0.7584,0.7917,0.7863
44,97,133,0.4907,0.6404,0.941,0.6041
45,97,136,0.7996,0.949,0.4538,0.6422
46,97,139,0.6468,0.9416,0.761,0.768
47,97,142,0.49,0.9405,0.6217,0.7938
48,97,145,0.9418,0.782,0.7671,0.7824
49,97,148,0.643,0.6438,0.7906,0.4828
50,97,151,0.9293,0.9382,0.9394,0.9352
51,97,154,0.7845,0.4482,0.6405,0.625
52,97,157,0.7845,0.782,0.7906,0.9376
53,97,160,0.5985,0.9334,0.9312,0.945
54,97,163,0.9384,0.9342,0.7947,0.7861
55,97,166,0.6464,0.7918,0.7997,0.6474
56,97,169,0.2217,0.3804,0.1843,0.7532
57,97,172,0.2235,0.4175,0.3787,0.4158
58,97,175,0.1893,0,0,0
59,97,178,0.03712,0.2223,0.03684,0.1921
60,97,181,0.1859,0.2204,0.1831,0.07396
61,97,184,0.228,0.03712,0.2234,0.5543
62,97,187,0,0.1885,0.03684,0.2288
63,97,190,0.1893,0,0.07368,0.3773
64,97,193,0,0.07396,0.03684,0.218
65,97,196,0.1923,0.2601,0,0.2281
66,97,199,0.1479,0,0,0.1897
67,97,202,0.2227,0.1479,0.03684,0.37
68,97,205,0.07396,0,0.03684,0.03684
69,97,208,0.03712,0.1105,0.1911,0.22
70,97,211,0,0.03684,0.1821,0.2272
71,97,214,0,0.1889,0.07368,0.1853
72,97,217,0.41,0,0,0.03712
73,97,220,0.03684,0.1846,0.265,0.03684
74,97,223,0.07424,0,0.03684,0.2273
75,97,226,0.1479,0.1108,0,0.07396
76,97,229,0.07396,0.03684,0.2271,0.07368
77,97,232,0.03712,0.1855,0.03684,0.1108
78,97,235,0.03684,0.07396,0.03684,0.03684
79,97,238,0.1105,0.03712,0,0
80,97,241,0.1108,0.03684,0.1858,0
81,97,244,0.2668,0.03712,0.3389,0.07368
82,97,247,0.03712,0.1108,0.03684,0.03712
83,97,250,0,0,0.2212,0
84,97,253,0.07368,0.03684,0.1858,0
85,97,256,0.03712,0.07396,0,0
86,97,259,0.1111,0,0.07396,0.1479
87,97,262,0.2253,0.07396,0,0
88,97,265,0.07368,0.03712,0,0.03712
89,97,268,0.03684,0.07396,0,0
90,97,271,0,0.03712,0.03712,0
91,97,274,0.07368,0,0.03684,0.03712
92,97,277,0.03684,0.03684,0,0
93,97,280,0,0,0,0.07396
94,97,283,0.03712,0,0.1853,0.03712
95,97,286,0,0.07396,0.07396,0.03684
96,97,289,0.03684,0.03712,0.07396,0
97,97,292,0.2246,0.03712,0,0.03684
98,97,295,0.03684,0.03684,0,0.03684
99,97,298,0,0.07396,0.03712,0.03712
,Dataset#,L,att_1,att_2,att_3,att_4
0,98,1,1,1,0.9995,1
1,98,4,0.9985,1,0.9947,1
2,98,7,0.9874,1,1,0.9985
3,98,10,1,0.9995,1,0.9746
4,98,13,1,0.9956,0.998,0.996
5,98,16,0.9971,0.9961,1,0.9046
6,98,19,0.9995,0.9995,1,0.9757
7,98,22,0.9082,0.9552,1,1
8,98,25,0.998,0.9805,0.9985,0.913
9,98,28,0.999,0.9904,0.9995,0.9995
10,98,31,0.999,1,0.9966,1
11,98,34,1,0.9705,0.9995,0.9995
12,98,37,0.9568,0.9877,0.9975,0.9837
13,98,40,0.9859,1,0.9909,1
14,98,43,0.996,0.9687,0.9578,0.9985
15,98,46,0.9876,1,0.977,0.9975
16,98,49,0.9976,1,1,0.9975
17,98,52,1,0.999,0.9985,0.8335
18,98,55,0.9911,1,0.965,0.8504
19,98,58,0.8074,0.9985,0.996,0.9825
20,98,61,0.999,0.995,0.9926,0.9777
21,98,64,1,0.8474,0.9995,0.9158
22,98,67,0.9133,0.8508,0.998,1
23,98,70,0.9941,0.9971,0.7062,1
24,98,73,0.997,0.9288,0.9056,1
25,98,76,0.997,0.9995,1,1
26,98,79,0.9831,0.998,0.8487,0.8518
27,98,82,0.999,0.9995,0.7345,0.9951
28,98,85,0.9976,0.8931,0.9976,0.9975
29,98,88,0.8565,0.8535,1,0.9923
30,98,91,0.9822,0.5397,0.9891,0.999
31,98,94,0.999,0.9853,0.8524,0.7183
32,98,97,0.853,0.9995,0.8214,0.998
33,98,100,0.9856,0.8182,0.9716,0.9966
34,98,103,0.9775,0.9755,1,0.853
35,98,106,0.7985,0.7728,0.8518,0.7057
36,98,109,0.8504,0.9995,1,0.9971
37,98,112,0.8442,0.9903,0.9981,0.8514
38,98,115,1,0.6995,1,0.7869
39,98,118,0.8504,0.999,0.8,0.5675
40,98,121,1,0.9995,1,0.8523
41,98,124,0.652,0.9065,0.9995,1
42,98,127,0.7056,0.999,0.5603,0.8524
43,98,130,0.8528,0.6824,0.9965,0.7831
44,98,133,0.8172,0.8535,0.9995,0.9679
45,98,136,0.999,0.9955,0.8794,0.8528
46,98,139,0.999,0.6642,0.915,0.8506
47,98,142,0.9911,0.8508,1,0.8524
48,98,145,0.853,0.8298,0.8411,0.8519
49,98,148,0.8629,0.8516,0.853,0.9478
50,98,151,0.9985,0.9935,0.8504,0.7059
51,98,154,0.8453,0.7776,0.8519,0.999
52,98,157,0.8506,0.799,0.8535,0.7029
53,98,160,0.7247,0.8528,1,0.818
54,98,163,0.8518,0.8516,0.671,0.998
55,98,166,0.9956,0.999,0.9965,0.6534
56,98,169,0.8533,0.8,0.7014,0.9995
57,98,172,0.4182,0.6,0.5602,0.7255
58,98,175,0.2534,0.6534,0.6285,0.6432
59,98,178,0.1995,0.2534,0.3139,0.2
60,98,181,0.4516,0.4519,0,0.6534
61,98,184,0.2,0.1995,0.3603,0.3604
62,98,187,0.05332,0.2524,0,0.1603
63,98,190,0.3057,0.3069,0.4535,0.2
64,98,193,0.2533,0,0.1069,0.3971
65,98,196,0.1604,0.2,0.1604,0.2
66,98,199,0.2533,0.05336,0.2386,0.2534
67,98,202,0.1067,0.2,0.1603,0
68,98,205,0.4,0.05336,0.1069,0.2
69,98,208,0.1069,0.05336,0.4,0.05354
70,98,211,0.2534,0.2535,0.1604,0.05336
71,98,214,0,0.4535,0.05354,0
72,98,217,0.05336,0.5069,0,0.2
73,98,220,0.2534,0.05354,0.2533,0.2
74,98,223,0.05354,0.8,0.1069,0.2529
75,98,226,0.2,0.3067,0.05332,0.2529
76,98,229,0.05336,0.3941,0.1432,0.05332
77,98,232,0.3071,0.05336,0.1985,0.05336
78,98,235,0.2,0.05336,0.05354,0.2
79,98,238,0.1814,0.2535,0.2535,0
80,98,241,0.1069,0.199,0.05332,0.1995
81,98,244,0,0.05336,0.3067,0.2535
82,98,247,0.1067,0.05354,0.1067,0.05332
83,98,250,0.3067,0,0.4,0.05354
84,98,253,0.05354,0.1067,0.2534,0.3069
85,98,256,0,0.2,0,0
86,98,259,0.198,0.05336,0.3047,0.2535
87,98,262,0.05336,0.2529,0.05336,0.05332
88,98,265,0,0.291,0.1069,0
89,98,268,0.2534,0.1069,0.05332,0.1069
90,98,271,0.05332,0.05332,0.1604,0.05336
91,98,274,0.2533,0.05336,0.1071,0.2
92,98,277,0.1602,0,0.2535,0
93,98,280,0,0.4,0.2,0.05354
94,98,283,0.2535,0.05336,0.05354,0
95,98,286,0.2534,0,0,0.2535
96,98,289,0.1069,0.2534,0.1067,0.1069
97,98,292,0.4524,0.05332,0.1067,0
98,98,295,0.1069,0.05336,0.1604,0.1069
99,98,298,0.1069,0.2535,0.1067,0.1602
,Dataset#,L,att_1,att_2,att_3,att_4
0,99,1,0.9995,1,0.999,0.9653
1,99,4,0.9985,0.9995,1,0.9817
2,99,7,1,1,1,0.9491
3,99,10,1,0.9633,1,0.9814
4,99,13,0.9951,1,0.9869,1
5,99,16,0.9985,1,0.9726,0.9756
6,99,19,0.9673,0.9907,0.9966,0.9097
7,99,22,0.9809,0.9976,0.999,0.978
8,99,25,1,1,0.9985,0.979
9,99,28,0.9924,0.9779,0.999,0.9876
10,99,31,0.9922,0.9588,0.9975,0.9995
11,99,34,1,0.9942,0.998,0.957
12,99,37,0.8944,0.9995,0.977,0.9552
13,99,40,0.9418,0.999,0.8048,0.9734
14,99,43,0.999,1,1,0.9759
15,99,46,0.998,0.7046,0.8424,0.9693
16,99,49,0.999,0.9995,0.8514,0.9985
17,99,52,0.9723,0.797,1,0.9866
18,99,55,0.991,0.9893,0.8534,0.9498
19,99,58,0.8737,0.9952,0.8529,0.9763
20,99,61,0.9665,0.9372,0.8524,1
21,99,64,0.8347,0.8524,0.8528,0.997
22,99,67,0.8979,0.8533,0.9022,0.9853
23,99,70,0.9905,0.8412,0.9409,1
24,99,73,0.9815,0.8481,1,0.9331
25,99,76,0.8341,0.8267,0.9905,0.9985
26,99,79,0.9787,0.998,0.9812,0.8535
27,99,82,0.8499,0.7044,0.7054,0.8
28,99,85,0.999,0.9814,0.7059,0.997
29,99,88,0.7067,0.9886,0.8533,0.8027
30,99,91,0.7727,0.5604,0.7775,0.994
31,99,94,0.9918,0.8316,0.9911,0.9995
32,99,97,0.7062,0.8859,0.9011,0.7034
33,99,100,0.9995,0.9955,0.714,0.9947
34,99,103,0.8164,0.6943,0.6399,0.6599
35,99,106,0.8535,0.8,0.9498,0.9975
36,99,109,0.8416,0.7069,0.9807,0.9961
37,99,112,0.8488,0.958,0.7057,0.7057
38,99,115,0.8352,0.9775,0.8137,0.8034
39,99,118,0.9387,0.8591,0.6857,0.8526
40,99,121,0.8227,0.9894,0.977,0.8476
41,99,124,0.9424,0.9664,0.7069,0.7049
42,99,127,0.8469,0.9626,0.823,0.6442
43,99,130,0.8413,0.5066,0.8461,0.997
44,99,133,0.7032,0.9946,0.7057,0.8534
45,99,136,0.5596,0.9702,0.8299,0.979
46,99,139,0.8406,0.8816,0.8521,0.7652
47,99,142,0.8134,0.9889,0.957,0.6717
48,99,145,0.7343,0.984,0.9849,0.9126
49,99,148,0.6822,0.9435,1,0.7064
50,99,151,0.9906,0.7049,0.8504,0.7069
51,99,154,0.7971,0.7663,0.6475,0.8138
52,99,157,0.7059,0.8408,0.5155,0.5444
53,99,160,0.998,0.8464,0.639,0.6832
54,99,163,0.9743,0.9971,0.9658,0.9798
55,99,166,0.9889,0.9995,0.9741,0.9905
56,99,169,0.653,0.9941,0.644,0.999
57,99,172,0.2521,0.4529,0.5642,0.7951
58,99,175,0.6534,0.6,0.4429,0.2
59,99,178,0.1069,0.3069,0.2516,0.6534
60,99,181,0.05336,0.2535,0.2535,0.4525
61,99,184,0.5995,0.4,0.2535,0.2534
62,99,187,0.6531,0.5064,0.2534,0.1983
63,99,190,0.2,0.1067,0.4535,0.05354
64,99,193,0.599,0,0.1069,0.2534
65,99,196,0.4,0.2,0.2509,0.398
66,99,199,0.1938,0.1602,0.5047,0.1069
67,99,202,0,0.2,0.05354,0.2
68,99,205,0.05336,0.382,0,0.2
69,99,208,0.05336,0.4502,0.05336,0.1069
70,99,211,0.4535,0.253,0.1067,0.4535
71,99,214,0.2535,0.5062,0.05336,0.1069
72,99,217,0.05354,0,0,0.1604
73,99,220,0,0.1603,0.2529,0.2
74,99,223,0.1995,0.2333,0.05354,0.05354
75,99,226,0.05354,0.1069,0.2534,0.05332
76,99,229,0.05354,0.05332,0,0.4535
77,99,232,0,0.2524,0.2,0
78,99,235,0.2534,0.2535,0.1069,0.1069
79,99,238,0.2524,0.4533,0.6514,0.2
80,99,241,0,0.2535,0.2533,0.1067
81,99,244,0.05354,0,0.05336,0.1985
82,99,247,0,0.1069,0.05336,0
83,99,250,0.1067,0,0.1069,0
84,99,253,0.05354,0.05336,0.05336,0
85,99,256,0.1602,0.2485,0.3995,0.2535
86,99,259,0.05336,0.1067,0.05336,0.1603
87,99,262,0,0.4498,0.05336,0
88,99,265,0.1067,0.2,0.1069,0.1069
89,99,268,0,0.05354,0,0.05332
90,99,271,0.05354,0,0.3067,0.05336
91,99,274,0,0.1069,0.3069,0.05354
92,99,277,0.05336,0.1604,0,0.2
93,99,280,0.2,0.4,0,0.1067
94,99,283,0.2177,0.2533,0.1069,0.1067
95,99,286,0,0.05354,0.05354,0.05336
96,99,289,0.1961,0.05354,0.05336,0.2
97,99,292,0.2,0.05336,0,0.1069
98,99,295,0.05354,0,0,0.05354
99,99,298,0,0.05336,0.05332,0.05336
,Dataset#,L,att_1,att_2,att_3,att_4
0,100,1,0.3025,0.2974,0.3017,0.3035
1,100,4,0.3053,0.3106,0.3222,0.3189
2,100,7,0.3112,0.317,0.312,0.3137
3,100,10,0.3154,0.3236,0.3116,0.318
4,100,13,0.3019,0.311,0.3141,0.3151
5,100,16,0.3092,0.3127,0.3144,0.3048
6,100,19,0.3153,0.3166,0.3128,0.3031
7,100,22,0.3112,0.323,0.3186,0.3117
8,100,25,0.302,0.3214,0.3072,0.3151
9,100,28,0.3046,0.3094,0.301,0.3028
10,100,31,0.3129,0.2867,0.3063,0.3055
11,100,34,0.3014,0.3221,0.3187,0.3062
12,100,37,0.2906,0.3253,0.3071,0.3035
13,100,40,0.2942,0.3228,0.3067,0.3215
14,100,43,0.3135,0.3004,0.3117,0.3182
15,100,46,0.3078,0.3004,0.2655,0.3105
16,100,49,0.2968,0.3002,0.2974,0.2957
17,100,52,0.3129,0.3128,0.2804,0.293
18,100,55,0.3146,0.2876,0.2693,0.2622
19,100,58,0.2787,0.31,0.3134,0.2792
20,100,61,0.2786,0.3087,0.3085,0.2582
21,100,64,0.268,0.3047,0.2417,0.291
22,100,67,0.2989,0.2866,0.3107,0.2799
23,100,70,0.3032,0.2792,0.2619,0.2823
24,100,73,0.3061,0.2664,0.2741,0.3129
25,100,76,0.3028,0.2495,0.2939,0.3085
26,100,79,0.2841,0.2815,0.291,0.2902
27,100,82,0.2583,0.2962,0.2703,0.2767
28,100,85,0.3154,0.2616,0.2616,0.2836
29,100,88,0.2771,0.3134,0.3042,0.2848
30,100,91,0.29,0.2722,0.26,0.3154
31,100,94,0.3098,0.3009,0.2788,0.269
32,100,97,0.2792,0.2741,0.3094,0.2732
33,100,100,0.2768,0.2818,0.2839,0.2903
34,100,103,0.3071,0.2924,0.2509,0.298
35,100,106,0.2856,0.2418,0.3066,0.2552
36,100,109,0.2996,0.2874,0.2301,0.2901
37,100,112,0.2832,0.2804,0.2734,0.2782
38,100,115,0.2791,0.2983,0.3023,0.2626
39,100,118,0.279,0.2985,0.2675,0.309
40,100,121,0.2999,0.2622,0.1756,0.309
41,100,124,0.2617,0.3012,0.2669,0.2127
42,100,127,0.2824,0.2755,0.2782,0.2651
43,100,130,0.2427,0.2115,0.2355,0.3118
44,100,133,0.2396,0.2821,0.2687,0.3135
45,100,136,0.302,0.2805,0.306,0.2382
46,100,139,0.2764,0.2643,0.2636,0.2757
47,100,142,0.287,0.3001,0.2417,0.2581
48,100,145,0.2617,0.2545,0.306,0.2813
49,100,148,0.2808,0.2813,0.2316,0.2508
50,100,151,0.2752,0.2808,0.2859,0.2882
51,100,154,0.258,0.2562,0.26,0.263
52,100,157,0.2779,0.2181,0.2593,0.2819
53,100,160,0.2403,0.2611,0.3055,0.2694
54,100,163,0.257,0.2822,0.2815,0.3026
55,100,166,0.3009,0.2848,0.2782,0.2455
56,100,169,0.1609,0.1824,0.1176,0.2277
57,100,172,0,0.1814,0.1381,0.2149
58,100,175,0.1382,0.03972,0.1739,0.1339
59,100,178,0.1194,0.138,0,0.09946
60,100,181,0.1666,0.1194,0.0988,0.06216
61,100,184,0.1194,0.1617,0.1382,0.1419
62,100,187,0.03992,0.05978,0.03972,0.03992
63,100,190,0.07964,0.1591,0.06022,0.1953
64,100,193,0.2033,0.09894,0.03972,0.06246
65,100,196,0.1194,0.1007,0.03972,0.07964
66,100,199,0.03972,0.1196,0.07964,0
67,100,202,0.03992,0.1194,0.07944,0.07964
68,100,205,0.1192,0.1194,0.07964,0.1009
69,100,208,0,0.09916,0.07944,0.03972
70,100,211,0.07964,0.1192,0.07964,0.0981
71,100,214,0.1593,0.05996,0.07964,0
72,100,217,0.1194,0.03972,0.07964,0.07964
73,100,220,0.06224,0.03992,0.07964,0.1593
74,100,223,0.1194,0.03972,0.143,0.03972
75,100,226,0.1024,0.03992,0.03992,0.1808
76,100,229,0.07964,0.03972,0.07944,0.03992
77,100,232,0.03972,0.1429,0.1196,0.03972
78,100,235,0.07944,0,0.03972,0.03992
79,100,238,0,0.07964,0.1027,0.07944
80,100,241,0.03972,0.07964,0,0.09866
81,100,244,0.03972,0.03972,0.1416,0.06256
82,100,247,0.09874,0,0.07964,0.07964
83,100,250,0.06088,0.1194,0.03972,0.07964
84,100,253,0.03992,0.03972,0.03972,0.07964
85,100,256,0.1194,0.08976,0,0.07944
86,100,259,0.07964,0.07964,0.07964,0
87,100,262,0,0,0,0.03972
88,100,265,0.1196,0.1194,0.1593,0.1196
89,100,268,0.03972,0.03972,0.07944,0.07964
90,100,271,0.07964,0.03992,0.07964,0
91,100,274,0.03972,0,0.1194,0.03992
92,100,277,0,0.03972,0.03972,0
93,100,280,0.03972,0.1194,0.07964,0
94,100,283,0.07944,0,0,0.1194
95,100,286,0.1194,0.03972,0,0.07964
96,100,289,0.07964,0.03972,0.03972,0.03992
97,100,292,0.07944,0.03972,0.03972,0.07964
98,100,295,0.07944,0.1192,0.1192,0.07944
99,100,298,0,0.03972,0.03992,0.03992
,Dataset#,L,att_1,att_2,att_3,att_4
0,101,1,0.2187,0.226,0.2259,0.2183
1,101,4,0.2447,0.2525,0.2513,0.2514
2,101,7,0.2419,0.2405,0.2444,0.2598
3,101,10,0.2383,0.246,0.2249,0.2474
4,101,13,0.2332,0.2484,0.2441,0.2302
5,101,16,0.2501,0.2449,0.2592,0.2533
6,101,19,0.2342,0.2391,0.2431,0.2315
7,101,22,0.2372,0.2526,0.2476,0.2415
8,101,25,0.2232,0.2524,0.2195,0.2514
9,101,28,0.2438,0.2371,0.2484,0.2355
10,101,31,0.2412,0.2227,0.2039,0.2056
11,101,34,0.2539,0.2083,0.2207,0.2325
12,101,37,0.1908,0.2008,0.2061,0.2241
13,101,40,0.2401,0.2245,0.1803,0.2179
14,101,43,0.2204,0.2149,0.1684,0.2021
15,101,46,0.2207,0.2245,0.2248,0.1939
16,101,49,0.1815,0.2235,0.2515,0.1733
17,101,52,0.2165,0.219,0.2105,0.1944
18,101,55,0.1711,0.2063,0.2319,0.2368
19,101,58,0.1687,0.2528,0.2008,0.1956
20,101,61,0.1835,0.2358,0.1951,0.2184
21,101,64,0.2092,0.1994,0.2427,0.2168
22,101,67,0.2136,0.2328,0.2263,0.2125
23,101,70,0.184,0.2285,0.1752,0.1739
24,101,73,0.2271,0.214,0.2415,0.2074
25,101,76,0.2352,0.1556,0.1926,0.2239
26,101,79,0.1552,0.2326,0.2136,0.1891
27,101,82,0.2163,0.1655,0.2054,0.1814
28,101,85,0.204,0.2353,0.2366,0.1522
29,101,88,0.2175,0.2135,0.1678,0.2077
30,101,91,0.181,0.1982,0.2122,0.2087
31,101,94,0.2118,0.2006,0.2224,0.1766
32,101,97,0.1557,0.2049,0.2103,0.204
33,101,100,0.2029,0.202,0.172,0.185
34,101,103,0.1861,0.1621,0.1868,0.2001
35,101,106,0.1795,0.1811,0.1823,0.2267
36,101,109,0.1972,0.2056,0.1657,0.2038
37,101,112,0.2213,0.1724,0.2234,0.2071
38,101,115,0.178,0.2063,0.166,0.1896
39,101,118,0.2114,0.1921,0.2117,0.1661
40,101,121,0.1966,0.2097,0.1785,0.1885
41,101,124,0.1343,0.1454,0.2214,0.182
42,101,127,0.164,0.2047,0.2038,0.2194
43,101,130,0.1836,0.1525,0.1558,0.1759
44,101,133,0.1656,0.2045,0.165,0.1901
45,101,136,0.1982,0.2043,0.209,0.1921
46,101,139,0.1928,0.1478,0.1454,0.1872
47,101,142,0.1717,0.1687,0.1253,0.1804
48,101,145,0.1825,0.2195,0.1974,0.1916
49,101,148,0.1786,0.18,0.1601,0.2126
50,101,151,0.1883,0.2076,0.2004,0.2099
51,101,154,0.2231,0.1713,0.2136,0.1984
52,101,157,0.1721,0.1188,0.1911,0.1448
53,101,160,0.1282,0.2339,0.2007,0.2045
54,101,163,0.1912,0.2474,0.192,0.1765
55,101,166,0.2238,0.1798,0.1698,0.1475
56,101,169,0.0768,0,0.06818,0.1026
57,101,172,0.0768,0.05142,0.1032,0.05142
58,101,175,0.0256,0.0256,0.0768,0.0256
59,101,178,0.1026,0.0256,0.0512,0.07158
60,101,181,0,0,0.0256,0.05142
61,101,184,0.0256,0.1024,0.1026,0.0512
62,101,187,0.0256,0.0768,0.02582,0.05142
63,101,190,0.1026,0.0256,0,0.05142
64,101,193,0.0256,0.0256,0.0256,0.02582
65,101,196,0.05142,0.07702,0.0512,0.07702
66,101,199,0.1222,0.0512,0.0256,0.05142
67,101,202,0.0768,0.07702,0.02582,0
68,101,205,0.0512,0.02582,0.02582,0.0512
69,101,208,0,0.05142,0.0768,0.07702
70,101,211,0.0512,0,0.0256,0.0768
71,101,214,0.0512,0.0512,0.0512,0.06444
72,101,217,0.0512,0.05142,0.02582,0.02582
73,101,220,0.1441,0.1026,0.0768,0.0512
74,101,223,0.0512,0.0256,0,0.1024
75,101,226,0.0256,0.07702,0.0512,0.0256
76,101,229,0.0512,0.0512,0.1026,0.0512
77,101,232,0.0256,0.0768,0.1026,0.05142
78,101,235,0.1145,0.0768,0.07702,0
79,101,238,0.07702,0,0.0512,0.07702
80,101,241,0,0.07702,0.0512,0.0256
81,101,244,0.07702,0.07702,0,0.1026
82,101,247,0.0256,0.0512,0.05142,0.0256
83,101,250,0,0.0512,0.02582,0.0256
84,101,253,0,0.05142,0.05142,0.1024
85,101,256,0,0.1026,0.07702,0.0512
86,101,259,0.0768,0.1024,0.05142,0.0256
87,101,262,0.0256,0.0512,0.02582,0.0768
88,101,265,0.0512,0.0512,0.0512,0.0256
89,101,268,0.0256,0.1024,0.05142,0
90,101,271,0.07702,0.0512,0.0512,0.0256
91,101,274,0.0256,0.02582,0.0256,0.0256
92,101,277,0,0.0256,0.0512,0.05142
93,101,280,0.02582,0.0512,0,0.07702
94,101,283,0.05142,0.0256,0.0512,0.0512
95,101,286,0.0256,0.07702,0.02582,0.05142
96,101,289,0.0512,0.0256,0.0256,0
97,101,292,0.05142,0.0512,0,0.07702
98,101,295,0.0512,0.0512,0.02582,0
99,101,298,0.07702,0,0.0512,0.1026
,Dataset#,L,att_1,att_2,att_3,att_4
0,102,1,0.8342,0.8355,0.8352,0.8301
1,102,4,0.8504,0.8567,0.8566,0.8505
2,102,7,0.8586,0.8552,0.8541,0.8532
3,102,10,0.8524,0.8532,0.853,0.8541
4,102,13,0.8525,0.8559,0.8551,0.8567
5,102,16,0.8547,0.8502,0.8504,0.8572
6,102,19,0.8557,0.8513,0.8585,0.8543
7,102,22,0.8518,0.8522,0.8542,0.8539
8,102,25,0.8514,0.8568,0.857,0.8542
9,102,28,0.8578,0.8562,0.8564,0.8547
10,102,31,0.8524,0.8522,0.8574,0.8543
11,102,34,0.8568,0.8525,0.8534,0.8549
12,102,37,0.771,0.7697,0.8528,0.8515
13,102,40,0.6143,0.8543,0.857,0.8512
14,102,43,0.7771,0.6967,0.7767,0.7761
15,102,46,0.776,0.7753,0.7736,0.6956
16,102,49,0.8592,0.7715,0.5429,0.6954
17,102,52,0.7762,0.7742,0.6197,0.6211
18,102,55,0.8509,0.8556,0.771,0.7783
19,102,58,0.7739,0.8486,0.7744,0.7784
20,102,61,0.6181,0.6986,0.7747,0.7776
21,102,64,0.7764,0.6935,0.5439,0.6916
22,102,67,0.6212,0.5377,0.6955,0.7789
23,102,70,0.7738,0.5432,0.544,0.5421
24,102,73,0.7009,0.6983,0.62,0.6222
25,102,76,0.5425,0.6925,0.7008,0.7778
26,102,79,0.8507,0.778,0.6158,0.6169
27,102,82,0.6172,0.6175,0.7024,0.5444
28,102,85,0.7708,0.6184,0.5423,0.7736
29,102,88,0.5425,0.6941,0.6961,0.7747
30,102,91,0.6248,0.7761,0.7759,0.6988
31,102,94,0.7722,0.7749,0.6174,0.7026
32,102,97,0.7661,0.696,0.6222,0.703
33,102,100,0.5398,0.7037,0.7717,0.6142
34,102,103,0.8541,0.775,0.5377,0.6236
35,102,106,0.8513,0.5365,0.696,0.7711
36,102,109,0.6154,0.6924,0.6141,0.6226
37,102,112,0.6925,0.6185,0.6968,0.7808
38,102,115,0.6131,0.6965,0.5408,0.603
39,102,118,0.7674,0.6929,0.7735,0.6173
40,102,121,0.7009,0.6951,0.7007,0.6203
41,102,124,0.6229,0.7019,0.7755,0.6968
42,102,127,0.7698,0.6959,0.7011,0.5425
43,102,130,0.5377,0.5427,0.7725,0.5398
44,102,133,0.6917,0.6217,0.6182,0.7735
45,102,136,0.622,0.7715,0.5447,0.7731
46,102,139,0.7795,0.6148,0.5374,0.6961
47,102,142,0.6969,0.6207,0.7727,0.6962
48,102,145,0.7746,0.6939,0.7727,0.8539
49,102,148,0.7757,0.7747,0.7036,0.6993
50,102,151,0.7691,0.6926,0.8544,0.7738
51,102,154,0.7754,0.6155,0.6156,0.7658
52,102,157,0.6223,0.7631,0.6973,0.7686
53,102,160,0.7757,0.6129,0.6945,0.7011
54,102,163,0.6919,0.7754,0.7797,0.7718
55,102,166,0.6904,0.777,0.7714,0.7796
56,102,169,0.446,0.6218,0.6941,0.5422
57,102,172,0.3562,0.5405,0.1858,0.6175
58,102,175,0.4478,0.3564,0.2565,0.5174
59,102,178,0.4479,0.4505,0.4337,0.4283
60,102,181,0.3597,0.2786,0.3575,0.3382
61,102,184,0.09292,0.1665,0.3531,0.2787
62,102,187,0.2786,0.2786,0.454,0.2598
63,102,190,0.2786,0.1856,0.2786,0.09292
64,102,193,0.1857,0.1856,0.2786,0.2787
65,102,196,0.1857,0.1856,0.2674,0.09282
66,102,199,0.2785,0.3714,0.1857,0.09292
67,102,202,0.2786,0.1857,0.1856,0.2786
68,102,205,0.2787,0.2673,0.2787,0.09282
69,102,208,0.1857,0.1857,0.1856,0.1857
70,102,211,0.09282,0.3714,0.2787,0.2785
71,102,214,0.1857,0.1857,0,0.1856
72,102,217,0,0.3714,0.1857,0.2786
73,102,220,0,0.2786,0.09282,0.2787
74,102,223,0.2785,0.1857,0.1856,0.2786
75,102,226,0.2786,0,0.2786,0.1856
76,102,229,0.1857,0.3715,0.1856,0.2636
77,102,232,0.1857,0.09292,0.1858,0.09292
78,102,235,0.1858,0,0.09282,0.09292
79,102,238,0.09292,0.2786,0.09282,0
80,102,241,0.09282,0.2786,0.09282,0.1857
81,102,244,0.2787,0.2787,0.1856,0.1856
82,102,247,0.3714,0.1858,0.1857,0.09292
83,102,250,0.2786,0.09282,0.1856,0.3569
84,102,253,0.1857,0.09292,0.3715,0.3715
85,102,256,0.1857,0.1856,0.1856,0.09282
86,102,259,0.2786,0.09292,0.1857,0.1857
87,102,262,0.2786,0.2787,0.2786,0.09282
88,102,265,0.3715,0.4643,0.09292,0
89,102,268,0.1857,0.1857,0,0.2787
90,102,271,0.4643,0.09292,0.4643,0.1857
91,102,274,0.1857,0.09292,0.09282,0
92,102,277,0.09282,0.1857,0.1856,0.1858
93,102,280,0.2787,0.1857,0.1858,0.1856
94,102,283,0,0.09282,0.1857,0.1858
95,102,286,0.09282,0.1856,0.1858,0.2787
96,102,289,0,0.09282,0.2785,0.1857
97,102,292,0.1856,0.1857,0.1857,0.09282
98,102,295,0.1856,0.1856,0.1857,0
99,102,298,0,0.09282,0.09282,0.2787
,Dataset#,L,att_1,att_2,att_3,att_4
0,103,1,0.8606,0.864,0.8579,0.8645
1,103,4,0.8818,0.8793,0.8781,0.8821
2,103,7,0.8806,0.8812,0.882,0.8787
3,103,10,0.8803,0.881,0.881,0.8844
4,103,13,0.8785,0.8835,0.8823,0.8817
5,103,16,0.8811,0.884,0.8841,0.8794
6,103,19,0.885,0.8844,0.8777,0.8792
7,103,22,0.8779,0.8811,0.8886,0.8851
8,103,25,0.8773,0.8812,0.8778,0.882
9,103,28,0.8852,0.8781,0.8842,0.88
10,103,31,0.8855,0.878,0.8749,0.8756
11,103,34,0.8778,0.8818,0.7962,0.8027
12,103,37,0.7974,0.7093,0.7974,0.7933
13,103,40,0.7137,0.8783,0.7911,0.7184
14,103,43,0.8005,0.8821,0.7162,0.7116
15,103,46,0.714,0.7144,0.8838,0.631
16,103,49,0.7116,0.712,0.6337,0.7147
17,103,52,0.7086,0.8774,0.7155,0.7058
18,103,55,0.6287,0.7909,0.715,0.795
19,103,58,0.8028,0.7144,0.714,0.6361
20,103,61,0.6233,0.7936,0.6271,0.7081
21,103,64,0.7981,0.7072,0.6278,0.8852
22,103,67,0.552,0.7185,0.7081,0.631
23,103,70,0.8785,0.6216,0.7999,0.5492
24,103,73,0.7884,0.6298,0.6292,0.7163
25,103,76,0.8783,0.5516,0.7064,0.7167
26,103,79,0.4643,0.5448,0.7109,0.7955
27,103,82,0.6273,0.7934,0.6281,0.7999
28,103,85,0.5504,0.6357,0.7109,0.7142
29,103,88,0.8787,0.7928,0.6278,0.7962
30,103,91,0.7175,0.6283,0.5373,0.7166
31,103,94,0.628,0.5492,0.8025,0.7115
32,103,97,0.795,0.7125,0.6337,0.5461
33,103,100,0.715,0.5478,0.7824,0.6262
34,103,103,0.4643,0.6303,0.547,0.7059
35,103,106,0.6322,0.7032,0.7051,0.7121
36,103,109,0.7972,0.6269,0.7167,0.7929
37,103,112,0.7141,0.7874,0.7185,0.6295
38,103,115,0.5492,0.7879,0.6271,0.7132
39,103,118,0.8791,0.7893,0.71,0.8014
40,103,121,0.7165,0.7088,0.7988,0.7893
41,103,124,0.8643,0.7932,0.8591,0.7064
42,103,127,0.551,0.6324,0.6275,0.6148
43,103,130,0.6296,0.7108,0.7921,0.713
44,103,133,0.6297,0.63,0.7943,0.7155
45,103,136,0.798,0.7145,0.7099,0.7156
46,103,139,0.7132,0.547,0.7932,0.7041
47,103,142,0.6254,0.711,0.6281,0.7096
48,103,145,0.6237,0.5504,0.795,0.716
49,103,148,0.6158,0.708,0.6277,0.4643
50,103,151,0.7988,0.7114,0.7962,0.6259
51,103,154,0.7089,0.791,0.7083,0.6266
52,103,157,0.787,0.7164,0.7045,0.7083
53,103,160,0.7907,0.7054,0.794,0.7035
54,103,163,0.715,0.7077,0.6298,0.6299
55,103,166,0.7093,0.7898,0.707,0.7104
56,103,169,0.6332,0.6981,0.6145,0.6276
57,103,172,0.6271,0.6138,0.3715,0.3618
58,103,175,0.2786,0.524,0.4556,0.4509
59,103,178,0.2787,0.5336,0.1857,0.3598
60,103,181,0.1856,0.2787,0.5393,0.09282
61,103,184,0.3714,0.09292,0,0.1685
62,103,187,0.1857,0.09282,0.1777,0.2787
63,103,190,0.2787,0.1857,0.5395,0
64,103,193,0.09282,0.2694,0.2786,0.27
65,103,196,0.1857,0.2786,0.1857,0.2786
66,103,199,0.1857,0.3608,0.2786,0.09282
67,103,202,0.2786,0.1857,0.1857,0.2786
68,103,205,0.1858,0.2786,0.09282,0.09292
69,103,208,0,0.1857,0.3714,0.09282
70,103,211,0.2787,0,0.2786,0.4643
71,103,214,0.3715,0.2786,0.1857,0.1856
72,103,217,0.09282,0.1857,0.09292,0.2787
73,103,220,0.2786,0.2786,0.3714,0.1856
74,103,223,0.09282,0.2787,0.09282,0.09282
75,103,226,0.09282,0.3714,0.2787,0.1857
76,103,229,0.2706,0.2787,0.3619,0.1857
77,103,232,0.1857,0.1857,0.09282,0.1857
78,103,235,0.1857,0.2786,0.1857,0.09282
79,103,238,0.2786,0.2787,0.1857,0.1856
80,103,241,0.09292,0.3715,0.2786,0.09292
81,103,244,0.3714,0.2786,0.1856,0.1857
82,103,247,0.09282,0.2786,0.1857,0.1857
83,103,250,0.1856,0.2787,0.2786,0.1857
84,103,253,0.1857,0.09292,0.09292,0.1857
85,103,256,0.2786,0.09282,0.2785,0.2787
86,103,259,0.2786,0.3714,0.09282,0.09282
87,103,262,0,0.3714,0.09282,0.09292
88,103,265,0.2787,0.09282,0.09282,0.2786
89,103,268,0.1856,0,0.1856,0.2786
90,103,271,0.2786,0.3714,0.1858,0.3715
91,103,274,0.2786,0.1856,0.1856,0.1856
92,103,277,0.1857,0.09292,0.2786,0.2787
93,103,280,0.1856,0.09282,0.3715,0
94,103,283,0.4643,0.1857,0.1856,0.09282
95,103,286,0.09282,0.1857,0.1857,0
96,103,289,0.1857,0.09282,0.2786,0.2787
97,103,292,0.1857,0,0.09282,0.1856
98,103,295,0.2785,0.1857,0.09292,0.09282
99,103,298,0,0.3715,0.1857,0.3715
,Dataset#,L,att_1,att_2,att_3,att_4
0,104,1,0.6921,0.7004,0.7017,0.7
1,104,4,0.7079,0.7021,0.7083,0.704
2,104,7,0.7201,0.7075,0.709,0.7095
3,104,10,0.7023,0.7061,0.7055,0.7061
4,104,13,0.7116,0.7042,0.7043,0.7056
5,104,16,0.7063,0.7115,0.7093,0.7062
6,104,19,0.703,0.7147,0.703,0.7023
7,104,22,0.7084,0.7038,0.7077,0.7016
8,104,25,0.7074,0.7016,0.6959,0.656
9,104,28,0.609,0.5967,0.7007,0.6591
10,104,31,0.6182,0.6197,0.6554,0.5652
11,104,34,0.6139,0.6653,0.6132,0.7
12,104,37,0.5628,0.5637,0.5278,0.5223
13,104,40,0.6516,0.7075,0.5658,0.5665
14,104,43,0.566,0.6045,0.5156,0.6085
15,104,46,0.4737,0.6029,0.6163,0.6137
16,104,49,0.6202,0.4737,0.5124,0.5193
17,104,52,0.5684,0.655,0.5127,0.5689
18,104,55,0.4737,0.6113,0.5138,0.5614
19,104,58,0.606,0.5987,0.5694,0.5217
20,104,61,0.5648,0.4737,0.5656,0.5449
21,104,64,0.5692,0.5743,0.5769,0.5189
22,104,67,0.5197,0.61,0.521,0.5212
23,104,70,0.5685,0.5949,0.5422,0.5651
24,104,73,0.6071,0.5243,0.5712,0.5215
25,104,76,0.4737,0.6097,0.6153,0.6089
26,104,79,0.562,0.6072,0.5703,0.5167
27,104,82,0.6085,0.6142,0.658,0.5703
28,104,85,0.5225,0.5589,0.5732,0.5629
29,104,88,0.5573,0.5693,0.6082,0.5698
30,104,91,0.5155,0.5717,0.5592,0.4737
31,104,94,0.4737,0.5553,0.4737,0.5662
32,104,97,0.56,0.5951,0.5658,0.5754
33,104,100,0.5222,0.5133,0.565,0.5592
34,104,103,0.6056,0.5169,0.4737,0.4737
35,104,106,0.4737,0.4737,0.5125,0.562
36,104,109,0.5644,0.5968,0.5593,0.6095
37,104,112,0.5989,0.5653,0.5998,0.5624
38,104,115,0.5571,0.5563,0.4737,0.5186
39,104,118,0.4737,0.5184,0.5259,0.4737
40,104,121,0.6514,0.5613,0.5147,0.5205
41,104,124,0.5216,0.6132,0.5241,0.5267
42,104,127,0.5587,0.4737,0.553,0.5595
43,104,130,0.5658,0.5135,0.5702,0.568
44,104,133,0.6063,0.4737,0.5101,0.6061
45,104,136,0.5163,0.5247,0.5107,0.5621
46,104,139,0.5217,0.6583,0.5635,0.5521
47,104,142,0.5166,0.606,0.5246,0.5136
48,104,145,0.5526,0.5225,0.5214,0.5606
49,104,148,0.5123,0.5929,0.5136,0.5614
50,104,151,0.548,0.5139,0.5725,0.5546
51,104,154,0.4737,0.5613,0.4737,0.4737
52,104,157,0.5139,0.5163,0.5204,0.6008
53,104,160,0.5454,0.5614,0.5705,0.4737
54,104,163,0.5189,0.4737,0.6013,0.4737
55,104,166,0.5125,0.6008,0.6022,0.4737
56,104,169,0.517,0.5605,0.5618,0.5559
57,104,172,0.5212,0.5645,0.424,0.5636
58,104,175,0.3789,0.5176,0.3791,0.2842
59,104,178,0.3791,0.2841,0.2841,0.2842
60,104,181,0.2843,0.2842,0.379,0.1896
61,104,184,0.379,0.3789,0.379,0.379
62,104,187,0.4737,0.2842,0.379,0.5271
63,104,190,0.1896,0.4737,0.2842,0.4737
64,104,193,0.379,0.2841,0.3789,0.2843
65,104,196,0.2841,0.4737,0.3789,0.1895
66,104,199,0.4737,0.379,0.2841,0.3791
67,104,202,0.1895,0.4737,0.3791,0.4737
68,104,205,0.3789,0.2842,0.1895,0.2843
69,104,208,0.2843,0.4737,0.3791,0.1895
70,104,211,0.379,0.4737,0.2842,0.4737
71,104,214,0.3789,0.4737,0.4737,0.4737
72,104,217,0.4737,0.2842,0.2842,0.2843
73,104,220,0.2842,0.3791,0.2843,0.4737
74,104,223,0.3791,0.3791,0.09468,0.2841
75,104,226,0.2842,0.4737,0.2842,0.1896
76,104,229,0.1895,0.3789,0.3789,0.379
77,104,232,0.4737,0.2843,0.3791,0.3791
78,104,235,0.4737,0.3791,0.3789,0.4737
79,104,238,0.3789,0.2842,0.2842,0.2841
80,104,241,0.379,0.3791,0.3791,0.379
81,104,244,0.3791,0.379,0.3791,0.4737
82,104,247,0.1895,0.3791,0.1896,0.379
83,104,250,0.3789,0.4737,0.2843,0.3791
84,104,253,0.09478,0.379,0.3791,0.4737
85,104,256,0.2844,0.4737,0.4737,0.4737
86,104,259,0.2842,0.2844,0.3791,0.1894
87,104,262,0.1895,0.3791,0.4737,0.379
88,104,265,0.1896,0.4737,0.1895,0.2844
89,104,268,0.3791,0.2843,0.379,0.3791
90,104,271,0.379,0.2843,0.4737,0.1896
91,104,274,0.2843,0.3791,0.4737,0.2842
92,104,277,0.3791,0.3789,0.2842,0.2844
93,104,280,0.3791,0.2842,0.2843,0.1895
94,104,283,0.2841,0.4737,0.3791,0.09478
95,104,286,0.3789,0.379,0.2843,0.2842
96,104,289,0.2844,0.2841,0.3789,0.1895
97,104,292,0.2842,0.379,0.2842,0.2843
98,104,295,0.2843,0.2843,0.3791,0.1896
99,104,298,0.3791,0.4737,0.2843,0.2844
,Dataset#,L,att_1,att_2,att_3,att_4
0,105,1,0.8452,0.8797,0.876,0.884
1,105,4,0.8848,0.9255,0.9347,0.9179
2,105,7,0.932,0.9258,0.9441,0.9307
3,105,10,0.9454,0.9202,0.9307,0.9009
4,105,13,0.9299,0.9215,0.9085,0.9336
5,105,16,0.9099,0.9088,0.9375,0.9353
6,105,19,0.9126,0.9227,0.9391,0.9421
7,105,22,0.9456,0.9194,0.9156,0.9398
8,105,25,0.9263,0.9499,0.9389,0.9475
9,105,28,0.8104,0.9336,0.9339,0.9251
10,105,31,0.9277,0.9198,0.9249,0.9313
11,105,34,0.9403,0.948,0.9206,0.6786
12,105,37,0.9188,0.9349,0.9255,0.9286
13,105,40,0.8155,0.8025,0.924,0.9371
14,105,43,0.9436,0.9369,0.8046,0.9402
15,105,46,0.9448,0.9301,0.9398,0.932
16,105,49,0.9463,0.6726,0.9384,0.9303
17,105,52,0.7189,0.9423,0.9164,0.9312
18,105,55,0.9366,0.7955,0.9402,0.9325
19,105,58,0.9403,0.7956,0.9303,0.7935
20,105,61,0.9137,0.9339,0.7981,0.7936
21,105,64,0.9447,0.8043,0.9399,0.937
22,105,67,0.9293,0.9338,0.9289,0.9248
23,105,70,0.9365,0.7965,0.6631,0.7953
24,105,73,0.7972,0.9432,0.7888,0.941
25,105,76,0.9406,0.9275,0.7909,0.9395
26,105,79,0.9269,0.9299,0.9332,0.942
27,105,82,0.8059,0.5334,0.9258,0.9373
28,105,85,0.8092,0.9237,0.8091,0.6683
29,105,88,0.9289,0.9215,0.6648,0.9403
30,105,91,0.9443,0.8121,0.8107,0.934
31,105,94,0.9399,0.7876,0.9435,0.9139
32,105,97,0.8101,0.8048,0.5463,0.8787
33,105,100,0.671,0.915,0.934,0.7807
34,105,103,0.9151,0.9451,0.7955,0.9385
35,105,106,0.5396,0.7827,0.9374,0.8072
36,105,109,0.7938,0.7423,0.9217,0.9112
37,105,112,0.8039,0.6724,0.8135,0.7945
38,105,115,0.749,0.7525,0.8078,0.917
39,105,118,0.81,0.7552,0.9362,0.9212
40,105,121,0.7483,0.9312,0.9399,0.8086
41,105,124,0.7479,0.8128,0.6779,0.751
42,105,127,0.6764,0.6219,0.8085,0.7414
43,105,130,0.6651,0.8047,0.7936,0.6592
44,105,133,0.7775,0.7832,0.9341,0.9431
45,105,136,0.916,0.8091,0.7846,0.9353
46,105,139,0.9311,0.6723,0.7392,0.5593
47,105,142,0.9431,0.8047,0.7518,0.8018
48,105,145,0.8818,0.6639,0.9384,0.7508
49,105,148,0.7867,0.3519,0.7873,0.8701
50,105,151,0.7585,0.9423,0.4209,0.9112
51,105,154,0.9396,0.9306,0.8032,0.4321
52,105,157,0.8431,0.6026,0.6751,0.7978
53,105,160,0.9327,0.9163,0.9319,0.7504
54,105,163,0.7921,0.3669,0.751,0.4878
55,105,166,0.6017,0.4167,0.9384,0.6795
56,105,169,0.708,0.9284,0.4723,0.8079
57,105,172,0.2428,0.2447,0.6234,0.4304
58,105,175,0.2432,0.2385,0.3727,0.1753
59,105,178,0.5294,0.1721,0.7389,0.0558
60,105,181,0.5682,0.611,0.4212,0.5577
61,105,184,0.413,0.4804,0.1713,0.05566
62,105,187,0,0.1721,0.3525,0.2323
63,105,190,0.2435,0.1781,0,0.05578
64,105,193,0.6446,0,0.2288,0.3507
65,105,196,0.3511,0,0,0.3621
66,105,199,0.1627,0.1674,0.3227,0.4827
67,105,202,0,0.2422,0.2341,0.1672
68,105,205,0.2325,0.4071,0.1769,0.173
69,105,208,0.0558,0.2869,0.1883,0.4841
70,105,211,0,0.0558,0.05566,0.3524
71,105,214,0.1705,0.181,0.0558,0.0558
72,105,217,0.05566,0.0558,0,0.0558
73,105,220,0,0.0558,0.0558,0.0558
74,105,223,0.1115,0.1662,0,0
75,105,226,0.1116,0.3015,0.2863,0.05566
76,105,229,0,0.2455,0.0558,0
77,105,232,0.0558,0.1654,0.4094,0.0558
78,105,235,0.1115,0.1116,0.1673,0.1758
79,105,238,0,0.2333,0.2339,0
80,105,241,0,0,0.2299,0
81,105,244,0.178,0,0.1781,0.0558
82,105,247,0,0,0,0
83,105,250,0.1765,0.0558,0.2232,0.2366
84,105,253,0.05566,0,0.1116,0
85,105,256,0,0,0.2366,0
86,105,259,0.0558,0.2268,0.1115,0
87,105,262,0.0558,0.1116,0,0
88,105,265,0.0558,0.1806,0,0.2308
89,105,268,0.0558,0,0,0.1806
90,105,271,0.1116,0,0,0.05566
91,105,274,0,0.0558,0,0
92,105,277,0.0558,0.0558,0,0
93,105,280,0,0,0,0.1743
94,105,283,0,0.0558,0,0
95,105,286,0.1757,0.05578,0.0558,0
96,105,289,0,0,0,0
97,105,292,0,0.05578,0.05578,0.0558
98,105,295,0,0,0,0
99,105,298,0.0558,0,0,0
