,Dataset#,L,att_1,att_2,att_3,att_4
0,1,1,0.68,0.6895,0.6716,0.6817
1,1,4,0.6418,0.6646,0.6594,0.6707
2,1,7,0.6577,0.6728,0.6707,0.6634
3,1,10,0.6675,0.6653,0.6585,0.6651
4,1,13,0.6713,0.6609,0.6622,0.6584
5,1,16,0.6549,0.6625,0.6437,0.6537
6,1,19,0.674,0.6649,0.6565,0.6721
7,1,22,0.6509,0.6649,0.6384,0.6625
8,1,25,0.6374,0.6666,0.6293,0.675
9,1,28,0.6677,0.6589,0.6556,0.6462
10,1,31,0.6634,0.6216,0.6613,0.6323
11,1,34,0.6015,0.6403,0.6766,0.6637
12,1,37,0.644,0.6342,0.6189,0.6273
13,1,40,0.6118,0.6617,0.6449,0.5594
14,1,43,0.6675,0.6336,0.5973,0.6344
15,1,46,0.6717,0.581,0.6294,0.6189
16,1,49,0.6321,0.6276,0.6583,0.6293
17,1,52,0.6415,0.6225,0.6591,0.6339
18,1,55,0.6171,0.6107,0.6793,0.6483
19,1,58,0.5865,0.6561,0.6181,0.6146
20,1,61,0.581,0.6424,0.6142,0.6298
21,1,64,0.581,0.6319,0.6094,0.6226
22,1,67,0.6376,0.6126,0.5925,0.5947
23,1,70,0.6353,0.629,0.6638,0.6441
24,1,73,0.5885,0.6599,0.6712,0.5741
25,1,76,0.6576,0.6327,0.6663,0.5631
26,1,79,0.6264,0.5716,0.5954,0.6229
27,1,82,0.6504,0.6703,0.6413,0.6304
28,1,85,0.5647,0.6322,0.6094,0.639
29,1,88,0.5544,0.6703,0.6245,0.6012
30,1,91,0.6563,0.5843,0.5847,0.6292
31,1,94,0.5876,0.6392,0.5817,0.6004
32,1,97,0.6655,0.6267,0.5819,0.6208
33,1,100,0.6126,0.5716,0.601,0.6445
34,1,103,0.5675,0.6147,0.5643,0.6016
35,1,106,0.5639,0.6393,0.6137,0.6232
36,1,109,0.5466,0.5876,0.6092,0.6589
37,1,112,0.6694,0.6126,0.6052,0.6197
38,1,115,0.5905,0.6361,0.5544,0.663
39,1,118,0.6093,0.6118,0.6094,0.6036
40,1,121,0.6199,0.6407,0.6118,0.615
41,1,124,0.6235,0.6665,0.6731,0.6317
42,1,127,0.5601,0.5675,0.6001,0.6894
43,1,130,0.5876,0.5824,0.6413,0.5991
44,1,133,0.6205,0.5785,0.644,0.5896
45,1,136,0.574,0.6454,0.5765,0.6667
46,1,139,0.6282,0.6176,0.5987,0.6254
47,1,142,0.6283,0.6257,0.5517,0.5875
48,1,145,0.6363,0.6291,0.6074,0.601
49,1,148,0.6086,0.5938,0.6094,0.6176
50,1,151,0.6015,0.6328,0.6404,0.6813
51,1,154,0.6134,0.6073,0.6097,0.6093
52,1,157,0.5922,0.6776,0.5569,0.5992
53,1,160,0.5936,0.6184,0.5991,0.6176
54,1,163,0.5466,0.6044,0.6169,0.5982
55,1,166,0.674,0.6157,0.645,0.6401
56,1,169,0.5664,0.6173,0.6172,0.6303
57,1,172,0.6227,0.6172,0.5716,0.6172
58,1,175,0.5973,0.5816,0.6633,0.6252
59,1,178,0.5905,0.6558,0.5855,0.5844
60,1,181,0.65,0.6451,0.6574,0.6127
61,1,184,0.5691,0.5621,0.6854,0.6198
62,1,187,0.6229,0.6169,0.6404,0.5951
63,1,190,0.6221,0.5705,0.6486,0.6415
64,1,193,0.5876,0.6634,0.6658,0.6404
65,1,196,0.6105,0.6131,0.581,0.5766
66,1,199,0.5929,0.574,0.5906,0.5871
67,1,202,0.5917,0.595,0.5675,0.5844
68,1,205,0.549,0.6672,0.6172,0.6856
69,1,208,0.5892,0.5594,0.6012,0.6069
70,1,211,0.6038,0.5754,0.5273,0.5765
71,1,214,0.6256,0.6085,0.5768,0.6147
72,1,217,0.6229,0.5294,0.6376,0.5994
73,1,220,0.5925,0.5252,0.6328,0.6232
74,1,223,0.5675,0.642,0.6792,0.5647
75,1,226,0.6091,0.6438,0.5716,0.5647
76,1,229,0.6017,0.6076,0.6425,0.6191
77,1,232,0.6245,0.5544,0.5986,0.6604
78,1,235,0.4984,0.6458,0.6659,0.6118
79,1,238,0.649,0.646,0.5768,0.6671
80,1,241,0.5569,0.5974,0.5794,0.5888
81,1,244,0.6454,0.6012,0.5922,0.6874
82,1,247,0.6234,0.6292,0.5956,0.635
83,1,250,0.5675,0.5569,0.6643,0.6093
84,1,253,0.4384,0.4884,0.6076,0.3726
85,1,256,0.6242,0.6353,0.5544,0.6396
86,1,259,0.4616,0.3587,0.6224,0.595
87,1,262,0.549,0.5035,0.6189,0.6462
88,1,265,0.4682,0.6445,0.5544,0.5735
89,1,268,0.5569,0.4834,0.5758,0.6541
90,1,271,0.6197,0.5817,0.5209,0.6069
91,1,274,0.5989,0.5973,0.6542,0.5092
92,1,277,0.4918,0.6606,0.5819,0.5543
93,1,280,0.4785,0.6074,0.5023,0.5847
94,1,283,0.6483,0.6072,0.3804,0.4566
95,1,286,0.4093,0.5974,0.5009,0.5932
96,1,289,0.5955,0.5093,0.3451,0.6265
97,1,292,0.2425,0.594,0.5544,0.4867
98,1,295,0.4923,0.62,0.6012,0.4867
99,1,298,0.471,0.3623,0.4895,0.451
,Dataset#,L,att_1,att_2,att_3,att_4
0,2,1,0.6979,0.7135,0.713,0.7036
1,2,4,0.7294,0.7298,0.733,0.7303
2,2,7,0.7494,0.7456,0.7511,0.7447
3,2,10,0.7515,0.7544,0.751,0.7407
4,2,13,0.7521,0.7411,0.769,0.7514
5,2,16,0.7465,0.7622,0.7404,0.7434
6,2,19,0.7585,0.7399,0.7609,0.7479
7,2,22,0.7589,0.7617,0.7434,0.7548
8,2,25,0.7504,0.7429,0.7355,0.7479
9,2,28,0.7305,0.7494,0.7463,0.7172
10,2,31,0.7597,0.7564,0.7489,0.738
11,2,34,0.7515,0.7305,0.7729,0.7442
12,2,37,0.7829,0.7442,0.7702,0.7035
13,2,40,0.7032,0.7378,0.7568,0.7431
14,2,43,0.7339,0.7463,0.7434,0.7337
15,2,46,0.7566,0.7354,0.7457,0.7548
16,2,49,0.7486,0.6619,0.7106,0.6714
17,2,52,0.6885,0.6233,0.6663,0.6943
18,2,55,0.707,0.7716,0.7127,0.756
19,2,58,0.755,0.6713,0.6649,0.7024
20,2,61,0.7135,0.7304,0.6199,0.7512
21,2,64,0.7135,0.6492,0.6993,0.6345
22,2,67,0.6714,0.7325,0.6234,0.7051
23,2,70,0.7037,0.6692,0.7254,0.7461
24,2,73,0.7442,0.7136,0.6291,0.6624
25,2,76,0.6234,0.6874,0.7195,0.752
26,2,79,0.6799,0.7169,0.7076,0.6758
27,2,82,0.7584,0.6902,0.754,0.7174
28,2,85,0.6793,0.7524,0.7461,0.6774
29,2,88,0.6525,0.7178,0.6525,0.7114
30,2,91,0.7429,0.5987,0.6992,0.6835
31,2,94,0.7172,0.7248,0.7303,0.6611
32,2,97,0.7303,0.633,0.723,0.6486
33,2,100,0.6752,0.714,0.6748,0.6619
34,2,103,0.7119,0.7634,0.6607,0.7402
35,2,106,0.6939,0.64,0.712,0.6662
36,2,109,0.7191,0.7176,0.6276,0.6638
37,2,112,0.7284,0.6802,0.7085,0.7512
38,2,115,0.7497,0.6599,0.7196,0.6774
39,2,118,0.5548,0.6599,0.6796,0.6531
40,2,121,0.7315,0.6253,0.6373,0.723
41,2,124,0.6938,0.6947,0.6826,0.639
42,2,127,0.6711,0.6932,0.658,0.5548
43,2,130,0.6714,0.6351,0.6733,0.7525
44,2,133,0.6918,0.6854,0.6822,0.66
45,2,136,0.7166,0.6465,0.6345,0.7164
46,2,139,0.716,0.714,0.7607,0.6627
47,2,142,0.6255,0.7205,0.6557,0.687
48,2,145,0.7104,0.6351,0.664,0.7602
49,2,148,0.7214,0.7028,0.7044,0.7287
50,2,151,0.7453,0.7207,0.687,0.6587
51,2,154,0.7499,0.6692,0.73,0.6317
52,2,157,0.6415,0.6647,0.7204,0.7096
53,2,160,0.7431,0.6962,0.6833,0.698
54,2,163,0.5933,0.6234,0.6774,0.7026
55,2,166,0.7269,0.6527,0.6047,0.7356
56,2,169,0.6772,0.6564,0.723,0.5548
57,2,172,0.6729,0.6688,0.7037,0.6819
58,2,175,0.6962,0.6719,0.678,0.6486
59,2,178,0.6804,0.5548,0.6476,0.6328
60,2,181,0.6784,0.721,0.7197,0.716
61,2,184,0.7419,0.7301,0.7122,0.6801
62,2,187,0.7261,0.6829,0.7515,0.6425
63,2,190,0.6621,0.6616,0.7314,0.6909
64,2,193,0.7256,0.6276,0.6899,0.6884
65,2,196,0.6596,0.7232,0.7515,0.7206
66,2,199,0.7029,0.7099,0.6673,0.6679
67,2,202,0.6625,0.6586,0.6817,0.6823
68,2,205,0.6515,0.6248,0.6993,0.7598
69,2,208,0.7049,0.7259,0.7001,0.6751
70,2,211,0.6865,0.6449,0.7251,0.5933
71,2,214,0.7236,0.6784,0.6561,0.7724
72,2,217,0.5987,0.691,0.6458,0.7363
73,2,220,0.697,0.72,0.6194,0.6366
74,2,223,0.6723,0.6631,0.6331,0.7063
75,2,226,0.719,0.6369,0.6431,0.5929
76,2,229,0.6431,0.6675,0.7638,0.7682
77,2,232,0.6294,0.7127,0.6692,0.6948
78,2,235,0.7224,0.7631,0.6917,0.618
79,2,238,0.7224,0.7166,0.6732,0.7039
80,2,241,0.7148,0.5667,0.7446,0.6732
81,2,244,0.66,0.7375,0.6449,0.7489
82,2,247,0.6596,0.7141,0.6668,0.7552
83,2,250,0.6686,0.5533,0.6808,0.5092
84,2,253,0.7128,0.618,0.649,0.5961
85,2,256,0.6679,0.5921,0.5742,0.7213
86,2,259,0.5932,0.6495,0.6826,0.4859
87,2,262,0.6704,0.562,0.7616,0.6047
88,2,265,0.62,0.5443,0.5289,0.5203
89,2,268,0.5483,0.5289,0.4886,0.7018
90,2,271,0.6276,0.639,0.5763,0.7591
91,2,274,0.7057,0.4815,0.6823,0.7221
92,2,277,0.5177,0.706,0.504,0.7475
93,2,280,0.5709,0.3689,0.5696,0.7204
94,2,283,0.6835,0.6413,0.6234,0.5189
95,2,286,0.6596,0.6395,0.4904,0.4809
96,2,289,0.5289,0.7022,0.7034,0.3346
97,2,292,0.6304,0.6146,0.7333,0.7625
98,2,295,0.5707,0.4207,0.5021,0.6461
99,2,298,0.4774,0.7206,0.658,0.4187
,Dataset#,L,att_1,att_2,att_3,att_4
0,3,1,0.4186,0.4154,0.4186,0.4186
1,3,4,0.4352,0.4927,0.4683,0.4687
2,3,7,0.4552,0.4517,0.4974,0.4705
3,3,10,0.4268,0.5112,0.451,0.4617
4,3,13,0.4685,0.5108,0.4775,0.4489
5,3,16,0.4412,0.5108,0.4804,0.5017
6,3,19,0.4882,0.4747,0.4882,0.466
7,3,22,0.4788,0.5044,0.4882,0.4639
8,3,25,0.4939,0.4647,0.432,0.4342
9,3,28,0.4733,0.5111,0.4968,0.466
10,3,31,0.509,0.5014,0.4835,0.4435
11,3,34,0.4548,0.4811,0.4511,0.5097
12,3,37,0.5071,0.5181,0.4768,0.4624
13,3,40,0.4685,0.447,0.5065,0.4654
14,3,43,0.4745,0.4593,0.4943,0.473
15,3,46,0.4838,0.4624,0.4898,0.4718
16,3,49,0.4461,0.4705,0.465,0.4479
17,3,52,0.4379,0.4352,0.4461,0.4908
18,3,55,0.4679,0.4566,0.4773,0.4634
19,3,58,0.472,0.4913,0.4585,0.4483
20,3,61,0.478,0.5097,0.5009,0.4805
21,3,64,0.4945,0.4651,0.4969,0.4685
22,3,67,0.4479,0.4784,0.4483,0.4435
23,3,70,0.4547,0.4802,0.51,0.4712
24,3,73,0.4186,0.4292,0.463,0.4479
25,3,76,0.4777,0.4864,0.4593,0.5496
26,3,79,0.4658,0.432,0.4809,0.4618
27,3,82,0.5359,0.4444,0.4898,0.511
28,3,85,0.4954,0.432,0.4328,0.4479
29,3,88,0.4186,0.4725,0.4504,0.4334
30,3,91,0.4869,0.4577,0.4666,0.4766
31,3,94,0.4522,0.4494,0.4237,0.4705
32,3,97,0.4233,0.4186,0.4375,0.4962
33,3,100,0.4521,0.4649,0.4381,0.4148
34,3,103,0.4226,0.4673,0.4606,0.4538
35,3,106,0.4398,0.4479,0.4203,0.4914
36,3,109,0.4627,0.4186,0.4467,0.4186
37,3,112,0.4461,0.4479,0.4354,0.4671
38,3,115,0.4494,0.4296,0.4624,0.4237
39,3,118,0.4411,0.4727,0.4299,0.5023
40,3,121,0.4483,0.4099,0.4269,0.4649
41,3,124,0.3998,0.4407,0.4504,0.4851
42,3,127,0.3325,0.4631,0.5105,0.47
43,3,130,0.4186,0.4791,0.4378,0.4634
44,3,133,0.4565,0.3354,0.3927,0.4354
45,3,136,0.4512,0.4919,0.3786,0.4317
46,3,139,0.3507,0.4304,0.4746,0.438
47,3,142,0.4383,0.4326,0.2523,0.3354
48,3,145,0.4554,0.4626,0.4334,0.2856
49,3,148,0.4296,0.4835,0.4052,0.4889
50,3,151,0.4178,0.4886,0.4293,0.3614
51,3,154,0.4591,0.4145,0.4624,0.4148
52,3,157,0.4579,0.4402,0.4186,0.4519
53,3,160,0.535,0.4292,0.4186,0.3483
54,3,163,0.4911,0.4792,0.4588,0.4618
55,3,166,0.4754,0.3675,0.4311,0.1922
56,3,169,0.4186,0.2805,0.5021,0.4186
57,3,172,0.4186,0.4228,0.4704,0.3716
58,3,175,0.4407,0.3325,0.3594,0.4346
59,3,178,0.4832,0.4407,0.3476,0.4305
60,3,181,0.4522,0.3826,0.4547,0.3801
61,3,184,0.4949,0.3494,0.4757,0.4489
62,3,187,0.4435,0.438,0.4512,0.2668
63,3,190,0.4471,0.3874,0.4517,0.4635
64,3,193,0.4145,0.4369,0.4909,0.4687
65,3,196,0.3724,0.3208,0.4431,0.4665
66,3,199,0.432,0.4078,0.2792,0.4435
67,3,202,0.4286,0.4523,0.4649,0.3874
68,3,205,0.4425,0.4228,0.4186,0.3354
69,3,208,0.4707,0.3796,0.4186,0.1912
70,3,211,0.4779,0.3634,0.4338,0.3432
71,3,214,0.3523,0.4734,0.3354,0.4479
72,3,217,0.3354,0.4497,0.3586,0.3919
73,3,220,0.3354,0.3247,0.4669,0.2523
74,3,223,0.3701,0.4482,0.4124,0.4662
75,3,226,0.4483,0.4154,0.4907,0.4186
76,3,229,0.367,0.4387,0.374,0.2562
77,3,232,0.3325,0.432,0.4186,0.457
78,3,235,0.4186,0.3354,0.3325,0.3686
79,3,238,0.3243,0.4186,0.2745,0.4684
80,3,241,0.4014,0.3712,0.4413,0.436
81,3,244,0.3471,0.3437,0.3354,0.3567
82,3,247,0.433,0.3714,0.4531,0.4421
83,3,250,0.3864,0.4479,0.4555,0.3713
84,3,253,0.3354,0.3681,0.4604,0.2523
85,3,256,0.4285,0.4383,0.4393,0.3549
86,3,259,0.4775,0.2523,0.3501,0.4576
87,3,262,0.4675,0.3354,0.4186,0.2523
88,3,265,0.3354,0.4313,0.4352,0.458
89,3,268,0.3726,0.2494,0.4733,0.4208
90,3,271,0.4243,0.4494,0.3354,0.3417
91,3,274,0.4577,0.3783,0.4293,0.4435
92,3,277,0.4354,0.2523,0.2319,0.3354
93,3,280,0.3549,0.3351,0.4589,0.3848
94,3,283,0.3354,0.4413,0.4298,0.2824
95,3,286,0.421,0.4243,0.1662,0.4513
96,3,289,0.4298,0.2692,0.4413,0.1662
97,3,292,0.4125,0.2494,0.3354,0.4186
98,3,295,0.3894,0.4647,0.4288,0.3354
99,3,298,0.3354,0.4086,0.1692,0.478
,Dataset#,L,att_1,att_2,att_3,att_4
0,4,1,0.7485,0.7445,0.7403,0.7475
1,4,4,0.7597,0.7751,0.7566,0.7481
2,4,7,0.7546,0.7578,0.77,0.7627
3,4,10,0.7745,0.7673,0.7444,0.7709
4,4,13,0.7612,0.7612,0.7818,0.7711
5,4,16,0.7814,0.761,0.7679,0.7653
6,4,19,0.7793,0.7563,0.7834,0.7603
7,4,22,0.7717,0.7559,0.751,0.7733
8,4,25,0.7764,0.7593,0.7522,0.7738
9,4,28,0.7551,0.7815,0.7583,0.6964
10,4,31,0.698,0.7758,0.778,0.7698
11,4,34,0.7594,0.7618,0.7941,0.7359
12,4,37,0.7809,0.7806,0.6974,0.708
13,4,40,0.7623,0.7718,0.7733,0.764
14,4,43,0.7655,0.7657,0.8009,0.7527
15,4,46,0.7348,0.7624,0.7825,0.7372
16,4,49,0.678,0.7607,0.757,0.7627
17,4,52,0.7089,0.7712,0.6582,0.7778
18,4,55,0.764,0.7637,0.7097,0.6494
19,4,58,0.6465,0.72,0.7699,0.598
20,4,61,0.693,0.6674,0.7056,0.7634
21,4,64,0.776,0.6486,0.7093,0.7049
22,4,67,0.6939,0.7162,0.6464,0.7133
23,4,70,0.7116,0.7901,0.7512,0.6321
24,4,73,0.7231,0.7109,0.6772,0.6485
25,4,76,0.6637,0.7229,0.7591,0.7152
26,4,79,0.6739,0.7678,0.7093,0.6699
27,4,82,0.7669,0.6957,0.6145,0.6552
28,4,85,0.7247,0.6957,0.7342,0.5949
29,4,88,0.6553,0.5855,0.6894,0.6542
30,4,91,0.7049,0.7244,0.743,0.7029
31,4,94,0.6764,0.6521,0.7143,0.6125
32,4,97,0.7622,0.7867,0.7625,0.7133
33,4,100,0.7718,0.6701,0.5083,0.5421
34,4,103,0.614,0.5188,0.6574,0.6504
35,4,106,0.6491,0.4673,0.7757,0.5965
36,4,109,0.6895,0.6544,0.5103,0.5207
37,4,112,0.6688,0.6701,0.5083,0.7597
38,4,115,0.7698,0.5935,0.7258,0.6691
39,4,118,0.5519,0.6983,0.6317,0.6106
40,4,121,0.6735,0.6738,0.7506,0.6964
41,4,124,0.6058,0.6698,0.5255,0.548
42,4,127,0.6522,0.6087,0.4925,0.6126
43,4,130,0.7558,0.6312,0.7349,0.6059
44,4,133,0.5504,0.6368,0.7056,0.7061
45,4,136,0.6008,0.6324,0.598,0.6479
46,4,139,0.6685,0.7186,0.6612,0.3533
47,4,142,0.5539,0.5774,0.6582,0.6959
48,4,145,0.5792,0.5893,0.4921,0.6509
49,4,148,0.6766,0.3551,0.7565,0.7688
50,4,151,0.7073,0.6259,0.7049,0.3902
51,4,154,0.6356,0.5995,0.6425,0.7084
52,4,157,0.4601,0.4932,0.6048,0.4038
53,4,160,0.7557,0.6464,0.5357,0.7184
54,4,163,0.7017,0.4004,0.4527,0.5381
55,4,166,0.5088,0.6835,0.5943,0.4878
56,4,169,0.6408,0.7061,0.5124,0.6538
57,4,172,0.6394,0.3516,0.2514,0.7055
58,4,175,0.6078,0.6079,0.7579,0.7906
59,4,178,0.7225,0.7537,0.322,0.485
60,4,181,0.4839,0.3826,0.4492,0.5811
61,4,184,0.4165,0.2927,0.5785,0.5568
62,4,187,0.476,0.5402,0.489,0.7215
63,4,190,0.699,0.6513,0.4902,0.498
64,4,193,0.3471,0.5133,0.6988,0.5818
65,4,196,0.6975,0.4343,0.5637,0.7312
66,4,199,0.4693,0.6616,0.5882,0.608
67,4,202,0.5126,0.5955,0.5827,0.4939
68,4,205,0.5749,0.5207,0.6457,0.5868
69,4,208,0.5334,0.4014,0.6196,0.6559
70,4,211,0.4823,0.4837,0.3909,0.7333
71,4,214,0.727,0.6208,0.5872,0.7001
72,4,217,0.3462,0.5265,0.4447,0.4544
73,4,220,0.6255,0.5823,0.5207,0.5273
74,4,223,0.4878,0.6159,0.3441,0.5114
75,4,226,0.4839,0.7477,0.3821,0.5963
76,4,229,0.4064,0.5517,0.6391,0.6212
77,4,232,0.7517,0.3483,0.4076,0.4931
78,4,235,0.606,0.664,0.5809,0.5577
79,4,238,0.5876,0.5632,0.5257,0.5516
80,4,241,0.5758,0.6926,0.4818,0.4465
81,4,244,0.4459,0.3902,0.6851,0.6474
82,4,247,0.5042,0.5493,0.3257,0.5539
83,4,250,0.4546,0.5034,0.6092,0.6019
84,4,253,0.5182,0.5731,0.686,0.4868
85,4,256,0.6282,0.5224,0.4878,0.3902
86,4,259,0.507,0.5841,0.7072,0.4527
87,4,262,0.2927,0.5979,0.6766,0.405
88,4,265,0.3902,0.3988,0.2919,0.5153
89,4,268,0.4601,0.5597,0.4601,0.4262
90,4,271,0.6071,0.5493,0.4465,0.6632
91,4,274,0.4546,0.4074,0.5238,0.5962
92,4,277,0.2927,0.3413,0.6044,0.401
93,4,280,0.3502,0.5397,0.4418,0.5502
94,4,283,0.505,0.2593,0.7262,0.3497
95,4,286,0.4823,0.3651,0.3803,0.3902
96,4,289,0.4559,0.4472,0.2927,0.5774
97,4,292,0.4973,0.3471,0.5899,0.4802
98,4,295,0.5854,0.3925,0.6498,0.2527
99,4,298,0.2927,0.4465,0.521,0.3989
,Dataset#,L,att_1,att_2,att_3,att_4
0,5,1,0.4959,0.5048,0.5094,0.5011
1,5,4,0.5099,0.4975,0.5031,0.5259
2,5,7,0.5285,0.5119,0.5106,0.5172
3,5,10,0.5247,0.5351,0.4943,0.5249
4,5,13,0.5102,0.5179,0.5003,0.4859
5,5,16,0.5213,0.5159,0.5351,0.5317
6,5,19,0.5398,0.5389,0.5226,0.527
7,5,22,0.5189,0.529,0.5223,0.5138
8,5,25,0.5444,0.5068,0.5111,0.5374
9,5,28,0.4949,0.5055,0.5256,0.5298
10,5,31,0.5324,0.5274,0.5378,0.5215
11,5,34,0.5253,0.5267,0.5169,0.522
12,5,37,0.5076,0.515,0.5433,0.5144
13,5,40,0.5083,0.5317,0.5194,0.5082
14,5,43,0.5175,0.5315,0.526,0.4843
15,5,46,0.5161,0.5132,0.5195,0.5342
16,5,49,0.4949,0.5286,0.542,0.5225
17,5,52,0.5236,0.5107,0.5433,0.52
18,5,55,0.5275,0.5142,0.5339,0.5183
19,5,58,0.5176,0.524,0.5249,0.5023
20,5,61,0.5316,0.5066,0.4872,0.5142
21,5,64,0.5319,0.4939,0.5206,0.521
22,5,67,0.5257,0.5039,0.5525,0.5086
23,5,70,0.5091,0.515,0.5208,0.5178
24,5,73,0.5114,0.5267,0.5174,0.5235
25,5,76,0.5006,0.4967,0.5438,0.5267
26,5,79,0.5099,0.5271,0.532,0.5188
27,5,82,0.5072,0.5237,0.5083,0.5148
28,5,85,0.5293,0.4979,0.5335,0.5299
29,5,88,0.509,0.5077,0.5247,0.5024
30,5,91,0.4987,0.5232,0.5436,0.5216
31,5,94,0.5368,0.5085,0.5123,0.5102
32,5,97,0.5236,0.5109,0.4882,0.5116
33,5,100,0.5034,0.5247,0.5074,0.4923
34,5,103,0.537,0.5261,0.5092,0.5198
35,5,106,0.4979,0.5466,0.5157,0.4872
36,5,109,0.4966,0.5203,0.5283,0.5116
37,5,112,0.5227,0.4984,0.52,0.5134
38,5,115,0.5071,0.5129,0.5058,0.5064
39,5,118,0.4958,0.5056,0.5038,0.5201
40,5,121,0.5291,0.5102,0.5139,0.5104
41,5,124,0.5326,0.5051,0.52,0.5148
42,5,127,0.5085,0.5256,0.524,0.5162
43,5,130,0.4986,0.5505,0.526,0.4823
44,5,133,0.5309,0.5361,0.5195,0.4986
45,5,136,0.4781,0.5156,0.5055,0.5194
46,5,139,0.5158,0.5053,0.5114,0.5381
47,5,142,0.5078,0.5276,0.5229,0.5115
48,5,145,0.5273,0.5377,0.5163,0.5053
49,5,148,0.5186,0.5274,0.5153,0.5081
50,5,151,0.5337,0.5058,0.5254,0.5175
51,5,154,0.501,0.5029,0.5097,0.5045
52,5,157,0.5092,0.5297,0.4862,0.496
53,5,160,0.5079,0.5197,0.4948,0.5154
54,5,163,0.5012,0.5116,0.5284,0.5282
55,5,166,0.5094,0.5129,0.5137,0.5233
56,5,169,0.5016,0.5055,0.5417,0.4982
57,5,172,0.5183,0.5278,0.5154,0.5204
58,5,175,0.5008,0.5066,0.5135,0.4906
59,5,178,0.5114,0.5105,0.4077,0.5026
60,5,181,0.5083,0.5089,0.5254,0.5136
61,5,184,0.4968,0.5147,0.4918,0.5361
62,5,187,0.502,0.5089,0.5164,0.5254
63,5,190,0.5347,0.4918,0.5096,0.5043
64,5,193,0.5122,0.5326,0.5056,0.5072
65,5,196,0.515,0.5157,0.497,0.5103
66,5,199,0.5036,0.5036,0.5305,0.5227
67,5,202,0.5289,0.5016,0.5045,0.4927
68,5,205,0.4116,0.4819,0.5261,0.4049
69,5,208,0.4146,0.4875,0.522,0.5285
70,5,211,0.5334,0.5254,0.5111,0.5147
71,5,214,0.5165,0.5093,0.4926,0.5011
72,5,217,0.4188,0.5,0.4897,0.5185
73,5,220,0.5034,0.5209,0.4023,0.5031
74,5,223,0.481,0.4965,0.5193,0.522
75,5,226,0.3933,0.3107,0.5343,0.4776
76,5,229,0.3875,0.4901,0.3973,0.3103
77,5,232,0.518,0.5086,0.5308,0.5018
78,5,235,0.5024,0.4888,0.4687,0.5266
79,5,238,0.5212,0.4041,0.5137,0.4969
80,5,241,0.4872,0.4023,0.3979,0.475
81,5,244,0.5017,0.4883,0.5331,0.4148
82,5,247,0.4228,0.4938,0.4056,0.5011
83,5,250,0.5244,0.5085,0.5179,0.3857
84,5,253,0.4869,0.4039,0.5025,0.409
85,5,256,0.4965,0.4957,0.398,0.4788
86,5,259,0.4045,0.4098,0.4013,0.5087
87,5,262,0.1988,0.4892,0.4092,0.505
88,5,265,0.4146,0.513,0.4138,0.386
89,5,268,0.3009,0.504,0.5108,0.5129
90,5,271,0.3948,0.4943,0.5186,0.5105
91,5,274,0.4193,0.5195,0.5152,0.5072
92,5,277,0.5188,0.5036,0.5165,0.5053
93,5,280,0.4882,0.5023,0.5123,0.5085
94,5,283,0.5012,0.3935,0.4843,0.4806
95,5,286,0.4962,0.4851,0.5221,0.5025
96,5,289,0.4967,0.4116,0.499,0.3093
97,5,292,0.4179,0.404,0.4113,0.4885
98,5,295,0.4146,0.515,0.5215,0.414
99,5,298,0.5134,0.5032,0.5051,0.5114
,Dataset#,L,att_1,att_2,att_3,att_4
0,6,1,0.3907,0.381,0.3845,0.3732
1,6,4,0.4187,0.3718,0.3788,0.397
2,6,7,0.4004,0.3811,0.392,0.3843
3,6,10,0.3336,0.2983,0.4439,0.2616
4,6,13,0.3959,0.3112,0.3035,0.3489
5,6,16,0.3165,0.3587,0.4304,0.3132
6,6,19,0.4261,0.3932,0.3772,0.3654
7,6,22,0.3956,0.3659,0.364,0.3885
8,6,25,0.323,0.3778,0.331,0.4032
9,6,28,0.3319,0.3301,0.3751,0.3714
10,6,31,0.2876,0.4114,0.3264,0.3659
11,6,34,0.3583,0.3598,0.3036,0.3996
12,6,37,0.3778,0.3759,0.3713,0.3529
13,6,40,0.3503,0.3949,0.3334,0.3963
14,6,43,0.3315,0.3509,0.3984,0.4061
15,6,46,0.3415,0.3803,0.3363,0.365
16,6,49,0.3947,0.3781,0.3522,0.3954
17,6,52,0.3507,0.4114,0.3433,0.3249
18,6,55,0.3199,0.3231,0.3328,0.3298
19,6,58,0.3423,0.3408,0.3338,0.3038
20,6,61,0.3236,0.4173,0.3293,0.3202
21,6,64,0.3521,0.4025,0.3884,0.3589
22,6,67,0.3403,0.3097,0.3551,0.362
23,6,70,0.3758,0.3569,0.4204,0.3605
24,6,73,0.3335,0.3697,0.3884,0.2861
25,6,76,0.3571,0.2658,0.41,0.349
26,6,79,0.3554,0.3714,0.3582,0.4055
27,6,82,0.3857,0.3651,0.4162,0.413
28,6,85,0.2816,0.3352,0.3122,0.3335
29,6,88,0.367,0.328,0.3562,0.3669
30,6,91,0.3258,0.3565,0.3714,0.3928
31,6,94,0.3049,0.3043,0.3709,0.3763
32,6,97,0.3783,0.3365,0.3761,0.3105
33,6,100,0.4226,0.3703,0.3544,0.3154
34,6,103,0.4022,0.339,0.3911,0.4119
35,6,106,0.3268,0.3288,0.3709,0.3881
36,6,109,0.3629,0.3054,0.408,0.3551
37,6,112,0.4277,0.3441,0.3482,0.3867
38,6,115,0.3595,0.3753,0.2949,0.3257
39,6,118,0.4051,0.3729,0.3561,0.3723
40,6,121,0.3529,0.3907,0.36,0.3663
41,6,124,0.3448,0.3727,0.3612,0.3129
42,6,127,0.4226,0.3769,0.3162,0.3838
43,6,130,0.3642,0.343,0.4016,0.3108
44,6,133,0.3626,0.3375,0.3777,0.3464
45,6,136,0.3409,0.3445,0.3413,0.3383
46,6,139,0.3278,0.312,0.292,0.4036
47,6,142,0.3913,0.2947,0.3405,0.3536
48,6,145,0.282,0.2271,0.3756,0.3302
49,6,148,0.3544,0.3035,0.2762,0.4001
50,6,151,0.2271,0.3284,0.3541,0.3892
51,6,154,0.2947,0.325,0.357,0.33
52,6,157,0.43,0.2701,0.3937,0.276
53,6,160,0.2186,0.3541,0.3342,0.3015
54,6,163,0.3033,0.3244,0.3176,0.3423
55,6,166,0.4147,0.3655,0.338,0.3616
56,6,169,0.3927,0.3632,0.353,0.388
57,6,172,0.4296,0.332,0.2483,0.3647
58,6,175,0.358,0.3946,0.3555,0.3501
59,6,178,0.2494,0.3622,0.3298,0.2988
60,6,181,0.3118,0.3429,0.344,0.3563
61,6,184,0.3957,0.319,0.3651,0.3744
62,6,187,0.3915,0.3369,0.3558,0.357
63,6,190,0.286,0.3543,0.3191,0.2894
64,6,193,0.3479,0.3432,0.3688,0.3738
65,6,196,0.3631,0.3742,0.41,0.383
66,6,199,0.2751,0.4355,0.3011,0.3187
67,6,202,0.3107,0.1964,0.3486,0.1801
68,6,205,0.3919,0.318,0.341,0.2956
69,6,208,0.3015,0.3819,0.3473,0.2842
70,6,211,0.3539,0.3024,0.2914,0.2522
71,6,214,0.2148,0.3118,0.3878,0.3062
72,6,217,0.2657,0.2959,0.2639,0.355
73,6,220,0.2728,0.3429,0.1842,0.3767
74,6,223,0.3594,0.1809,0.309,0.1489
75,6,226,0.3877,0.2752,0.3644,0.2745
76,6,229,0.3033,0.3147,0.3232,0.3037
77,6,232,0.3209,0.2359,0.3616,0.2685
78,6,235,0.3605,0.05218,0.3583,0.3915
79,6,238,0.2356,0.3223,0.31,0.3195
80,6,241,0.2655,0.3741,0.3531,0.3942
81,6,244,0.3529,0.3192,0.3432,0.3609
82,6,247,0.3511,0.3915,0.289,0.3603
83,6,250,0.1793,0.3246,0.3332,0.4011
84,6,253,0.2898,0.207,0.1649,0.3797
85,6,256,0.312,0.279,0.09878,0.2778
86,6,259,0.3472,0.21,0.3218,0.2821
87,6,262,0.3119,0.3172,0.1541,0.3093
88,6,265,0.3014,0.2583,0.3008,0.2946
89,6,268,0.2512,0.3345,0.08,0.2362
90,6,271,0.2315,0.2395,0.3633,0.119
91,6,274,0.33,0.2736,0.264,0.28
92,6,277,0.211,0.3599,0.1572,0.1349
93,6,280,0.1602,0.2043,0.1691,0.2974
94,6,283,0.254,0.3744,0.2003,0.2979
95,6,286,0.1998,0.06666,0.1551,0.2921
96,6,289,0.2251,0.0994,0.2133,0.4317
97,6,292,0.2983,0.2115,0.1757,0.1271
98,6,295,0.2427,0.2835,0.3498,0.2428
99,6,298,0.2639,0.1805,0.328,0.2217
,Dataset#,L,att_1,att_2,att_3,att_4
0,7,1,0.4388,0.4342,0.4471,0.4727
1,7,4,0.4527,0.4522,0.4599,0.4603
2,7,7,0.4053,0.4531,0.4416,0.4609
3,7,10,0.4364,0.4532,0.4534,0.4495
4,7,13,0.415,0.4292,0.4146,0.433
5,7,16,0.4562,0.4606,0.4552,0.4606
6,7,19,0.4513,0.4251,0.4217,0.4727
7,7,22,0.4452,0.4521,0.4527,0.4172
8,7,25,0.4253,0.4338,0.4546,0.4523
9,7,28,0.4358,0.4253,0.4543,0.4342
10,7,31,0.4294,0.4743,0.3976,0.4387
11,7,34,0.4403,0.412,0.4431,0.4307
12,7,37,0.4354,0.4345,0.4267,0.4702
13,7,40,0.4543,0.4151,0.452,0.4257
14,7,43,0.4089,0.4362,0.4282,0.3973
15,7,46,0.4543,0.4469,0.4234,0.3959
16,7,49,0.4582,0.4268,0.4578,0.4435
17,7,52,0.4661,0.4473,0.457,0.4442
18,7,55,0.4556,0.4621,0.4522,0.4067
19,7,58,0.451,0.4336,0.4454,0.4448
20,7,61,0.438,0.4275,0.4207,0.4586
21,7,64,0.464,0.3886,0.4826,0.4265
22,7,67,0.4104,0.4184,0.42,0.4592
23,7,70,0.4402,0.4285,0.4499,0.4572
24,7,73,0.4216,0.4483,0.4187,0.4549
25,7,76,0.4405,0.434,0.4267,0.4275
26,7,79,0.4241,0.4394,0.4215,0.4458
27,7,82,0.4326,0.4512,0.4419,0.4715
28,7,85,0.4106,0.4398,0.4353,0.4206
29,7,88,0.4656,0.4519,0.4527,0.4708
30,7,91,0.4583,0.474,0.4682,0.4721
31,7,94,0.4623,0.4641,0.4357,0.429
32,7,97,0.4529,0.4519,0.4462,0.4485
33,7,100,0.4198,0.4202,0.4517,0.4141
34,7,103,0.4554,0.4406,0.4371,0.4454
35,7,106,0.4127,0.4448,0.454,0.4571
36,7,109,0.4537,0.4241,0.4239,0.4775
37,7,112,0.4329,0.4743,0.4249,0.461
38,7,115,0.4433,0.459,0.4311,0.4677
39,7,118,0.4231,0.4374,0.4395,0.4255
40,7,121,0.462,0.4613,0.4428,0.4752
41,7,124,0.4344,0.4108,0.466,0.4336
42,7,127,0.4411,0.4305,0.4605,0.4336
43,7,130,0.4435,0.439,0.4065,0.4244
44,7,133,0.4437,0.4413,0.4253,0.4626
45,7,136,0.4318,0.4533,0.4411,0.4471
46,7,139,0.435,0.4491,0.4326,0.4113
47,7,142,0.4298,0.4577,0.4715,0.4664
48,7,145,0.4632,0.4318,0.4676,0.4233
49,7,148,0.4614,0.4796,0.4288,0.4313
50,7,151,0.4894,0.4292,0.4383,0.3617
51,7,154,0.4354,0.4365,0.4628,0.4298
52,7,157,0.4695,0.4355,0.4715,0.4602
53,7,160,0.4753,0.4706,0.3986,0.4564
54,7,163,0.4486,0.472,0.4292,0.4466
55,7,166,0.4634,0.4344,0.4358,0.4508
56,7,169,0.4355,0.4206,0.4368,0.449
57,7,172,0.4393,0.3906,0.4497,0.4489
58,7,175,0.4533,0.4862,0.4438,0.4401
59,7,178,0.4243,0.4376,0.4244,0.4511
60,7,181,0.4382,0.4203,0.4898,0.4583
61,7,184,0.4507,0.4706,0.4387,0.4367
62,7,187,0.4581,0.424,0.4803,0.4466
63,7,190,0.4637,0.435,0.4533,0.445
64,7,193,0.4519,0.4211,0.4663,0.4177
65,7,196,0.45,0.4426,0.4607,0.4185
66,7,199,0.4484,0.4564,0.4669,0.4284
67,7,202,0.3567,0.4271,0.4568,0.4815
68,7,205,0.4626,0.3781,0.4719,0.4189
69,7,208,0.4672,0.4299,0.4388,0.4267
70,7,211,0.4312,0.4512,0.4581,0.4471
71,7,214,0.4507,0.3677,0.4562,0.426
72,7,217,0.4628,0.4537,0.4566,0.419
73,7,220,0.3597,0.4507,0.4759,0.4464
74,7,223,0.4438,0.4453,0.4477,0.4361
75,7,226,0.4538,0.4172,0.2881,0.4536
76,7,229,0.4421,0.4757,0.3598,0.4465
77,7,232,0.3672,0.4175,0.4576,0.4588
78,7,235,0.4665,0.4295,0.3588,0.4419
79,7,238,0.4277,0.4323,0.4116,0.3722
80,7,241,0.4587,0.4273,0.375,0.3612
81,7,244,0.4773,0.4709,0.4435,0.3715
82,7,247,0.4457,0.4883,0.4862,0.449
83,7,250,0.3448,0.4689,0.4822,0.4488
84,7,253,0.4619,0.4595,0.4079,0.3702
85,7,256,0.3397,0.4392,0.388,0.4885
86,7,259,0.4387,0.361,0.4549,0.3701
87,7,262,0.4515,0.3718,0.3805,0.3801
88,7,265,0.4477,0.3433,0.4645,0.4666
89,7,268,0.4427,0.3703,0.3626,0.2861
90,7,271,0.4736,0.3543,0.4676,0.3589
91,7,274,0.4886,0.3436,0.4718,0.3237
92,7,277,0.4521,0.4476,0.3427,0.3656
93,7,280,0.4587,0.4821,0.4711,0.379
94,7,283,0.3625,0.4512,0.3654,0.4551
95,7,286,0.3789,0.3872,0.474,0.3638
96,7,289,0.3647,0.362,0.4733,0.3567
97,7,292,0.2754,0.364,0.4505,0.3665
98,7,295,0.4208,0.4344,0.285,0.445
99,7,298,0.4781,0.4779,0.351,0.4072
,Dataset#,L,att_1,att_2,att_3,att_4
0,8,1,0.633,0.6477,0.6522,0.6468
1,8,4,0.692,0.6923,0.6681,0.6734
2,8,7,0.6967,0.7066,0.692,0.6825
3,8,10,0.6999,0.6986,0.6986,0.6879
4,8,13,0.7075,0.7036,0.6978,0.677
5,8,16,0.6874,0.6883,0.6766,0.6929
6,8,19,0.6819,0.7038,0.6876,0.6702
7,8,22,0.6812,0.7087,0.6976,0.6834
8,8,25,0.6819,0.6921,0.7037,0.6715
9,8,28,0.6923,0.6988,0.6785,0.6994
10,8,31,0.7016,0.6928,0.6849,0.709
11,8,34,0.7073,0.698,0.7087,0.5995
12,8,37,0.708,0.6662,0.6985,0.6872
13,8,40,0.6985,0.6762,0.7356,0.7043
14,8,43,0.6932,0.6777,0.7029,0.5853
15,8,46,0.5888,0.6388,0.6961,0.6908
16,8,49,0.7005,0.5575,0.5822,0.6824
17,8,52,0.6497,0.5939,0.4829,0.7023
18,8,55,0.6659,0.6978,0.557,0.621
19,8,58,0.4225,0.4651,0.5781,0.691
20,8,61,0.6112,0.7098,0.6005,0.7143
21,8,64,0.4993,0.5792,0.5179,0.6221
22,8,67,0.696,0.5084,0.6076,0.4933
23,8,70,0.5362,0.6839,0.5793,0.6013
24,8,73,0.4936,0.519,0.501,0.3198
25,8,76,0.5023,0.5348,0.5903,0.7005
26,8,79,0.5236,0.6153,0.6125,0.4327
27,8,82,0.5075,0.6923,0.54,0.4494
28,8,85,0.7128,0.4891,0.5191,0.4837
29,8,88,0.5937,0.4156,0.5772,0.6624
30,8,91,0.5303,0.6118,0.5354,0.5147
31,8,94,0.4441,0.5016,0.5155,0.6162
32,8,97,0.4172,0.5262,0.6977,0.5995
33,8,100,0.6327,0.7187,0.5262,0.6478
34,8,103,0.6676,0.3826,0.534,0.509
35,8,106,0.4531,0.4296,0.432,0.508
36,8,109,0.5758,0.5103,0.6834,0.3365
37,8,112,0.5198,0.5768,0.477,0.5944
38,8,115,0.6781,0.4343,0.7021,0.509
39,8,118,0.4282,0.6931,0.6017,0.5373
40,8,121,0.6005,0.4358,0.4497,0.4891
41,8,124,0.4332,0.4933,0.6155,0.57
42,8,127,0.545,0.5363,0.6129,0.432
43,8,130,0.643,0.5924,0.5948,0.6863
44,8,133,0.556,0.4488,0.5171,0.546
45,8,136,0.5237,0.7212,0.5961,0.4108
46,8,139,0.6718,0.6263,0.5145,0.5042
47,8,142,0.4126,0.5131,0.6273,0.4933
48,8,145,0.6892,0.4128,0.4933,0.5362
49,8,148,0.5184,0.4016,0.5292,0.6163
50,8,151,0.5969,0.4327,0.6257,0.5043
51,8,154,0.6313,0.6716,0.4056,0.4254
52,8,157,0.4337,0.5145,0.4088,0.6006
53,8,160,0.5971,0.6151,0.483,0.5094
54,8,163,0.4325,0.7003,0.5611,0.5397
55,8,166,0.6315,0.5465,0.4434,0.6886
56,8,169,0.5142,0.5594,0.5149,0.4997
57,8,172,0.4806,0.3702,0.5952,0.5916
58,8,175,0.4872,0.5735,0.3051,0.5746
59,8,178,0.4962,0.5145,0.5928,0.6396
60,8,181,0.4381,0.6031,0.5043,0.59
61,8,184,0.5153,0.5197,0.3365,0.5554
62,8,187,0.4985,0.5977,0.4077,0.5953
63,8,190,0.6281,0.5644,0.529,0.5153
64,8,193,0.4341,0.4447,0.5213,0.526
65,8,196,0.692,0.4123,0.4382,0.5302
66,8,199,0.536,0.346,0.4218,0.4123
67,8,202,0.5145,0.6834,0.5818,0.5698
68,8,205,0.5678,0.5088,0.6711,0.38
69,8,208,0.6751,0.4156,0.5834,0.5893
70,8,211,0.6217,0.3492,0.3089,0.7067
71,8,214,0.4229,0.3811,0.6856,0.5006
72,8,217,0.4912,0.4377,0.3826,0.5412
73,8,220,0.4524,0.3058,0.4243,0.3305
74,8,223,0.4172,0.6026,0.3863,0.443
75,8,226,0.5217,0.5205,0.55,0.5465
76,8,229,0.5252,0.4214,0.5035,0.4626
77,8,232,0.5248,0.4914,0.4429,0.5645
78,8,235,0.4223,0.6156,0.5083,0.5125
79,8,238,0.5391,0.4843,0.4986,0.3273
80,8,241,0.6115,0.4225,0.3513,0.6255
81,8,244,0.4514,0.4194,0.4848,0.5864
82,8,247,0.634,0.3653,0.3811,0.6005
83,8,250,0.4555,0.6019,0.5004,0.4346
84,8,253,0.3191,0.4628,0.5409,0.4284
85,8,256,0.3957,0.441,0.3343,0.4714
86,8,259,0.4613,0.3282,0.5153,0.3391
87,8,262,0.3243,0.3263,0.3474,0.441
88,8,265,0.4081,0.5152,0.4468,0.4566
89,8,268,0.4217,0.4465,0.4922,0.4324
90,8,271,0.4289,0.4206,0.3762,0.4212
91,8,274,0.4576,0.4319,0.3542,0.5729
92,8,277,0.5617,0.6157,0.4223,0.4251
93,8,280,0.4058,0.5449,0.6171,0.3411
94,8,283,0.5899,0.3749,0.4326,0.5158
95,8,286,0.3766,0.622,0.2789,0.2422
96,8,289,0.1512,0.5179,0.655,0.337
97,8,292,0.4446,0.34,0.4955,0.5539
98,8,295,0.4667,0.2743,0.3416,0.5645
99,8,298,0.4384,0.566,0.4878,0.2317
,Dataset#,L,att_1,att_2,att_3,att_4
0,9,1,0.595,0.562,0.58,0.6019
1,9,4,0.5888,0.5586,0.6072,0.6007
2,9,7,0.6,0.6308,0.6003,0.6154
3,9,10,0.5956,0.6008,0.6076,0.6009
4,9,13,0.6027,0.6054,0.6146,0.6366
5,9,16,0.6405,0.6315,0.5823,0.6213
6,9,19,0.6006,0.6038,0.6184,0.5984
7,9,22,0.6247,0.6465,0.6251,0.6179
8,9,25,0.6365,0.6231,0.5829,0.6081
9,9,28,0.6289,0.5858,0.6543,0.6255
10,9,31,0.6032,0.6259,0.5849,0.622
11,9,34,0.5941,0.6039,0.6073,0.6297
12,9,37,0.608,0.5416,0.5996,0.6274
13,9,40,0.6243,0.6101,0.6292,0.6213
14,9,43,0.6136,0.5929,0.6474,0.6476
15,9,46,0.6278,0.5586,0.6068,0.5664
16,9,49,0.6156,0.5653,0.4851,0.5555
17,9,52,0.5592,0.5998,0.5854,0.6468
18,9,55,0.6248,0.5857,0.5806,0.6349
19,9,58,0.6205,0.5722,0.5604,0.6072
20,9,61,0.5045,0.6091,0.6252,0.5391
21,9,64,0.5692,0.6237,0.5928,0.5455
22,9,67,0.56,0.59,0.5931,0.5578
23,9,70,0.5243,0.4973,0.575,0.6289
24,9,73,0.5608,0.604,0.541,0.585
25,9,76,0.54,0.5579,0.5009,0.6031
26,9,79,0.5556,0.531,0.5705,0.6205
27,9,82,0.6163,0.541,0.5247,0.5706
28,9,85,0.6123,0.4801,0.5669,0.598
29,9,88,0.4905,0.6128,0.5984,0.6368
30,9,91,0.5736,0.6262,0.5454,0.506
31,9,94,0.6524,0.5694,0.5668,0.5397
32,9,97,0.6005,0.4599,0.6375,0.5855
33,9,100,0.6339,0.5559,0.5968,0.5585
34,9,103,0.5298,0.6026,0.6253,0.565
35,9,106,0.5899,0.5448,0.5691,0.6031
36,9,109,0.6446,0.6081,0.5946,0.4817
37,9,112,0.4694,0.5626,0.6289,0.5583
38,9,115,0.6196,0.5155,0.4282,0.4485
39,9,118,0.5947,0.5233,0.5821,0.6382
40,9,121,0.5849,0.5072,0.6019,0.4615
41,9,124,0.5287,0.5058,0.5719,0.5802
42,9,127,0.6366,0.4921,0.5309,0.5681
43,9,130,0.6282,0.5353,0.5341,0.5074
44,9,133,0.4497,0.5916,0.4402,0.6098
45,9,136,0.6114,0.5647,0.6118,0.5767
46,9,139,0.5902,0.611,0.5326,0.5707
47,9,142,0.6313,0.5748,0.5137,0.576
48,9,145,0.5634,0.6339,0.6426,0.5205
49,9,148,0.4402,0.487,0.5927,0.5474
50,9,151,0.5393,0.4488,0.4831,0.5212
51,9,154,0.5809,0.5416,0.4828,0.535
52,9,157,0.5391,0.5751,0.5131,0.5626
53,9,160,0.4693,0.5891,0.5514,0.5891
54,9,163,0.634,0.5279,0.484,0.5892
55,9,166,0.5508,0.5459,0.4399,0.4809
56,9,169,0.4831,0.6222,0.5482,0.594
57,9,172,0.5743,0.6423,0.5542,0.6061
58,9,175,0.554,0.6181,0.5503,0.5538
59,9,178,0.56,0.5128,0.5594,0.6092
60,9,181,0.5668,0.5812,0.5745,0.5563
61,9,184,0.5556,0.5198,0.5064,0.5711
62,9,187,0.6171,0.5513,0.5862,0.5541
63,9,190,0.5959,0.5802,0.5264,0.5241
64,9,193,0.5788,0.5473,0.5765,0.6092
65,9,196,0.4364,0.5698,0.4914,0.5206
66,9,199,0.4966,0.5891,0.4859,0.4934
67,9,202,0.4684,0.6165,0.4978,0.5527
68,9,205,0.513,0.6012,0.4487,0.5947
69,9,208,0.4637,0.5601,0.4795,0.5676
70,9,211,0.529,0.4727,0.5422,0.5775
71,9,214,0.4995,0.5552,0.4131,0.5911
72,9,217,0.5938,0.5738,0.5414,0.502
73,9,220,0.4006,0.5803,0.5642,0.4729
74,9,223,0.532,0.5521,0.542,0.5373
75,9,226,0.4921,0.5311,0.403,0.5822
76,9,229,0.5456,0.4245,0.5914,0.5709
77,9,232,0.4976,0.5335,0.5665,0.5252
78,9,235,0.5672,0.5179,0.5098,0.575
79,9,238,0.5672,0.5067,0.6141,0.6125
80,9,241,0.4559,0.5108,0.4617,0.493
81,9,244,0.3636,0.5317,0.4442,0.4917
82,9,247,0.5493,0.5988,0.6121,0.5811
83,9,250,0.566,0.5247,0.48,0.4362
84,9,253,0.5584,0.5381,0.5029,0.5435
85,9,256,0.4359,0.3714,0.5657,0.4457
86,9,259,0.4249,0.4069,0.5036,0.446
87,9,262,0.5003,0.4148,0.5128,0.4716
88,9,265,0.1712,0.5192,0.2352,0.6828
89,9,268,0.5853,0.3969,0.3419,0.4364
90,9,271,0.427,0.497,0.4402,0.536
91,9,274,0.534,0.5325,0.5764,0.5368
92,9,277,0.5394,0.3622,0.5929,0.4799
93,9,280,0.48,0.4976,0.4495,0.3144
94,9,283,0.5157,0.5591,0.6048,0.3938
95,9,286,0.3636,0.4919,0.3617,0.4405
96,9,289,0.4011,0.5854,0.4402,0.551
97,9,292,0.4499,0.552,0.3484,0.5023
98,9,295,0.3145,0.5064,0.4181,0.4569
99,9,298,0.1224,0.5146,0.4712,0.3478
,Dataset#,L,att_1,att_2,att_3,att_4
0,10,1,0.6603,0.6453,0.6409,0.6272
1,10,4,0.6404,0.649,0.6569,0.6523
2,10,7,0.651,0.6562,0.6379,0.6768
3,10,10,0.6684,0.676,0.6644,0.6393
4,10,13,0.6566,0.6456,0.649,0.6526
5,10,16,0.6413,0.642,0.6449,0.663
6,10,19,0.6359,0.6676,0.6706,0.6464
7,10,22,0.6251,0.6608,0.6809,0.6426
8,10,25,0.6482,0.6287,0.6471,0.6539
9,10,28,0.649,0.6214,0.6774,0.6458
10,10,31,0.6124,0.6368,0.6382,0.6151
11,10,34,0.6648,0.661,0.6706,0.6324
12,10,37,0.6344,0.6011,0.6354,0.629
13,10,40,0.6595,0.6692,0.6475,0.6374
14,10,43,0.6369,0.6229,0.6603,0.6595
15,10,46,0.6657,0.6387,0.6578,0.6617
16,10,49,0.6354,0.6075,0.6584,0.6654
17,10,52,0.6394,0.6559,0.6401,0.6426
18,10,55,0.6584,0.6839,0.6473,0.6667
19,10,58,0.6364,0.6676,0.6317,0.6437
20,10,61,0.6228,0.6643,0.6133,0.6574
21,10,64,0.6534,0.6427,0.6214,0.6476
22,10,67,0.6456,0.6508,0.598,0.6281
23,10,70,0.6173,0.6352,0.6742,0.6621
24,10,73,0.6456,0.651,0.6458,0.6125
25,10,76,0.6292,0.6153,0.6597,0.6272
26,10,79,0.6694,0.6534,0.6194,0.6413
27,10,82,0.6272,0.623,0.6482,0.6611
28,10,85,0.6507,0.6347,0.6555,0.6541
29,10,88,0.6403,0.6122,0.619,0.6364
30,10,91,0.6287,0.6037,0.6633,0.6391
31,10,94,0.6516,0.6134,0.6277,0.631
32,10,97,0.6236,0.6581,0.6458,0.6376
33,10,100,0.6379,0.6074,0.6668,0.6364
34,10,103,0.6356,0.6188,0.6612,0.6347
35,10,106,0.6005,0.637,0.6227,0.6518
36,10,109,0.6223,0.6474,0.5908,0.6244
37,10,112,0.6378,0.6179,0.6151,0.6724
38,10,115,0.6614,0.6479,0.6369,0.6236
39,10,118,0.642,0.5918,0.6129,0.6249
40,10,121,0.6484,0.6364,0.6133,0.6463
41,10,124,0.6311,0.6291,0.6264,0.6352
42,10,127,0.6412,0.6605,0.6392,0.619
43,10,130,0.6323,0.6528,0.6243,0.6622
44,10,133,0.5747,0.6634,0.6279,0.6476
45,10,136,0.6215,0.6549,0.6311,0.6124
46,10,139,0.6506,0.6533,0.6031,0.6424
47,10,142,0.6343,0.6302,0.6264,0.5877
48,10,145,0.6275,0.6257,0.6066,0.6228
49,10,148,0.5903,0.6445,0.6394,0.6601
50,10,151,0.6455,0.6102,0.5978,0.6288
51,10,154,0.6597,0.6296,0.6528,0.5965
52,10,157,0.6096,0.604,0.6206,0.616
53,10,160,0.628,0.5962,0.6184,0.5996
54,10,163,0.6162,0.6266,0.6399,0.6245
55,10,166,0.6462,0.6413,0.6188,0.6172
56,10,169,0.6284,0.5819,0.5801,0.6344
57,10,172,0.5746,0.6205,0.6395,0.626
58,10,175,0.6634,0.6015,0.607,0.6528
59,10,178,0.6053,0.6138,0.6091,0.6518
60,10,181,0.5635,0.6502,0.6357,0.594
61,10,184,0.6643,0.6244,0.6002,0.591
62,10,187,0.5889,0.6331,0.5937,0.6493
63,10,190,0.6012,0.624,0.601,0.6281
64,10,193,0.6034,0.6177,0.6278,0.6522
65,10,196,0.5752,0.5986,0.6276,0.6164
66,10,199,0.6362,0.6302,0.6195,0.6412
67,10,202,0.6038,0.637,0.65,0.6228
68,10,205,0.6553,0.6025,0.5809,0.6239
69,10,208,0.5748,0.6165,0.6682,0.606
70,10,211,0.5874,0.6086,0.5951,0.6323
71,10,214,0.606,0.5858,0.6062,0.5914
72,10,217,0.581,0.5788,0.6567,0.5964
73,10,220,0.6409,0.6076,0.5985,0.5911
74,10,223,0.6504,0.4892,0.597,0.6079
75,10,226,0.6189,0.6322,0.5775,0.5967
76,10,229,0.6595,0.6176,0.6094,0.4913
77,10,232,0.5881,0.5968,0.572,0.6226
78,10,235,0.5726,0.6057,0.582,0.6486
79,10,238,0.4486,0.6216,0.5858,0.4887
80,10,241,0.6397,0.6371,0.5944,0.6137
81,10,244,0.6333,0.6446,0.5658,0.5485
82,10,247,0.624,0.5903,0.6201,0.6074
83,10,250,0.6541,0.4888,0.6303,0.6301
84,10,253,0.4853,0.6321,0.5775,0.5779
85,10,256,0.5224,0.6132,0.5847,0.4822
86,10,259,0.5962,0.5748,0.2229,0.5221
87,10,262,0.6046,0.5851,0.5989,0.4923
88,10,265,0.3483,0.6037,0.5662,0.6407
89,10,268,0.5934,0.4759,0.4497,0.594
90,10,271,0.4851,0.6306,0.4684,0.622
91,10,274,0.6116,0.6361,0.6403,0.5867
92,10,277,0.6305,0.4462,0.583,0.4615
93,10,280,0.6089,0.5703,0.607,0.4897
94,10,283,0.5802,0.3792,0.6424,0.6181
95,10,286,0.5914,0.653,0.5992,0.6003
96,10,289,0.5742,0.5551,0.5043,0.5946
97,10,292,0.5943,0.4909,0.6041,0.4802
98,10,295,0.501,0.4363,0.4344,0.4584
99,10,298,0.4612,0.4498,0.6393,0.4371
,Dataset#,L,att_1,att_2,att_3,att_4
0,11,1,0.7599,0.8105,0.7781,0.7926
1,11,4,0.8145,0.7999,0.8024,0.7661
2,11,7,0.8083,0.7921,0.7851,0.8156
3,11,10,0.7692,0.7939,0.8196,0.8259
4,11,13,0.7781,0.7994,0.8312,0.784
5,11,16,0.7977,0.7621,0.7987,0.8045
6,11,19,0.812,0.7726,0.8054,0.8125
7,11,22,0.79,0.8016,0.8241,0.7696
8,11,25,0.8186,0.7916,0.8164,0.7923
9,11,28,0.7883,0.8008,0.8106,0.7994
10,11,31,0.8226,0.8104,0.7985,0.8016
11,11,34,0.8383,0.8314,0.8252,0.8083
12,11,37,0.8107,0.7931,0.8201,0.7687
13,11,40,0.8182,0.8054,0.8014,0.8635
14,11,43,0.8165,0.7944,0.7935,0.8466
15,11,46,0.8008,0.7926,0.7983,0.7923
16,11,49,0.7975,0.8129,0.8199,0.8292
17,11,52,0.7879,0.8034,0.8205,0.8001
18,11,55,0.7507,0.7924,0.7758,0.8119
19,11,58,0.819,0.7365,0.7908,0.8181
20,11,61,0.7466,0.8013,0.7578,0.7962
21,11,64,0.8293,0.8159,0.7944,0.8084
22,11,67,0.7909,0.7794,0.752,0.7457
23,11,70,0.6862,0.8245,0.7885,0.8124
24,11,73,0.7382,0.8058,0.683,0.7417
25,11,76,0.752,0.7951,0.7799,0.7842
26,11,79,0.7816,0.8092,0.7395,0.8013
27,11,82,0.7484,0.8112,0.8201,0.8044
28,11,85,0.7994,0.7903,0.695,0.7773
29,11,88,0.7336,0.7921,0.7769,0.7619
30,11,91,0.708,0.8141,0.7393,0.6767
31,11,94,0.6886,0.8192,0.7218,0.7537
32,11,97,0.7971,0.7242,0.7884,0.6878
33,11,100,0.7716,0.8073,0.7542,0.7904
34,11,103,0.776,0.7852,0.6965,0.735
35,11,106,0.7491,0.7844,0.7405,0.7505
36,11,109,0.8165,0.6209,0.7536,0.7269
37,11,112,0.7564,0.781,0.7064,0.6338
38,11,115,0.7878,0.7471,0.6416,0.6772
39,11,118,0.7837,0.6683,0.7954,0.6834
40,11,121,0.7516,0.7396,0.7561,0.7387
41,11,124,0.7339,0.7503,0.8378,0.7185
42,11,127,0.7967,0.6908,0.8025,0.7452
43,11,130,0.726,0.8222,0.7315,0.6309
44,11,133,0.7394,0.7049,0.7276,0.6872
45,11,136,0.7661,0.7043,0.6913,0.7256
46,11,139,0.6719,0.6715,0.7403,0.5904
47,11,142,0.7416,0.7404,0.7326,0.724
48,11,145,0.6777,0.7337,0.8283,0.7859
49,11,148,0.6247,0.5815,0.7826,0.801
50,11,151,0.709,0.7398,0.6419,0.8057
51,11,154,0.641,0.7465,0.6649,0.7853
52,11,157,0.6779,0.5742,0.6375,0.5901
53,11,160,0.7929,0.7669,0.5722,0.6884
54,11,163,0.6717,0.6845,0.6957,0.6897
55,11,166,0.7285,0.7118,0.6334,0.7332
56,11,169,0.7188,0.7737,0.5795,0.6771
57,11,172,0.7367,0.7528,0.6446,0.6872
58,11,175,0.7198,0.6978,0.5913,0.8292
59,11,178,0.7063,0.563,0.6429,0.7321
60,11,181,0.691,0.6559,0.6358,0.6304
61,11,184,0.6243,0.698,0.6346,0.6988
62,11,187,0.6342,0.7985,0.6865,0.786
63,11,190,0.6719,0.7875,0.6258,0.7393
64,11,193,0.7338,0.7439,0.7003,0.7949
65,11,196,0.6923,0.7867,0.7439,0.6761
66,11,199,0.6925,0.6723,0.5904,0.735
67,11,202,0.6877,0.7346,0.6289,0.6637
68,11,205,0.7568,0.6416,0.627,0.6395
69,11,208,0.5831,0.5957,0.7419,0.7179
70,11,211,0.6811,0.698,0.672,0.6594
71,11,214,0.5252,0.6711,0.7167,0.7347
72,11,217,0.6842,0.7915,0.6612,0.6484
73,11,220,0.5889,0.7932,0.7227,0.7551
74,11,223,0.7358,0.5903,0.5283,0.6338
75,11,226,0.7009,0.616,0.802,0.621
76,11,229,0.5938,0.5236,0.6777,0.7183
77,11,232,0.5626,0.7014,0.6928,0.6307
78,11,235,0.6397,0.7366,0.6298,0.5308
79,11,238,0.6123,0.7383,0.7385,0.4697
80,11,241,0.7222,0.7968,0.6787,0.6252
81,11,244,0.7226,0.7062,0.6263,0.6915
82,11,247,0.6741,0.788,0.7407,0.626
83,11,250,0.6527,0.6741,0.6235,0.4632
84,11,253,0.6218,0.7529,0.5913,0.7487
85,11,256,0.5849,0.6929,0.7312,0.6702
86,11,259,0.5796,0.7584,0.7352,0.6845
87,11,262,0.5397,0.6055,0.5756,0.5736
88,11,265,0.6255,0.6556,0.6348,0.3738
89,11,268,0.5569,0.6909,0.6137,0.5906
90,11,271,0.6689,0.5669,0.6909,0.7221
91,11,274,0.6962,0.5178,0.5708,0.5752
92,11,277,0.6841,0.7037,0.756,0.7367
93,11,280,0.6193,0.6193,0.6826,0.6983
94,11,283,0.7396,0.7693,0.5323,0.5795
95,11,286,0.6764,0.6022,0.6394,0.5384
96,11,289,0.3158,0.7254,0.7636,0.6777
97,11,292,0.4155,0.5087,0.681,0.6359
98,11,295,0.6284,0.7081,0.3594,0.6565
99,11,298,0.5712,0.4847,0.72,0.589
,Dataset#,L,att_1,att_2,att_3,att_4
0,12,1,0.9956,0.9956,0.9956,0.9956
1,12,4,0.9956,0.9956,1,0.9956
2,12,7,1,0.9909,0.9956,0.9956
3,12,10,0.9956,0.9956,0.9956,1
4,12,13,0.9956,1,0.9953,1
5,12,16,1,0.9909,0.9956,0.9953
6,12,19,0.9956,0.9956,0.9956,0.9956
7,12,22,0.9956,1,0.9956,0.9956
8,12,25,0.9956,0.9956,0.9956,1
9,12,28,0.9956,0.9956,0.9956,0.9956
10,12,31,0.9956,0.9956,0.9956,1
11,12,34,1,0.9909,0.9956,0.9956
12,12,37,0.9909,0.9956,1,0.9956
13,12,40,1,0.9956,0.9956,0.9956
14,12,43,0.9956,0.9956,0.9956,0.9953
15,12,46,0.9956,1,1,0.9909
16,12,49,0.9956,0.9956,0.9956,0.9956
17,12,52,1,1,1,0.9956
18,12,55,1,0.9953,0.9909,0.9909
19,12,58,0.9909,0.9956,0.9909,1
20,12,61,0.9956,0.9909,0.9862,1
21,12,64,0.9956,1,0.9909,1
22,12,67,1,1,0.9956,0.9956
23,12,70,1,0.9956,0.9909,0.9909
24,12,73,0.9909,0.9953,0.9956,0.9956
25,12,76,0.9956,1,0.9956,0.9956
26,12,79,0.9953,1,0.9953,0.9953
27,12,82,0.9956,0.9956,0.9909,1
28,12,85,1,1,1,1
29,12,88,0.9909,1,1,0.9909
30,12,91,0.9953,0.9956,1,0.9909
31,12,94,0.9953,0.9953,0.9956,0.9953
32,12,97,0.9909,1,1,0.9956
33,12,100,0.9956,0.9956,0.9956,0.9956
34,12,103,1,1,0.9953,0.9909
35,12,106,0.9956,1,0.9953,0.9956
36,12,109,0.9956,0.9953,0.9956,0.9956
37,12,112,0.9818,0.9956,0.9956,0.9953
38,12,115,1,0.9907,0.9953,0.9909
39,12,118,0.986,0.9953,0.9956,0.9907
40,12,121,0.9956,0.9956,1,0.9862
41,12,124,0.9956,0.9956,0.9956,0.9956
42,12,127,1,0.9909,0.9956,0.9907
43,12,130,0.7882,1,0.8924,0.9956
44,12,133,0.8855,0.9953,1,0.9956
45,12,136,1,0.889,0.8924,1
46,12,139,0.9909,0.9956,1,0.9956
47,12,142,0.9909,1,0.8946,0.7882
48,12,145,0.89,1,0.7801,0.9909
49,12,148,0.9956,0.9956,0.9956,0.8902
50,12,151,1,0.89,0.9953,0.9956
51,12,154,0.9953,0.9956,0.9953,0.9907
52,12,157,0.9909,0.9909,0.9956,0.8855
53,12,160,1,0.8946,0.9909,0.8936
54,12,163,0.9956,0.9909,0.9956,0.8936
55,12,166,0.9909,0.8902,1,0.8892
56,12,169,0.8902,1,0.7915,0.9909
57,12,172,0.89,0.8922,0.7882,0.8946
58,12,175,0.9907,0.7882,0.8902,0.8902
59,12,178,0.8946,0.8968,0.6784,0.8946
60,12,181,0.889,0.9909,0.9956,1
61,12,184,0.8892,0.8968,0.9862,0.9907
62,12,187,0.9956,0.9909,0.8936,0.9956
63,12,190,0.8924,1,0.9909,0.8845
64,12,193,0.7882,0.9956,0.8902,0.8946
65,12,196,0.8902,0.9956,0.8845,0.9953
66,12,199,0.9953,0.7858,0.8843,0.9907
67,12,202,1,0.8902,0.9862,0.9907
68,12,205,0.9909,0.8946,0.9956,0.8892
69,12,208,0.676,0.9953,0.8855,0.9862
70,12,211,0.9909,1,0.7872,0.7909
71,12,214,0.889,0.89,1,0.7838
72,12,217,0.7882,0.9953,0.889,0.7892
73,12,220,0.8855,0.7767,0.7892,0.9909
74,12,223,0.9953,0.9953,0.9953,0.7903
75,12,226,0.9953,0.8946,0.7836,0.7814
76,12,229,0.8855,0.9953,0.6806,0.6946
77,12,232,0.8,0.7836,0.8968,0.7882
78,12,235,0.9953,0.7915,0.7882,0.9909
79,12,238,0.786,0.7909,0.7767,0.8946
80,12,241,0.7915,0.8946,0.7953,0.5956
81,12,244,0.5905,0.8,0.8936,0.8902
82,12,247,0.6804,0.9953,0.69,0.889
83,12,250,0.5836,0.4851,0.8855,0.6936
84,12,253,0.8946,0.9953,0.8936,0.6936
85,12,256,0.7915,0.9956,0.9909,0.6806
86,12,259,0.6855,0.8968,0.889,0.8845
87,12,262,0.889,0.5797,0.9862,0.8
88,12,265,0.7882,0.8902,0.9956,0.6936
89,12,268,0.9956,0.5905,0.8855,0.6968
90,12,271,0.8936,0.7836,0.9909,0.9956
91,12,274,0.7953,0.6851,0.8,0.5836
92,12,277,0.689,0.8922,0.8,0.69
93,12,280,0.689,0.7909,1,0.6936
94,12,283,0.7905,0.6,0.89,0.4968
95,12,286,0.7791,0.9862,0.8902,0.6851
96,12,289,0.689,0.7909,0.889,0.8924
97,12,292,0.7814,0.489,0.7838,0.8799
98,12,295,0.786,0.7892,0.7956,0.5882
99,12,298,0.7882,0.6946,0.5838,0.7836
,Dataset#,L,att_1,att_2,att_3,att_4
0,13,1,0.4194,0.4333,0.4469,0.4468
1,13,4,0.4222,0.4096,0.4337,0.4596
2,13,7,0.429,0.4241,0.4107,0.4171
3,13,10,0.3889,0.4044,0.4054,0.4139
4,13,13,0.4045,0.3928,0.4089,0.373
5,13,16,0.3798,0.4174,0.4458,0.4025
6,13,19,0.4254,0.4126,0.4092,0.4042
7,13,22,0.4179,0.4104,0.4112,0.4183
8,13,25,0.4317,0.4189,0.3857,0.4121
9,13,28,0.412,0.4,0.3824,0.4182
10,13,31,0.3749,0.3974,0.386,0.405
11,13,34,0.3865,0.4071,0.3839,0.4062
12,13,37,0.4182,0.4116,0.3762,0.4312
13,13,40,0.4152,0.4273,0.4249,0.4044
14,13,43,0.4154,0.3552,0.3847,0.3974
15,13,46,0.3854,0.4149,0.4148,0.4285
16,13,49,0.3669,0.4084,0.4088,0.3927
17,13,52,0.3792,0.4218,0.3956,0.435
18,13,55,0.4217,0.4379,0.4079,0.375
19,13,58,0.4027,0.4026,0.4162,0.395
20,13,61,0.3699,0.3551,0.4033,0.4052
21,13,64,0.406,0.3988,0.4302,0.3959
22,13,67,0.3789,0.4059,0.4267,0.3844
23,13,70,0.4056,0.3973,0.4009,0.4052
24,13,73,0.4142,0.3708,0.3951,0.4048
25,13,76,0.3776,0.4214,0.4359,0.3751
26,13,79,0.4022,0.422,0.4185,0.3765
27,13,82,0.4276,0.4195,0.4081,0.3796
28,13,85,0.3906,0.4234,0.4026,0.3935
29,13,88,0.3731,0.376,0.4073,0.4319
30,13,91,0.3829,0.4223,0.3927,0.3434
31,13,94,0.4197,0.3994,0.4098,0.4295
32,13,97,0.3697,0.3931,0.4296,0.3932
33,13,100,0.3734,0.4168,0.3895,0.3839
34,13,103,0.3866,0.4177,0.4337,0.4106
35,13,106,0.4114,0.4053,0.4059,0.3726
36,13,109,0.4246,0.4199,0.3974,0.39
37,13,112,0.3482,0.3945,0.3985,0.398
38,13,115,0.393,0.389,0.4154,0.3868
39,13,118,0.3785,0.3949,0.4064,0.4349
40,13,121,0.4306,0.4268,0.404,0.4325
41,13,124,0.3739,0.4181,0.4212,0.3658
42,13,127,0.3757,0.4001,0.4232,0.4338
43,13,130,0.4011,0.3851,0.3909,0.4152
44,13,133,0.4006,0.4075,0.4056,0.3941
45,13,136,0.3878,0.3998,0.4095,0.3917
46,13,139,0.3811,0.4358,0.4031,0.4066
47,13,142,0.3902,0.419,0.4005,0.4085
48,13,145,0.3975,0.3938,0.4008,0.3898
49,13,148,0.4432,0.4658,0.3807,0.3801
50,13,151,0.3873,0.3587,0.3361,0.3688
51,13,154,0.3515,0.4071,0.4222,0.3988
52,13,157,0.415,0.4025,0.4033,0.427
53,13,160,0.405,0.4284,0.3975,0.3795
54,13,163,0.4501,0.3877,0.4247,0.3902
55,13,166,0.3697,0.4015,0.415,0.3897
56,13,169,0.4207,0.3881,0.407,0.4173
57,13,172,0.3816,0.4314,0.3676,0.3956
58,13,175,0.4222,0.4585,0.4023,0.3488
59,13,178,0.4278,0.4397,0.4317,0.4391
60,13,181,0.3553,0.3684,0.3808,0.3754
61,13,184,0.4318,0.3775,0.3836,0.4083
62,13,187,0.4282,0.4052,0.3373,0.4026
63,13,190,0.312,0.401,0.3243,0.404
64,13,193,0.3888,0.3871,0.4491,0.3181
65,13,196,0.2901,0.3947,0.427,0.4112
66,13,199,0.3871,0.3878,0.4102,0.4226
67,13,202,0.3895,0.3933,0.3909,0.3031
68,13,205,0.4144,0.3233,0.4035,0.4081
69,13,208,0.3548,0.4051,0.3967,0.401
70,13,211,0.3124,0.3945,0.4112,0.374
71,13,214,0.3061,0.3281,0.4299,0.3859
72,13,217,0.3776,0.3933,0.3758,0.3422
73,13,220,0.4142,0.4019,0.4123,0.329
74,13,223,0.4221,0.272,0.421,0.3799
75,13,226,0.3795,0.4214,0.4179,0.3668
76,13,229,0.3495,0.3237,0.4061,0.4269
77,13,232,0.4414,0.4257,0.2881,0.3915
78,13,235,0.2345,0.4047,0.4076,0.4033
79,13,238,0.348,0.3369,0.4149,0.4712
80,13,241,0.4286,0.4204,0.3031,0.3341
81,13,244,0.406,0.3025,0.4154,0.3982
82,13,247,0.3238,0.409,0.3938,0.3468
83,13,250,0.4037,0.3965,0.3031,0.397
84,13,253,0.3066,0.3992,0.4243,0.3943
85,13,256,0.3473,0.3609,0.152,0.2465
86,13,259,0.405,0.2781,0.4107,0.3201
87,13,262,0.4518,0.2415,0.2466,0.3066
88,13,265,0.3479,0.4169,0.3675,0.3121
89,13,268,0.4211,0.1621,0.3031,0.3904
90,13,271,0.421,0.266,0.2976,0.2411
91,13,274,0.2034,0.3158,0.3382,0.1927
92,13,277,0.4048,0.2791,0.3252,0.4321
93,13,280,0.3833,0.3926,0.4074,0.3537
94,13,283,0.4045,0.3928,0.3917,0.2559
95,13,286,0.2434,0.4005,0.4024,0.2679
96,13,289,0.317,0.4076,0.3699,0.3605
97,13,292,0.4229,0.3298,0.3942,0.2628
98,13,295,0.3805,0.4039,0.3346,0.2645
99,13,298,0.4072,0.3433,0.2704,0.389
,Dataset#,L,att_1,att_2,att_3,att_4
0,14,1,0.1665,0.1627,0.1652,0.157
1,14,4,0.1723,0.1557,0.1847,0.1601
2,14,7,0.1629,0.1846,0.1555,0.1689
3,14,10,0.1736,0.1577,0.1676,0.1727
4,14,13,0.2009,0.1931,0.1692,0.176
5,14,16,0.1874,0.1709,0.1699,0.1668
6,14,19,0.1825,0.1861,0.1741,0.1697
7,14,22,0.1853,0.1781,0.1952,0.1804
8,14,25,0.1735,0.1786,0.1608,0.1631
9,14,28,0.1976,0.161,0.1694,0.1684
10,14,31,0.1814,0.1392,0.1858,0.1706
11,14,34,0.1763,0.1708,0.1616,0.1895
12,14,37,0.1726,0.1862,0.1559,0.1715
13,14,40,0.1869,0.1459,0.1727,0.1528
14,14,43,0.1859,0.1447,0.1714,0.1832
15,14,46,0.2102,0.1318,0.1692,0.1548
16,14,49,0.2062,0.1461,0.2018,0.1622
17,14,52,0.1661,0.2026,0.1561,0.166
18,14,55,0.1493,0.1694,0.1677,0.1665
19,14,58,0.1448,0.1728,0.1603,0.1393
20,14,61,0.167,0.1415,0.1471,0.1622
21,14,64,0.1652,0.1568,0.172,0.1695
22,14,67,0.1798,0.1273,0.1684,0.1714
23,14,70,0.1562,0.1716,0.1245,0.1708
24,14,73,0.1552,0.1267,0.126,0.1663
25,14,76,0.1615,0.1875,0.1606,0.1375
26,14,79,0.1805,0.1435,0.1629,0.1645
27,14,82,0.1483,0.1806,0.1273,0.158
28,14,85,0.1786,0.1535,0.1648,0.1259
29,14,88,0.1231,0.1558,0.1446,0.1795
30,14,91,0.1703,0.148,0.1577,0.1632
31,14,94,0.1447,0.1637,0.1735,0.1783
32,14,97,0.1486,0.2113,0.1371,0.1728
33,14,100,0.1606,0.1776,0.1953,0.1591
34,14,103,0.1577,0.1619,0.1674,0.1895
35,14,106,0.1543,0.1809,0.1697,0.1471
36,14,109,0.1773,0.1671,0.1383,0.1785
37,14,112,0.1763,0.1487,0.165,0.1485
38,14,115,0.1685,0.1524,0.1526,0.1678
39,14,118,0.1584,0.1486,0.1477,0.1492
40,14,121,0.1312,0.1343,0.1542,0.1557
41,14,124,0.1536,0.1726,0.166,0.1287
42,14,127,0.1826,0.1667,0.1665,0.1504
43,14,130,0.1779,0.1787,0.1584,0.1913
44,14,133,0.1339,0.1339,0.1315,0.1594
45,14,136,0.1648,0.1455,0.1261,0.1424
46,14,139,0.1748,0.1718,0.1602,0.1581
47,14,142,0.1573,0.1204,0.1802,0.1664
48,14,145,0.1483,0.1552,0.1315,0.1778
49,14,148,0.1266,0.1716,0.166,0.1371
50,14,151,0.1383,0.1209,0.05936,0.1111
51,14,154,0.1809,0.1189,0.1023,0.1162
52,14,157,0.1068,0.1325,0.1188,0.1285
53,14,160,0.1882,0.1551,0.1299,0.124
54,14,163,0.1361,0.1595,0.1359,0.1505
55,14,166,0.1473,0.1565,0.1272,0.1498
56,14,169,0.09338,0.161,0.1565,0.1321
57,14,172,0.1315,0.09114,0.1239,0.1312
58,14,175,0.1349,0.08606,0.1502,0.1695
59,14,178,0.1326,0.1275,0.1559,0.1483
60,14,181,0.1336,0.1101,0.1271,0.1141
61,14,184,0.09614,0.1579,0.1507,0.1314
62,14,187,0.1416,0.085,0.1572,0.1356
63,14,190,0.08724,0.1333,0.1483,0.1087
64,14,193,0.1548,0.17,0.1437,0.1621
65,14,196,0.1349,0.1591,0.151,0.1612
66,14,199,0.1801,0.1464,0.1825,0.04212
67,14,202,0.1389,0.1121,0.1254,0.1472
68,14,205,0.1648,0.176,0.1397,0.1715
69,14,208,0.1236,0.1501,0.1267,0.1752
70,14,211,0.1224,0.1506,0.1571,0.1675
71,14,214,0.1522,0.1163,0.1387,0.1146
72,14,217,0.1579,0.1031,0.1212,0.1035
73,14,220,0.09114,0.1402,0.1237,0.1575
74,14,223,0.1287,0.1229,0.1784,0.09826
75,14,226,0.1389,0.1608,0.1414,0.14
76,14,229,0.1405,0.141,0.112,0.1484
77,14,232,0.1188,0.09486,0.1477,0.1762
78,14,235,0.1565,0.1472,0.1261,0.128
79,14,238,0.1035,0.1561,0.1574,0.1675
80,14,241,0.1515,0.1033,0.128,0.1771
81,14,244,0.1565,0.1424,0.09388,0.1382
82,14,247,0.09234,0.124,0.1448,0.1025
83,14,250,0.1207,0.1236,0.1219,0.13
84,14,253,0.155,0.1434,0.1742,0.09576
85,14,256,0.1588,0.1364,0.127,0.1773
86,14,259,0.1224,0.1315,0.1363,0.06634
87,14,262,0.1416,0.1577,0.1436,0.0762
88,14,265,0.1152,0.1526,0.09334,0.1168
89,14,268,0.1494,0.137,0.1256,0.09724
90,14,271,0.1669,0.1137,0.1228,0.1124
91,14,274,0.1424,0.07,0.1273,0.1759
92,14,277,0.1261,0.1623,0.1523,0.1261
93,14,280,0.1248,0.1545,0.2083,0.1865
94,14,283,0.1379,0.07504,0.1266,0.1348
95,14,286,0.1476,0.1428,0.1237,0.1455
96,14,289,0.1279,0.134,0.0938,0.1183
97,14,292,0.052,0.1596,0.1403,0.118
98,14,295,0.1216,0.06418,0.1002,0.06216
99,14,298,0.1091,0.09114,0.1284,0.1001
,Dataset#,L,att_1,att_2,att_3,att_4
0,15,1,0.4791,0.5363,0.5077,0.4477
1,15,4,0.3579,0.3119,0.2965,0.2601
2,15,7,0.2482,0.2472,0.2882,0.2272
3,15,10,0.2536,0.2536,0.2432,0.2682
4,15,13,0.2536,0.2414,0.2623,0.2671
5,15,16,0.2272,0.2677,0.2641,0.2432
6,15,19,0.3122,0.2965,0.2482,0.2272
7,15,22,0.2432,0.2649,0.3884,0.2858
8,15,25,0.2498,0.2472,0.3165,0.2815
9,15,28,0.2906,0.3374,0.3534,0.2414
10,15,31,0.3017,0.3605,0.2536,0.3427
11,15,34,0.405,0.2913,0.3315,0.3456
12,15,37,0.2815,0.3167,0.3913,0.3122
13,15,40,0.3514,0.2414,0.2682,0.3115
14,15,43,0.2953,0.4017,0.2874,0.2682
15,15,46,0.3616,0.3379,0.3499,0.3308
16,15,49,0.3716,0.2425,0.2705,0.3379
17,15,52,0.322,0.3432,0.3614,0.3165
18,15,55,0.3438,0.3684,0.2882,0.2606
19,15,58,0.294,0.2976,0.2736,0.3088
20,15,61,0.3592,0.3186,0.3763,0.3165
21,15,64,0.3649,0.4326,0.3699,0.38
22,15,67,0.3764,0.2906,0.3935,0.3537
23,15,70,0.3121,0.3441,0.3716,0.3849
24,15,73,0.2947,0.4263,0.3864,0.3248
25,15,76,0.3438,0.3332,0.3333,0.4366
26,15,79,0.4125,0.3469,0.2879,0.4612
27,15,82,0.2801,0.2272,0.36,0.314
28,15,85,0.4466,0.4039,0.3603,0.3267
29,15,88,0.3312,0.3055,0.3847,0.3585
30,15,91,0.3847,0.4303,0.2923,0.3574
31,15,94,0.4114,0.4008,0.3908,0.3788
32,15,97,0.3525,0.3075,0.3032,0.3903
33,15,100,0.409,0.3605,0.2956,0.4132
34,15,103,0.2862,0.3322,0.3291,0.3859
35,15,106,0.3893,0.4237,0.508,0.2901
36,15,109,0.3667,0.3307,0.4346,0.4249
37,15,112,0.2809,0.3724,0.4372,0.3944
38,15,115,0.412,0.3246,0.3575,0.4606
39,15,118,0.3492,0.3373,0.3988,0.3975
40,15,121,0.3389,0.376,0.3152,0.4102
41,15,124,0.4173,0.3336,0.5048,0.3493
42,15,127,0.3832,0.356,0.5276,0.4344
43,15,130,0.4376,0.4355,0.3517,0.399
44,15,133,0.3702,0.3015,0.3656,0.3736
45,15,136,0.3718,0.4134,0.4487,0.4483
46,15,139,0.3911,0.4717,0.4509,0.3648
47,15,142,0.4022,0.3103,0.4244,0.4407
48,15,145,0.4474,0.2837,0.3642,0.4222
49,15,148,0.299,0.4127,0.3738,0.334
50,15,151,0.3757,0.4649,0.3127,0.4625
51,15,154,0.3857,0.4051,0.3422,0.3555
52,15,157,0.2486,0.2844,0.394,0.394
53,15,160,0.4676,0.4024,0.3899,0.3824
54,15,163,0.3895,0.3546,0.3564,0.4101
55,15,166,0.4363,0.375,0.3724,0.3845
56,15,169,0.4028,0.3352,0.3312,0.3722
57,15,172,0.2924,0.3461,0.3109,0.3247
58,15,175,0.3737,0.3551,0.4278,0.4774
59,15,178,0.3484,0.4272,0.4035,0.2924
60,15,181,0.3713,0.3392,0.3468,0.4241
61,15,184,0.4197,0.3794,0.416,0.3746
62,15,187,0.2516,0.3259,0.2991,0.3806
63,15,190,0.3687,0.4004,0.3642,0.3691
64,15,193,0.3331,0.4292,0.3277,0.3032
65,15,196,0.3822,0.415,0.3597,0.3951
66,15,199,0.3563,0.4197,0.3021,0.376
67,15,202,0.2968,0.3447,0.3497,0.2635
68,15,205,0.3747,0.3719,0.3504,0.338
69,15,208,0.3607,0.3698,0.3372,0.4113
70,15,211,0.4173,0.38,0.2766,0.4257
71,15,214,0.3973,0.3055,0.3692,0.4423
72,15,217,0.402,0.3504,0.4179,0.2847
73,15,220,0.357,0.4009,0.4371,0.3299
74,15,223,0.3842,0.3454,0.3341,0.3816
75,15,226,0.4172,0.3199,0.4219,0.4642
76,15,229,0.3593,0.37,0.3768,0.3595
77,15,232,0.3136,0.303,0.2466,0.2395
78,15,235,0.3763,0.3801,0.4355,0.2421
79,15,238,0.4266,0.1213,0.2943,0.3827
80,15,241,0.3021,0.4017,0.4635,0.2991
81,15,244,0.4148,0.4056,0.3695,0.2115
82,15,247,0.3858,0.4015,0.3442,0.2764
83,15,250,0.4004,0.2724,0.2836,0.3524
84,15,253,0.383,0.2758,0.3453,0.4033
85,15,256,0.3716,0.2606,0.4348,0.4457
86,15,259,0.3668,0.4447,0.1656,0.4132
87,15,262,0.3402,0.3579,0.4129,0.3203
88,15,265,0.3215,0.2757,0.3911,0.2575
89,15,268,0.3518,0.248,0.3527,0.2827
90,15,271,0.4118,0.2844,0.2755,0.2345
91,15,274,0.2106,0.2206,0.3399,0.2535
92,15,277,0.2583,0.2777,0.3482,0.2642
93,15,280,0.2634,0.2312,0.2125,0.394
94,15,283,0.1924,0.2757,0.3703,0.2876
95,15,286,0.3545,0.2373,0.2795,0.3366
96,15,289,0.2809,0.2641,0.378,0.1656
97,15,292,0.4506,0.1091,0.3416,0.3149
98,15,295,0.2538,0.1051,0.4193,0.33
99,15,298,0.2431,0.1879,0.2471,0.315
,Dataset#,L,att_1,att_2,att_3,att_4
0,16,1,0.8269,0.8291,0.8307,0.8461
1,16,4,0.8472,0.8533,0.8592,0.852
2,16,7,0.8526,0.8472,0.8486,0.8638
3,16,10,0.8636,0.8736,0.8467,0.8699
4,16,13,0.86,0.861,0.858,0.8647
5,16,16,0.8626,0.8617,0.8599,0.8695
6,16,19,0.8498,0.8497,0.837,0.858
7,16,22,0.8605,0.8533,0.8614,0.845
8,16,25,0.859,0.867,0.8558,0.8691
9,16,28,0.8567,0.8613,0.8668,0.8546
10,16,31,0.8651,0.8766,0.866,0.8695
11,16,34,0.8532,0.8563,0.865,0.8522
12,16,37,0.8511,0.8441,0.8549,0.8575
13,16,40,0.8594,0.8424,0.8544,0.8555
14,16,43,0.8527,0.8609,0.8449,0.8554
15,16,46,0.8568,0.8506,0.8656,0.8662
16,16,49,0.859,0.8621,0.8599,0.8769
17,16,52,0.8585,0.8556,0.8601,0.8508
18,16,55,0.8341,0.8351,0.841,0.8527
19,16,58,0.8709,0.8468,0.8582,0.8692
20,16,61,0.8471,0.8661,0.8522,0.8351
21,16,64,0.8534,0.8574,0.8658,0.857
22,16,67,0.8534,0.8676,0.8475,0.8628
23,16,70,0.853,0.863,0.8507,0.8646
24,16,73,0.8576,0.8409,0.8509,0.8649
25,16,76,0.842,0.8505,0.8621,0.8581
26,16,79,0.8618,0.8416,0.8609,0.8532
27,16,82,0.8462,0.8617,0.8631,0.8542
28,16,85,0.8492,0.8677,0.8479,0.8394
29,16,88,0.8406,0.8547,0.8476,0.8588
30,16,91,0.8604,0.8594,0.8581,0.8457
31,16,94,0.8526,0.8166,0.8564,0.8433
32,16,97,0.8483,0.8551,0.8479,0.8428
33,16,100,0.8558,0.8404,0.862,0.8673
34,16,103,0.8414,0.8562,0.8558,0.8531
35,16,106,0.8331,0.8585,0.868,0.8476
36,16,109,0.7837,0.8492,0.7997,0.8522
37,16,112,0.8342,0.8527,0.7851,0.8647
38,16,115,0.8386,0.8424,0.8494,0.8686
39,16,118,0.8496,0.8441,0.8584,0.8404
40,16,121,0.866,0.7938,0.8448,0.7873
41,16,124,0.8618,0.8458,0.8274,0.8533
42,16,127,0.855,0.8353,0.8447,0.8418
43,16,130,0.8367,0.7635,0.8506,0.7766
44,16,133,0.842,0.8477,0.7767,0.8498
45,16,136,0.8457,0.8702,0.8252,0.8497
46,16,139,0.8329,0.8525,0.8432,0.8297
47,16,142,0.8377,0.814,0.7861,0.8307
48,16,145,0.8522,0.8664,0.8402,0.8407
49,16,148,0.8294,0.8494,0.8136,0.8041
50,16,151,0.8243,0.8563,0.8427,0.7036
51,16,154,0.846,0.8376,0.8463,0.8519
52,16,157,0.7266,0.8265,0.8365,0.8134
53,16,160,0.7947,0.7809,0.8267,0.8337
54,16,163,0.794,0.7906,0.6777,0.7758
55,16,166,0.8437,0.6541,0.8393,0.8112
56,16,169,0.8633,0.786,0.8257,0.7768
57,16,172,0.7815,0.8646,0.8349,0.8454
58,16,175,0.8387,0.8446,0.7608,0.8373
59,16,178,0.7983,0.7792,0.8356,0.7798
60,16,181,0.785,0.83,0.8425,0.8061
61,16,184,0.7729,0.8143,0.7472,0.764
62,16,187,0.8311,0.7722,0.7031,0.7706
63,16,190,0.7891,0.8275,0.8247,0.7571
64,16,193,0.7671,0.8215,0.719,0.8221
65,16,196,0.7461,0.8172,0.8273,0.8423
66,16,199,0.7601,0.7892,0.788,0.8
67,16,202,0.7034,0.7134,0.7679,0.7648
68,16,205,0.7658,0.7712,0.7626,0.8327
69,16,208,0.851,0.8076,0.7749,0.7726
70,16,211,0.8494,0.7044,0.8506,0.8177
71,16,214,0.7259,0.7743,0.8055,0.6906
72,16,217,0.635,0.7162,0.7015,0.8134
73,16,220,0.7566,0.6962,0.7532,0.7703
74,16,223,0.8038,0.846,0.7705,0.8279
75,16,226,0.7844,0.8201,0.7822,0.7199
76,16,229,0.6468,0.7979,0.8323,0.6617
77,16,232,0.7466,0.7329,0.7899,0.592
78,16,235,0.662,0.8039,0.8233,0.8299
79,16,238,0.7806,0.8412,0.3857,0.7365
80,16,241,0.8423,0.8128,0.7048,0.6085
81,16,244,0.8311,0.763,0.8332,0.8217
82,16,247,0.7831,0.4974,0.715,0.6603
83,16,250,0.7403,0.8299,0.7509,0.6674
84,16,253,0.7107,0.6907,0.6043,0.7783
85,16,256,0.8358,0.692,0.608,0.8442
86,16,259,0.4831,0.5458,0.6498,0.6745
87,16,262,0.7167,0.7582,0.6908,0.6035
88,16,265,0.7852,0.5686,0.7805,0.6748
89,16,268,0.5015,0.7531,0.7608,0.5886
90,16,271,0.75,0.6948,0.5435,0.5602
91,16,274,0.721,0.7079,0.5607,0.8251
92,16,277,0.443,0.5283,0.8345,0.7257
93,16,280,0.73,0.7604,0.6083,0.7619
94,16,283,0.5747,0.6814,0.7678,0.664
95,16,286,0.55,0.5521,0.489,0.7845
96,16,289,0.4215,0.4991,0.5927,0.3732
97,16,292,0.8297,0.5917,0.6631,0.8256
98,16,295,0.5873,0.5273,0.5276,0.7036
99,16,298,0.5794,0.7135,0.5342,0.3378
,Dataset#,L,att_1,att_2,att_3,att_4
0,17,1,0.4523,0.441,0.4451,0.4504
1,17,4,0.4656,0.429,0.4626,0.449
2,17,7,0.4556,0.4308,0.4696,0.453
3,17,10,0.4585,0.4744,0.4805,0.4768
4,17,13,0.4859,0.4599,0.4841,0.4652
5,17,16,0.4673,0.4833,0.4626,0.469
6,17,19,0.4322,0.5274,0.5444,0.5094
7,17,22,0.5167,0.4784,0.4752,0.4589
8,17,25,0.5479,0.4967,0.422,0.4706
9,17,28,0.4885,0.5612,0.4883,0.5177
10,17,31,0.4837,0.505,0.4557,0.5403
11,17,34,0.5107,0.5013,0.5271,0.523
12,17,37,0.5553,0.5383,0.518,0.4961
13,17,40,0.5495,0.5189,0.4966,0.5238
14,17,43,0.5356,0.5311,0.5152,0.5078
15,17,46,0.5034,0.5091,0.5256,0.5276
16,17,49,0.5328,0.5094,0.4967,0.5564
17,17,52,0.5135,0.5928,0.5457,0.5213
18,17,55,0.5163,0.5135,0.4768,0.5004
19,17,58,0.5139,0.4943,0.538,0.5024
20,17,61,0.55,0.5401,0.483,0.5299
21,17,64,0.5734,0.5257,0.5559,0.517
22,17,67,0.4857,0.5542,0.5156,0.6
23,17,70,0.5444,0.5231,0.5385,0.5093
24,17,73,0.5701,0.5369,0.4438,0.4896
25,17,76,0.5497,0.5627,0.5042,0.573
26,17,79,0.4764,0.5434,0.5153,0.5226
27,17,82,0.5171,0.535,0.532,0.5307
28,17,85,0.5035,0.4709,0.5506,0.5301
29,17,88,0.5216,0.4627,0.484,0.5361
30,17,91,0.5368,0.6035,0.5155,0.5511
31,17,94,0.5174,0.5294,0.5276,0.5172
32,17,97,0.5817,0.5198,0.5312,0.5007
33,17,100,0.5365,0.5101,0.503,0.5097
34,17,103,0.5185,0.5463,0.5608,0.4951
35,17,106,0.4816,0.5698,0.473,0.4456
36,17,109,0.4821,0.5264,0.5112,0.4751
37,17,112,0.5566,0.5087,0.4819,0.5419
38,17,115,0.442,0.5158,0.5084,0.4467
39,17,118,0.4955,0.5163,0.4892,0.4517
40,17,121,0.5285,0.5334,0.5209,0.5108
41,17,124,0.4677,0.48,0.5979,0.5345
42,17,127,0.4395,0.5316,0.4988,0.4446
43,17,130,0.4967,0.528,0.4363,0.4599
44,17,133,0.5532,0.4862,0.4393,0.5271
45,17,136,0.4984,0.5056,0.5538,0.4898
46,17,139,0.484,0.428,0.4652,0.5471
47,17,142,0.5426,0.4727,0.5767,0.5038
48,17,145,0.4782,0.5293,0.5526,0.3808
49,17,148,0.4446,0.5345,0.46,0.5562
50,17,151,0.483,0.4923,0.4436,0.5535
51,17,154,0.5742,0.4412,0.5455,0.4806
52,17,157,0.5179,0.4549,0.4298,0.4614
53,17,160,0.4323,0.4769,0.5033,0.4484
54,17,163,0.4681,0.5073,0.4947,0.383
55,17,166,0.4314,0.4626,0.4993,0.5821
56,17,169,0.4823,0.5169,0.4849,0.4561
57,17,172,0.4912,0.4736,0.5179,0.4516
58,17,175,0.5125,0.5154,0.5066,0.5605
59,17,178,0.5364,0.4488,0.4759,0.4739
60,17,181,0.5359,0.3953,0.4364,0.484
61,17,184,0.5199,0.4717,0.39,0.4836
62,17,187,0.4734,0.4531,0.4615,0.455
63,17,190,0.4586,0.4598,0.4612,0.4772
64,17,193,0.4684,0.3654,0.4606,0.461
65,17,196,0.3889,0.5456,0.5297,0.4687
66,17,199,0.4847,0.4723,0.4329,0.4766
67,17,202,0.4683,0.3559,0.5029,0.4223
68,17,205,0.4157,0.4958,0.44,0.4965
69,17,208,0.4556,0.472,0.566,0.4753
70,17,211,0.5038,0.3845,0.4949,0.4743
71,17,214,0.4204,0.4515,0.5306,0.4897
72,17,217,0.4744,0.4027,0.436,0.4526
73,17,220,0.3982,0.4978,0.4697,0.5625
74,17,223,0.4637,0.4118,0.4883,0.5035
75,17,226,0.4949,0.3991,0.4829,0.4359
76,17,229,0.4382,0.3888,0.4083,0.4637
77,17,232,0.4603,0.4891,0.489,0.3364
78,17,235,0.4236,0.5234,0.5429,0.4466
79,17,238,0.4843,0.4321,0.471,0.4617
80,17,241,0.481,0.4457,0.3611,0.3661
81,17,244,0.5159,0.4516,0.4803,0.4259
82,17,247,0.463,0.3399,0.4991,0.3806
83,17,250,0.4992,0.281,0.4581,0.4722
84,17,253,0.3528,0.3638,0.3422,0.4223
85,17,256,0.466,0.4921,0.4036,0.4335
86,17,259,0.4755,0.4425,0.4741,0.3857
87,17,262,0.4536,0.5267,0.4697,0.5004
88,17,265,0.3443,0.35,0.4171,0.4213
89,17,268,0.4385,0.311,0.5167,0.4014
90,17,271,0.3988,0.4976,0.4462,0.3148
91,17,274,0.4298,0.3708,0.4112,0.4514
92,17,277,0.4284,0.2192,0.2624,0.4172
93,17,280,0.394,0.5195,0.4067,0.3015
94,17,283,0.4501,0.476,0.4911,0.3792
95,17,286,0.3347,0.4616,0.3872,0.4112
96,17,289,0.369,0.381,0.4407,0.3697
97,17,292,0.3187,0.4944,0.3021,0.2837
98,17,295,0.3517,0.4346,0.3814,0.4591
99,17,298,0.3996,0.256,0.4664,0.3952
,Dataset#,L,att_1,att_2,att_3,att_4
0,18,1,0.2999,0.2809,0.2858,0.2625
1,18,4,0.4383,0.434,0.4226,0.3927
2,18,7,0.4372,0.4194,0.4331,0.4153
3,18,10,0.408,0.4065,0.4227,0.4537
4,18,13,0.405,0.4428,0.389,0.4178
5,18,16,0.3947,0.3958,0.4253,0.4208
6,18,19,0.4176,0.4086,0.4547,0.4465
7,18,22,0.4421,0.4301,0.438,0.425
8,18,25,0.4173,0.4343,0.4428,0.4113
9,18,28,0.4256,0.446,0.4276,0.4331
10,18,31,0.4035,0.3594,0.4443,0.4447
11,18,34,0.4488,0.3555,0.389,0.4359
12,18,37,0.4321,0.4348,0.4322,0.3533
13,18,40,0.4122,0.4127,0.4023,0.3669
14,18,43,0.4355,0.4225,0.3889,0.445
15,18,46,0.4382,0.4024,0.4278,0.4208
16,18,49,0.4576,0.4315,0.3958,0.4
17,18,52,0.4305,0.4605,0.4381,0.4109
18,18,55,0.4194,0.4311,0.3758,0.4359
19,18,58,0.439,0.4155,0.4532,0.4242
20,18,61,0.3566,0.4565,0.3849,0.4569
21,18,64,0.4395,0.3943,0.418,0.4223
22,18,67,0.4282,0.4537,0.4104,0.4488
23,18,70,0.4321,0.4193,0.4289,0.4269
24,18,73,0.4286,0.3833,0.4395,0.3731
25,18,76,0.3992,0.4243,0.4172,0.3359
26,18,79,0.3159,0.4126,0.4415,0.3911
27,18,82,0.4172,0.4227,0.4033,0.4408
28,18,85,0.4112,0.3976,0.4067,0.4504
29,18,88,0.4605,0.4172,0.4048,0.4362
30,18,91,0.3614,0.4258,0.4409,0.4344
31,18,94,0.4067,0.4028,0.3739,0.4697
32,18,97,0.4159,0.4228,0.439,0.4376
33,18,100,0.4142,0.4208,0.4405,0.4688
34,18,103,0.4073,0.4186,0.4533,0.3729
35,18,106,0.4585,0.3893,0.4135,0.3994
36,18,109,0.4572,0.4035,0.44,0.3476
37,18,112,0.3058,0.4448,0.3505,0.3836
38,18,115,0.3337,0.4226,0.2912,0.368
39,18,118,0.3221,0.3679,0.4076,0.3864
40,18,121,0.4291,0.3835,0.4263,0.4409
41,18,124,0.4238,0.3811,0.2303,0.4498
42,18,127,0.451,0.1714,0.3231,0.3915
43,18,130,0.4411,0.4152,0.4036,0.4187
44,18,133,0.4018,0.2818,0.4187,0.3434
45,18,136,0.4194,0.3778,0.3824,0.4566
46,18,139,0.3319,0.4267,0.4364,0.4177
47,18,142,0.399,0.365,0.361,0.4467
48,18,145,0.3296,0.3944,0.2243,0.4086
49,18,148,0.2634,0.3164,0.3564,0.3833
50,18,151,0.2786,0.3523,0.2693,0.3941
51,18,154,0.442,0.3947,0.4103,0.3477
52,18,157,0.4507,0.4192,0.4042,0.2575
53,18,160,0.3604,0.4411,0.36,0.3282
54,18,163,0.3736,0.2967,0.3246,0.2032
55,18,166,0.4072,0.3836,0.3179,0.3618
56,18,169,0.4097,0.3291,0.4507,0.3368
57,18,172,0.3309,0.3009,0.3685,0.4388
58,18,175,0.3355,0.3531,0.3296,0.3194
59,18,178,0.3852,0.3838,0.4341,0.1679
60,18,181,0.3026,0.466,0.2529,0.4332
61,18,184,0.3069,0.2971,0.3603,0.3272
62,18,187,0.1677,0.3929,0.3497,0.3396
63,18,190,0.2668,0.441,0.2451,0.2264
64,18,193,0.3581,0.4183,0.3034,0.3367
65,18,196,0.308,0.2223,0.3379,0.3279
66,18,199,0.3298,0.3499,0.3814,0.3713
67,18,202,0.3282,0.2478,0.3371,0.2853
68,18,205,0.2785,0.4181,0.3674,0.3787
69,18,208,0.3176,0.2584,0.3467,0.4108
70,18,211,0.3022,0.3611,0.129,0.335
71,18,214,0.2978,0.4168,0.2041,0.3488
72,18,217,0.2671,0.3007,0.2805,0.304
73,18,220,0.3817,0.3461,0.2958,0.3868
74,18,223,0.3035,0.2857,0.3395,0.4259
75,18,226,0.3097,0.2684,0.3009,0.3478
76,18,229,0.4081,0.3889,0.191,0.2748
77,18,232,0.4417,0.4017,0.1199,0.2551
78,18,235,0.3629,0.3488,0.3426,0.1668
79,18,238,0.2824,0.262,0.4052,0.2386
80,18,241,0.2163,0.2738,0.2314,0.2396
81,18,244,0.4599,0.4209,0.2923,0.3474
82,18,247,0.3214,0.3987,0.2,0.3727
83,18,250,0.2539,0.2771,0.4241,0.3491
84,18,253,0.1976,0.2985,0.2342,0.1752
85,18,256,0.2638,0.2899,0.2799,0.3846
86,18,259,0.2743,0.2539,0.199,0.1558
87,18,262,0.2032,0.2325,0.2793,0.1552
88,18,265,0.3166,0.2587,0.3053,0.2621
89,18,268,0.2546,0.3247,0.2327,0.3113
90,18,271,0.173,0.3965,0.1564,0.0279
91,18,274,0.2562,0.1956,0.19,0.1045
92,18,277,0.1813,0.2089,0.314,0.2031
93,18,280,0.2339,0.3405,0.4083,0.2832
94,18,283,0.4092,0.195,0.1995,0.209
95,18,286,0.0279,0.0279,0.0873,0.2373
96,18,289,0.1123,0.2214,0.08306,0.3283
97,18,292,0.1954,0.07272,0.2743,0.18
98,18,295,0.1884,0.2337,0.2112,0.183
99,18,298,0.02758,0.3115,0.1685,0.1079
,Dataset#,L,att_1,att_2,att_3,att_4
0,19,1,0.2178,0.2178,0.2178,0.2178
1,19,4,0.2178,0.2178,0.2147,0.2178
2,19,7,0.2178,0.2211,0.2121,0.2207
3,19,10,0.1961,0.2251,0.2028,0.2163
4,19,13,0.2312,0.2313,0.2246,0.2319
5,19,16,0.2041,0.2046,0.2098,0.2173
6,19,19,0.2253,0.2199,0.2267,0.2378
7,19,22,0.2454,0.209,0.209,0.2262
8,19,25,0.2323,0.2163,0.2111,0.2216
9,19,28,0.2123,0.2315,0.2311,0.2068
10,19,31,0.2236,0.227,0.228,0.2206
11,19,34,0.2139,0.2189,0.2237,0.2166
12,19,37,0.2486,0.2313,0.2339,0.2068
13,19,40,0.2363,0.229,0.2171,0.2213
14,19,43,0.2283,0.2292,0.2247,0.2058
15,19,46,0.2047,0.2514,0.2227,0.249
16,19,49,0.2267,0.2069,0.2307,0.2173
17,19,52,0.21,0.2194,0.239,0.2189
18,19,55,0.2247,0.2219,0.1954,0.2304
19,19,58,0.2305,0.2292,0.2343,0.2417
20,19,61,0.2466,0.2545,0.2402,0.2431
21,19,64,0.2086,0.2483,0.2361,0.2229
22,19,67,0.2357,0.2362,0.2167,0.2457
23,19,70,0.2229,0.2276,0.2222,0.2248
24,19,73,0.2192,0.2406,0.2034,0.2431
25,19,76,0.2235,0.2149,0.2297,0.2453
26,19,79,0.2259,0.2117,0.2201,0.2222
27,19,82,0.2213,0.2193,0.214,0.2201
28,19,85,0.2087,0.2171,0.2476,0.2146
29,19,88,0.2342,0.2256,0.2288,0.2228
30,19,91,0.2318,0.2337,0.2198,0.217
31,19,94,0.2267,0.2379,0.2461,0.2301
32,19,97,0.2294,0.2273,0.2268,0.2107
33,19,100,0.2295,0.2296,0.2317,0.2336
34,19,103,0.2499,0.2155,0.2158,0.2248
35,19,106,0.2435,0.2262,0.2097,0.237
36,19,109,0.2098,0.2193,0.2307,0.2132
37,19,112,0.2111,0.1984,0.2421,0.2062
38,19,115,0.2232,0.222,0.225,0.2121
39,19,118,0.2013,0.2353,0.2035,0.2225
40,19,121,0.2238,0.2306,0.2258,0.24
41,19,124,0.2368,0.2228,0.2225,0.2062
42,19,127,0.2425,0.2315,0.2262,0.2337
43,19,130,0.2406,0.2272,0.2295,0.2232
44,19,133,0.1588,0.225,0.1995,0.2453
45,19,136,0.2457,0.2367,0.2427,0.2366
46,19,139,0.1974,0.2579,0.2018,0.2226
47,19,142,0.2201,0.2215,0.2308,0.2219
48,19,145,0.212,0.2074,0.2528,0.2206
49,19,148,0.2187,0.2186,0.2332,0.2121
50,19,151,0.1921,0.2556,0.2436,0.2322
51,19,154,0.217,0.2072,0.2227,0.2178
52,19,157,0.2813,0.1684,0.2186,0.1727
53,19,160,0.2199,0.2241,0.2714,0.2377
54,19,163,0.2011,0.2078,0.1659,0.1851
55,19,166,0.2247,0.2253,0.2093,0.2374
56,19,169,0.2346,0.2246,0.2349,0.1862
57,19,172,0.2282,0.2241,0.2404,0.2342
58,19,175,0.2307,0.2291,0.2206,0.2306
59,19,178,0.2176,0.2459,0.1723,0.2263
60,19,181,0.2517,0.2211,0.2231,0.1756
61,19,184,0.1566,0.1721,0.2428,0.2444
62,19,187,0.235,0.1999,0.207,0.2572
63,19,190,0.2158,0.2312,0.2164,0.1905
64,19,193,0.2326,0.152,0.2236,0.1866
65,19,196,0.2257,0.2309,0.2405,0.2112
66,19,199,0.225,0.2438,0.1386,0.1796
67,19,202,0.2443,0.221,0.243,0.1307
68,19,205,0.2213,0.2179,0.1374,0.2556
69,19,208,0.2677,0.2453,0.1742,0.2271
70,19,211,0.2273,0.1913,0.1747,0.2472
71,19,214,0.2389,0.1348,0.2396,0.2202
72,19,217,0.1888,0.2171,0.1737,0.2031
73,19,220,0.2171,0.2085,0.1742,0.2088
74,19,223,0.2521,0.1632,0.2303,0.238
75,19,226,0.2217,0.2323,0.2186,0.2281
76,19,229,0.2406,0.2207,0.2134,0.1899
77,19,232,0.1812,0.182,0.2103,0.2214
78,19,235,0.1765,0.2076,0.1593,0.2409
79,19,238,0.1844,0.2138,0.2271,0.2291
80,19,241,0.183,0.1614,0.2341,0.2286
81,19,244,0.1316,0.1249,0.2462,0.1816
82,19,247,0.1765,0.1829,0.1191,0.1815
83,19,250,0.1782,0.2286,0.1993,0.2242
84,19,253,0.2429,0.0928,0.1894,0.2244
85,19,256,0.236,0.1683,0.205,0.1783
86,19,259,0.2248,0.04356,0.1811,0.1577
87,19,262,0.1765,0.1583,0.1307,0.1316
88,19,265,0.1837,0.1399,0.2405,0.2325
89,19,268,0.1328,0.214,0.18,0.1379
90,19,271,0.1386,0.1826,0.1824,0.1009
91,19,274,0.2206,0.1756,0.1871,0.2182
92,19,277,0.1905,0.1998,0.1669,0.1454
93,19,280,0.2243,0.2032,0.2098,0.2116
94,19,283,0.22,0.2378,0.1742,0.2282
95,19,286,0.132,0.1782,0.1943,0.1823
96,19,289,0.1297,0.191,0.1861,0.1943
97,19,292,0.1307,0.1966,0.1752,0.1764
98,19,295,0.2142,0.1428,0.1753,0.187
99,19,298,0.1507,0.1784,0.2128,0.1756
,Dataset#,L,att_1,att_2,att_3,att_4
0,20,1,0.3465,0.3364,0.3161,0.3173
1,20,4,0.3518,0.3397,0.3781,0.4096
2,20,7,0.4389,0.4042,0.384,0.4304
3,20,10,0.409,0.3842,0.4271,0.4132
4,20,13,0.4216,0.4473,0.3876,0.4318
5,20,16,0.3919,0.4045,0.4188,0.4442
6,20,19,0.4302,0.4045,0.4244,0.4382
7,20,22,0.4054,0.4238,0.435,0.4225
8,20,25,0.4053,0.4362,0.4449,0.4298
9,20,28,0.3602,0.43,0.4079,0.4209
10,20,31,0.4398,0.4116,0.4383,0.4253
11,20,34,0.4238,0.4236,0.44,0.3962
12,20,37,0.4537,0.389,0.4337,0.4519
13,20,40,0.3366,0.4396,0.4182,0.3828
14,20,43,0.4676,0.4308,0.4128,0.4487
15,20,46,0.3864,0.3914,0.3988,0.4139
16,20,49,0.4158,0.4122,0.4328,0.4341
17,20,52,0.4003,0.3959,0.4082,0.3779
18,20,55,0.4547,0.408,0.3983,0.4546
19,20,58,0.3967,0.4335,0.3965,0.3994
20,20,61,0.3501,0.3774,0.4068,0.4047
21,20,64,0.3969,0.4313,0.3715,0.4097
22,20,67,0.4286,0.4147,0.4084,0.3734
23,20,70,0.4026,0.38,0.348,0.4056
24,20,73,0.3818,0.4368,0.4309,0.3746
25,20,76,0.3898,0.4148,0.3862,0.419
26,20,79,0.3887,0.4411,0.4178,0.378
27,20,82,0.4381,0.4145,0.3883,0.4341
28,20,85,0.4597,0.4264,0.4484,0.3906
29,20,88,0.4302,0.3505,0.3996,0.3896
30,20,91,0.3981,0.3802,0.4101,0.41
31,20,94,0.41,0.4403,0.4331,0.4202
32,20,97,0.4315,0.3962,0.4422,0.3825
33,20,100,0.4382,0.3916,0.433,0.4237
34,20,103,0.4267,0.4629,0.3992,0.377
35,20,106,0.4493,0.4285,0.407,0.4013
36,20,109,0.3987,0.4116,0.4508,0.3955
37,20,112,0.3936,0.4328,0.3612,0.4121
38,20,115,0.4241,0.4074,0.3703,0.3775
39,20,118,0.4124,0.3948,0.4424,0.3774
40,20,121,0.4364,0.3995,0.4142,0.3651
41,20,124,0.387,0.4065,0.3881,0.3543
42,20,127,0.407,0.3954,0.3931,0.3495
43,20,130,0.3828,0.3936,0.3902,0.4653
44,20,133,0.4271,0.3802,0.4264,0.4211
45,20,136,0.3383,0.398,0.3803,0.3114
46,20,139,0.3099,0.405,0.4225,0.4162
47,20,142,0.4032,0.356,0.3627,0.4083
48,20,145,0.3865,0.3379,0.4061,0.3129
49,20,148,0.3934,0.3496,0.3799,0.2791
50,20,151,0.4241,0.4172,0.4139,0.3544
51,20,154,0.2919,0.2915,0.3974,0.4131
52,20,157,0.377,0.3666,0.3458,0.3751
53,20,160,0.3087,0.4359,0.3712,0.3417
54,20,163,0.4158,0.3429,0.4373,0.3715
55,20,166,0.2906,0.3062,0.3862,0.3733
56,20,169,0.4369,0.3267,0.3954,0.3874
57,20,172,0.2391,0.4838,0.3374,0.3925
58,20,175,0.2723,0.3176,0.3213,0.3097
59,20,178,0.3091,0.3977,0.3386,0.4152
60,20,181,0.3707,0.4244,0.3143,0.4401
61,20,184,0.2839,0.3828,0.3922,0.3493
62,20,187,0.3638,0.3725,0.3373,0.3565
63,20,190,0.3988,0.3488,0.3704,0.4005
64,20,193,0.3708,0.4291,0.4021,0.4234
65,20,196,0.4148,0.4012,0.3846,0.3387
66,20,199,0.4032,0.3538,0.3856,0.422
67,20,202,0.3963,0.4237,0.4271,0.3091
68,20,205,0.2809,0.2708,0.2707,0.2906
69,20,208,0.2066,0.3004,0.2684,0.2443
70,20,211,0.3364,0.3564,0.4023,0.2953
71,20,214,0.3046,0.3916,0.4035,0.3735
72,20,217,0.3277,0.3755,0.3448,0.3813
73,20,220,0.405,0.3353,0.3725,0.3913
74,20,223,0.3822,0.4242,0.4253,0.4019
75,20,226,0.269,0.352,0.4254,0.3371
76,20,229,0.1748,0.2996,0.3457,0.4269
77,20,232,0.3648,0.2305,0.4083,0.3991
78,20,235,0.3954,0.2618,0.3483,0.4748
79,20,238,0.4478,0.3516,0.2944,0.2547
80,20,241,0.3494,0.3688,0.4093,0.3657
81,20,244,0.2726,0.2995,0.4068,0.3522
82,20,247,0.3469,0.4119,0.2521,0.4209
83,20,250,0.3535,0.4043,0.4176,0.4065
84,20,253,0.3676,0.2626,0.3218,0.2796
85,20,256,0.3744,0.3921,0.2924,0.3384
86,20,259,0.3358,0.23,0.3951,0.432
87,20,262,0.3133,0.4056,0.4043,0.2105
88,20,265,0.2015,0.4111,0.327,0.2988
89,20,268,0.3743,0.1875,0.2252,0.4829
90,20,271,0.3577,0.1752,0.1766,0.322
91,20,274,0.1404,0.2426,0.2905,0.2278
92,20,277,0.18,0.3038,0.2913,0.4133
93,20,280,0.1553,0.3019,0.1653,0.152
94,20,283,0.3817,0.3367,0.3606,0.3952
95,20,286,0.07042,0.1808,0.3917,0.3788
96,20,289,0.1725,0.2537,0.2462,0.3004
97,20,292,0.2818,0.3667,0.2395,0.1062
98,20,295,0.2173,0.3119,0.2303,0.3826
99,20,298,0.3096,0.2754,0.3619,0.24
,Dataset#,L,att_1,att_2,att_3,att_4
0,21,1,0.6033,0.6027,0.6108,0.6111
1,21,4,0.6156,0.6151,0.6255,0.6093
2,21,7,0.6181,0.6164,0.6252,0.6049
3,21,10,0.6248,0.6172,0.6187,0.6298
4,21,13,0.6167,0.61,0.6125,0.6342
5,21,16,0.6294,0.6073,0.6261,0.6201
6,21,19,0.6228,0.6237,0.6171,0.6244
7,21,22,0.6141,0.6258,0.6207,0.6162
8,21,25,0.5872,0.6173,0.6068,0.6137
9,21,28,0.6297,0.6151,0.6187,0.6196
10,21,31,0.6217,0.6361,0.6146,0.6212
11,21,34,0.618,0.5937,0.6177,0.6121
12,21,37,0.615,0.6289,0.6187,0.6194
13,21,40,0.6267,0.6099,0.6264,0.6267
14,21,43,0.6211,0.6108,0.6179,0.6173
15,21,46,0.6158,0.6251,0.6116,0.624
16,21,49,0.6133,0.6257,0.605,0.6191
17,21,52,0.6145,0.6049,0.63,0.6194
18,21,55,0.6078,0.6239,0.6274,0.615
19,21,58,0.6148,0.6343,0.5734,0.5941
20,21,61,0.5844,0.6182,0.5904,0.6364
21,21,64,0.5689,0.5719,0.6056,0.6074
22,21,67,0.5873,0.6034,0.6109,0.6021
23,21,70,0.5992,0.6112,0.5891,0.6219
24,21,73,0.567,0.6323,0.5921,0.5643
25,21,76,0.621,0.5974,0.6219,0.5947
26,21,79,0.5681,0.6262,0.6113,0.5965
27,21,82,0.5916,0.6041,0.5804,0.5833
28,21,85,0.6274,0.5926,0.5871,0.5889
29,21,88,0.5572,0.6161,0.5927,0.6067
30,21,91,0.6115,0.5872,0.5962,0.6007
31,21,94,0.6179,0.6017,0.5824,0.6073
32,21,97,0.6004,0.6046,0.6188,0.5479
33,21,100,0.6104,0.5672,0.5876,0.614
34,21,103,0.603,0.6029,0.5858,0.6118
35,21,106,0.5841,0.5419,0.5743,0.6014
36,21,109,0.5848,0.5263,0.5903,0.6047
37,21,112,0.588,0.6192,0.5849,0.5953
38,21,115,0.5691,0.5825,0.5828,0.6
39,21,118,0.6116,0.5659,0.5794,0.5605
40,21,121,0.5692,0.6189,0.6113,0.6034
41,21,124,0.5854,0.6022,0.5546,0.614
42,21,127,0.5931,0.5538,0.612,0.585
43,21,130,0.5598,0.5976,0.6105,0.5647
44,21,133,0.6143,0.6196,0.598,0.5574
45,21,136,0.6302,0.5673,0.5764,0.5926
46,21,139,0.596,0.6168,0.5714,0.6141
47,21,142,0.5829,0.5984,0.5853,0.6174
48,21,145,0.6211,0.5555,0.6061,0.5934
49,21,148,0.5526,0.586,0.5818,0.5618
50,21,151,0.5788,0.6362,0.5459,0.5982
51,21,154,0.5506,0.5974,0.5703,0.569
52,21,157,0.6084,0.5753,0.617,0.6335
53,21,160,0.5707,0.5474,0.6133,0.599
54,21,163,0.5424,0.5263,0.5798,0.5975
55,21,166,0.5948,0.5289,0.5873,0.598
56,21,169,0.5564,0.5571,0.5866,0.5602
57,21,172,0.6047,0.6068,0.6011,0.5611
58,21,175,0.5472,0.5887,0.5804,0.5687
59,21,178,0.6083,0.5515,0.602,0.5811
60,21,181,0.5822,0.5884,0.5637,0.5437
61,21,184,0.5949,0.5743,0.5866,0.6335
62,21,187,0.6237,0.6091,0.5638,0.5898
63,21,190,0.5431,0.5793,0.5594,0.5879
64,21,193,0.6179,0.5953,0.6048,0.5809
65,21,196,0.5738,0.5827,0.574,0.5872
66,21,199,0.5996,0.5873,0.6189,0.5816
67,21,202,0.6189,0.5791,0.5999,0.5963
68,21,205,0.6191,0.5544,0.5414,0.5843
69,21,208,0.5517,0.5491,0.6076,0.5882
70,21,211,0.575,0.6005,0.5703,0.5641
71,21,214,0.589,0.5336,0.5946,0.5717
72,21,217,0.6246,0.5803,0.5784,0.5572
73,21,220,0.5235,0.5984,0.5673,0.5278
74,21,223,0.5926,0.5619,0.5958,0.5905
75,21,226,0.54,0.5966,0.5623,0.5535
76,21,229,0.6067,0.5898,0.5742,0.5492
77,21,232,0.5778,0.6018,0.5584,0.5702
78,21,235,0.583,0.4823,0.5921,0.5524
79,21,238,0.5501,0.5271,0.5799,0.5713
80,21,241,0.5353,0.6251,0.5646,0.6068
81,21,244,0.5991,0.5765,0.6235,0.5806
82,21,247,0.5671,0.5552,0.5473,0.5617
83,21,250,0.591,0.5685,0.5271,0.5611
84,21,253,0.5381,0.4583,0.587,0.5462
85,21,256,0.5834,0.5924,0.4574,0.5714
86,21,259,0.5599,0.4763,0.5306,0.5985
87,21,262,0.579,0.562,0.5904,0.599
88,21,265,0.6144,0.5835,0.6068,0.5243
89,21,268,0.595,0.578,0.4835,0.533
90,21,271,0.6004,0.3421,0.4422,0.5392
91,21,274,0.5335,0.5842,0.6047,0.5512
92,21,277,0.6131,0.5748,0.4578,0.5548
93,21,280,0.4543,0.4951,0.5844,0.5548
94,21,283,0.5869,0.5691,0.4858,0.4773
95,21,286,0.5589,0.5969,0.5573,0.5602
96,21,289,0.5796,0.5857,0.5783,0.5604
97,21,292,0.5671,0.4666,0.465,0.4398
98,21,295,0.4595,0.5939,0.4487,0.4596
99,21,298,0.5637,0.4244,0.4525,0.4537
,Dataset#,L,att_1,att_2,att_3,att_4
0,22,1,0.3077,0.3155,0.3045,0.3096
1,22,4,0.3127,0.293,0.3179,0.3071
2,22,7,0.2657,0.2833,0.2879,0.2927
3,22,10,0.2486,0.2688,0.3271,0.2847
4,22,13,0.2849,0.2779,0.2621,0.2531
5,22,16,0.2854,0.3004,0.2736,0.3044
6,22,19,0.289,0.2795,0.2946,0.272
7,22,22,0.2856,0.2807,0.2808,0.2961
8,22,25,0.281,0.3037,0.3017,0.2691
9,22,28,0.3174,0.2665,0.2873,0.2839
10,22,31,0.3192,0.2703,0.2819,0.3037
11,22,34,0.3065,0.281,0.2862,0.2874
12,22,37,0.2688,0.2789,0.2956,0.2821
13,22,40,0.2983,0.3139,0.3041,0.2598
14,22,43,0.3093,0.2791,0.2764,0.2739
15,22,46,0.2883,0.2956,0.2953,0.2935
16,22,49,0.2471,0.28,0.3083,0.2805
17,22,52,0.2989,0.3149,0.2749,0.2748
18,22,55,0.2895,0.286,0.2913,0.288
19,22,58,0.2598,0.307,0.2975,0.2258
20,22,61,0.2832,0.2942,0.266,0.337
21,22,64,0.3014,0.2707,0.2845,0.2921
22,22,67,0.269,0.248,0.2818,0.3201
23,22,70,0.3112,0.3099,0.2944,0.3362
24,22,73,0.3014,0.2797,0.2904,0.2927
25,22,76,0.2794,0.2958,0.2805,0.3433
26,22,79,0.2854,0.2776,0.2785,0.2893
27,22,82,0.2591,0.2677,0.318,0.2649
28,22,85,0.2472,0.2788,0.282,0.2874
29,22,88,0.3003,0.3095,0.2682,0.2528
30,22,91,0.2858,0.2739,0.2648,0.2795
31,22,94,0.2633,0.272,0.2617,0.2356
32,22,97,0.3061,0.268,0.2645,0.287
33,22,100,0.2956,0.275,0.2727,0.2946
34,22,103,0.2507,0.2505,0.2533,0.2815
35,22,106,0.2742,0.3333,0.2526,0.3016
36,22,109,0.2746,0.2622,0.2697,0.3186
37,22,112,0.2445,0.2939,0.2505,0.2753
38,22,115,0.2783,0.2916,0.2615,0.2468
39,22,118,0.3113,0.3194,0.2959,0.2753
40,22,121,0.2805,0.3016,0.3339,0.3053
41,22,124,0.3114,0.1948,0.2573,0.2753
42,22,127,0.2586,0.2785,0.2827,0.2954
43,22,130,0.2718,0.2731,0.2958,0.2538
44,22,133,0.2421,0.2905,0.2783,0.2651
45,22,136,0.2916,0.276,0.295,0.2605
46,22,139,0.2357,0.2452,0.3122,0.2609
47,22,142,0.2824,0.2479,0.2577,0.2799
48,22,145,0.2419,0.261,0.254,0.2822
49,22,148,0.2593,0.26,0.2404,0.2352
50,22,151,0.2963,0.2792,0.3185,0.2506
51,22,154,0.2574,0.276,0.2906,0.2625
52,22,157,0.2935,0.2787,0.2289,0.2721
53,22,160,0.2748,0.2955,0.3088,0.2014
54,22,163,0.2756,0.2688,0.2614,0.289
55,22,166,0.3068,0.2687,0.3325,0.286
56,22,169,0.2958,0.2677,0.2704,0.2287
57,22,172,0.3231,0.2635,0.2207,0.2436
58,22,175,0.2307,0.3035,0.2465,0.2199
59,22,178,0.2943,0.2211,0.2305,0.2693
60,22,181,0.2747,0.2514,0.2798,0.2392
61,22,184,0.2988,0.2622,0.2608,0.2548
62,22,187,0.2766,0.2684,0.3031,0.2976
63,22,190,0.248,0.2019,0.2725,0.3089
64,22,193,0.3034,0.2605,0.298,0.2304
65,22,196,0.2559,0.2599,0.2719,0.2387
66,22,199,0.277,0.2282,0.2305,0.2957
67,22,202,0.2554,0.2591,0.2069,0.1672
68,22,205,0.2903,0.2738,0.2803,0.2791
69,22,208,0.2327,0.2863,0.3103,0.2661
70,22,211,0.165,0.2511,0.2422,0.2942
71,22,214,0.308,0.2714,0.2375,0.273
72,22,217,0.21,0.3031,0.2988,0.276
73,22,220,0.1612,0.279,0.2598,0.2371
74,22,223,0.2976,0.3049,0.2638,0.21
75,22,226,0.2543,0.255,0.2827,0.2856
76,22,229,0.3333,0.2877,0.2694,0.269
77,22,232,0.2706,0.3007,0.3099,0.2234
78,22,235,0.2518,0.2399,0.255,0.2292
79,22,238,0.2541,0.2245,0.2917,0.2072
80,22,241,0.2289,0.2304,0.2584,0.2728
81,22,244,0.1976,0.2331,0.2746,0.2989
82,22,247,0.2347,0.3184,0.2898,0.1556
83,22,250,0.2932,0.2965,0.1962,0.1909
84,22,253,0.277,0.2731,0.2899,0.2817
85,22,256,0.2584,0.2899,0.3106,0.2157
86,22,259,0.2078,0.2797,0.2898,0.2593
87,22,262,0.2666,0.1412,0.25,0.2506
88,22,265,0.229,0.2408,0.1556,0.2859
89,22,268,0.2252,0.2705,0.2749,0.1846
90,22,271,0.2088,0.2574,0.2671,0.2436
91,22,274,0.1686,0.3145,0.2204,0.2825
92,22,277,0.2995,0.2508,0.1913,0.219
93,22,280,0.2339,0.2561,0.2179,0.2367
94,22,283,0.1662,0.2633,0.2649,0.2716
95,22,286,0.2077,0.1764,0.2234,0.2903
96,22,289,0.2313,0.2861,0.2513,0.279
97,22,292,0.2344,0.1037,0.1858,0.1391
98,22,295,0.2117,0.2628,0.2282,0.1211
99,22,298,0.1997,0.2987,0.2838,0.265
,Dataset#,L,att_1,att_2,att_3,att_4
0,24,1,0.2374,0.2374,0.2374,0.2374
1,24,4,0.2416,0.2499,0.234,0.2423
2,24,7,0.2487,0.2405,0.2454,0.2482
3,24,10,0.2458,0.2479,0.2423,0.2594
4,24,13,0.2464,0.2587,0.271,0.2512
5,24,16,0.2621,0.2605,0.2469,0.2505
6,24,19,0.2279,0.2613,0.2562,0.2613
7,24,22,0.2782,0.271,0.2793,0.2336
8,24,25,0.2274,0.2675,0.2471,0.271
9,24,28,0.2766,0.2561,0.2791,0.2538
10,24,31,0.2616,0.2522,0.2477,0.2515
11,24,34,0.2469,0.2561,0.2599,0.2391
12,24,37,0.2732,0.2643,0.2558,0.2467
13,24,40,0.2582,0.2699,0.2579,0.2649
14,24,43,0.2717,0.2602,0.3172,0.2759
15,24,46,0.2599,0.2659,0.2547,0.2475
16,24,49,0.2801,0.2641,0.2447,0.2735
17,24,52,0.2495,0.2696,0.2715,0.2798
18,24,55,0.2455,0.2566,0.2554,0.2622
19,24,58,0.3061,0.2471,0.2721,0.2629
20,24,61,0.2594,0.2326,0.2625,0.2617
21,24,64,0.3131,0.2673,0.2592,0.3226
22,24,67,0.2483,0.2526,0.2644,0.2886
23,24,70,0.245,0.2578,0.2293,0.2649
24,24,73,0.2681,0.2599,0.2812,0.2646
25,24,76,0.2556,0.3016,0.2742,0.2801
26,24,79,0.2419,0.2775,0.2998,0.2866
27,24,82,0.2573,0.2642,0.2724,0.275
28,24,85,0.259,0.2583,0.2594,0.255
29,24,88,0.2539,0.282,0.2551,0.2458
30,24,91,0.236,0.2875,0.2479,0.2511
31,24,94,0.3098,0.2599,0.2973,0.2439
32,24,97,0.2644,0.2493,0.2477,0.28
33,24,100,0.2842,0.3244,0.2611,0.2703
34,24,103,0.2436,0.2963,0.2462,0.2928
35,24,106,0.2693,0.2448,0.2456,0.2707
36,24,109,0.2906,0.254,0.2552,0.3027
37,24,112,0.2797,0.2459,0.2827,0.2641
38,24,115,0.2393,0.2836,0.2889,0.2433
39,24,118,0.2586,0.2888,0.2374,0.2655
40,24,121,0.2819,0.2618,0.2903,0.2503
41,24,124,0.2716,0.2493,0.2755,0.28
42,24,127,0.2458,0.2689,0.249,0.2547
43,24,130,0.2757,0.2555,0.2758,0.3209
44,24,133,0.2393,0.2396,0.2932,0.2486
45,24,136,0.2922,0.2738,0.2496,0.2518
46,24,139,0.2222,0.2782,0.2615,0.2612
47,24,142,0.2515,0.2456,0.2527,0.2517
48,24,145,0.2844,0.2458,0.2374,0.2896
49,24,148,0.2916,0.2767,0.2564,0.2485
50,24,151,0.2497,0.2026,0.1885,0.2782
51,24,154,0.2582,0.2998,0.2953,0.1893
52,24,157,0.2579,0.2515,0.278,0.2418
53,24,160,0.2337,0.2599,0.2794,0.259
54,24,163,0.2595,0.2616,0.2621,0.2734
55,24,166,0.1521,0.2836,0.2591,0.3014
56,24,169,0.2909,0.266,0.269,0.266
57,24,172,0.224,0.3038,0.2582,0.2425
58,24,175,0.2496,0.2342,0.2427,0.1928
59,24,178,0.1997,0.2159,0.2564,0.2522
60,24,181,0.3433,0.2607,0.2534,0.2375
61,24,184,0.2093,0.304,0.2464,0.1911
62,24,187,0.2954,0.2545,0.2497,0.28
63,24,190,0.3008,0.2357,0.2442,0.2501
64,24,193,0.2738,0.2743,0.2797,0.2347
65,24,196,0.2787,0.2418,0.2097,0.2632
66,24,199,0.2206,0.1968,0.2723,0.3119
67,24,202,0.2093,0.2374,0.2374,0.2263
68,24,205,0.2717,0.2634,0.2713,0.1998
69,24,208,0.1893,0.2612,0.2802,0.2234
70,24,211,0.09628,0.2365,0.2358,0.1893
71,24,214,0.244,0.2491,0.2631,0.2204
72,24,217,0.2589,0.2398,0.255,0.2211
73,24,220,0.189,0.2097,0.2787,0.2101
74,24,223,0.269,0.2229,0.1411,0.1893
75,24,226,0.3047,0.2498,0.1977,0.2588
76,24,229,0.226,0.2651,0.2167,0.234
77,24,232,0.2171,0.1421,0.2959,0.2892
78,24,235,0.302,0.2052,0.2037,0.3207
79,24,238,0.2278,0.285,0.1673,0.2516
80,24,241,0.1985,0.1578,0.2343,0.2822
81,24,244,0.3015,0.2349,0.2607,0.3107
82,24,247,0.2366,0.2235,0.1893,0.254
83,24,250,0.2413,0.262,0.2108,0.2452
84,24,253,0.1983,0.2731,0.2922,0.2452
85,24,256,0.2077,0.263,0.2498,0.2832
86,24,259,0.1995,0.2321,0.255,0.2758
87,24,262,0.1797,0.2616,0.2561,0.2138
88,24,265,0.2549,0.1932,0.1933,0.2557
89,24,268,0.1926,0.1712,0.1926,0.246
90,24,271,0.2516,0.2447,0.2028,0.2374
91,24,274,0.2209,0.1807,0.2379,0.2371
92,24,277,0.2572,0.1946,0.1946,0.213
93,24,280,0.2352,0.09628,0.1443,0.1786
94,24,283,0.09628,0.2342,0.1655,0.1965
95,24,286,0.2573,0.3005,0.1904,0.214
96,24,289,0.2452,0.2041,0.1411,0.1424
97,24,292,0.1443,0.2171,0.2635,0.2078
98,24,295,0.2016,0.1911,0.2232,0.09364
99,24,298,0.2589,0.1926,0.268,0.2382
,Dataset#,L,att_1,att_2,att_3,att_4
0,25,1,0.2227,0.2254,0.244,0.2333
1,25,4,0.2272,0.2411,0.263,0.2265
2,25,7,0.2559,0.2662,0.2456,0.2523
3,25,10,0.2565,0.2682,0.2639,0.2456
4,25,13,0.2644,0.2198,0.2372,0.2487
5,25,16,0.2338,0.2489,0.2644,0.2564
6,25,19,0.2677,0.2707,0.2478,0.2749
7,25,22,0.2485,0.2598,0.2587,0.2812
8,25,25,0.2442,0.2756,0.2617,0.2892
9,25,28,0.2739,0.2783,0.2887,0.2597
10,25,31,0.2552,0.2531,0.2579,0.2846
11,25,34,0.2645,0.2596,0.2371,0.2476
12,25,37,0.2536,0.2875,0.3137,0.2347
13,25,40,0.2998,0.2474,0.2744,0.3101
14,25,43,0.254,0.2719,0.2922,0.2736
15,25,46,0.2592,0.2389,0.2996,0.2508
16,25,49,0.2366,0.2588,0.2384,0.282
17,25,52,0.2649,0.251,0.2556,0.2513
18,25,55,0.2716,0.3003,0.2463,0.2762
19,25,58,0.2826,0.2929,0.2659,0.2538
20,25,61,0.2703,0.3018,0.2528,0.2556
21,25,64,0.2616,0.28,0.2658,0.2596
22,25,67,0.26,0.2644,0.2546,0.2872
23,25,70,0.274,0.2897,0.3056,0.2448
24,25,73,0.2646,0.2889,0.3069,0.2682
25,25,76,0.2306,0.258,0.2668,0.2628
26,25,79,0.2486,0.2864,0.2445,0.2412
27,25,82,0.3035,0.2805,0.2686,0.3064
28,25,85,0.2645,0.2646,0.2914,0.2649
29,25,88,0.2481,0.2755,0.2668,0.2474
30,25,91,0.2685,0.2603,0.2519,0.2631
31,25,94,0.2552,0.2949,0.2423,0.3142
32,25,97,0.3674,0.299,0.2578,0.2545
33,25,100,0.2501,0.2876,0.279,0.2782
34,25,103,0.2376,0.2852,0.2682,0.264
35,25,106,0.2897,0.2836,0.2497,0.2795
36,25,109,0.2423,0.2666,0.2833,0.2695
37,25,112,0.2518,0.2799,0.2526,0.2489
38,25,115,0.2492,0.2527,0.2605,0.3002
39,25,118,0.2405,0.3012,0.2713,0.2706
40,25,121,0.2496,0.2696,0.2334,0.3042
41,25,124,0.2531,0.2804,0.2473,0.2886
42,25,127,0.2256,0.2238,0.2576,0.2501
43,25,130,0.2738,0.2952,0.2693,0.3026
44,25,133,0.2109,0.251,0.241,0.2456
45,25,136,0.2662,0.2596,0.2053,0.2241
46,25,139,0.2003,0.2493,0.2881,0.1483
47,25,142,0.257,0.2132,0.2579,0.2338
48,25,145,0.147,0.2665,0.2392,0.247
49,25,148,0.2636,0.23,0.2522,0.2675
50,25,151,0.2499,0.2745,0.2677,0.2848
51,25,154,0.2492,0.2488,0.2148,0.2161
52,25,157,0.2603,0.2796,0.2655,0.2399
53,25,160,0.2721,0.2694,0.2081,0.2458
54,25,163,0.2197,0.2501,0.2708,0.2409
55,25,166,0.2538,0.2707,0.2628,0.2494
56,25,169,0.1731,0.2747,0.2645,0.2859
57,25,172,0.2073,0.2453,0.2899,0.2443
58,25,175,0.1941,0.2299,0.2723,0.2816
59,25,178,0.2675,0.2,0.1811,0.2853
60,25,181,0.252,0.2668,0.2777,0.1739
61,25,184,0.2388,0.2836,0.2519,0.2622
62,25,187,0.2619,0.2751,0.2992,0.2657
63,25,190,0.2767,0.1845,0.279,0.2517
64,25,193,0.2036,0.2534,0.2835,0.2084
65,25,196,0.1741,0.2555,0.2484,0.2457
66,25,199,0.204,0.2849,0.2261,0.2382
67,25,202,0.2532,0.2066,0.2373,0.271
68,25,205,0.1981,0.2818,0.2181,0.2471
69,25,208,0.2395,0.2451,0.2175,0.1915
70,25,211,0.2865,0.159,0.2266,0.253
71,25,214,0.2324,0.1923,0.2837,0.26
72,25,217,0.2384,0.2178,0.1689,0.2666
73,25,220,0.1235,0.2471,0.2738,0.2499
74,25,223,0.2447,0.2925,0.2292,0.149
75,25,226,0.1332,0.2459,0.233,0.1993
76,25,229,0.2301,0.1993,0.1846,0.2242
77,25,232,0.2329,0.172,0.1872,0.1886
78,25,235,0.2878,0.1558,0.3117,0.2674
79,25,238,0.1684,0.2417,0.1704,0.2316
80,25,241,0.237,0.08374,0.1535,0.2784
81,25,244,0.2313,0.1969,0.208,0.2677
82,25,247,0.1919,0.243,0.2151,0.1697
83,25,250,0.3208,0.1828,0.2003,0.2208
84,25,253,0.2135,0.2346,0.2338,0.2178
85,25,256,0.2182,0.1536,0.2186,0.3008
86,25,259,0.2841,0.2461,0.2752,0.2163
87,25,262,0.2082,0.133,0.2884,0.2781
88,25,265,0.2276,0.2485,0.2348,0.2682
89,25,268,0.2044,0.1551,0.2319,0.2908
90,25,271,0.2606,0.1485,0.2591,0.225
91,25,274,0.1598,0.1996,0.2794,0.2214
92,25,277,0.2297,0.2364,0.1807,0.2585
93,25,280,0.2356,0.2385,0.2451,0.2586
94,25,283,0.1705,0.2634,0.2396,0.04944
95,25,286,0.04486,0.2361,0.2486,0.2039
96,25,289,0.2464,0.1379,0.271,0.1517
97,25,292,0.1873,0.1836,0.2477,0.2398
98,25,295,0.1822,0.2478,0.151,0.2952
99,25,298,0.2575,0.244,0.1544,0.2071
,Dataset#,L,att_1,att_2,att_3,att_4
0,26,1,0.6165,0.6188,0.6158,0.6253
1,26,4,0.6592,0.645,0.6325,0.6145
2,26,7,0.6213,0.6482,0.6191,0.6342
3,26,10,0.6246,0.6636,0.612,0.6248
4,26,13,0.6379,0.638,0.6402,0.6465
5,26,16,0.6439,0.6282,0.6243,0.6493
6,26,19,0.5878,0.6282,0.6436,0.6815
7,26,22,0.6319,0.6031,0.6427,0.6624
8,26,25,0.6464,0.6748,0.657,0.6494
9,26,28,0.6459,0.6677,0.6675,0.6594
10,26,31,0.6745,0.6524,0.6617,0.6642
11,26,34,0.6531,0.6272,0.6634,0.6704
12,26,37,0.6497,0.6671,0.6952,0.6253
13,26,40,0.667,0.6503,0.6622,0.6817
14,26,43,0.6838,0.6605,0.6558,0.6436
15,26,46,0.6357,0.66,0.6516,0.6573
16,26,49,0.6715,0.6518,0.657,0.6368
17,26,52,0.6726,0.6681,0.6566,0.6583
18,26,55,0.6674,0.6541,0.5857,0.6431
19,26,58,0.6749,0.6713,0.6529,0.6499
20,26,61,0.6153,0.6062,0.661,0.665
21,26,64,0.6782,0.6141,0.6608,0.6472
22,26,67,0.6655,0.6654,0.6453,0.6475
23,26,70,0.6378,0.6629,0.6475,0.7014
24,26,73,0.6673,0.645,0.6378,0.6627
25,26,76,0.6592,0.6864,0.6699,0.6377
26,26,79,0.6397,0.635,0.6562,0.6658
27,26,82,0.6639,0.6193,0.6516,0.6424
28,26,85,0.6732,0.6845,0.6301,0.6571
29,26,88,0.6373,0.69,0.6659,0.6428
30,26,91,0.6429,0.6067,0.6207,0.6348
31,26,94,0.6556,0.666,0.6484,0.6108
32,26,97,0.6605,0.6112,0.6541,0.6517
33,26,100,0.6468,0.6336,0.6335,0.6716
34,26,103,0.6323,0.6747,0.6481,0.6435
35,26,106,0.6575,0.6714,0.6179,0.5994
36,26,109,0.5974,0.6347,0.6021,0.6227
37,26,112,0.6282,0.6482,0.611,0.6334
38,26,115,0.659,0.6199,0.6464,0.6701
39,26,118,0.6219,0.6527,0.6461,0.6115
40,26,121,0.6504,0.5911,0.5982,0.6313
41,26,124,0.631,0.6124,0.6584,0.6701
42,26,127,0.6457,0.6757,0.6331,0.6396
43,26,130,0.6207,0.6492,0.6186,0.6266
44,26,133,0.6074,0.6248,0.66,0.6297
45,26,136,0.6498,0.6001,0.6606,0.6655
46,26,139,0.6313,0.6622,0.6039,0.6466
47,26,142,0.661,0.6392,0.6737,0.6221
48,26,145,0.6455,0.5976,0.6444,0.6124
49,26,148,0.6221,0.6074,0.6261,0.5926
50,26,151,0.6228,0.6175,0.6241,0.6466
51,26,154,0.6111,0.595,0.6228,0.6137
52,26,157,0.6321,0.6318,0.6164,0.6387
53,26,160,0.6429,0.6098,0.6471,0.6081
54,26,163,0.5728,0.6613,0.6318,0.6175
55,26,166,0.6182,0.6261,0.6182,0.6314
56,26,169,0.6332,0.642,0.5784,0.6165
57,26,172,0.6424,0.6547,0.6559,0.6348
58,26,175,0.6241,0.6263,0.5761,0.6037
59,26,178,0.6117,0.62,0.647,0.6162
60,26,181,0.6298,0.6765,0.6009,0.6058
61,26,184,0.6269,0.6461,0.6202,0.6139
62,26,187,0.6325,0.5968,0.6298,0.6285
63,26,190,0.5841,0.6119,0.564,0.6034
64,26,193,0.5967,0.6351,0.5959,0.6181
65,26,196,0.6423,0.6198,0.5986,0.5892
66,26,199,0.6346,0.6112,0.6238,0.4706
67,26,202,0.6181,0.6169,0.5916,0.5952
68,26,205,0.6417,0.5936,0.6245,0.6022
69,26,208,0.6284,0.4734,0.6198,0.6203
70,26,211,0.5697,0.604,0.6166,0.6098
71,26,214,0.6286,0.6381,0.5843,0.6149
72,26,217,0.6038,0.6167,0.6474,0.4766
73,26,220,0.5983,0.6547,0.5705,0.6141
74,26,223,0.5898,0.5907,0.6402,0.5861
75,26,226,0.6537,0.6288,0.5657,0.6279
76,26,229,0.5868,0.6143,0.6245,0.6319
77,26,232,0.5828,0.5912,0.6052,0.4915
78,26,235,0.6175,0.4707,0.6034,0.5977
79,26,238,0.514,0.6342,0.554,0.5889
80,26,241,0.5966,0.6077,0.4775,0.5976
81,26,244,0.6294,0.6102,0.6229,0.4701
82,26,247,0.4851,0.6054,0.6302,0.5995
83,26,250,0.6604,0.5767,0.571,0.5773
84,26,253,0.4885,0.6354,0.3733,0.47
85,26,256,0.4712,0.5118,0.5987,0.5803
86,26,259,0.5961,0.5838,0.6339,0.4938
87,26,262,0.6162,0.6405,0.3832,0.493
88,26,265,0.4758,0.61,0.6152,0.6185
89,26,268,0.5046,0.5305,0.5041,0.6014
90,26,271,0.5686,0.3437,0.5861,0.5776
91,26,274,0.4954,0.5014,0.5813,0.611
92,26,277,0.338,0.6125,0.5914,0.5934
93,26,280,0.507,0.5921,0.548,0.5815
94,26,283,0.4975,0.478,0.4727,0.3665
95,26,286,0.4946,0.5795,0.6503,0.5133
96,26,289,0.5632,0.2456,0.6054,0.5115
97,26,292,0.595,0.372,0.5799,0.3914
98,26,295,0.4642,0.4872,0.4694,0.6144
99,26,298,0.6279,0.6233,0.6088,0.4821
,Dataset#,L,att_1,att_2,att_3,att_4
0,27,1,0.8908,0.8799,0.8734,0.8951
1,27,4,0.9273,0.9249,0.9347,0.9427
2,27,7,0.9579,0.97,0.9689,0.9521
3,27,10,0.9879,0.964,0.9576,0.975
4,27,13,0.9636,0.9458,0.9328,0.9511
5,27,16,0.9568,0.9624,0.9693,0.9329
6,27,19,0.975,0.9693,0.975,0.9693
7,27,22,0.9689,0.9499,0.9632,0.9465
8,27,25,0.9677,0.9632,0.9559,0.9802
9,27,28,0.9875,0.9685,0.9632,0.975
10,27,31,0.9761,0.9685,0.9632,0.9643
11,27,34,0.9757,0.975,0.975,0.9518
12,27,37,0.975,0.981,0.9699,0.9757
13,27,40,0.9628,0.981,0.9346,0.9415
14,27,43,0.9524,0.9754,0.9875,0.9693
15,27,46,0.981,0.981,0.9628,0.9681
16,27,49,0.9417,0.9551,0.9499,0.962
17,27,52,0.9578,0.9475,0.9677,0.956
18,27,55,0.975,0.962,0.9754,0.9496
19,27,58,0.9576,0.9425,0.9703,0.9468
20,27,61,0.9681,0.9559,0.975,0.9693
21,27,64,0.975,0.9689,0.9689,0.9669
22,27,67,0.9608,0.9629,0.975,0.9632
23,27,70,0.964,0.9617,0.975,0.9617
24,27,73,0.9522,0.957,0.9499,0.9745
25,27,76,0.9568,0.9568,0.956,0.9568
26,27,79,0.9689,0.9426,0.9568,0.9814
27,27,82,0.9575,0.9528,0.9543,0.9423
28,27,85,0.9434,0.9518,0.975,0.9426
29,27,88,0.9518,0.9636,0.9754,0.9632
30,27,91,0.9394,0.9632,0.9629,0.9689
31,27,94,0.9556,0.9499,0.9571,0.9632
32,27,97,0.981,0.9681,0.9572,0.9161
33,27,100,0.9681,0.975,0.9689,0.9741
34,27,103,0.9677,0.9754,0.9625,0.9519
35,27,106,0.9373,0.9334,0.9754,0.9559
36,27,109,0.8377,0.9625,0.9624,0.975
37,27,112,0.9629,0.9632,0.9439,0.9556
38,27,115,0.9463,0.9628,0.9576,0.9625
39,27,118,0.9616,0.9629,0.9635,0.9526
40,27,121,0.975,0.951,0.9556,0.9629
41,27,124,0.9575,0.9689,0.9564,0.9806
42,27,127,0.9249,0.9568,0.9487,0.9632
43,27,130,0.9264,0.956,0.9576,0.9351
44,27,133,0.9625,0.9633,0.9528,0.9403
45,27,136,0.948,0.9578,0.9343,0.951
46,27,139,0.9629,0.9305,0.9227,0.9568
47,27,142,0.9482,0.9579,0.8241,0.9308
48,27,145,0.951,0.9643,0.9491,0.9699
49,27,148,0.7943,0.9693,0.9475,0.6845
50,27,151,0.9572,0.9575,0.9643,0.9479
51,27,154,0.95,0.9742,0.962,0.9544
52,27,157,0.9592,0.9483,0.924,0.9689
53,27,160,0.9532,0.9632,0.9423,0.9502
54,27,163,0.975,0.9411,0.9354,0.9689
55,27,166,0.8134,0.9578,0.9254,0.9451
56,27,169,0.8172,0.9579,0.9754,0.8138
57,27,172,0.9754,0.9265,0.9669,0.9689
58,27,175,0.9704,0.9551,0.9685,0.9177
59,27,178,0.9621,0.8302,0.8184,0.9544
60,27,181,0.9617,0.9529,0.832,0.9814
61,27,184,0.9673,0.945,0.7816,0.9515
62,27,187,0.622,0.9612,0.8302,0.8195
63,27,190,0.9576,0.9515,0.975,0.981
64,27,193,0.9625,0.8168,0.8362,0.8249
65,27,196,0.7759,0.8184,0.8134,0.81
66,27,199,0.956,0.8302,0.9289,0.9382
67,27,202,0.9516,0.9685,0.9163,0.8233
68,27,205,0.9624,0.975,0.9689,0.6857
69,27,208,0.9407,0.9621,0.9681,0.8174
70,27,211,0.935,0.9693,0.9608,0.9633
71,27,214,0.7682,0.9506,0.9693,0.941
72,27,217,0.9754,0.8126,0.9317,0.9632
73,27,220,0.9458,0.924,0.9386,0.9461
74,27,223,0.7969,0.953,0.8366,0.669
75,27,226,0.8925,0.9579,0.7636,0.7703
76,27,229,0.9147,0.9439,0.9056,0.7504
77,27,232,0.8302,0.6872,0.8249,0.9368
78,27,235,0.9474,0.9633,0.9491,0.8284
79,27,238,0.9164,0.6491,0.6789,0.9352
80,27,241,0.6362,0.6205,0.8366,0.6427
81,27,244,0.7278,0.8077,0.9311,0.8236
82,27,247,0.5039,0.4986,0.8309,0.9198
83,27,250,0.7439,0.4374,0.5754,0.6807
84,27,253,0.6066,0.5039,0.4301,0.9518
85,27,256,0.775,0.9632,0.757,0.6047
86,27,259,0.9486,0.6366,0.9556,0.6861
87,27,262,0.7526,0.4427,0.5617,0.8309
88,27,265,0.4745,0.4358,0.7814,0.6305
89,27,268,0.7746,0.7709,0.6145,0.4265
90,27,271,0.6785,0.5757,0.8305,0.5654
91,27,274,0.3632,0.237,0.5496,0.4309
92,27,277,0.4282,0.5875,0.5753,0.5703
93,27,280,0.1935,0.637,0.6237,0.5535
94,27,283,0.4979,0.775,0,0.3757
95,27,286,0.3875,0.4487,0.46,0.941
96,27,289,0.3104,0.5749,0.6026,0.4309
97,27,292,0.4491,0.6187,0.6046,0.6306
98,27,295,0.237,0.1935,0.3749,0.3043
99,27,298,0.3746,0.6427,0.4704,0.3043
,Dataset#,L,att_1,att_2,att_3,att_4
0,28,1,0.2791,0.2753,0.2586,0.2661
1,28,4,0.2968,0.2973,0.3418,0.3065
2,28,7,0.3336,0.3053,0.3268,0.3341
3,28,10,0.3465,0.3505,0.3049,0.3151
4,28,13,0.3338,0.3348,0.3473,0.3649
5,28,16,0.3596,0.3285,0.3546,0.3169
6,28,19,0.3252,0.355,0.347,0.3634
7,28,22,0.3493,0.372,0.3689,0.3666
8,28,25,0.3281,0.3426,0.3499,0.378
9,28,28,0.3826,0.3059,0.3546,0.323
10,28,31,0.3334,0.3551,0.3528,0.349
11,28,34,0.3665,0.3611,0.3765,0.3653
12,28,37,0.3447,0.3488,0.3362,0.3271
13,28,40,0.3186,0.3665,0.3537,0.3358
14,28,43,0.359,0.3528,0.339,0.3102
15,28,46,0.351,0.3442,0.3438,0.3567
16,28,49,0.347,0.3318,0.3378,0.3508
17,28,52,0.3603,0.3681,0.3576,0.3516
18,28,55,0.3408,0.3668,0.3487,0.283
19,28,58,0.342,0.3305,0.3352,0.3074
20,28,61,0.377,0.334,0.3686,0.3415
21,28,64,0.3405,0.3777,0.3397,0.3457
22,28,67,0.3516,0.3547,0.3139,0.3631
23,28,70,0.3275,0.3177,0.3601,0.3425
24,28,73,0.3544,0.356,0.3205,0.3224
25,28,76,0.3507,0.3528,0.327,0.3472
26,28,79,0.3361,0.3512,0.3352,0.3292
27,28,82,0.32,0.316,0.3087,0.306
28,28,85,0.264,0.3317,0.295,0.356
29,28,88,0.3383,0.3369,0.3513,0.3244
30,28,91,0.3525,0.3299,0.3545,0.318
31,28,94,0.3283,0.3412,0.4261,0.2984
32,28,97,0.3312,0.325,0.3157,0.3364
33,28,100,0.3407,0.3527,0.3183,0.3209
34,28,103,0.3478,0.365,0.3442,0.3678
35,28,106,0.3243,0.2926,0.353,0.3168
36,28,109,0.3351,0.3457,0.3192,0.3388
37,28,112,0.3404,0.3434,0.3254,0.3275
38,28,115,0.3511,0.2812,0.3153,0.384
39,28,118,0.3404,0.3157,0.3433,0.3097
40,28,121,0.3315,0.3301,0.3359,0.3441
41,28,124,0.2569,0.3491,0.3679,0.3549
42,28,127,0.2783,0.3275,0.3116,0.2371
43,28,130,0.3579,0.3092,0.3441,0.3602
44,28,133,0.3218,0.3318,0.345,0.2863
45,28,136,0.3359,0.3022,0.2999,0.3145
46,28,139,0.3169,0.3321,0.3142,0.2689
47,28,142,0.332,0.342,0.2917,0.2934
48,28,145,0.2662,0.3279,0.3516,0.2488
49,28,148,0.3081,0.3357,0.2666,0.2883
50,28,151,0.2694,0.3585,0.283,0.3296
51,28,154,0.3117,0.2913,0.3118,0.322
52,28,157,0.274,0.3221,0.2706,0.2879
53,28,160,0.3194,0.323,0.3189,0.3217
54,28,163,0.2884,0.2801,0.3227,0.287
55,28,166,0.2855,0.3168,0.3423,0.2559
56,28,169,0.3435,0.2782,0.3244,0.385
57,28,172,0.2868,0.2776,0.3314,0.3045
58,28,175,0.2511,0.2729,0.3579,0.2629
59,28,178,0.2909,0.3828,0.3485,0.3651
60,28,181,0.3747,0.3299,0.2277,0.3127
61,28,184,0.3124,0.3525,0.321,0.3812
62,28,187,0.3031,0.3929,0.3387,0.28
63,28,190,0.2477,0.2713,0.3586,0.2936
64,28,193,0.2665,0.2883,0.2943,0.3083
65,28,196,0.3434,0.3036,0.2975,0.2765
66,28,199,0.3285,0.3352,0.2719,0.3191
67,28,202,0.3193,0.2915,0.3539,0.2979
68,28,205,0.2951,0.3209,0.3621,0.2857
69,28,208,0.3053,0.2554,0.2919,0.1705
70,28,211,0.2034,0.3673,0.2422,0.3057
71,28,214,0.3112,0.2632,0.2296,0.3709
72,28,217,0.3485,0.3096,0.317,0.3256
73,28,220,0.2864,0.2783,0.2724,0.2919
74,28,223,0.3271,0.2961,0.342,0.2577
75,28,226,0.2852,0.3372,0.2802,0.2756
76,28,229,0.3071,0.2815,0.1851,0.3558
77,28,232,0.2454,0.2835,0.1971,0.2815
78,28,235,0.3273,0.2846,0.2415,0.3437
79,28,238,0.2815,0.2875,0.3201,0.3464
80,28,241,0.3007,0.2164,0.2645,0.2527
81,28,244,0.3022,0.2956,0.3036,0.3352
82,28,247,0.3291,0.281,0.2776,0.2491
83,28,250,0.1713,0.3516,0.3286,0.2975
84,28,253,0.2624,0.2277,0.2634,0.293
85,28,256,0.2662,0.2682,0.3183,0.2328
86,28,259,0.2465,0.3174,0.2558,0.2507
87,28,262,0.3554,0.2513,0.3128,0.2459
88,28,265,0.2865,0.2147,0.3241,0.2892
89,28,268,0.1261,0.2539,0.2996,0.2882
90,28,271,0.2842,0.2871,0.242,0.221
91,28,274,0.206,0.2601,0.219,0.3307
92,28,277,0.2939,0.3148,0.1467,0.1758
93,28,280,0.2507,0.2995,0.2559,0.2573
94,28,283,0.2864,0.2452,0.1354,0.2778
95,28,286,0.2458,0.284,0.2371,0.1608
96,28,289,0.3705,0.2876,0.2588,0.2469
97,28,292,0.2743,0.2473,0.1805,0.2351
98,28,295,0.2185,0.2611,0.2095,0.3046
99,28,298,0.1447,0.1958,0.3441,0.09672
,Dataset#,L,att_1,att_2,att_3,att_4
0,29,1,0.589,0.5864,0.5929,0.5873
1,29,4,0.598,0.6145,0.5942,0.6008
2,29,7,0.6071,0.601,0.603,0.5737
3,29,10,0.588,0.6072,0.5824,0.5913
4,29,13,0.5649,0.5677,0.5816,0.5904
5,29,16,0.5823,0.5834,0.5881,0.5857
6,29,19,0.573,0.6057,0.5749,0.6202
7,29,22,0.5869,0.5822,0.5785,0.5768
8,29,25,0.592,0.5961,0.5998,0.5769
9,29,28,0.566,0.5844,0.6173,0.6118
10,29,31,0.5917,0.574,0.5788,0.6106
11,29,34,0.586,0.5772,0.5997,0.6064
12,29,37,0.5617,0.5982,0.4941,0.5362
13,29,40,0.5731,0.5827,0.5902,0.5671
14,29,43,0.6148,0.5197,0.5928,0.59
15,29,46,0.5115,0.6027,0.5975,0.5415
16,29,49,0.6135,0.5778,0.5495,0.5779
17,29,52,0.5845,0.4917,0.5623,0.5226
18,29,55,0.5795,0.565,0.5151,0.5671
19,29,58,0.4669,0.5981,0.5984,0.5102
20,29,61,0.4423,0.4726,0.5284,0.5325
21,29,64,0.58,0.5462,0.5815,0.5695
22,29,67,0.5353,0.5742,0.4952,0.5057
23,29,70,0.5285,0.5552,0.5615,0.5322
24,29,73,0.575,0.4204,0.472,0.5218
25,29,76,0.4477,0.5446,0.5502,0.4771
26,29,79,0.4726,0.5539,0.5832,0.5796
27,29,82,0.4732,0.527,0.5221,0.5148
28,29,85,0.5243,0.5575,0.4691,0.5339
29,29,88,0.4757,0.5293,0.5317,0.4201
30,29,91,0.5885,0.4742,0.6006,0.5883
31,29,94,0.4976,0.4141,0.5334,0.4635
32,29,97,0.488,0.5139,0.4271,0.4281
33,29,100,0.5936,0.5911,0.568,0.3402
34,29,103,0.5922,0.6047,0.5773,0.5095
35,29,106,0.5385,0.5295,0.5203,0.5352
36,29,109,0.5099,0.4503,0.5988,0.5819
37,29,112,0.5029,0.5852,0.4412,0.5045
38,29,115,0.5773,0.4835,0.5014,0.5115
39,29,118,0.4673,0.5847,0.4515,0.4664
40,29,121,0.4293,0.5167,0.4977,0.5872
41,29,124,0.5781,0.5373,0.589,0.4699
42,29,127,0.5319,0.5042,0.547,0.5575
43,29,130,0.5242,0.5382,0.4033,0.4559
44,29,133,0.5836,0.4895,0.4375,0.4297
45,29,136,0.4156,0.486,0.6155,0.5659
46,29,139,0.5381,0.3921,0.5796,0.589
47,29,142,0.4829,0.5191,0.4914,0.5405
48,29,145,0.5282,0.5837,0.5132,0.4971
49,29,148,0.5922,0.4724,0.4483,0.6109
50,29,151,0.4545,0.5637,0.553,0.5002
51,29,154,0.554,0.3779,0.4419,0.4976
52,29,157,0.4569,0.4601,0.5881,0.4902
53,29,160,0.5295,0.508,0.4369,0.5303
54,29,163,0.4603,0.5786,0.5303,0.5867
55,29,166,0.5417,0.5264,0.5404,0.4679
56,29,169,0.4558,0.4376,0.4703,0.4702
57,29,172,0.43,0.444,0.5368,0.54
58,29,175,0.5283,0.563,0.4804,0.5862
59,29,178,0.5801,0.4949,0.5347,0.5863
60,29,181,0.52,0.4653,0.6038,0.5303
61,29,184,0.5281,0.4654,0.6068,0.5499
62,29,187,0.4671,0.496,0.4751,0.4972
63,29,190,0.5652,0.4786,0.5395,0.3985
64,29,193,0.4497,0.4398,0.5072,0.4401
65,29,196,0.4673,0.5149,0.6152,0.4991
66,29,199,0.543,0.5776,0.5489,0.447
67,29,202,0.588,0.5861,0.4733,0.597
68,29,205,0.5427,0.5178,0.4006,0.5694
69,29,208,0.476,0.4929,0.4853,0.4063
70,29,211,0.5462,0.5505,0.5091,0.5801
71,29,214,0.3928,0.6045,0.4528,0.5768
72,29,217,0.5213,0.4874,0.4151,0.4963
73,29,220,0.5319,0.5356,0.5821,0.4852
74,29,223,0.5713,0.4759,0.572,0.5845
75,29,226,0.372,0.5618,0.4878,0.3363
76,29,229,0.5218,0.4058,0.5984,0.5227
77,29,232,0.4251,0.5296,0.4823,0.5208
78,29,235,0.4996,0.3839,0.5193,0.4357
79,29,238,0.5155,0.4931,0.537,0.4547
80,29,241,0.4855,0.4034,0.4905,0.4611
81,29,244,0.2712,0.4376,0.5081,0.4646
82,29,247,0.4517,0.553,0.4498,0.448
83,29,250,0.3787,0.518,0.597,0.5088
84,29,253,0.5742,0.4788,0.4843,0.4336
85,29,256,0.393,0.4218,0.2772,0.484
86,29,259,0.4867,0.5752,0.2854,0.557
87,29,262,0.5118,0.4942,0.3877,0.4621
88,29,265,0.5491,0.3892,0.553,0.312
89,29,268,0.4791,0.421,0.3234,0.5837
90,29,271,0.5582,0.3978,0.4283,0.5004
91,29,274,0.3885,0.3986,0.4868,0.2983
92,29,277,0.4013,0.4603,0.5208,0.4948
93,29,280,0.3794,0.5377,0.431,0.4594
94,29,283,0.4359,0.4498,0.4984,0.3097
95,29,286,0.5433,0.4683,0.3967,0.3238
96,29,289,0.5125,0.3938,0.4513,0.4167
97,29,292,0.5197,0.4936,0.5211,0.3917
98,29,295,0.4262,0.3201,0.4038,0.3821
99,29,298,0.4997,0.5211,0.477,0.2715
,Dataset#,L,att_1,att_2,att_3,att_4
0,30,1,0.6115,0.6519,0.6087,0.6473
1,30,4,0.6714,0.6903,0.677,0.5784
2,30,7,0.6565,0.6713,0.5768,0.6723
3,30,10,0.711,0.6609,0.6794,0.7055
4,30,13,0.6911,0.6892,0.667,0.6724
5,30,16,0.6829,0.6959,0.7395,0.6913
6,30,19,0.6828,0.5558,0.6882,0.7157
7,30,22,0.6903,0.6989,0.6594,0.6978
8,30,25,0.7411,0.6761,0.6335,0.7171
9,30,28,0.7132,0.7178,0.7304,0.7073
10,30,31,0.6702,0.6198,0.7097,0.6974
11,30,34,0.7228,0.6961,0.5525,0.6986
12,30,37,0.6813,0.7611,0.6745,0.7681
13,30,40,0.6095,0.6728,0.7132,0.7112
14,30,43,0.7109,0.6692,0.6192,0.6785
15,30,46,0.7028,0.6717,0.7327,0.6865
16,30,49,0.6698,0.7348,0.7213,0.7246
17,30,52,0.7461,0.7358,0.7094,0.6793
18,30,55,0.6934,0.6987,0.7369,0.6554
19,30,58,0.6826,0.672,0.6983,0.7091
20,30,61,0.6948,0.731,0.6743,0.7049
21,30,64,0.6292,0.6656,0.7072,0.6988
22,30,67,0.7066,0.6866,0.6069,0.6997
23,30,70,0.7366,0.705,0.5736,0.7012
24,30,73,0.5599,0.6782,0.7291,0.6609
25,30,76,0.7292,0.6697,0.6829,0.714
26,30,79,0.7067,0.746,0.7504,0.6998
27,30,82,0.7374,0.681,0.6793,0.6475
28,30,85,0.741,0.6775,0.6993,0.7309
29,30,88,0.6742,0.7649,0.6687,0.6714
30,30,91,0.6951,0.717,0.6702,0.6769
31,30,94,0.7143,0.6695,0.7184,0.7101
32,30,97,0.7191,0.6866,0.7366,0.709
33,30,100,0.5731,0.7184,0.7007,0.6911
34,30,103,0.7204,0.7345,0.7249,0.7176
35,30,106,0.6124,0.7276,0.6867,0.7221
36,30,109,0.7321,0.695,0.7202,0.7123
37,30,112,0.6845,0.7565,0.6537,0.6141
38,30,115,0.5583,0.5589,0.6063,0.6876
39,30,118,0.6629,0.5368,0.5736,0.7051
40,30,121,0.7189,0.73,0.6014,0.6258
41,30,124,0.6745,0.6057,0.4928,0.7352
42,30,127,0.5206,0.6474,0.7731,0.7128
43,30,130,0.7349,0.7077,0.724,0.7312
44,30,133,0.7394,0.7459,0.6959,0.7464
45,30,136,0.6514,0.7486,0.7481,0.7328
46,30,139,0.5849,0.6209,0.6257,0.711
47,30,142,0.4879,0.6981,0.7525,0.7068
48,30,145,0.5379,0.6773,0.4385,0.4512
49,30,148,0.7158,0.6999,0.7095,0.4946
50,30,151,0.6014,0.5222,0.707,0.5867
51,30,154,0.6313,0.7063,0.5138,0.7695
52,30,157,0.6927,0.5832,0.7124,0.6879
53,30,160,0.7061,0.466,0.7033,0.5555
54,30,163,0.5808,0.6146,0.5777,0.6808
55,30,166,0.5974,0.5052,0.6997,0.7269
56,30,169,0.6722,0.5471,0.5338,0.6252
57,30,172,0.7318,0.4856,0.5836,0.4051
58,30,175,0.5026,0.6772,0.7082,0.5309
59,30,178,0.7146,0.5436,0.6368,0.5884
60,30,181,0.3796,0.6162,0.6894,0.7166
61,30,184,0.6519,0.3962,0.5806,0.5815
62,30,187,0.7165,0.7259,0.5683,0.7432
63,30,190,0.5348,0.7108,0.4873,0.4263
64,30,193,0.4521,0.5554,0.5779,0.5575
65,30,196,0.5676,0.3717,0.5598,0.5687
66,30,199,0.5689,0.6184,0.5692,0.5717
67,30,202,0.7464,0.776,0.5682,0.698
68,30,205,0.4248,0.5833,0.5885,0.3866
69,30,208,0.7239,0.718,0.4553,0.769
70,30,211,0.4669,0.5812,0.6642,0.6964
71,30,214,0.5899,0.4618,0.5329,0.491
72,30,217,0.5948,0.4406,0.7363,0.7466
73,30,220,0.2733,0.4571,0.5977,0.6806
74,30,223,0.7155,0.4882,0.5678,0.4094
75,30,226,0.5759,0.719,0.5916,0.5745
76,30,229,0.5384,0.7467,0.7359,0.4101
77,30,232,0.4151,0.7635,0.703,0.4519
78,30,235,0.6871,0.7326,0.3618,0.46
79,30,238,0.2442,0.5446,0.7408,0.6498
80,30,241,0.5146,0.4496,0.4156,0.5038
81,30,244,0.407,0.6381,0.7083,0.3808
82,30,247,0.4422,0.7343,0.4484,0.6147
83,30,250,0.7861,0.3053,0.6,0.4281
84,30,253,0.5305,0.4187,0.5667,0.321
85,30,256,0.3964,0.4378,0.4471,0.5835
86,30,259,0.2817,0.5512,0.3999,0.4983
87,30,262,0.401,0.5463,0.6619,0.561
88,30,265,0,0.4191,0.3933,0.4668
89,30,268,0.2502,0.36,0.2972,0.5762
90,30,271,0.5629,0.4543,0.447,0.3917
91,30,274,0.4608,0.4515,0.2597,0.402
92,30,277,0.4404,0.3482,0.6373,0.3928
93,30,280,0.5876,0.3147,0.2739,0
94,30,283,0.5503,0.5649,0.4405,0.4485
95,30,286,0.5902,0.2812,0.3803,0.3404
96,30,289,0.4401,0.5498,0.2674,0.2271
97,30,292,0.4444,0.1333,0.7327,0.5295
98,30,295,0.5998,0.4543,0.4235,0.1294
99,30,298,0.5364,0.163,0.7412,0.4995
,Dataset#,L,att_1,att_2,att_3,att_4
0,31,1,0.3739,0.3724,0.401,0.3744
1,31,4,0.434,0.4459,0.4419,0.4407
2,31,7,0.475,0.4331,0.4884,0.4208
3,31,10,0.4765,0.472,0.3925,0.4425
4,31,13,0.4381,0.4365,0.4412,0.43
5,31,16,0.411,0.409,0.4769,0.4795
6,31,19,0.3953,0.3909,0.4002,0.407
7,31,22,0.4481,0.4009,0.4503,0.4025
8,31,25,0.4369,0.4154,0.3761,0.4485
9,31,28,0.4329,0.3991,0.4237,0.4237
10,31,31,0.3812,0.4212,0.3937,0.4171
11,31,34,0.4547,0.3537,0.3862,0.4015
12,31,37,0.3943,0.3886,0.3698,0.4003
13,31,40,0.4661,0.4706,0.4036,0.4377
14,31,43,0.4431,0.4045,0.4416,0.4237
15,31,46,0.405,0.4184,0.4505,0.4301
16,31,49,0.4729,0.4167,0.3806,0.3633
17,31,52,0.3816,0.4053,0.4461,0.4306
18,31,55,0.4421,0.4321,0.4659,0.4612
19,31,58,0.4213,0.3956,0.448,0.387
20,31,61,0.4465,0.379,0.3543,0.4108
21,31,64,0.4695,0.4464,0.3673,0.4379
22,31,67,0.4461,0.4112,0.3692,0.4247
23,31,70,0.3399,0.3819,0.3994,0.3918
24,31,73,0.41,0.4217,0.4404,0.3911
25,31,76,0.4262,0.4008,0.4631,0.3915
26,31,79,0.4495,0.4466,0.4503,0.4109
27,31,82,0.4066,0.3829,0.4639,0.4338
28,31,85,0.3872,0.3475,0.4197,0.4193
29,31,88,0.3854,0.4285,0.4247,0.4561
30,31,91,0.4259,0.4238,0.4344,0.4215
31,31,94,0.4452,0.4235,0.3874,0.3873
32,31,97,0.3714,0.4117,0.3663,0.3648
33,31,100,0.4254,0.3533,0.4349,0.4415
34,31,103,0.4097,0.4038,0.3629,0.4223
35,31,106,0.3635,0.3674,0.3533,0.4562
36,31,109,0.3651,0.4651,0.4684,0.4476
37,31,112,0.4293,0.3815,0.3836,0.4157
38,31,115,0.4316,0.4138,0.4958,0.4236
39,31,118,0.4304,0.4174,0.3957,0.3699
40,31,121,0.419,0.3745,0.4116,0.4493
41,31,124,0.4102,0.4194,0.2915,0.4365
42,31,127,0.4384,0.4507,0.4471,0.3647
43,31,130,0.3892,0.4755,0.3489,0.4012
44,31,133,0.3614,0.4098,0.4775,0.4544
45,31,136,0.4017,0.439,0.4633,0.4025
46,31,139,0.4764,0.4149,0.4255,0.4246
47,31,142,0.4215,0.4534,0.4738,0.429
48,31,145,0.3054,0.4085,0.3769,0.4115
49,31,148,0.3763,0.3914,0.2936,0.4836
50,31,151,0.3508,0.451,0.2664,0.3689
51,31,154,0.394,0.395,0.3535,0.2742
52,31,157,0.3635,0.365,0.4296,0.3297
53,31,160,0.4689,0.4722,0.3841,0.4564
54,31,163,0.4589,0.4468,0.4477,0.3693
55,31,166,0.3169,0.4925,0.4156,0.4279
56,31,169,0.3579,0.4451,0.4393,0.4393
57,31,172,0.418,0.4499,0.3222,0.3572
58,31,175,0.3682,0.4008,0.4483,0.3903
59,31,178,0.2792,0.2997,0.4388,0.3873
60,31,181,0.3114,0.4597,0.3697,0.3796
61,31,184,0.4331,0.3945,0.4266,0.4883
62,31,187,0.4343,0.3348,0.3527,0.3681
63,31,190,0.3766,0.4221,0.4539,0.3326
64,31,193,0.3633,0.3461,0.4154,0.4097
65,31,196,0.4031,0.4057,0.2761,0.4564
66,31,199,0.3101,0.4609,0.3813,0.3922
67,31,202,0.448,0.2392,0.5075,0.4048
68,31,205,0.4066,0.272,0.4022,0.3275
69,31,208,0.3037,0.3329,0.4939,0.4583
70,31,211,0.4044,0.2963,0.4106,0.3796
71,31,214,0.4514,0.354,0.4144,0.3182
72,31,217,0.3947,0.329,0.378,0.4075
73,31,220,0.4432,0.2582,0.4387,0.2777
74,31,223,0.4209,0.2819,0.3852,0.4314
75,31,226,0.3216,0.311,0.2571,0.3793
76,31,229,0.3916,0.3853,0.4471,0.3958
77,31,232,0.3691,0.3583,0.1917,0.4254
78,31,235,0.3369,0.3767,0.4376,0.2628
79,31,238,0.3376,0.3628,0.3474,0.4242
80,31,241,0.3912,0.3519,0.3133,0.2811
81,31,244,0.3815,0.4678,0.4694,0.2888
82,31,247,0.3148,0.3454,0.4447,0.2125
83,31,250,0.2869,0.3279,0.4186,0.3402
84,31,253,0.3311,0.3193,0.2215,0.288
85,31,256,0.2939,0.3145,0.2962,0.4172
86,31,259,0.4228,0.1835,0.1849,0.272
87,31,262,0.2727,0.3784,0.3748,0.2989
88,31,265,0.3259,0.3709,0.2903,0.4102
89,31,268,0.2549,0.2471,0.4415,0.4012
90,31,271,0.2923,0.0339,0.1773,0.321
91,31,274,0.2928,0.3835,0.2816,0.3967
92,31,277,0.2487,0.3445,0.2927,0.4786
93,31,280,0.1939,0.2933,0.2866,0.06466
94,31,283,0.2412,0.2521,0.1385,0.2797
95,31,286,0.1966,0.2031,0.24,0.1374
96,31,289,0.2729,0.3752,0.2628,0.3668
97,31,292,0.2228,0.2516,0.124,0.1751
98,31,295,0.05454,0.2335,0.239,0.1824
99,31,298,0.3107,0.2113,0.3194,0.1217
,Dataset#,L,att_1,att_2,att_3,att_4
0,32,1,0.3988,0.4207,0.4135,0.4118
1,32,4,0.4164,0.3902,0.4001,0.4052
2,32,7,0.3993,0.3931,0.4043,0.4022
3,32,10,0.3978,0.398,0.3976,0.391
4,32,13,0.3977,0.3838,0.39,0.4008
5,32,16,0.3973,0.3974,0.4006,0.3945
6,32,19,0.3963,0.388,0.3842,0.3937
7,32,22,0.3984,0.4011,0.3928,0.3887
8,32,25,0.3347,0.4014,0.3901,0.4007
9,32,28,0.3832,0.3907,0.3986,0.3888
10,32,31,0.3381,0.3678,0.3925,0.3945
11,32,34,0.3841,0.413,0.3429,0.3996
12,32,37,0.3428,0.3478,0.38,0.3662
13,32,40,0.3831,0.3052,0.3203,0.3752
14,32,43,0.3868,0.4073,0.357,0.3713
15,32,46,0.3911,0.3908,0.3512,0.3304
16,32,49,0.3666,0.3287,0.369,0.3809
17,32,52,0.2855,0.385,0.3551,0.3578
18,32,55,0.3769,0.3071,0.2967,0.3177
19,32,58,0.3634,0.3758,0.363,0.3732
20,32,61,0.3909,0.3394,0.3393,0.3262
21,32,64,0.2948,0.3601,0.4009,0.2975
22,32,67,0.393,0.3913,0.3182,0.3119
23,32,70,0.3488,0.3453,0.3434,0.3645
24,32,73,0.3893,0.366,0.3986,0.3223
25,32,76,0.3435,0.2771,0.3185,0.3096
26,32,79,0.2713,0.3858,0.3052,0.2952
27,32,82,0.3219,0.3535,0.3444,0.3858
28,32,85,0.3857,0.3121,0.3634,0.3585
29,32,88,0.3664,0.3214,0.2981,0.3302
30,32,91,0.3584,0.3804,0.3431,0.3315
31,32,94,0.2793,0.346,0.3542,0.366
32,32,97,0.2806,0.3609,0.3765,0.3759
33,32,100,0.2864,0.3424,0.3775,0.3694
34,32,103,0.4049,0.3025,0.3461,0.3568
35,32,106,0.3074,0.3022,0.3812,0.3254
36,32,109,0.3175,0.3198,0.3508,0.3948
37,32,112,0.3282,0.3161,0.3342,0.323
38,32,115,0.3385,0.3152,0.3853,0.3276
39,32,118,0.3237,0.3003,0.3838,0.3538
40,32,121,0.3425,0.3061,0.3062,0.3197
41,32,124,0.3815,0.3772,0.337,0.3585
42,32,127,0.3891,0.3328,0.3085,0.3622
43,32,130,0.3098,0.3167,0.3211,0.2942
44,32,133,0.3029,0.3378,0.4161,0.2861
45,32,136,0.3101,0.357,0.3384,0.3704
46,32,139,0.3574,0.3266,0.3458,0.338
47,32,142,0.3618,0.3409,0.305,0.3858
48,32,145,0.3372,0.3633,0.3649,0.3404
49,32,148,0.3425,0.3178,0.3164,0.3877
50,32,151,0.3146,0.2957,0.4031,0.3479
51,32,154,0.3631,0.3116,0.3263,0.3439
52,32,157,0.3898,0.3123,0.3686,0.3451
53,32,160,0.2918,0.3635,0.3582,0.3358
54,32,163,0.3231,0.3314,0.294,0.4105
55,32,166,0.2968,0.3454,0.2448,0.3549
56,32,169,0.2789,0.2549,0.3654,0.3806
57,32,172,0.3104,0.3552,0.3042,0.3277
58,32,175,0.3095,0.2961,0.2994,0.2881
59,32,178,0.3602,0.3761,0.3109,0.3109
60,32,181,0.3494,0.327,0.3189,0.3094
61,32,184,0.3669,0.376,0.3416,0.362
62,32,187,0.3391,0.3334,0.2969,0.3396
63,32,190,0.2879,0.4125,0.2661,0.3578
64,32,193,0.3037,0.2909,0.292,0.3234
65,32,196,0.3701,0.3634,0.3299,0.3711
66,32,199,0.3381,0.2804,0.3417,0.3718
67,32,202,0.2918,0.4077,0.3729,0.4045
68,32,205,0.3646,0.337,0.336,0.3971
69,32,208,0.3743,0.31,0.3392,0.3656
70,32,211,0.346,0.337,0.3708,0.3131
71,32,214,0.341,0.345,0.274,0.3345
72,32,217,0.4031,0.3022,0.2671,0.3247
73,32,220,0.3854,0.2614,0.2923,0.3851
74,32,223,0.3389,0.4003,0.325,0.3145
75,32,226,0.3882,0.3516,0.4066,0.3705
76,32,229,0.3794,0.2998,0.3015,0.2823
77,32,232,0.2626,0.27,0.221,0.375
78,32,235,0.3284,0.2703,0.3338,0.3223
79,32,238,0.3309,0.3565,0.3139,0.3177
80,32,241,0.2715,0.2582,0.3502,0.3418
81,32,244,0.3576,0.3052,0.3051,0.3152
82,32,247,0.2926,0.325,0.3328,0.3164
83,32,250,0.3629,0.2938,0.282,0.3892
84,32,253,0.3231,0.2902,0.3168,0.339
85,32,256,0.2919,0.2943,0.2967,0.3763
86,32,259,0.2878,0.3091,0.3116,0.2004
87,32,262,0.3411,0.2598,0.3301,0.229
88,32,265,0.2924,0.385,0.3521,0.3001
89,32,268,0.2804,0.2481,0.3455,0.3541
90,32,271,0.2865,0.2977,0.2871,0.2096
91,32,274,0.2863,0.2989,0.3774,0.1914
92,32,277,0.3578,0.2383,0.2791,0.3002
93,32,280,0.2706,0.3103,0.1705,0.3346
94,32,283,0.3189,0.266,0.352,0.3792
95,32,286,0.3825,0.3026,0.2004,0.3092
96,32,289,0.3502,0.1381,0.2786,0.3228
97,32,292,0.2504,0.3712,0.2472,0.349
98,32,295,0.3023,0.3181,0.05,0.2017
99,32,298,0.2905,0.2634,0.3169,0.3152
,Dataset#,L,att_1,att_2,att_3,att_4
0,33,1,0.6635,0.6601,0.6518,0.6385
1,33,4,0.6885,0.7293,0.6586,0.7169
2,33,7,0.7482,0.7171,0.7167,0.7083
3,33,10,0.7133,0.7134,0.7174,0.7486
4,33,13,0.7221,0.7318,0.7363,0.7244
5,33,16,0.7331,0.7188,0.7582,0.735
6,33,19,0.7801,0.7684,0.7419,0.7454
7,33,22,0.7552,0.7556,0.7618,0.7294
8,33,25,0.7422,0.7288,0.7529,0.7285
9,33,28,0.7783,0.7476,0.7357,0.7351
10,33,31,0.7761,0.7698,0.7628,0.7537
11,33,34,0.7544,0.7556,0.7478,0.7275
12,33,37,0.7784,0.7328,0.7761,0.7375
13,33,40,0.7653,0.7487,0.7353,0.7512
14,33,43,0.7587,0.7763,0.7669,0.7543
15,33,46,0.7654,0.7808,0.753,0.7675
16,33,49,0.7586,0.7211,0.7477,0.7366
17,33,52,0.7535,0.7664,0.7419,0.7692
18,33,55,0.7237,0.7667,0.7344,0.7589
19,33,58,0.7313,0.762,0.7544,0.7288
20,33,61,0.745,0.7688,0.7793,0.7573
21,33,64,0.7726,0.7464,0.752,0.7718
22,33,67,0.7725,0.7514,0.7555,0.7899
23,33,70,0.7698,0.7515,0.7654,0.7372
24,33,73,0.7465,0.7332,0.7298,0.7485
25,33,76,0.759,0.7582,0.7548,0.7612
26,33,79,0.7334,0.7421,0.7442,0.7507
27,33,82,0.7577,0.7863,0.7274,0.742
28,33,85,0.7702,0.7616,0.7526,0.7396
29,33,88,0.7507,0.7398,0.7674,0.7554
30,33,91,0.751,0.7333,0.7497,0.7395
31,33,94,0.7487,0.7587,0.7336,0.7287
32,33,97,0.7582,0.7512,0.7924,0.7398
33,33,100,0.7491,0.7624,0.7622,0.7312
34,33,103,0.7288,0.7656,0.782,0.7676
35,33,106,0.7544,0.7566,0.7671,0.774
36,33,109,0.704,0.7682,0.7619,0.7537
37,33,112,0.7675,0.7434,0.7507,0.7384
38,33,115,0.7719,0.7528,0.7384,0.7548
39,33,118,0.7691,0.7512,0.76,0.7511
40,33,121,0.7673,0.7786,0.7694,0.6529
41,33,124,0.7694,0.7673,0.77,0.7788
42,33,127,0.7424,0.7644,0.7422,0.7318
43,33,130,0.7459,0.7602,0.7575,0.7608
44,33,133,0.7381,0.7638,0.7562,0.7455
45,33,136,0.758,0.7494,0.7505,0.7235
46,33,139,0.7186,0.7567,0.7452,0.7743
47,33,142,0.7712,0.7191,0.7583,0.7391
48,33,145,0.7675,0.7429,0.7102,0.7254
49,33,148,0.7581,0.791,0.7446,0.6981
50,33,151,0.7408,0.7215,0.7767,0.7593
51,33,154,0.7428,0.7322,0.74,0.7533
52,33,157,0.7199,0.762,0.7421,0.7468
53,33,160,0.7567,0.6181,0.7529,0.7129
54,33,163,0.742,0.7244,0.7552,0.7538
55,33,166,0.7282,0.7327,0.767,0.7396
56,33,169,0.7502,0.7461,0.7644,0.7145
57,33,172,0.7374,0.757,0.7701,0.7674
58,33,175,0.7452,0.7436,0.7488,0.7623
59,33,178,0.7442,0.7682,0.5741,0.7364
60,33,181,0.7507,0.757,0.654,0.7328
61,33,184,0.7538,0.7439,0.7363,0.761
62,33,187,0.7573,0.718,0.748,0.7432
63,33,190,0.7335,0.7594,0.739,0.7336
64,33,193,0.7403,0.7225,0.7196,0.7464
65,33,196,0.7163,0.7196,0.7623,0.7602
66,33,199,0.5852,0.7239,0.7626,0.7278
67,33,202,0.7482,0.7474,0.6875,0.7435
68,33,205,0.739,0.7323,0.7536,0.7706
69,33,208,0.7499,0.7345,0.7464,0.6092
70,33,211,0.7665,0.7505,0.7325,0.7676
71,33,214,0.7663,0.7498,0.5948,0.7187
72,33,217,0.7327,0.5974,0.4523,0.7429
73,33,220,0.76,0.7717,0.7204,0.7371
74,33,223,0.7385,0.732,0.5047,0.7314
75,33,226,0.7377,0.7455,0.746,0.7451
76,33,229,0.6059,0.7524,0.761,0.7184
77,33,232,0.5882,0.7478,0.763,0.7412
78,33,235,0.7272,0.4223,0.748,0.7459
79,33,238,0.7445,0.715,0.7114,0.7438
80,33,241,0.5759,0.6017,0.7257,0.6
81,33,244,0.7411,0.7828,0.4609,0.5774
82,33,247,0.7575,0.7556,0.5893,0.552
83,33,250,0.744,0.5826,0.7518,0.4074
84,33,253,0.2981,0.7312,0.6034,0.5805
85,33,256,0.7544,0.4344,0.7211,0.4319
86,33,259,0.7268,0.6946,0.7339,0.568
87,33,262,0.4097,0.2769,0.7313,0.4479
88,33,265,0.5611,0.5965,0.4287,0.7136
89,33,268,0.2984,0.7371,0.4368,0.7495
90,33,271,0.2862,0.4389,0.362,0.6123
91,33,274,0.5722,0.4828,0.2869,0.5241
92,33,277,0.5506,0.4648,0.5973,0.586
93,33,280,0.4685,0.2975,0.4159,0.2694
94,33,283,0.3244,0.3843,0.7372,0.5986
95,33,286,0.4373,0.3753,0.6023,0.1576
96,33,289,0.4637,0.4561,0.15,0.4826
97,33,292,0.1176,0.5593,0.4156,0.4321
98,33,295,0.5929,0.5853,0.3076,0.7097
99,33,298,0.2723,0.6593,0.4078,0.4644
,Dataset#,L,att_1,att_2,att_3,att_4
0,34,1,0.9453,0.9618,0.9503,0.9665
1,34,4,0.9561,0.9634,0.9515,0.9613
2,34,7,0.9532,0.9581,0.9633,0.9588
3,34,10,0.9635,0.961,0.9584,0.9561
4,34,13,0.958,0.9658,0.9637,0.9554
5,34,16,0.9561,0.956,0.9559,0.9634
6,34,19,0.9636,0.9588,0.9631,0.9607
7,34,22,0.9606,0.9608,0.9563,0.956
8,34,25,0.9633,0.9564,0.9602,0.9586
9,34,28,0.9556,0.9587,0.9457,0.966
10,34,31,0.9658,0.9582,0.9612,0.9554
11,34,34,0.9531,0.9582,0.9683,0.9529
12,34,37,0.9582,0.9473,0.961,0.9561
13,34,40,0.9682,0.9635,0.9611,0.9605
14,34,43,0.961,0.8761,0.9561,0.9615
15,34,46,0.9631,0.9634,0.9527,0.961
16,34,49,0.9614,0.9505,0.9659,0.9682
17,34,52,0.9587,0.9538,0.9634,0.9657
18,34,55,0.9557,0.9658,0.966,0.8862
19,34,58,0.8814,0.9584,0.9535,0.9552
20,34,61,0.9584,0.9553,0.9634,0.9683
21,34,64,0.9477,0.9608,0.9611,0.9537
22,34,67,0.9557,0.9559,0.9585,0.9587
23,34,70,0.9659,0.9634,0.8874,0.9529
24,34,73,0.9583,0.9535,0.9608,0.9533
25,34,76,0.961,0.7934,0.9605,0.9631
26,34,79,0.9611,0.9634,0.9614,0.9584
27,34,82,0.8679,0.9456,0.8787,0.8694
28,34,85,0.9685,0.9526,0.8051,0.961
29,34,88,0.8829,0.9682,0.8722,0.961
30,34,91,0.8734,0.971,0.8683,0.956
31,34,94,0.7911,0.961,0.9662,0.9634
32,34,97,0.9581,0.9546,0.9496,0.8661
33,34,100,0.8849,0.8802,0.9507,0.8776
34,34,103,0.9634,0.9709,0.9528,0.8829
35,34,106,0.8826,0.7858,0.9581,0.7907
36,34,109,0.7811,0.8786,0.8806,0.9605
37,34,112,0.886,0.9606,0.9588,0.958
38,34,115,0.8762,0.9686,0.8698,0.9578
39,34,118,0.8683,0.9684,0.8797,0.8755
40,34,121,0.7797,0.9531,0.9586,0.9581
41,34,124,0.8767,0.7863,0.9585,0.9536
42,34,127,0.8884,0.8646,0.7937,0.8886
43,34,130,0.7196,0.9581,0.7103,0.8729
44,34,133,0.8692,0.8607,0.8711,0.6977
45,34,136,0.8789,0.8699,0.8753,0.9586
46,34,139,0.881,0.9634,0.8702,0.874
47,34,142,0.8032,0.9682,0.7857,0.8051
48,34,145,0.7783,0.9566,0.8777,0.8802
49,34,148,0.87,0.8688,0.7899,0.8772
50,34,151,0.9659,0.8785,0.8612,0.9636
51,34,154,0.9659,0.886,0.7907,0.8657
52,34,157,0.8632,0.7863,0.7059,0.7942
53,34,160,0.7105,0.8763,0.8859,0.8886
54,34,163,0.9553,0.6322,0.7988,0.8005
55,34,166,0.8717,0.9535,0.8708,0.9638
56,34,169,0.9537,0.7995,0.9623,0.8656
57,34,172,0.7843,0.9534,0.7034,0.8803
58,34,175,0.8053,0.9521,0.8665,0.8831
59,34,178,0.7993,0.7874,0.9637,0.8685
60,34,181,0.9545,0.797,0.6261,0.7915
61,34,184,0.7081,0.8374,0.8719,0.7915
62,34,187,0.8909,0.8839,0.8021,0.7987
63,34,190,0.8861,0.8055,0.7911,0.8666
64,34,193,0.8827,0.8575,0.9582,0.8788
65,34,196,0.8615,0.7958,0.794,0.8838
66,34,199,0.941,0.9633,0.8765,0.966
67,34,202,0.8635,0.8743,0.8933,0.9637
68,34,205,0.9589,0.8764,0.7984,0.9638
69,34,208,0.4333,0.9637,0.9635,0.7986
70,34,211,0.8727,0.8707,0.9663,0.8851
71,34,214,0.8815,0.7939,0.8002,0.8909
72,34,217,0.9582,0.8743,0.8768,0.7036
73,34,220,0.7059,0.7888,0.881,0.7794
74,34,223,0.9637,0.8031,0.8004,0.6298
75,34,226,0.797,0.801,0.7902,0.8865
76,34,229,0.5957,0.7977,0.8721,0.7911
77,34,232,0.891,0.8708,0.9603,0.7058
78,34,235,0.8766,0.6075,0.7848,0.8834
79,34,238,0.8606,0.708,0.7781,0.8712
80,34,241,0.6286,0.6781,0.707,0.7903
81,34,244,0.9471,0.8027,0.8028,0.8683
82,34,247,0.9655,0.7703,0.8781,0.6352
83,34,250,0.8828,0.7899,0.8053,0.7007
84,34,253,0.8021,0.6061,0.8054,0.3974
85,34,256,0.9662,0.6933,0.8682,0.9592
86,34,259,0.7929,0.5429,0.7977,0.8831
87,34,262,0.7871,0.6026,0.779,0.9611
88,34,265,0.8813,0.7957,0.875,0.9664
89,34,268,0.8883,0.6882,0.7893,0.7171
90,34,271,0.8665,0.7112,0.7971,0.7714
91,34,274,0.4779,0.8051,0.8837,0.9659
92,34,277,0.8731,0.796,0.6027,0.8676
93,34,280,0.8681,0.6236,0.6916,0.6818
94,34,283,0.7614,0.966,0.3881,0.8835
95,34,286,0.7645,0.7827,0.7786,0.8756
96,34,289,0.6957,0.695,0.4352,0.7806
97,34,292,0.7689,0.964,0.6929,0.7921
98,34,295,0.5966,0.874,0.8786,0.5807
99,34,298,0.6886,0.6031,0.8769,0.8751
,Dataset#,L,att_1,att_2,att_3,att_4
0,35,1,0.5736,0.5703,0.561,0.5687
1,35,4,0.5817,0.5777,0.5777,0.5826
2,35,7,0.5797,0.575,0.5858,0.5848
3,35,10,0.582,0.584,0.5776,0.579
4,35,13,0.5835,0.5823,0.5953,0.5841
5,35,16,0.5742,0.5799,0.5695,0.5939
6,35,19,0.5837,0.5734,0.5802,0.561
7,35,22,0.589,0.5769,0.5824,0.587
8,35,25,0.5688,0.5829,0.5771,0.5813
9,35,28,0.5771,0.5797,0.5985,0.587
10,35,31,0.5816,0.5917,0.5751,0.5784
11,35,34,0.5778,0.5854,0.5811,0.578
12,35,37,0.5899,0.5702,0.5579,0.5806
13,35,40,0.5857,0.574,0.5827,0.5856
14,35,43,0.5836,0.5788,0.5767,0.5851
15,35,46,0.5817,0.5721,0.5797,0.578
16,35,49,0.5847,0.5938,0.5774,0.5741
17,35,52,0.5715,0.5805,0.5776,0.5789
18,35,55,0.5771,0.5739,0.587,0.5745
19,35,58,0.5702,0.5728,0.5828,0.5932
20,35,61,0.5838,0.5721,0.5723,0.5761
21,35,64,0.5798,0.583,0.585,0.5763
22,35,67,0.579,0.5823,0.5656,0.5738
23,35,70,0.5688,0.572,0.5774,0.5792
24,35,73,0.585,0.5782,0.5929,0.5931
25,35,76,0.5889,0.5658,0.5611,0.5777
26,35,79,0.5717,0.5841,0.5754,0.5704
27,35,82,0.5813,0.5708,0.58,0.5733
28,35,85,0.5867,0.5804,0.5751,0.5798
29,35,88,0.5766,0.5864,0.5387,0.5714
30,35,91,0.5866,0.584,0.592,0.5892
31,35,94,0.5876,0.5718,0.5736,0.5975
32,35,97,0.5671,0.5836,0.5769,0.5836
33,35,100,0.5853,0.5799,0.5853,0.5507
34,35,103,0.5854,0.5704,0.5862,0.5854
35,35,106,0.5828,0.5788,0.5763,0.5785
36,35,109,0.5804,0.5796,0.56,0.5899
37,35,112,0.5811,0.5791,0.5423,0.5899
38,35,115,0.5623,0.5806,0.5887,0.5872
39,35,118,0.5868,0.5784,0.5887,0.5553
40,35,121,0.5679,0.5789,0.5785,0.5715
41,35,124,0.576,0.5785,0.5726,0.5727
42,35,127,0.5605,0.5482,0.5827,0.5885
43,35,130,0.5767,0.581,0.5773,0.5855
44,35,133,0.5498,0.5796,0.5845,0.5764
45,35,136,0.5744,0.5806,0.5503,0.5461
46,35,139,0.5687,0.5872,0.5809,0.5811
47,35,142,0.5771,0.579,0.5709,0.5718
48,35,145,0.5956,0.5748,0.5729,0.5762
49,35,148,0.5794,0.5767,0.5586,0.4528
50,35,151,0.5459,0.5699,0.5705,0.5769
51,35,154,0.5855,0.5795,0.5663,0.5817
52,35,157,0.5773,0.464,0.5671,0.5382
53,35,160,0.5671,0.5739,0.5812,0.57
54,35,163,0.5704,0.5865,0.4645,0.5404
55,35,166,0.5738,0.5771,0.5798,0.4541
56,35,169,0.5509,0.5692,0.5851,0.5494
57,35,172,0.5722,0.5769,0.5833,0.5649
58,35,175,0.5709,0.4665,0.5705,0.579
59,35,178,0.5627,0.5799,0.4604,0.579
60,35,181,0.5753,0.5778,0.5498,0.5862
61,35,184,0.575,0.575,0.5656,0.5691
62,35,187,0.5385,0.5547,0.4586,0.5763
63,35,190,0.5786,0.5678,0.4549,0.5825
64,35,193,0.5632,0.457,0.5896,0.4377
65,35,196,0.5678,0.3533,0.5763,0.4577
66,35,199,0.5743,0.4707,0.5502,0.5809
67,35,202,0.4583,0.5787,0.5566,0.5884
68,35,205,0.5431,0.5829,0.5736,0.4518
69,35,208,0.5829,0.575,0.5226,0.4605
70,35,211,0.5742,0.5414,0.5876,0.5738
71,35,214,0.5647,0.5797,0.467,0.5402
72,35,217,0.5879,0.5825,0.5481,0.4566
73,35,220,0.5938,0.4353,0.5517,0.5377
74,35,223,0.3421,0.5803,0.5869,0.5577
75,35,226,0.5413,0.4569,0.581,0.5469
76,35,229,0.5913,0.5522,0.5728,0.4612
77,35,232,0.414,0.4391,0.5712,0.5755
78,35,235,0.4555,0.5499,0.4057,0.5567
79,35,238,0.5543,0.5804,0.584,0.5549
80,35,241,0.4586,0.5662,0.5798,0.568
81,35,244,0.5807,0.5758,0.5635,0.5817
82,35,247,0.5775,0.4528,0.5765,0.5696
83,35,250,0.4688,0.5761,0.5482,0.5507
84,35,253,0.3153,0.5568,0.457,0.5499
85,35,256,0.5736,0.5411,0.5643,0.5441
86,35,259,0.5598,0.5732,0.3498,0.4618
87,35,262,0.57,0.5791,0.5505,0.3229
88,35,265,0.5405,0.2353,0.3887,0.5629
89,35,268,0.4706,0.5362,0.3597,0.3563
90,35,271,0.5475,0.4607,0.5504,0.349
91,35,274,0.3171,0.5723,0.5458,0.5437
92,35,277,0.5744,0.2187,0.4677,0.5808
93,35,280,0.466,0.5578,0.4284,0.4493
94,35,283,0.4605,0.5928,0.3212,0.4425
95,35,286,0.4755,0.1939,0.5525,0.4643
96,35,289,0.4601,0.4679,0.4215,0.3368
97,35,292,0.4661,0.5825,0.5764,0.435
98,35,295,0.4628,0.4445,0.5891,0.3394
99,35,298,0.579,0.464,0.4606,0.5555
,Dataset#,L,att_1,att_2,att_3,att_4
0,36,1,0.7986,0.8113,0.8014,0.7993
1,36,4,0.8156,0.8204,0.8109,0.8117
2,36,7,0.8278,0.8097,0.8198,0.8318
3,36,10,0.8148,0.8154,0.816,0.8192
4,36,13,0.8338,0.8289,0.8244,0.7934
5,36,16,0.8301,0.8451,0.8409,0.8224
6,36,19,0.8247,0.8403,0.8231,0.8177
7,36,22,0.8292,0.8306,0.8121,0.8161
8,36,25,0.8223,0.8189,0.8173,0.8106
9,36,28,0.8251,0.8126,0.8172,0.7976
10,36,31,0.8212,0.8145,0.8249,0.8182
11,36,34,0.816,0.8215,0.8084,0.7999
12,36,37,0.8281,0.8282,0.8214,0.7989
13,36,40,0.8384,0.8462,0.8285,0.8286
14,36,43,0.83,0.8066,0.8328,0.8209
15,36,46,0.818,0.8187,0.8278,0.8106
16,36,49,0.8181,0.8295,0.836,0.7977
17,36,52,0.8071,0.821,0.8253,0.8184
18,36,55,0.8111,0.8289,0.8111,0.7842
19,36,58,0.8194,0.8142,0.8099,0.8069
20,36,61,0.795,0.8235,0.8235,0.8009
21,36,64,0.8327,0.8049,0.819,0.8192
22,36,67,0.8378,0.8323,0.8333,0.822
23,36,70,0.8202,0.8211,0.8075,0.8324
24,36,73,0.8138,0.7968,0.8414,0.8129
25,36,76,0.8204,0.81,0.848,0.8461
26,36,79,0.8182,0.8373,0.8259,0.8178
27,36,82,0.8277,0.8188,0.8096,0.8064
28,36,85,0.8246,0.8287,0.8272,0.8153
29,36,88,0.7984,0.8165,0.8368,0.8257
30,36,91,0.8213,0.8268,0.822,0.8236
31,36,94,0.8164,0.8394,0.8188,0.8374
32,36,97,0.8248,0.818,0.8223,0.8295
33,36,100,0.8221,0.7397,0.8303,0.8151
34,36,103,0.826,0.8309,0.8289,0.8356
35,36,106,0.8307,0.8276,0.8181,0.8338
36,36,109,0.8134,0.8237,0.7402,0.8264
37,36,112,0.8231,0.8409,0.8374,0.8109
38,36,115,0.8244,0.8048,0.8375,0.8212
39,36,118,0.7302,0.8258,0.759,0.8216
40,36,121,0.8209,0.8411,0.8385,0.8284
41,36,124,0.7569,0.8281,0.7613,0.7305
42,36,127,0.7788,0.8384,0.8307,0.8283
43,36,130,0.8313,0.8383,0.831,0.8443
44,36,133,0.8234,0.8422,0.7574,0.7294
45,36,136,0.7719,0.7435,0.8286,0.8287
46,36,139,0.8225,0.8321,0.835,0.8583
47,36,142,0.7566,0.8231,0.7687,0.7505
48,36,145,0.8164,0.8306,0.8229,0.7001
49,36,148,0.758,0.8361,0.8358,0.7727
50,36,151,0.759,0.8284,0.8241,0.8288
51,36,154,0.8346,0.778,0.7585,0.8304
52,36,157,0.8179,0.8328,0.7636,0.8194
53,36,160,0.8117,0.7556,0.8368,0.8204
54,36,163,0.8398,0.7639,0.7488,0.8231
55,36,166,0.8372,0.8239,0.7616,0.6779
56,36,169,0.8163,0.779,0.8295,0.7595
57,36,172,0.8384,0.7691,0.7639,0.7676
58,36,175,0.7597,0.6739,0.8269,0.824
59,36,178,0.7538,0.7724,0.8257,0.7547
60,36,181,0.8388,0.7151,0.6748,0.8365
61,36,184,0.7709,0.8356,0.8288,0.8452
62,36,187,0.81,0.7621,0.758,0.7083
63,36,190,0.8259,0.8147,0.7438,0.7562
64,36,193,0.6336,0.8157,0.7681,0.6818
65,36,196,0.7586,0.8038,0.7518,0.7494
66,36,199,0.775,0.8417,0.837,0.5688
67,36,202,0.6662,0.8324,0.7781,0.7694
68,36,205,0.6158,0.7295,0.7125,0.6601
69,36,208,0.8112,0.8383,0.7604,0.7631
70,36,211,0.5327,0.8308,0.7075,0.8068
71,36,214,0.7318,0.7491,0.8305,0.8057
72,36,217,0.8484,0.6836,0.7831,0.6624
73,36,220,0.8436,0.7404,0.7626,0.6586
74,36,223,0.8342,0.8216,0.7445,0.8508
75,36,226,0.6028,0.8359,0.5985,0.6023
76,36,229,0.7508,0.827,0.6132,0.8407
77,36,232,0.5981,0.6776,0.7577,0.7646
78,36,235,0.7497,0.679,0.755,0.5807
79,36,238,0.5074,0.6894,0.7642,0.7633
80,36,241,0.6274,0.7703,0.7257,0.5609
81,36,244,0.4383,0.624,0.7338,0.6708
82,36,247,0.5938,0.7588,0.5306,0.7428
83,36,250,0.833,0.7717,0.8215,0.8193
84,36,253,0.8378,0.7413,0.7674,0.8248
85,36,256,0.4285,0.8162,0.8152,0.597
86,36,259,0.6599,0.3449,0.5303,0.5961
87,36,262,0.6957,0.5291,0.7626,0.695
88,36,265,0.817,0.7064,0.6008,0.6096
89,36,268,0.6041,0.6122,0.756,0.746
90,36,271,0.6233,0.6863,0.5579,0.4664
91,36,274,0.6233,0.6921,0.5898,0.7763
92,36,277,0.8351,0.4318,0.6197,0.6324
93,36,280,0.5942,0.5827,0.3586,0.517
94,36,283,0.316,0.43,0.4104,0.5866
95,36,286,0.5768,0.494,0.4969,0.6904
96,36,289,0.6863,0.6975,0.09682,0.6082
97,36,292,0.6702,0.683,0.5915,0.6304
98,36,295,0.5052,0.3699,0.6342,0.5421
99,36,298,0.5272,0.4342,0.3695,0.7476
,Dataset#,L,att_1,att_2,att_3,att_4
0,37,1,0.9951,0.9951,0.9951,0.9951
1,37,4,1,0.9951,1,1
2,37,7,1,1,1,1
3,37,10,1,1,1,1
4,37,13,1,1,1,1
5,37,16,1,1,1,1
6,37,19,1,1,1,1
7,37,22,1,1,1,1
8,37,25,1,1,1,1
9,37,28,1,1,1,1
10,37,31,1,1,1,1
11,37,34,1,1,1,1
12,37,37,1,1,1,1
13,37,40,1,1,1,1
14,37,43,1,1,1,1
15,37,46,1,1,1,1
16,37,49,1,1,1,1
17,37,52,1,1,1,1
18,37,55,1,1,1,1
19,37,58,1,1,1,1
20,37,61,1,1,1,1
21,37,64,1,1,1,1
22,37,67,1,1,1,1
23,37,70,1,1,1,1
24,37,73,1,1,1,1
25,37,76,1,1,1,1
26,37,79,1,1,1,1
27,37,82,1,1,1,1
28,37,85,1,1,1,1
29,37,88,1,1,1,1
30,37,91,1,1,1,1
31,37,94,1,1,1,1
32,37,97,1,1,1,1
33,37,100,1,1,1,1
34,37,103,1,1,1,1
35,37,106,1,1,1,1
36,37,109,1,1,1,1
37,37,112,1,1,1,1
38,37,115,1,1,1,1
39,37,118,1,1,1,1
40,37,121,1,1,1,1
41,37,124,1,1,1,1
42,37,127,1,1,1,1
43,37,130,1,1,0.9951,1
44,37,133,1,1,1,1
45,37,136,1,1,1,1
46,37,139,1,1,1,1
47,37,142,1,1,1,1
48,37,145,1,1,1,1
49,37,148,1,0.9951,1,1
50,37,151,1,1,1,1
51,37,154,1,1,1,1
52,37,157,1,1,1,1
53,37,160,1,0.8571,1,1
54,37,163,1,1,1,1
55,37,166,1,1,1,1
56,37,169,1,1,1,1
57,37,172,1,1,1,1
58,37,175,0.8571,1,1,1
59,37,178,1,1,1,1
60,37,181,1,1,0.8571,1
61,37,184,1,0.8571,1,1
62,37,187,1,1,1,1
63,37,190,0.8571,1,1,1
64,37,193,1,0.8571,1,0.8571
65,37,196,1,1,0.8571,0.8571
66,37,199,0.8571,1,0.8571,1
67,37,202,1,0.8571,0.8571,1
68,37,205,1,1,0.8523,0.8571
69,37,208,1,0.8571,1,0.8
70,37,211,0.8571,1,0.8571,1
71,37,214,1,1,0.8571,0.8571
72,37,217,0.9951,1,1,0.8571
73,37,220,1,1,1,1
74,37,223,0.7143,1,1,1
75,37,226,0.8571,0.8571,0.8571,0.6571
76,37,229,1,0.8571,1,0.8571
77,37,232,0.8571,0.8,0.8571,0.8571
78,37,235,0.8571,1,0.8571,0.8
79,37,238,0.8571,0.7143,1,0.8
80,37,241,0.7143,0.8571,0.8,1
81,37,244,0.6,0.8,1,0.6571
82,37,247,1,0.6571,0.738,0.8571
83,37,250,0.8571,0.8571,0.6,1
84,37,253,1,0.7949,0.7143,0.7143
85,37,256,1,0.8571,0.8,0.8
86,37,259,0.8,0.9404,0.7143,0.8571
87,37,262,0.6571,1,0.5143,0.8
88,37,265,1,0.7143,0.7094,0.8
89,37,268,1,0.8571,0.7143,1
90,37,271,0.8571,0.8571,0.8,0.7143
91,37,274,0.5535,0.7143,0.5143,0.6
92,37,277,0.7143,0.6571,1,0.8
93,37,280,0.8571,0.7143,0.8571,0.5143
94,37,283,0.8,0.5048,0.6,0.8571
95,37,286,0.8,0.8571,0.6,0.8
96,37,289,1,0.6,0.6571,0.4571
97,37,292,1,0.7143,0.5143,1
98,37,295,0.8571,0.7949,0.6571,0.7143
99,37,298,1,0.8,0.8571,0.8571
,Dataset#,L,att_1,att_2,att_3,att_4
0,38,1,0.8429,0.8413,0.8516,0.8455
1,38,4,0.8547,0.8535,0.8527,0.847
2,38,7,0.8593,0.8532,0.8564,0.8503
3,38,10,0.8513,0.8485,0.8559,0.8448
4,38,13,0.8531,0.8523,0.8542,0.8544
5,38,16,0.8401,0.8545,0.8514,0.8523
6,38,19,0.8571,0.8531,0.8503,0.8574
7,38,22,0.8549,0.8418,0.849,0.853
8,38,25,0.871,0.8662,0.8531,0.8514
9,38,28,0.8532,0.8575,0.8484,0.8357
10,38,31,0.8589,0.8515,0.8539,0.8587
11,38,34,0.8657,0.8377,0.8554,0.8335
12,38,37,0.8432,0.8606,0.8541,0.8518
13,38,40,0.841,0.8457,0.8642,0.7805
14,38,43,0.856,0.8411,0.8595,0.8608
15,38,46,0.839,0.8563,0.8431,0.8616
16,38,49,0.8491,0.8502,0.8612,0.8366
17,38,52,0.8457,0.8492,0.8449,0.8483
18,38,55,0.8609,0.8562,0.843,0.8563
19,38,58,0.8342,0.8527,0.8573,0.8534
20,38,61,0.8484,0.8459,0.8484,0.8599
21,38,64,0.8511,0.8423,0.8493,0.851
22,38,67,0.8597,0.8496,0.8523,0.7955
23,38,70,0.8472,0.8518,0.8455,0.8587
24,38,73,0.8604,0.853,0.8509,0.8604
25,38,76,0.7786,0.8426,0.8502,0.8502
26,38,79,0.8486,0.854,0.8417,0.8545
27,38,82,0.8085,0.7946,0.8524,0.8421
28,38,85,0.7859,0.8376,0.7346,0.7806
29,38,88,0.7823,0.856,0.7354,0.8493
30,38,91,0.8438,0.8492,0.7833,0.851
31,38,94,0.7314,0.85,0.8449,0.7831
32,38,97,0.6569,0.8456,0.7764,0.7914
33,38,100,0.8605,0.7884,0.8463,0.8479
34,38,103,0.7167,0.8558,0.8418,0.8494
35,38,106,0.8401,0.7824,0.7411,0.8447
36,38,109,0.7871,0.7984,0.8456,0.7177
37,38,112,0.8423,0.7745,0.8528,0.8343
38,38,115,0.8548,0.789,0.8047,0.7251
39,38,118,0.778,0.7814,0.7955,0.7242
40,38,121,0.7043,0.6575,0.8486,0.8551
41,38,124,0.7875,0.8527,0.7908,0.8353
42,38,127,0.8339,0.7807,0.6741,0.8585
43,38,130,0.7791,0.7808,0.7253,0.7981
44,38,133,0.7768,0.7776,0.7872,0.7869
45,38,136,0.7218,0.8028,0.8486,0.7897
46,38,139,0.7693,0.7315,0.7792,0.6597
47,38,142,0.7983,0.8383,0.8054,0.8512
48,38,145,0.7152,0.7884,0.777,0.8028
49,38,148,0.7274,0.7926,0.7975,0.8468
50,38,151,0.7281,0.7907,0.7052,0.8466
51,38,154,0.798,0.7312,0.8423,0.7948
52,38,157,0.7231,0.6261,0.7983,0.7123
53,38,160,0.7927,0.855,0.7328,0.8505
54,38,163,0.7845,0.7711,0.7761,0.7808
55,38,166,0.6988,0.744,0.8315,0.6589
56,38,169,0.8353,0.6769,0.7899,0.7737
57,38,172,0.8518,0.8445,0.732,0.7145
58,38,175,0.712,0.711,0.761,0.8374
59,38,178,0.6798,0.6791,0.6566,0.7724
60,38,181,0.5644,0.7262,0.7894,0.7926
61,38,184,0.7873,0.4973,0.7361,0.7199
62,38,187,0.7263,0.8579,0.754,0.7236
63,38,190,0.7835,0.663,0.7391,0.6439
64,38,193,0.7418,0.8582,0.796,0.6736
65,38,196,0.8586,0.8456,0.6645,0.6742
66,38,199,0.7792,0.848,0.5905,0.7702
67,38,202,0.8612,0.7186,0.8517,0.8423
68,38,205,0.8457,0.7828,0.6534,0.7148
69,38,208,0.7283,0.7718,0.8521,0.7871
70,38,211,0.6086,0.7633,0.8552,0.7001
71,38,214,0.8497,0.7343,0.5543,0.7263
72,38,217,0.7208,0.7363,0.7954,0.5888
73,38,220,0.7861,0.6942,0.6628,0.7689
74,38,223,0.7418,0.7269,0.6079,0.536
75,38,226,0.8359,0.7729,0.6652,0.8453
76,38,229,0.7903,0.7622,0.5549,0.7903
77,38,232,0.7042,0.7306,0.8,0.7818
78,38,235,0.6064,0.8343,0.8032,0.8354
79,38,238,0.7785,0.6532,0.8024,0.7169
80,38,241,0.6752,0.7734,0.7934,0.848
81,38,244,0.8494,0.5335,0.7819,0.8538
82,38,247,0.5424,0.4362,0.6228,0.7999
83,38,250,0.6722,0.7358,0.7158,0.7763
84,38,253,0.7943,0.7087,0.7383,0.8076
85,38,256,0.7659,0.7969,0.7166,0.6714
86,38,259,0.7248,0.7164,0.4489,0.7784
87,38,262,0.7276,0.5626,0.782,0.7689
88,38,265,0.7797,0.8343,0.6958,0.7927
89,38,268,0.8547,0.5059,0.7477,0.787
90,38,271,0.6651,0.7137,0.7259,0.6163
91,38,274,0.6727,0.7904,0.8012,0.4506
92,38,277,0.6536,0.4476,0.4611,0.781
93,38,280,0.4282,0.6158,0.4947,0.7691
94,38,283,0.5865,0.7904,0.6071,0.5557
95,38,286,0.7849,0.7362,0.7215,0.6203
96,38,289,0.615,0.7324,0.6612,0.7175
97,38,292,0.709,0.5054,0.6702,0.4947
98,38,295,0.5576,0.545,0.6401,0.7189
99,38,298,0.6421,0.4288,0.7159,0.7821
,Dataset#,L,att_1,att_2,att_3,att_4
0,39,1,0.6882,0.6912,0.6817,0.691
1,39,4,0.6893,0.693,0.6918,0.6931
2,39,7,0.6909,0.7042,0.6899,0.6859
3,39,10,0.6963,0.6924,0.6849,0.6925
4,39,13,0.6937,0.6977,0.6903,0.6993
5,39,16,0.6935,0.6857,0.6849,0.6983
6,39,19,0.6898,0.6823,0.6816,0.6855
7,39,22,0.6997,0.6899,0.6952,0.7011
8,39,25,0.6741,0.6972,0.7065,0.687
9,39,28,0.6917,0.6911,0.7008,0.6909
10,39,31,0.6928,0.7048,0.6849,0.7088
11,39,34,0.6977,0.6898,0.6896,0.6813
12,39,37,0.656,0.6911,0.7061,0.6883
13,39,40,0.6921,0.6863,0.6912,0.6925
14,39,43,0.6562,0.6957,0.6885,0.6874
15,39,46,0.6835,0.6941,0.6978,0.6959
16,39,49,0.6485,0.6994,0.6989,0.6391
17,39,52,0.6389,0.6361,0.6998,0.643
18,39,55,0.6856,0.687,0.6958,0.6893
19,39,58,0.6912,0.7004,0.6986,0.6854
20,39,61,0.6992,0.6951,0.7005,0.6836
21,39,64,0.7027,0.6919,0.6819,0.6913
22,39,67,0.6356,0.6841,0.702,0.655
23,39,70,0.6825,0.6946,0.6965,0.6488
24,39,73,0.6926,0.6897,0.6934,0.698
25,39,76,0.6907,0.6831,0.6785,0.6889
26,39,79,0.6743,0.6509,0.69,0.6905
27,39,82,0.6766,0.6985,0.686,0.6137
28,39,85,0.6927,0.6154,0.6559,0.6479
29,39,88,0.6597,0.666,0.6474,0.6963
30,39,91,0.655,0.6941,0.6069,0.6613
31,39,94,0.5815,0.6952,0.6349,0.6035
32,39,97,0.6535,0.6453,0.6856,0.6922
33,39,100,0.6347,0.6536,0.6479,0.6811
34,39,103,0.6897,0.6021,0.6956,0.6992
35,39,106,0.6363,0.6701,0.6881,0.6506
36,39,109,0.6874,0.6463,0.692,0.6911
37,39,112,0.6529,0.6446,0.6816,0.6544
38,39,115,0.6919,0.6466,0.6835,0.6484
39,39,118,0.5951,0.6895,0.6513,0.6403
40,39,121,0.7005,0.6987,0.6349,0.6892
41,39,124,0.6618,0.6852,0.6859,0.6409
42,39,127,0.6833,0.6952,0.5909,0.6799
43,39,130,0.644,0.6902,0.6183,0.6815
44,39,133,0.607,0.6057,0.6832,0.6262
45,39,136,0.6619,0.6642,0.7055,0.6415
46,39,139,0.6948,0.5613,0.6371,0.6905
47,39,142,0.6387,0.6548,0.6358,0.6522
48,39,145,0.6065,0.6902,0.6528,0.6103
49,39,148,0.6882,0.6356,0.6581,0.71
50,39,151,0.6932,0.6778,0.6338,0.6982
51,39,154,0.679,0.6852,0.614,0.6392
52,39,157,0.5537,0.6443,0.6901,0.6612
53,39,160,0.6878,0.6734,0.6447,0.6374
54,39,163,0.6,0.6478,0.6929,0.6691
55,39,166,0.6069,0.6435,0.6958,0.6427
56,39,169,0.5998,0.701,0.6481,0.6099
57,39,172,0.6862,0.625,0.6463,0.6634
58,39,175,0.6061,0.6057,0.6967,0.694
59,39,178,0.556,0.6396,0.6344,0.6956
60,39,181,0.6562,0.6491,0.5757,0.651
61,39,184,0.6815,0.6989,0.6011,0.6818
62,39,187,0.6227,0.678,0.6315,0.6387
63,39,190,0.6642,0.6038,0.6031,0.6827
64,39,193,0.6568,0.5635,0.6402,0.6179
65,39,196,0.5514,0.6403,0.6807,0.5607
66,39,199,0.6042,0.5629,0.6828,0.6925
67,39,202,0.6494,0.6015,0.6049,0.6961
68,39,205,0.6434,0.6308,0.612,0.688
69,39,208,0.6947,0.6258,0.6011,0.6898
70,39,211,0.6879,0.5559,0.6518,0.6077
71,39,214,0.6343,0.6796,0.656,0.6913
72,39,217,0.5056,0.5263,0.6902,0.6903
73,39,220,0.6396,0.5644,0.6822,0.5623
74,39,223,0.5546,0.6567,0.611,0.6963
75,39,226,0.64,0.376,0.5026,0.6939
76,39,229,0.6017,0.6415,0.5849,0.6413
77,39,232,0.6354,0.6966,0.6896,0.5625
78,39,235,0.6503,0.5911,0.6304,0.5123
79,39,238,0.5633,0.4227,0.6284,0.6848
80,39,241,0.6533,0.6914,0.5997,0.6325
81,39,244,0.6175,0.4505,0.6515,0.6736
82,39,247,0.6,0.6585,0.6452,0.6886
83,39,250,0.5496,0.5075,0.6599,0.4266
84,39,253,0.5606,0.6446,0.6025,0.4655
85,39,256,0.5664,0.6838,0.6589,0.6414
86,39,259,0.6401,0.6266,0.6861,0.6789
87,39,262,0.4201,0.6545,0.6117,0.6422
88,39,265,0.4898,0.6965,0.6416,0.4239
89,39,268,0.5657,0.619,0.687,0.6859
90,39,271,0.5584,0.6012,0.6412,0.3653
91,39,274,0.5636,0.5419,0.5982,0.5595
92,39,277,0.5987,0.6875,0.6136,0.6498
93,39,280,0.5609,0.5314,0.6503,0.6484
94,39,283,0.6309,0.5358,0.6832,0.6244
95,39,286,0.6472,0.6225,0.3739,0.6405
96,39,289,0.5572,0.5442,0.6763,0.5713
97,39,292,0.2292,0.4578,0.4354,0.5591
98,39,295,0.5883,0.4209,0.4625,0.6107
99,39,298,0.5366,0.4996,0.5976,0.4157
,Dataset#,L,att_1,att_2,att_3,att_4
0,40,1,0.3327,0.2889,0.3049,0.3058
1,40,4,0.3663,0.3861,0.3714,0.3281
2,40,7,0.4066,0.3795,0.4064,0.3695
3,40,10,0.4213,0.4274,0.4573,0.3843
4,40,13,0.377,0.3578,0.3984,0.413
5,40,16,0.4554,0.3795,0.4083,0.4589
6,40,19,0.4101,0.437,0.3474,0.4413
7,40,22,0.3892,0.4347,0.3472,0.4713
8,40,25,0.4106,0.4683,0.4197,0.3799
9,40,28,0.4083,0.4361,0.4233,0.4182
10,40,31,0.4097,0.409,0.3823,0.415
11,40,34,0.3642,0.4189,0.4534,0.364
12,40,37,0.3836,0.4238,0.3949,0.4025
13,40,40,0.4415,0.4408,0.36,0.3902
14,40,43,0.4339,0.3462,0.3911,0.3698
15,40,46,0.4358,0.3541,0.383,0.4038
16,40,49,0.3996,0.3888,0.4067,0.3461
17,40,52,0.388,0.3911,0.4265,0.376
18,40,55,0.411,0.3508,0.3971,0.3391
19,40,58,0.3492,0.4183,0.4105,0.3629
20,40,61,0.4734,0.3468,0.3591,0.4255
21,40,64,0.3383,0.3954,0.3543,0.392
22,40,67,0.2963,0.4187,0.4229,0.4
23,40,70,0.3528,0.4462,0.389,0.3905
24,40,73,0.37,0.3467,0.335,0.3433
25,40,76,0.349,0.3624,0.3802,0.3865
26,40,79,0.4006,0.3414,0.3509,0.3534
27,40,82,0.3579,0.3318,0.4117,0.3923
28,40,85,0.399,0.3774,0.4239,0.4236
29,40,88,0.4398,0.4067,0.4068,0.4068
30,40,91,0.3916,0.3958,0.406,0.3872
31,40,94,0.358,0.3622,0.3682,0.4095
32,40,97,0.2981,0.4224,0.3889,0.42
33,40,100,0.3961,0.2772,0.3805,0.3862
34,40,103,0.4222,0.4198,0.3899,0.3777
35,40,106,0.3882,0.4067,0.3668,0.4077
36,40,109,0.3314,0.3508,0.3629,0.4711
37,40,112,0.4499,0.3786,0.3627,0.4233
38,40,115,0.3701,0.3832,0.387,0.4069
39,40,118,0.4138,0.3297,0.427,0.3542
40,40,121,0.3329,0.4179,0.3762,0.3849
41,40,124,0.4079,0.309,0.4057,0.2649
42,40,127,0.3911,0.353,0.4123,0.358
43,40,130,0.3723,0.395,0.3655,0.4263
44,40,133,0.3823,0.3967,0.429,0.418
45,40,136,0.3079,0.3066,0.3763,0.3309
46,40,139,0.4315,0.4351,0.3511,0.3206
47,40,142,0.3229,0.3485,0.3819,0.35
48,40,145,0.3877,0.3694,0.2758,0.4408
49,40,148,0.3693,0.4461,0.3349,0.3524
50,40,151,0.3529,0.3882,0.4471,0.3979
51,40,154,0.2958,0.4343,0.2596,0.3952
52,40,157,0.4055,0.4445,0.3799,0.363
53,40,160,0.3843,0.3141,0.398,0.2221
54,40,163,0.4008,0.2186,0.3837,0.4395
55,40,166,0.3876,0.3812,0.3548,0.3473
56,40,169,0.2606,0.3846,0.3707,0.4009
57,40,172,0.4597,0.3783,0.2943,0.3341
58,40,175,0.36,0.4217,0.3403,0.3807
59,40,178,0.3331,0.3397,0.3721,0.4102
60,40,181,0.4615,0.3562,0.3559,0.3775
61,40,184,0.2402,0.3948,0.3865,0.3451
62,40,187,0.4442,0.3349,0.3718,0.4094
63,40,190,0.3554,0.4082,0.3873,0.2706
64,40,193,0.3923,0.368,0.3276,0.3766
65,40,196,0.3637,0.2452,0.3643,0.3436
66,40,199,0.2995,0.3147,0.2707,0.4399
67,40,202,0.4206,0.3482,0.3594,0.2849
68,40,205,0.4051,0.3249,0.4504,0.3394
69,40,208,0.425,0.275,0.3752,0.4477
70,40,211,0.2365,0.3843,0.3638,0.3353
71,40,214,0.1771,0.2167,0.3563,0.1371
72,40,217,0.3925,0.3409,0.2494,0.2807
73,40,220,0.3812,0.2581,0.3821,0.3991
74,40,223,0.3195,0.3296,0.3555,0.4133
75,40,226,0.3859,0.3036,0.4583,0.3636
76,40,229,0.2824,0.173,0.1751,0.3897
77,40,232,0.4469,0.2293,0.447,0.4664
78,40,235,0.3538,0.3821,0.3522,0.418
79,40,238,0.3858,0.3548,0.3711,0.349
80,40,241,0.3585,0.3111,0.359,0.3312
81,40,244,0.2676,0.3689,0.3279,0.378
82,40,247,0.2629,0.3354,0.2998,0.2796
83,40,250,0.3398,0.3155,0.216,0.3025
84,40,253,0.2263,0.4101,0.3207,0.3643
85,40,256,0.3742,0.3311,0.3111,0.2542
86,40,259,0.3621,0.1929,0.2316,0.1995
87,40,262,0.07314,0.2215,0.2683,0.2715
88,40,265,0.2352,0.137,0.3609,0.4009
89,40,268,0.2629,0.3506,0.3503,0.2468
90,40,271,0.3663,0.2072,0.4331,0.2
91,40,274,0.2438,0.26,0.1917,0.1377
92,40,277,0.27,0.2644,0.2667,0.2455
93,40,280,0.2217,0.1748,0.2649,0.06154
94,40,283,0.2852,0.2771,0.182,0.2326
95,40,286,0.1539,0.2893,0.2461,0.09608
96,40,289,0.1917,0.04706,0.2469,0.2579
97,40,292,0.1433,0.0923,0.2287,0.1571
98,40,295,0.2852,0.1231,0.1473,0.02666
99,40,298,0.1939,0.1415,0.2344,0
,Dataset#,L,att_1,att_2,att_3,att_4
0,41,1,0.3452,0.3127,0.3399,0.3508
1,41,4,0.3619,0.3343,0.3675,0.396
2,41,7,0.3502,0.3704,0.3468,0.3294
3,41,10,0.3589,0.4382,0.3266,0.3426
4,41,13,0.3488,0.3168,0.3191,0.3445
5,41,16,0.3035,0.3647,0.3501,0.3542
6,41,19,0.2925,0.3211,0.3782,0.3703
7,41,22,0.3276,0.3461,0.2445,0.3247
8,41,25,0.4014,0.3333,0.3892,0.3337
9,41,28,0.2888,0.3419,0.3319,0.3972
10,41,31,0.3244,0.3383,0.3611,0.2997
11,41,34,0.3492,0.2938,0.3858,0.3539
12,41,37,0.3216,0.3645,0.305,0.3897
13,41,40,0.2681,0.2692,0.328,0.3527
14,41,43,0.3089,0.3562,0.3671,0.3987
15,41,46,0.4107,0.3584,0.3368,0.3588
16,41,49,0.2878,0.3171,0.3356,0.3984
17,41,52,0.363,0.2912,0.3608,0.35
18,41,55,0.4018,0.3412,0.2917,0.3348
19,41,58,0.3534,0.3491,0.3526,0.3486
20,41,61,0.3359,0.3355,0.3693,0.3517
21,41,64,0.3598,0.3261,0.4045,0.3142
22,41,67,0.3465,0.3343,0.3362,0.3961
23,41,70,0.2956,0.377,0.3353,0.2566
24,41,73,0.3753,0.3677,0.3688,0.3869
25,41,76,0.3183,0.3373,0.3191,0.2727
26,41,79,0.3042,0.3554,0.2952,0.3496
27,41,82,0.3595,0.3859,0.3616,0.3393
28,41,85,0.3139,0.3327,0.3263,0.3849
29,41,88,0.3545,0.2925,0.3133,0.3472
30,41,91,0.3471,0.4689,0.3164,0.3573
31,41,94,0.3337,0.3901,0.3327,0.3748
32,41,97,0.3232,0.3521,0.3603,0.3506
33,41,100,0.2583,0.3515,0.4037,0.3178
34,41,103,0.3444,0.3618,0.325,0.3367
35,41,106,0.3271,0.3117,0.3341,0.3478
36,41,109,0.349,0.3555,0.3654,0.2902
37,41,112,0.2985,0.3176,0.3676,0.2863
38,41,115,0.3623,0.3287,0.3232,0.3232
39,41,118,0.33,0.3506,0.3228,0.3821
40,41,121,0.3976,0.389,0.3334,0.2614
41,41,124,0.3014,0.3824,0.3067,0.2897
42,41,127,0.3237,0.3237,0.3135,0.3276
43,41,130,0.3291,0.3743,0.3543,0.3746
44,41,133,0.3553,0.3369,0.2796,0.2512
45,41,136,0.3825,0.3471,0.2798,0.1757
46,41,139,0.3127,0.3377,0.2969,0.4481
47,41,142,0.4053,0.2373,0.3192,0.3044
48,41,145,0.3953,0.2439,0.3848,0.3363
49,41,148,0.3747,0.3953,0.3271,0.3446
50,41,151,0.3535,0.3636,0.3076,0.3378
51,41,154,0.3386,0.2391,0.3423,0.3726
52,41,157,0.3612,0.3244,0.356,0.2986
53,41,160,0.3409,0.2591,0.2582,0.332
54,41,163,0.2545,0.2742,0.2405,0.2168
55,41,166,0.3235,0.3167,0.2171,0.3037
56,41,169,0.3176,0.3896,0.2148,0.3348
57,41,172,0.3284,0.3091,0.3029,0.3202
58,41,175,0.2923,0.375,0.2832,0.3428
59,41,178,0.2907,0.1333,0.3352,0.1803
60,41,181,0.3449,0.3266,0.3811,0.2322
61,41,184,0.2347,0.3068,0.2794,0.283
62,41,187,0.329,0.3147,0.3713,0.3172
63,41,190,0.3598,0.241,0.3265,0.2265
64,41,193,0.3963,0.2988,0.232,0.3086
65,41,196,0.2895,0.2164,0.3157,0.207
66,41,199,0.3439,0.1521,0.3058,0.2942
67,41,202,0.278,0.3251,0.2453,0.1899
68,41,205,0.2997,0.3105,0.3205,0.2622
69,41,208,0.3826,0.3832,0.2115,0.1675
70,41,211,0.2611,0.2001,0.3291,0.2945
71,41,214,0.2708,0.3145,0.3802,0.304
72,41,217,0.3564,0.1624,0.3788,0.3868
73,41,220,0.252,0.3616,0.352,0.314
74,41,223,0.2392,0.2692,0.3645,0.3543
75,41,226,0.2681,0.3242,0.3002,0.3267
76,41,229,0.2674,0.315,0.2037,0.4033
77,41,232,0.2943,0.3163,0.2566,0.3442
78,41,235,0.2549,0.2364,0.2511,0.3645
79,41,238,0.3348,0.3426,0.2891,0.3166
80,41,241,0.1102,0.02816,0.332,0.2499
81,41,244,0.3339,0.1736,0.2004,0.1448
82,41,247,0.2099,0.3521,0.2951,0.2674
83,41,250,0.3016,0.3397,0.3394,0.266
84,41,253,0.3414,0.2256,0.341,0.2976
85,41,256,0.1317,0.1967,0.3592,0.2063
86,41,259,0.3391,0.2761,0.1578,0.3715
87,41,262,0.3276,0.1765,0.2949,0.243
88,41,265,0.2489,0.2353,0.075,0.2029
89,41,268,0.1748,0.177,0.1832,0.2491
90,41,271,0.1475,0.1541,0.2032,0.2226
91,41,274,0.2842,0.2601,0.2172,0.2355
92,41,277,0.3195,0.2627,0.2492,0.2799
93,41,280,0.2969,0.3446,0.1684,0.2196
94,41,283,0.1807,0.1988,0.1244,0.175
95,41,286,0,0.1341,0.1526,0.2727
96,41,289,0.1703,0.2111,0.1462,0.1864
97,41,292,0.1221,0.08992,0.2998,0.2186
98,41,295,0.1095,0.1588,0.1096,0.2706
99,41,298,0.131,0.2964,0.2466,0.09482
,Dataset#,L,att_1,att_2,att_3,att_4
0,42,1,0.9595,0.959,0.9595,0.9573
1,42,4,0.9525,0.9568,0.9542,0.9568
2,42,7,0.9545,0.9521,0.9542,0.9542
3,42,10,0.9521,0.9523,0.9542,0.9564
4,42,13,0.9542,0.9545,0.9523,0.9542
5,42,16,0.9544,0.9545,0.9563,0.9564
6,42,19,0.9523,0.9523,0.9564,0.9501
7,42,22,0.9499,0.9542,0.9523,0.9542
8,42,25,0.9588,0.9586,0.9523,0.9521
9,42,28,0.9521,0.9542,0.9583,0.9542
10,42,31,0.9542,0.9544,0.9542,0.9544
11,42,34,0.9562,0.9564,0.9521,0.9583
12,42,37,0.9502,0.9562,0.9523,0.9564
13,42,40,0.9567,0.9585,0.9523,0.8709
14,42,43,0.9564,0.7769,0.9564,0.8665
15,42,46,0.9502,0.9564,0.9526,0.9545
16,42,49,0.8708,0.8687,0.9518,0.9564
17,42,52,0.8686,0.8642,0.9564,0.9562
18,42,55,0.8664,0.9502,0.9545,0.8708
19,42,58,0.8648,0.9523,0.8622,0.8646
20,42,61,0.9504,0.9607,0.8624,0.8654
21,42,64,0.8666,0.9585,0.873,0.8687
22,42,67,0.9584,0.8688,0.7829,0.7831
23,42,70,0.8644,0.7809,0.8716,0.8686
24,42,73,0.7809,0.7749,0.8708,0.6909
25,42,76,0.7769,0.9589,0.8586,0.8585
26,42,79,0.6083,0.9607,0.8647,0.9518
27,42,82,0.873,0.9481,0.8673,0.9588
28,42,85,0.6909,0.8645,0.8686,0.8697
29,42,88,0.8602,0.6909,0.6939,0.8617
30,42,91,0.9501,0.7003,0.7808,0.8732
31,42,94,0.6061,0.8709,0.7777,0.9564
32,42,97,0.7767,0.8687,0.7798,0.7765
33,42,100,0.8685,0.8644,0.7861,0.7764
34,42,103,0.8645,0.7855,0.781,0.6868
35,42,106,0.7794,0.69,0.6002,0.6933
36,42,109,0.7811,0.7758,0.7829,0.7818
37,42,112,0.8666,0.7796,0.9566,0.6911
38,42,115,0.8706,0.872,0.692,0.8648
39,42,118,0.7005,0.8644,0.9568,0.6982
40,42,121,0.7789,0.8707,0.7862,0.8646
41,42,124,0.6933,0.8725,0.7872,0.7792
42,42,127,0.6041,0.6105,0.8666,0.8648
43,42,130,0.7788,0.7809,0.7851,0.8727
44,42,133,0.7811,0.7816,0.7769,0.781
45,42,136,0.6909,0.7799,0.8663,0.7882
46,42,139,0.8752,0.6909,0.8676,0.7853
47,42,142,0.6941,0.7872,0.8685,0.9588
48,42,145,0.6898,0.7872,0.6953,0.8666
49,42,148,0.8668,0.7833,0.7756,0.6126
50,42,151,0.6038,0.7872,0.7786,0.6032
51,42,154,0.7809,0.7005,0.694,0.873
52,42,157,0.7829,0.6941,0.7816,0.696
53,42,160,0.9608,0.8667,0.778,0.6887
54,42,163,0.7808,0.9566,0.7837,0.8666
55,42,166,0.9566,0.7875,0.7834,0.7786
56,42,169,0.8628,0.7755,0.776,0.8726
57,42,172,0.8712,0.785,0.6995,0.7796
58,42,175,0.8686,0.783,0.6898,0.6021
59,42,178,0.6086,0.6938,0.8684,0.8689
60,42,181,0.8689,0.6054,0.6868,0.8762
61,42,184,0.9587,0.8654,0.9564,0.772
62,42,187,0.6939,0.7769,0.6898,0.8713
63,42,190,0.7777,0.9547,0.6962,0.7883
64,42,193,0.7797,0.6085,0.9605,0.8685
65,42,196,0.6889,0.864,0.9547,0.7884
66,42,199,0.8671,0.6917,0.7789,0.6901
67,42,202,0.6898,0.6061,0.6938,0.7817
68,42,205,0.788,0.8716,0.8687,0.6973
69,42,208,0.6917,0.6021,0.7838,0.6984
70,42,211,0.6911,0.5037,0.8752,0.8673
71,42,214,0.7798,0.6032,0.7006,0.7797
72,42,217,0.8689,0.8708,0.7808,0.502
73,42,220,0.5184,0.7798,0.7904,0.6126
74,42,223,0.7765,0.6859,0.7808,0.7005
75,42,226,0.5935,0.8619,0.4981,0.6778
76,42,229,0.873,0.6934,0.6126,0.6882
77,42,232,0.6917,0.6105,0.8685,0.6795
78,42,235,0.7792,0.7851,0.8781,0.6887
79,42,238,0.7806,0.5999,0.696,0.7767
80,42,241,0.5956,0.8707,0.588,0.6887
81,42,244,0.5893,0.7858,0.5834,0.8714
82,42,247,0.8668,0.7856,0.6973,0.5887
83,42,250,0.8729,0.6767,0.692,0.4914
84,42,253,0.6754,0.7766,0.7767,0.7791
85,42,256,0.8667,0.6832,0.604,0.6953
86,42,259,0.7749,0.6126,0.6866,0.5747
87,42,262,0.7904,0.763,0.769,0.7789
88,42,265,0.6839,0.8584,0.6919,0.865
89,42,268,0.6063,0.7792,0.6061,0.8701
90,42,271,0.7839,0.6061,0.9562,0.4146
91,42,274,0.8751,0.8663,0.6909,0.6032
92,42,277,0.7749,0.5816,0.696,0.686
93,42,280,0.67,0.8622,0.8779,0.782
94,42,283,0.9587,0.6924,0.7607,0.6788
95,42,286,0.5901,0.7776,0.7822,0.7905
96,42,289,0.6841,0.7808,0.7844,0.8697
97,42,292,0.5958,0.7817,0.7841,0.7837
98,42,295,0.8644,0.5812,0.4146,0.4141
99,42,298,0.9592,0.8726,0.682,0.69
,Dataset#,L,att_1,att_2,att_3,att_4
0,43,1,0.3661,0.3702,0.3909,0.3677
1,43,4,0.3695,0.432,0.3888,0.3716
2,43,7,0.4426,0.3698,0.3999,0.4
3,43,10,0.3777,0.3384,0.3997,0.3797
4,43,13,0.4062,0.3424,0.3378,0.4
5,43,16,0.4092,0.4049,0.3391,0.3821
6,43,19,0.3717,0.355,0.3586,0.3291
7,43,22,0.3407,0.3823,0.3969,0.3454
8,43,25,0.3769,0.3778,0.4255,0.3786
9,43,28,0.3806,0.3351,0.359,0.3813
10,43,31,0.3805,0.3728,0.3002,0.4009
11,43,34,0.3411,0.3631,0.3944,0.3977
12,43,37,0.3425,0.2978,0.3779,0.377
13,43,40,0.3825,0.3745,0.3712,0.3548
14,43,43,0.388,0.3663,0.4627,0.3886
15,43,46,0.405,0.3904,0.3633,0.3518
16,43,49,0.4088,0.3739,0.4004,0.3894
17,43,52,0.3461,0.3073,0.4194,0.3413
18,43,55,0.364,0.3917,0.3962,0.3697
19,43,58,0.3746,0.3304,0.3704,0.3427
20,43,61,0.3662,0.3353,0.3755,0.3424
21,43,64,0.3428,0.3586,0.391,0.3855
22,43,67,0.4001,0.3618,0.3134,0.4107
23,43,70,0.3794,0.334,0.3398,0.3916
24,43,73,0.4007,0.3032,0.3605,0.3437
25,43,76,0.3982,0.4039,0.3423,0.3565
26,43,79,0.319,0.3928,0.3717,0.3067
27,43,82,0.3391,0.3197,0.3291,0.3721
28,43,85,0.3265,0.3437,0.4202,0.4159
29,43,88,0.3202,0.3587,0.3781,0.3347
30,43,91,0.3836,0.3726,0.3656,0.3421
31,43,94,0.3928,0.3981,0.3182,0.3997
32,43,97,0.3905,0.3857,0.4018,0.3922
33,43,100,0.3498,0.4066,0.3477,0.3417
34,43,103,0.3848,0.332,0.3821,0.3608
35,43,106,0.3184,0.3515,0.3756,0.3706
36,43,109,0.2856,0.378,0.2819,0.3196
37,43,112,0.4263,0.3051,0.363,0.4174
38,43,115,0.3602,0.3212,0.3771,0.3202
39,43,118,0.3454,0.2517,0.3627,0.3967
40,43,121,0.3547,0.3452,0.3339,0.3611
41,43,124,0.2842,0.3151,0.3525,0.3161
42,43,127,0.2171,0.2894,0.3482,0.3688
43,43,130,0.3665,0.396,0.2648,0.3212
44,43,133,0.3816,0.4159,0.2516,0.3729
45,43,136,0.1497,0.3313,0.2862,0.2913
46,43,139,0.3659,0.3375,0.2729,0.3262
47,43,142,0.3175,0.322,0.2082,0.3433
48,43,145,0.3672,0.3378,0.2951,0.3659
49,43,148,0.3064,0.3563,0.3296,0.37
50,43,151,0.3553,0.3488,0.3608,0.2207
51,43,154,0.3249,0.3131,0.3068,0.3358
52,43,157,0.2518,0.2952,0.3809,0.3603
53,43,160,0.3594,0.3394,0.2521,0.3575
54,43,163,0.2089,0.3367,0.3415,0.2984
55,43,166,0.2745,0.3241,0.2734,0.3413
56,43,169,0.26,0.2714,0.2662,0.3017
57,43,172,0.3378,0.3574,0.3484,0.3598
58,43,175,0.1948,0.3325,0.2087,0.3408
59,43,178,0.3516,0.3221,0.3593,0.2765
60,43,181,0.2376,0.3509,0.3114,0.331
61,43,184,0.4153,0.3305,0.3376,0.2909
62,43,187,0.3287,0.1312,0.1982,0.3162
63,43,190,0.3386,0.4282,0.3592,0.3351
64,43,193,0.356,0.3639,0.2604,0.3032
65,43,196,0.2909,0.2818,0.1152,0.288
66,43,199,0.2004,0.1729,0.3332,0.2974
67,43,202,0.2568,0.2479,0.1474,0.39
68,43,205,0.3528,0.3455,0.263,0.3635
69,43,208,0.3508,0.2298,0.275,0.3907
70,43,211,0.3374,0.1903,0.257,0.3222
71,43,214,0.2706,0.3703,0.3049,0.3256
72,43,217,0.3736,0.2442,0.3356,0.08586
73,43,220,0.2821,0.3514,0.2494,0.3348
74,43,223,0.2634,0.313,0.2164,0.3965
75,43,226,0.3244,0.2513,0.304,0.4041
76,43,229,0.3351,0.3886,0.2431,0.1836
77,43,232,0.363,0.3506,0.2034,0.274
78,43,235,0.225,0.2808,0.2414,0.262
79,43,238,0.2084,0.3196,0.3285,0.3147
80,43,241,0.2653,0.2435,0.3731,0.2355
81,43,244,0.2596,0.2343,0.2767,0.2302
82,43,247,0.2098,0.2991,0.3647,0.2612
83,43,250,0.2613,0.267,0.2792,0.2273
84,43,253,0.2228,0.2563,0.1808,0.2797
85,43,256,0.3022,0.389,0.3755,0.2509
86,43,259,0.1405,0.314,0.3541,0.1729
87,43,262,0.168,0.2343,0.3031,0.1485
88,43,265,0.1294,0.1083,0.1208,0.2337
89,43,268,0.1655,0.3387,0.306,0.1853
90,43,271,0.08674,0.2078,0.2033,0.1197
91,43,274,0.198,0.2761,0.1846,0.1462
92,43,277,0.296,0.07692,0.3384,0.1247
93,43,280,0.1638,0.1843,0.2671,0.2533
94,43,283,0.2142,0.1686,0.2606,0.2754
95,43,286,0.2495,0.2472,0.2016,0.2692
96,43,289,0.1186,0.09388,0.1872,0.2476
97,43,292,0.2831,0.2911,0.2004,0.2215
98,43,295,0.1976,0,0.313,0.1342
99,43,298,0.3181,0.2628,0.2485,0.0909
,Dataset#,L,att_1,att_2,att_3,att_4
0,44,1,0.4922,0.4863,0.4875,0.4914
1,44,4,0.5026,0.5093,0.4968,0.4921
2,44,7,0.5127,0.5069,0.5071,0.5036
3,44,10,0.4824,0.5161,0.4833,0.4846
4,44,13,0.4466,0.5044,0.5062,0.5244
5,44,16,0.5066,0.5225,0.484,0.4504
6,44,19,0.4799,0.5105,0.4792,0.4598
7,44,22,0.4553,0.471,0.4874,0.4992
8,44,25,0.4868,0.5109,0.4742,0.4604
9,44,28,0.488,0.4885,0.448,0.5168
10,44,31,0.4449,0.4527,0.4795,0.4249
11,44,34,0.5314,0.4823,0.4894,0.4815
12,44,37,0.491,0.513,0.4497,0.4593
13,44,40,0.422,0.4208,0.4795,0.4552
14,44,43,0.463,0.4137,0.489,0.4863
15,44,46,0.5151,0.4706,0.5207,0.4865
16,44,49,0.4929,0.4805,0.4874,0.4767
17,44,52,0.4793,0.4857,0.5264,0.4145
18,44,55,0.5102,0.5202,0.4799,0.445
19,44,58,0.5081,0.4772,0.4864,0.5245
20,44,61,0.5232,0.5202,0.4783,0.4921
21,44,64,0.4725,0.4147,0.5165,0.4876
22,44,67,0.4447,0.4819,0.4782,0.4985
23,44,70,0.4397,0.4134,0.4897,0.457
24,44,73,0.477,0.4932,0.5015,0.4458
25,44,76,0.4827,0.5142,0.3921,0.4757
26,44,79,0.4805,0.4612,0.4134,0.447
27,44,82,0.4335,0.48,0.4587,0.4797
28,44,85,0.4599,0.4561,0.4475,0.4679
29,44,88,0.4536,0.4531,0.4732,0.4363
30,44,91,0.4292,0.4808,0.4789,0.4104
31,44,94,0.4889,0.4664,0.458,0.4585
32,44,97,0.4845,0.4484,0.4516,0.4208
33,44,100,0.4426,0.4488,0.4207,0.4158
34,44,103,0.4461,0.4379,0.4894,0.4835
35,44,106,0.4206,0.4184,0.4463,0.4879
36,44,109,0.5133,0.4147,0.4129,0.4938
37,44,112,0.4889,0.5182,0.4789,0.432
38,44,115,0.4864,0.4877,0.4439,0.446
39,44,118,0.4196,0.422,0.5106,0.507
40,44,121,0.4205,0.4535,0.4407,0.4938
41,44,124,0.4884,0.4763,0.4696,0.4449
42,44,127,0.4934,0.4706,0.454,0.5228
43,44,130,0.4499,0.4484,0.4371,0.4973
44,44,133,0.5091,0.4799,0.4889,0.4819
45,44,136,0.4525,0.5196,0.4425,0.5064
46,44,139,0.5146,0.4766,0.4589,0.4925
47,44,142,0.4996,0.4458,0.4436,0.4643
48,44,145,0.4497,0.425,0.4495,0.4604
49,44,148,0.4798,0.4578,0.4564,0.4223
50,44,151,0.4783,0.4716,0.4306,0.4175
51,44,154,0.423,0.4618,0.4566,0.455
52,44,157,0.4372,0.4122,0.5075,0.4837
53,44,160,0.3671,0.4291,0.4703,0.4885
54,44,163,0.4418,0.455,0.4508,0.4485
55,44,166,0.4137,0.4454,0.4918,0.4282
56,44,169,0.4481,0.4717,0.4577,0.429
57,44,172,0.501,0.5045,0.4421,0.4353
58,44,175,0.4781,0.4185,0.4156,0.497
59,44,178,0.3597,0.4512,0.4844,0.4207
60,44,181,0.3731,0.4644,0.4122,0.3954
61,44,184,0.4719,0.3414,0.307,0.41
62,44,187,0.445,0.4108,0.3655,0.4486
63,44,190,0.4456,0.46,0.3956,0.4153
64,44,193,0.4394,0.3993,0.4128,0.4196
65,44,196,0.4062,0.4532,0.4111,0.4772
66,44,199,0.4602,0.3993,0.4268,0.474
67,44,202,0.4537,0.3941,0.3849,0.4153
68,44,205,0.4534,0.3524,0.4219,0.4381
69,44,208,0.4216,0.4104,0.4691,0.4493
70,44,211,0.4253,0.4475,0.4716,0.4942
71,44,214,0.4987,0.4434,0.3983,0.3693
72,44,217,0.388,0.4257,0.3867,0.4538
73,44,220,0.4171,0.2296,0.5071,0.4456
74,44,223,0.3844,0.4108,0.4419,0.4407
75,44,226,0.3489,0.3844,0.4249,0.4393
76,44,229,0.4544,0.4465,0.4538,0.2569
77,44,232,0.4147,0.3844,0.3309,0.4832
78,44,235,0.3844,0.4334,0.4715,0.4378
79,44,238,0.3686,0.4562,0.4665,0.474
80,44,241,0.4209,0.4157,0.353,0.4382
81,44,244,0.4105,0.5103,0.4215,0.4713
82,44,247,0.4164,0.3655,0.3348,0.3706
83,44,250,0.3422,0.3373,0.4293,0.4478
84,44,253,0.2564,0.2826,0.4588,0.5054
85,44,256,0.4276,0.4411,0.2594,0.4009
86,44,259,0.3469,0.4645,0.3663,0.4908
87,44,262,0.458,0.4736,0.2546,0.4522
88,44,265,0.416,0.4047,0.4934,0.3407
89,44,268,0.4758,0.3631,0.2309,0.3663
90,44,271,0.3837,0.3644,0.5145,0.3326
91,44,274,0.3282,0.4376,0.3273,0.4138
92,44,277,0.3083,0.4179,0.4765,0.4817
93,44,280,0.3389,0.44,0.4462,0.4512
94,44,283,0.2787,0.4422,0.3657,0.3334
95,44,286,0.4282,0.2292,0.345,0.3083
96,44,289,0.4453,0.3742,0.3434,0.2414
97,44,292,0.4461,0.2309,0.3394,0.354
98,44,295,0.4802,0.2296,0.4088,0.3416
99,44,298,0.4428,0.2366,0.3083,0.4687
,Dataset#,L,att_1,att_2,att_3,att_4
0,45,1,0.6687,0.6724,0.6672,0.6681
1,45,4,0.6656,0.6672,0.6622,0.6549
2,45,7,0.6723,0.6648,0.6775,0.6654
3,45,10,0.6696,0.6694,0.6682,0.6593
4,45,13,0.6629,0.6555,0.6714,0.6301
5,45,16,0.6634,0.6791,0.6751,0.6323
6,45,19,0.6702,0.6585,0.6599,0.6657
7,45,22,0.6709,0.6695,0.6667,0.661
8,45,25,0.6432,0.6296,0.6665,0.6699
9,45,28,0.6769,0.6728,0.6661,0.675
10,45,31,0.6418,0.6234,0.5942,0.5888
11,45,34,0.6573,0.6073,0.5926,0.5992
12,45,37,0.6309,0.627,0.6644,0.6357
13,45,40,0.6704,0.6154,0.6401,0.5743
14,45,43,0.6306,0.5677,0.651,0.6215
15,45,46,0.6589,0.6434,0.6513,0.6389
16,45,49,0.6046,0.6637,0.6652,0.6653
17,45,52,0.6416,0.6494,0.6635,0.6551
18,45,55,0.5745,0.6256,0.6095,0.5845
19,45,58,0.6322,0.6308,0.6479,0.5684
20,45,61,0.6063,0.62,0.64,0.6412
21,45,64,0.5458,0.5904,0.6796,0.585
22,45,67,0.6267,0.6678,0.5747,0.5668
23,45,70,0.5738,0.6674,0.5477,0.5862
24,45,73,0.6566,0.5378,0.6281,0.6245
25,45,76,0.5174,0.6307,0.6132,0.5366
26,45,79,0.5768,0.5839,0.604,0.5923
27,45,82,0.552,0.591,0.5836,0.5564
28,45,85,0.6718,0.5806,0.5965,0.599
29,45,88,0.6227,0.5805,0.6321,0.5817
30,45,91,0.644,0.6167,0.6088,0.637
31,45,94,0.598,0.6142,0.6503,0.6432
32,45,97,0.5924,0.6349,0.6108,0.5562
33,45,100,0.569,0.6207,0.6342,0.6013
34,45,103,0.6596,0.5862,0.602,0.5778
35,45,106,0.58,0.578,0.5736,0.5893
36,45,109,0.5543,0.6555,0.5174,0.6352
37,45,112,0.6233,0.617,0.6665,0.5762
38,45,115,0.6656,0.5838,0.6033,0.5928
39,45,118,0.6094,0.6369,0.6356,0.5666
40,45,121,0.6111,0.6226,0.637,0.6
41,45,124,0.6349,0.5598,0.6287,0.6306
42,45,127,0.5659,0.6455,0.5881,0.597
43,45,130,0.6593,0.6692,0.6147,0.6145
44,45,133,0.5991,0.5496,0.5977,0.5651
45,45,136,0.6313,0.6225,0.6319,0.616
46,45,139,0.637,0.5954,0.593,0.5616
47,45,142,0.5854,0.6512,0.6274,0.6138
48,45,145,0.6653,0.6375,0.6101,0.592
49,45,148,0.582,0.6448,0.5953,0.6494
50,45,151,0.5937,0.6215,0.5728,0.5786
51,45,154,0.6166,0.5816,0.5803,0.6639
52,45,157,0.5174,0.5987,0.6329,0.6088
53,45,160,0.6355,0.5174,0.6073,0.6073
54,45,163,0.6008,0.5449,0.6622,0.6146
55,45,166,0.5551,0.6032,0.6215,0.594
56,45,169,0.6486,0.602,0.55,0.6127
57,45,172,0.5726,0.5533,0.5677,0.5174
58,45,175,0.625,0.6161,0.5648,0.6476
59,45,178,0.538,0.6036,0.6408,0.6008
60,45,181,0.5717,0.6263,0.6245,0.6042
61,45,184,0.6314,0.5388,0.6331,0.5895
62,45,187,0.6376,0.5735,0.558,0.5632
63,45,190,0.668,0.649,0.6464,0.5745
64,45,193,0.5737,0.6012,0.6079,0.6468
65,45,196,0.5344,0.6349,0.5945,0.6195
66,45,199,0.5479,0.5831,0.5859,0.5692
67,45,202,0.5174,0.6408,0.6096,0.5679
68,45,205,0.5708,0.6296,0.5589,0.5751
69,45,208,0.62,0.621,0.6057,0.5846
70,45,211,0.5524,0.5746,0.5614,0.6213
71,45,214,0.5795,0.5816,0.5827,0.609
72,45,217,0.6426,0.6469,0.5582,0.6154
73,45,220,0.5797,0.5551,0.6668,0.6376
74,45,223,0.5959,0.6449,0.6099,0.5547
75,45,226,0.5319,0.5593,0.5649,0.5419
76,45,229,0.6107,0.4428,0.6073,0.5845
77,45,232,0.5174,0.4886,0.5712,0.5796
78,45,235,0.5776,0.4978,0.5794,0.6078
79,45,238,0.5237,0.6723,0.6188,0.5918
80,45,241,0.5478,0.5844,0.5881,0.6129
81,45,244,0.4918,0.657,0.6406,0.5953
82,45,247,0.6361,0.5695,0.575,0.5444
83,45,250,0.6531,0.4787,0.6189,0.6332
84,45,253,0.4351,0.4211,0.5696,0.6707
85,45,256,0.5835,0.4752,0.6068,0.6337
86,45,259,0.5844,0.484,0.6304,0.584
87,45,262,0.5218,0.6162,0.6533,0.5596
88,45,265,0.6329,0.4849,0.6134,0.5915
89,45,268,0.5562,0.55,0.5709,0.6254
90,45,271,0.64,0.4545,0.623,0.5797
91,45,274,0.5745,0.6415,0.6256,0.4743
92,45,277,0.4144,0.3472,0.5174,0.6088
93,45,280,0.5682,0.6186,0.6226,0.5827
94,45,283,0.4706,0.4688,0.3827,0.4361
95,45,286,0.5708,0.6264,0.436,0.627
96,45,289,0.5507,0.4439,0.5174,0.612
97,45,292,0.6474,0.5174,0.5466,0.5828
98,45,295,0.5415,0.6135,0.552,0.5252
99,45,298,0.5733,0.3767,0.4797,0.5788
,Dataset#,L,att_1,att_2,att_3,att_4
0,46,1,0.3256,0.3256,0.3256,0.3256
1,46,4,0.3256,0.3256,0.3256,0.3267
2,46,7,0.3215,0.3256,0.3278,0.327
3,46,10,0.3292,0.3256,0.3256,0.3256
4,46,13,0.3301,0.3283,0.3289,0.3327
5,46,16,0.327,0.323,0.3286,0.327
6,46,19,0.3328,0.3357,0.33,0.3286
7,46,22,0.312,0.332,0.326,0.319
8,46,25,0.3293,0.3256,0.327,0.3314
9,46,28,0.3256,0.3165,0.3347,0.3297
10,46,31,0.3345,0.326,0.3178,0.3321
11,46,34,0.3296,0.3282,0.3295,0.3306
12,46,37,0.3326,0.3179,0.3304,0.3261
13,46,40,0.3248,0.3263,0.3194,0.3347
14,46,43,0.3139,0.3228,0.3273,0.3244
15,46,46,0.3243,0.335,0.3175,0.3153
16,46,49,0.3158,0.3309,0.3307,0.329
17,46,52,0.3324,0.315,0.3155,0.3234
18,46,55,0.3243,0.3275,0.3308,0.3213
19,46,58,0.3219,0.31,0.3126,0.3299
20,46,61,0.3126,0.3291,0.3247,0.3152
21,46,64,0.3284,0.3289,0.3266,0.3238
22,46,67,0.3391,0.3221,0.3126,0.3294
23,46,70,0.3275,0.3129,0.3337,0.3303
24,46,73,0.3106,0.3243,0.3265,0.3286
25,46,76,0.3214,0.3298,0.3104,0.3313
26,46,79,0.3248,0.313,0.317,0.3123
27,46,82,0.333,0.3143,0.324,0.3259
28,46,85,0.3276,0.3184,0.3328,0.3314
29,46,88,0.3246,0.3289,0.3206,0.3308
30,46,91,0.3307,0.318,0.334,0.3248
31,46,94,0.3226,0.3142,0.331,0.3085
32,46,97,0.3174,0.308,0.3146,0.3254
33,46,100,0.3079,0.3121,0.3119,0.3227
34,46,103,0.3254,0.3155,0.307,0.3105
35,46,106,0.3242,0.3245,0.3114,0.3214
36,46,109,0.33,0.3186,0.3239,0.3239
37,46,112,0.3277,0.3311,0.3295,0.3178
38,46,115,0.321,0.3271,0.3194,0.3272
39,46,118,0.3204,0.3325,0.3275,0.3209
40,46,121,0.3295,0.3251,0.3171,0.3227
41,46,124,0.3292,0.3274,0.3258,0.328
42,46,127,0.3218,0.3256,0.3225,0.3288
43,46,130,0.3262,0.328,0.3223,0.3261
44,46,133,0.3201,0.3193,0.3141,0.3306
45,46,136,0.3283,0.3129,0.3287,0.3203
46,46,139,0.3191,0.3077,0.3134,0.3307
47,46,142,0.3297,0.3402,0.323,0.3229
48,46,145,0.3251,0.3256,0.3292,0.3281
49,46,148,0.3155,0.2609,0.3259,0.3288
50,46,151,0.3063,0.3261,0.3298,0.3255
51,46,154,0.33,0.3288,0.2601,0.3297
52,46,157,0.3254,0.3093,0.3189,0.3303
53,46,160,0.3113,0.3111,0.3181,0.2494
54,46,163,0.3303,0.3112,0.2604,0.3266
55,46,166,0.2643,0.3201,0.2511,0.3273
56,46,169,0.3207,0.3176,0.3254,0.3227
57,46,172,0.3188,0.306,0.3256,0.324
58,46,175,0.3231,0.3318,0.2517,0.3341
59,46,178,0.324,0.2477,0.2548,0.264
60,46,181,0.3279,0.326,0.3253,0.3203
61,46,184,0.3199,0.2652,0.3297,0.2478
62,46,187,0.3341,0.2509,0.3255,0.3366
63,46,190,0.3264,0.2992,0.3054,0.3184
64,46,193,0.3284,0.3193,0.3053,0.3266
65,46,196,0.3161,0.3277,0.2607,0.2572
66,46,199,0.3274,0.1949,0.2298,0.3218
67,46,202,0.2625,0.3113,0.3105,0.3149
68,46,205,0.2432,0.261,0.3144,0.1844
69,46,208,0.3211,0.3221,0.3248,0.3308
70,46,211,0.3134,0.267,0.3277,0.3276
71,46,214,0.1846,0.3209,0.3319,0.3221
72,46,217,0.3132,0.3093,0.3092,0.3161
73,46,220,0.3332,0.3139,0.3276,0.3274
74,46,223,0.3354,0.3138,0.3198,0.3292
75,46,226,0.2659,0.3092,0.3197,0.2526
76,46,229,0.3099,0.3164,0.1877,0.3337
77,46,232,0.3207,0.2558,0.2664,0.2607
78,46,235,0.3272,0.3256,0.255,0.2604
79,46,238,0.3274,0.2639,0.2548,0.3195
80,46,241,0.3296,0.3301,0.2617,0.3148
81,46,244,0.2621,0.2518,0.3247,0.1961
82,46,247,0.3266,0.3231,0.319,0.3239
83,46,250,0.3343,0.303,0.2613,0.3137
84,46,253,0.2484,0.3193,0.2562,0.3347
85,46,256,0.2411,0.2556,0.2618,0.2628
86,46,259,0.2573,0.2607,0.2433,0.2662
87,46,262,0.3233,0.265,0.2482,0.3222
88,46,265,0.3283,0.2585,0.3233,0.3244
89,46,268,0.305,0.2604,0.3273,0.2452
90,46,271,0.3106,0.3252,0.3302,0.262
91,46,274,0.2492,0.3274,0.2475,0.319
92,46,277,0.2598,0.3133,0.33,0.3236
93,46,280,0.2604,0.2615,0.1892,0.3156
94,46,283,0.3278,0.2625,0.2612,0.3321
95,46,286,0.3251,0.2648,0.1932,0.2609
96,46,289,0.1787,0.2025,0.2571,0.1958
97,46,292,0.313,0.3238,0.3308,0.3122
98,46,295,0.3258,0.3156,0.2594,0.324
99,46,298,0.3207,0.2604,0.2572,0.2572
,Dataset#,L,att_1,att_2,att_3,att_4
0,47,1,0.3992,0.4403,0.4381,0.3805
1,47,4,0.4324,0.4565,0.4626,0.4688
2,47,7,0.4494,0.4364,0.4373,0.4392
3,47,10,0.4338,0.4563,0.4216,0.4681
4,47,13,0.4454,0.4312,0.4639,0.4573
5,47,16,0.4602,0.4553,0.4762,0.4593
6,47,19,0.4379,0.4389,0.4428,0.4658
7,47,22,0.4251,0.4546,0.4274,0.4338
8,47,25,0.4385,0.4136,0.4272,0.4271
9,47,28,0.4286,0.4286,0.436,0.4431
10,47,31,0.4329,0.4347,0.4215,0.4221
11,47,34,0.4244,0.4483,0.4381,0.4162
12,47,37,0.4316,0.4052,0.429,0.408
13,47,40,0.4072,0.4103,0.427,0.3997
14,47,43,0.4448,0.4474,0.4185,0.437
15,47,46,0.4301,0.428,0.4224,0.4478
16,47,49,0.4313,0.4413,0.4617,0.4381
17,47,52,0.4301,0.4362,0.4252,0.4107
18,47,55,0.4565,0.4322,0.436,0.4411
19,47,58,0.4213,0.4222,0.4127,0.4292
20,47,61,0.4246,0.4208,0.4413,0.4473
21,47,64,0.4388,0.4633,0.4415,0.4411
22,47,67,0.4084,0.4346,0.4072,0.3839
23,47,70,0.4277,0.4241,0.4318,0.4659
24,47,73,0.4125,0.427,0.4191,0.4162
25,47,76,0.4382,0.4004,0.4215,0.4093
26,47,79,0.4221,0.3991,0.4269,0.3682
27,47,82,0.4274,0.41,0.4228,0.4583
28,47,85,0.4396,0.4352,0.4104,0.4118
29,47,88,0.4061,0.3982,0.3874,0.4589
30,47,91,0.4089,0.4635,0.4264,0.3787
31,47,94,0.4313,0.399,0.4162,0.4039
32,47,97,0.4379,0.4341,0.4516,0.4391
33,47,100,0.4133,0.4115,0.4335,0.3921
34,47,103,0.4267,0.4011,0.4422,0.4339
35,47,106,0.4382,0.4317,0.4122,0.4245
36,47,109,0.3871,0.3527,0.44,0.4197
37,47,112,0.4136,0.4292,0.427,0.3796
38,47,115,0.4165,0.4246,0.3913,0.4572
39,47,118,0.4569,0.4168,0.4259,0.4146
40,47,121,0.4063,0.4015,0.4229,0.4329
41,47,124,0.3926,0.4279,0.4268,0.3857
42,47,127,0.3964,0.3672,0.4416,0.3883
43,47,130,0.3835,0.4195,0.4455,0.3926
44,47,133,0.4251,0.396,0.4091,0.4019
45,47,136,0.4226,0.447,0.3918,0.4449
46,47,139,0.4475,0.3876,0.409,0.3822
47,47,142,0.3935,0.3847,0.3999,0.3988
48,47,145,0.4432,0.4168,0.3915,0.394
49,47,148,0.4066,0.4124,0.4245,0.3994
50,47,151,0.433,0.4164,0.3511,0.4229
51,47,154,0.4078,0.4127,0.4319,0.4076
52,47,157,0.3974,0.3878,0.3816,0.3221
53,47,160,0.3957,0.4121,0.4392,0.4109
54,47,163,0.3885,0.3994,0.3944,0.3962
55,47,166,0.4253,0.4255,0.4322,0.3745
56,47,169,0.4484,0.3584,0.4286,0.4012
57,47,172,0.384,0.4043,0.392,0.431
58,47,175,0.3663,0.4166,0.415,0.4426
59,47,178,0.409,0.413,0.3817,0.4342
60,47,181,0.4207,0.3942,0.4012,0.4132
61,47,184,0.4083,0.3888,0.4128,0.415
62,47,187,0.3758,0.4184,0.4233,0.349
63,47,190,0.3928,0.3965,0.3718,0.3822
64,47,193,0.3994,0.3932,0.4043,0.4163
65,47,196,0.4577,0.3752,0.394,0.4005
66,47,199,0.4085,0.3779,0.4136,0.3738
67,47,202,0.3818,0.4103,0.3796,0.4317
68,47,205,0.401,0.4209,0.4196,0.4154
69,47,208,0.4104,0.3609,0.3959,0.366
70,47,211,0.3565,0.3823,0.3329,0.425
71,47,214,0.3909,0.3874,0.4098,0.4334
72,47,217,0.4079,0.4195,0.4205,0.398
73,47,220,0.3982,0.3288,0.4256,0.4147
74,47,223,0.2417,0.4171,0.4092,0.404
75,47,226,0.4111,0.3776,0.3074,0.413
76,47,229,0.3838,0.3744,0.4162,0.3609
77,47,232,0.4094,0.4618,0.4104,0.4117
78,47,235,0.4052,0.4222,0.392,0.3859
79,47,238,0.3226,0.4167,0.4202,0.417
80,47,241,0.3818,0.3265,0.3767,0.424
81,47,244,0.4403,0.3944,0.4155,0.4231
82,47,247,0.3683,0.3418,0.3717,0.4219
83,47,250,0.2988,0.4335,0.4079,0.3611
84,47,253,0.3491,0.3928,0.3961,0.3234
85,47,256,0.4057,0.3852,0.34,0.4187
86,47,259,0.3768,0.2988,0.4114,0.3744
87,47,262,0.3359,0.2639,0.4427,0.3671
88,47,265,0.3292,0.3908,0.4419,0.3737
89,47,268,0.3978,0.3865,0.4053,0.4164
90,47,271,0.3592,0.2822,0.4046,0.4145
91,47,274,0.3444,0.3907,0.3892,0.4268
92,47,277,0.3566,0.2267,0.3189,0.3744
93,47,280,0.3522,0.2469,0.4054,0.4071
94,47,283,0.414,0.3057,0.4124,0.4278
95,47,286,0.4027,0.4013,0.4062,0.3173
96,47,289,0.4044,0.4063,0.2894,0.4206
97,47,292,0.3901,0.3105,0.3923,0.3806
98,47,295,0.2782,0.3511,0.3825,0.2659
99,47,298,0.3202,0.395,0.3334,0.4003
,Dataset#,L,att_1,att_2,att_3,att_4
0,48,1,0.9938,0.9953,0.9923,0.9938
1,48,4,0.9984,0.9968,0.9969,0.9938
2,48,7,0.9938,0.9938,0.9984,0.9968
3,48,10,0.9969,0.9953,0.9968,0.9921
4,48,13,0.9921,0.9969,0.9984,0.9953
5,48,16,0.9968,0.9969,0.9921,0.9953
6,48,19,0.9969,0.9968,0.9984,0.9954
7,48,22,0.9938,0.9953,0.9984,0.9939
8,48,25,0.9953,0.9984,0.9952,0.9923
9,48,28,1,0.9953,0.9953,0.9953
10,48,31,0.9969,0.9953,0.9984,0.9906
11,48,34,0.9969,0.9937,0.9953,0.9922
12,48,37,0.9937,0.9953,0.9953,0.9969
13,48,40,0.9937,0.9968,0.9984,0.9922
14,48,43,0.9953,0.9937,0.9953,0.9937
15,48,46,1,0.9969,0.9969,0.9984
16,48,49,0.9968,0.9938,0.9953,0.9953
17,48,52,0.9953,0.9984,0.9969,0.9952
18,48,55,0.9921,0.9937,0.9969,0.9953
19,48,58,0.9969,0.9954,0.9936,0.9953
20,48,61,0.9984,0.9921,0.9906,0.9937
21,48,64,0.9984,1,0.9921,0.9952
22,48,67,0.9969,0.9984,0.9953,0.9937
23,48,70,0.9937,0.9953,0.9905,0.9938
24,48,73,0.9968,0.9953,0.9953,0.9969
25,48,76,0.9984,0.9921,0.9937,1
26,48,79,0.9953,0.9922,0.9891,0.9937
27,48,82,0.9938,0.9938,0.9922,0.9953
28,48,85,0.9923,0.9906,0.9938,0.9861
29,48,88,0.992,0.9936,0.9892,0.9922
30,48,91,0.9922,0.9968,0.9969,0.9969
31,48,94,0.9952,0.9921,0.9952,0.9952
32,48,97,0.9953,0.9953,0.9969,0.9921
33,48,100,1,1,0.9937,0.9921
34,48,103,0.9969,0.9953,0.9968,0.9969
35,48,106,0.9922,0.9937,0.9969,0.9969
36,48,109,0.9938,0.9969,0.9924,0.9921
37,48,112,0.9922,0.9953,0.9952,0.9952
38,48,115,0.9953,0.9937,0.9968,0.9889
39,48,118,0.9922,0.9938,0.9952,0.9937
40,48,121,0.9905,0.9937,0.9921,0.9953
41,48,124,0.9891,0.9922,0.9921,0.9968
42,48,127,0.9922,0.9922,0.9922,0.9937
43,48,130,0.9953,0.9922,0.9921,0.9953
44,48,133,0.9921,0.9984,0.9952,0.9968
45,48,136,0.9952,0.9938,0.9921,0.9953
46,48,139,0.9938,0.9953,0.9984,0.9984
47,48,142,0.9924,0.9906,0.9892,0.9921
48,48,145,0.9953,0.9905,0.9968,0.9953
49,48,148,0.9922,0.9906,0.9937,0.9921
50,48,151,0.9968,0.9954,0.9984,0.9937
51,48,154,1,0.9952,0.9907,0.9953
52,48,157,0.9954,0.9938,0.9937,0.9969
53,48,160,0.9937,0.9953,0.9984,0.9907
54,48,163,0.9953,0.9874,0.9921,0.9937
55,48,166,0.9871,0.9028,0.9874,0.9938
56,48,169,0.9937,0.9954,0.9984,0.9937
57,48,172,0.9953,0.9969,0.9921,0.9969
58,48,175,0.9953,0.9937,0.8979,0.9921
59,48,178,0.9905,0.9953,0.9922,0.9954
60,48,181,0.9953,0.9937,1,0.9953
61,48,184,0.9907,0.9923,0.9907,0.9922
62,48,187,0.9045,0.9953,0.9921,0.9905
63,48,190,0.9936,0.9922,0.9938,0.9968
64,48,193,0.9922,0.9969,0.9921,0.9905
65,48,196,0.9892,0.9968,0.9874,0.9937
66,48,199,0.9954,0.9922,0.9953,0.9968
67,48,202,0.9938,0.9067,0.992,0.9921
68,48,205,0.9953,0.9952,0.9921,0.9921
69,48,208,0.9984,0.9922,0.9953,0.9088
70,48,211,0.7984,0.9968,0.9937,0.9906
71,48,214,0.7984,0.9953,0.9923,0.9953
72,48,217,0.9969,1,0.9044,1
73,48,220,0.7953,0.9938,0.9937,0.9012
74,48,223,0.9953,0.9006,0.9922,0.9906
75,48,226,0.9969,0.9044,0.9922,0.906
76,48,229,0.9922,0.9921,0.7906,0.9922
77,48,232,0.9029,0.9938,0.7937,0.9905
78,48,235,0.9059,0.8111,0.9039,0.9921
79,48,238,0.7029,0.9923,0.9937,0.9013
80,48,241,0.906,0.8194,0.8174,0.9921
81,48,244,0.7968,0.9984,0.9053,0.9028
82,48,247,0.7953,0.9059,0.9922,0.9969
83,48,250,0.7953,0.7952,0.9969,0.9056
84,48,253,0.9937,0.7921,0.9028,0.9953
85,48,256,0.7937,0.9891,0.9891,0.9953
86,48,259,0.8174,0.8996,0.8174,0.7969
87,48,262,0.9936,0.7954,0.9954,0.9029
88,48,265,0.989,0.7922,0.9922,0.9071
89,48,268,0.3953,0.5969,0.8136,0.7249
90,48,271,0.9953,0.9968,0.7907,0.9938
91,48,274,0.989,0.9044,0.7952,0.7015
92,48,277,0.7934,0.9056,0.8163,0.9953
93,48,280,0.9075,0.9037,0.9021,0.7083
94,48,283,0.7044,0.7924,0.7952,0.7938
95,48,286,0.7921,0.7952,0.9936,0.7968
96,48,289,0.9052,0.6163,0.6384,0.5969
97,48,292,0.9013,0.9876,0.9028,0.5953
98,48,295,0.7938,0.8151,0.8166,0.6151
99,48,298,0.9044,0.8966,0.419,0.7029
,Dataset#,L,att_1,att_2,att_3,att_4
0,49,1,0.9006,0.8999,0.9154,0.9196
1,49,4,0.9295,0.9207,0.9421,0.9379
2,49,7,0.9368,0.9139,0.9361,0.9431
3,49,10,0.9263,0.931,0.928,0.9427
4,49,13,0.9414,0.9201,0.9389,0.9516
5,49,16,0.9303,0.9388,0.9412,0.949
6,49,19,0.9339,0.9481,0.9467,0.9562
7,49,22,0.9379,0.9328,0.9534,0.9345
8,49,25,0.9389,0.9389,0.9404,0.9382
9,49,28,0.9421,0.9442,0.9418,0.9402
10,49,31,0.9291,0.945,0.9491,0.9584
11,49,34,0.9468,0.9583,0.9512,0.9483
12,49,37,0.9559,0.9283,0.9534,0.9383
13,49,40,0.9518,0.9304,0.938,0.9394
14,49,43,0.9607,0.9447,0.9544,0.9604
15,49,46,0.9512,0.9304,0.9508,0.9463
16,49,49,0.9508,0.9403,0.8351,0.9333
17,49,52,0.9472,0.9498,0.9517,0.9421
18,49,55,0.9437,0.9465,0.9475,0.9535
19,49,58,0.9466,0.9492,0.9514,0.8276
20,49,61,0.9328,0.9536,0.9507,0.9344
21,49,64,0.9445,0.9242,0.9396,0.8404
22,49,67,0.9408,0.9291,0.9456,0.945
23,49,70,0.943,0.9433,0.9545,0.9584
24,49,73,0.9465,0.9512,0.9436,0.9551
25,49,76,0.96,0.9539,0.9448,0.9561
26,49,79,0.9248,0.947,0.9311,0.8433
27,49,82,0.9339,0.9438,0.9538,0.9489
28,49,85,0.9392,0.9448,0.9442,0.9518
29,49,88,0.9513,0.955,0.8336,0.9557
30,49,91,0.946,0.9466,0.9355,0.9485
31,49,94,0.9393,0.9278,0.9373,0.8445
32,49,97,0.9373,0.9406,0.9463,0.9531
33,49,100,0.8383,0.9479,0.9448,0.9455
34,49,103,0.9211,0.9509,0.9468,0.9319
35,49,106,0.9303,0.9499,0.9364,0.9474
36,49,109,0.9445,0.9431,0.9442,0.9561
37,49,112,0.9431,0.9408,0.9445,0.9415
38,49,115,0.9342,0.8397,0.9355,0.9561
39,49,118,0.9471,0.9413,0.9221,0.9561
40,49,121,0.9373,0.9495,0.9399,0.935
41,49,124,0.9427,0.9422,0.9435,0.9357
42,49,127,0.9293,0.9259,0.9519,0.9439
43,49,130,0.9494,0.8387,0.952,0.941
44,49,133,0.9484,0.9591,0.9488,0.8338
45,49,136,0.9434,0.9225,0.9492,0.9452
46,49,139,0.8375,0.9496,0.9365,0.9371
47,49,142,0.9419,0.9213,0.8429,0.9271
48,49,145,0.9327,0.9336,0.9409,0.9388
49,49,148,0.9185,0.8325,0.9425,0.9343
50,49,151,0.9433,0.942,0.8401,0.9409
51,49,154,0.9334,0.9312,0.8357,0.9556
52,49,157,0.8199,0.9286,0.8311,0.8398
53,49,160,0.9444,0.9484,0.9315,0.8328
54,49,163,0.9308,0.9393,0.948,0.937
55,49,166,0.8473,0.9387,0.8482,0.9447
56,49,169,0.8776,0.9458,0.9425,0.9277
57,49,172,0.9392,0.9417,0.9476,0.9108
58,49,175,0.911,0.757,0.8511,0.9349
59,49,178,0.9283,0.9345,0.9264,0.9229
60,49,181,0.9409,0.9066,0.8389,0.9347
61,49,184,0.9268,0.566,0.627,0.9178
62,49,187,0.9388,0.9445,0.9416,0.9223
63,49,190,0.9163,0.8212,0.9451,0.9343
64,49,193,0.7495,0.6523,0.9302,0.9449
65,49,196,0.9288,0.9246,0.8129,0.9394
66,49,199,0.9382,0.9442,0.6424,0.9374
67,49,202,0.9417,0.9348,0.8279,0.9334
68,49,205,0.9251,0.8158,0.7541,0.9297
69,49,208,0.9333,0.9333,0.4408,0.9434
70,49,211,0.8341,0.9355,0.7427,0.7593
71,49,214,0.9543,0.8381,0.7494,0.9331
72,49,217,0.4509,0.9431,0.8244,0.9304
73,49,220,0.9236,0.9439,0.8161,0.8221
74,49,223,0.9262,0.729,0.9429,0.943
75,49,226,0.8204,0.8423,0.82,0.9473
76,49,229,0.9358,0.9175,0.7453,0.7527
77,49,232,0.9484,0.9487,0.7523,0.8103
78,49,235,0.921,0.7474,0.7517,0.7366
79,49,238,0.7518,0.9254,0.8268,0.813
80,49,241,0.7351,0.9383,0.8356,0.9346
81,49,244,0.9326,0.8294,0.7251,0.6422
82,49,247,0.9256,0.5612,0.942,0.933
83,49,250,0.8226,0.74,0.8169,0.9407
84,49,253,0.7398,0.9201,0.9306,0.8133
85,49,256,0.9457,0.7433,0.5535,0.9362
86,49,259,0.8148,0.9384,0.7463,0.8882
87,49,262,0.9256,0.9135,0.8181,0.739
88,49,265,0.7327,0.932,0.7629,0.9203
89,49,268,0.7561,0.829,0.9306,0.9347
90,49,271,0.9067,0.8272,0.9288,0.7469
91,49,274,0.5688,0.8307,0.9307,0.6201
92,49,277,0.7468,0.5618,0.742,0.7495
93,49,280,0.4468,0.7395,0.9238,0.755
94,49,283,0.9337,0.7513,0.8255,0.9272
95,49,286,0.6394,0.6471,0.5588,0.9336
96,49,289,0.8292,0.8101,0.4319,0.9336
97,49,292,0.8349,0.6352,0.3787,0.5628
98,49,295,0.7342,0.6393,0.7186,0.8159
99,49,298,0.2665,0.9322,0.5561,0.755
,Dataset#,L,att_1,att_2,att_3,att_4
0,50,1,0.5147,0.5147,0.5147,0.5147
1,50,4,0.5198,0.5467,0.5294,0.5147
2,50,7,0.5205,0.5225,0.5225,0.5524
3,50,10,0.5177,0.5233,0.543,0.5451
4,50,13,0.5242,0.553,0.5323,0.5568
5,50,16,0.5438,0.5475,0.531,0.5497
6,50,19,0.5356,0.5445,0.5228,0.5524
7,50,22,0.5508,0.5619,0.5271,0.5498
8,50,25,0.544,0.5548,0.5231,0.5515
9,50,28,0.5499,0.5469,0.5422,0.5442
10,50,31,0.5596,0.5142,0.5311,0.5201
11,50,34,0.5615,0.5526,0.5504,0.5401
12,50,37,0.5531,0.5428,0.5389,0.5454
13,50,40,0.5259,0.5235,0.5331,0.5589
14,50,43,0.5594,0.5284,0.5409,0.5563
15,50,46,0.5352,0.5313,0.544,0.5475
16,50,49,0.5463,0.5225,0.546,0.55
17,50,52,0.5302,0.5163,0.5286,0.5519
18,50,55,0.5112,0.558,0.5537,0.5453
19,50,58,0.5357,0.5361,0.5395,0.5523
20,50,61,0.5283,0.551,0.5263,0.5362
21,50,64,0.5464,0.5264,0.5378,0.5279
22,50,67,0.5342,0.5405,0.5282,0.5495
23,50,70,0.5288,0.5524,0.5532,0.5253
24,50,73,0.5321,0.5458,0.5289,0.5406
25,50,76,0.5304,0.5243,0.5445,0.5436
26,50,79,0.5286,0.5396,0.5434,0.5277
27,50,82,0.5614,0.535,0.5127,0.5222
28,50,85,0.5317,0.5172,0.557,0.5132
29,50,88,0.5179,0.5241,0.5299,0.5131
30,50,91,0.5281,0.508,0.5268,0.54
31,50,94,0.5334,0.5496,0.5286,0.534
32,50,97,0.5194,0.5244,0.5376,0.5345
33,50,100,0.5186,0.5127,0.5099,0.5424
34,50,103,0.5489,0.5398,0.5465,0.5145
35,50,106,0.5194,0.5586,0.5589,0.5316
36,50,109,0.5371,0.54,0.5292,0.5432
37,50,112,0.5432,0.5266,0.5313,0.5438
38,50,115,0.5323,0.5336,0.5318,0.521
39,50,118,0.5348,0.5191,0.5127,0.5255
40,50,121,0.5416,0.5234,0.5406,0.5271
41,50,124,0.5402,0.5163,0.5263,0.5398
42,50,127,0.5106,0.5289,0.5368,0.5237
43,50,130,0.5169,0.5315,0.5413,0.5368
44,50,133,0.5264,0.5072,0.5552,0.5341
45,50,136,0.5262,0.5326,0.5202,0.5261
46,50,139,0.5358,0.5161,0.5337,0.5412
47,50,142,0.5269,0.5472,0.5337,0.5384
48,50,145,0.5236,0.5287,0.5122,0.5338
49,50,148,0.5261,0.5288,0.5203,0.5498
50,50,151,0.5264,0.5211,0.5283,0.5466
51,50,154,0.5204,0.5117,0.5363,0.5164
52,50,157,0.5272,0.5334,0.5243,0.5311
53,50,160,0.5364,0.5153,0.5027,0.5278
54,50,163,0.5323,0.532,0.5426,0.5491
55,50,166,0.5313,0.5089,0.5328,0.5147
56,50,169,0.5409,0.5344,0.5283,0.5313
57,50,172,0.5199,0.5173,0.5124,0.5373
58,50,175,0.5203,0.5147,0.5325,0.5194
59,50,178,0.5263,0.5178,0.5188,0.5178
60,50,181,0.5197,0.5213,0.5352,0.5189
61,50,184,0.5112,0.5335,0.5174,0.5069
62,50,187,0.5147,0.5237,0.5206,0.5295
63,50,190,0.5268,0.5292,0.5225,0.5272
64,50,193,0.5281,0.5124,0.525,0.5158
65,50,196,0.5325,0.5375,0.5239,0.5146
66,50,199,0.528,0.5339,0.5257,0.5267
67,50,202,0.5325,0.5282,0.5314,0.5182
68,50,205,0.528,0.5378,0.546,0.5381
69,50,208,0.5337,0.527,0.5351,0.5148
70,50,211,0.5171,0.5337,0.5356,0.5236
71,50,214,0.5315,0.542,0.5255,0.5231
72,50,217,0.5176,0.5149,0.5069,0.5257
73,50,220,0.5327,0.5088,0.5257,0.5169
74,50,223,0.506,0.5087,0.5202,0.5195
75,50,226,0.5294,0.4119,0.53,0.5381
76,50,229,0.5192,0.5227,0.5321,0.5147
77,50,232,0.5407,0.5175,0.5172,0.5423
78,50,235,0.5184,0.5147,0.5096,0.5161
79,50,238,0.5181,0.5226,0.5216,0.5173
80,50,241,0.5212,0.4168,0.5163,0.412
81,50,244,0.4363,0.5356,0.5147,0.5201
82,50,247,0.5236,0.5245,0.5289,0.5199
83,50,250,0.5117,0.5391,0.5224,0.5263
84,50,253,0.4333,0.4204,0.5206,0.5324
85,50,256,0.5463,0.5147,0.5181,0.3145
86,50,259,0.5087,0.5231,0.5187,0.5172
87,50,262,0.5147,0.4158,0.5282,0.4153
88,50,265,0.5022,0.5355,0.5136,0.5152
89,50,268,0.5214,0.5182,0.5305,0.4369
90,50,271,0.4192,0.4112,0.5147,0.5232
91,50,274,0.3261,0.5202,0.5074,0.5241
92,50,277,0.4126,0.5133,0.4134,0.5241
93,50,280,0.412,0.5147,0.4121,0.5122
94,50,283,0.4182,0.529,0.4253,0.5288
95,50,286,0.5252,0.5234,0.5334,0.4306
96,50,289,0.3089,0.5194,0.5168,0.4188
97,50,292,0.3044,0.4124,0.5253,0.527
98,50,295,0.5224,0.4448,0.412,0.4125
99,50,298,0.5257,0.5095,0.4174,0.3078
,Dataset#,L,att_1,att_2,att_3,att_4
0,51,1,0.8795,0.8777,0.8767,0.876
1,51,4,0.8861,0.8838,0.888,0.8912
2,51,7,0.8822,0.8943,0.8866,0.8816
3,51,10,0.885,0.8914,0.893,0.8821
4,51,13,0.878,0.8808,0.8875,0.8861
5,51,16,0.886,0.8911,0.8914,0.8918
6,51,19,0.8897,0.888,0.8884,0.8946
7,51,22,0.8889,0.8872,0.8757,0.891
8,51,25,0.8912,0.8802,0.8865,0.8902
9,51,28,0.8781,0.8827,0.8908,0.8955
10,51,31,0.8891,0.8962,0.883,0.8891
11,51,34,0.8913,0.8834,0.8786,0.887
12,51,37,0.8918,0.8892,0.8973,0.8875
13,51,40,0.883,0.8856,0.8876,0.8851
14,51,43,0.8871,0.8904,0.8951,0.8838
15,51,46,0.8798,0.8948,0.8866,0.8869
16,51,49,0.8858,0.8967,0.881,0.8905
17,51,52,0.8914,0.8897,0.8944,0.8944
18,51,55,0.8805,0.9033,0.8929,0.8712
19,51,58,0.8943,0.8948,0.8906,0.8903
20,51,61,0.8827,0.8745,0.882,0.8837
21,51,64,0.8792,0.8898,0.8857,0.8913
22,51,67,0.8843,0.8949,0.8823,0.8891
23,51,70,0.8743,0.881,0.8914,0.8178
24,51,73,0.8956,0.8146,0.8848,0.8816
25,51,76,0.8792,0.8957,0.8831,0.8952
26,51,79,0.8892,0.8942,0.8813,0.8933
27,51,82,0.8875,0.877,0.8119,0.894
28,51,85,0.8879,0.8829,0.8901,0.8939
29,51,88,0.8821,0.8114,0.8812,0.8927
30,51,91,0.8836,0.8853,0.6638,0.8828
31,51,94,0.8879,0.8989,0.8904,0.8211
32,51,97,0.8874,0.883,0.8934,0.8988
33,51,100,0.8829,0.8914,0.8923,0.8932
34,51,103,0.6825,0.8951,0.8171,0.8849
35,51,106,0.895,0.8776,0.8879,0.8157
36,51,109,0.889,0.8885,0.7476,0.8785
37,51,112,0.8949,0.8831,0.7396,0.8186
38,51,115,0.8911,0.8086,0.8849,0.8934
39,51,118,0.8251,0.8273,0.8852,0.8765
40,51,121,0.8184,0.8225,0.8762,0.8188
41,51,124,0.8167,0.8937,0.8922,0.8094
42,51,127,0.821,0.8775,0.8015,0.7525
43,51,130,0.8927,0.893,0.7492,0.7396
44,51,133,0.8926,0.8935,0.8949,0.8158
45,51,136,0.808,0.818,0.8938,0.891
46,51,139,0.8833,0.8208,0.7366,0.8836
47,51,142,0.8844,0.8862,0.8192,0.8129
48,51,145,0.8918,0.8157,0.8134,0.8239
49,51,148,0.824,0.8145,0.8925,0.8206
50,51,151,0.8168,0.8156,0.757,0.7351
51,51,154,0.7473,0.8156,0.8168,0.8243
52,51,157,0.8117,0.8817,0.8276,0.8191
53,51,160,0.8918,0.7539,0.8758,0.7467
54,51,163,0.8058,0.8826,0.7426,0.8085
55,51,166,0.7494,0.6801,0.8108,0.8928
56,51,169,0.9003,0.8948,0.8738,0.804
57,51,172,0.8119,0.8274,0.8819,0.8155
58,51,175,0.8179,0.8897,0.8859,0.8129
59,51,178,0.8851,0.6753,0.8233,0.7502
60,51,181,0.8173,0.8203,0.8901,0.5977
61,51,184,0.8791,0.883,0.8189,0.8222
62,51,187,0.7359,0.7463,0.8269,0.8193
63,51,190,0.8174,0.7476,0.8205,0.7451
64,51,193,0.6766,0.8889,0.8878,0.7511
65,51,196,0.7408,0.7468,0.8127,0.8177
66,51,199,0.8133,0.7967,0.874,0.8975
67,51,202,0.8208,0.672,0.8199,0.8241
68,51,205,0.7174,0.8135,0.8118,0.812
69,51,208,0.8197,0.8078,0.7462,0.7347
70,51,211,0.7528,0.4528,0.7398,0.8142
71,51,214,0.8881,0.7528,0.8126,0.7218
72,51,217,0.8141,0.809,0.811,0.5682
73,51,220,0.7428,0.7397,0.7374,0.8052
74,51,223,0.822,0.8143,0.882,0.8868
75,51,226,0.7007,0.892,0.8242,0.6683
76,51,229,0.8721,0.882,0.716,0.8181
77,51,232,0.7475,0.746,0.6771,0.4628
78,51,235,0.8828,0.8956,0.756,0.8092
79,51,238,0.8826,0.8176,0.6737,0.8917
80,51,241,0.813,0.8042,0.8127,0.813
81,51,244,0.8111,0.4676,0.8855,0.8212
82,51,247,0.8902,0.561,0.8098,0.5438
83,51,250,0.7472,0.7311,0.8908,0.6968
84,51,253,0.8805,0.7455,0.7048,0.7147
85,51,256,0.898,0.713,0.6983,0.8151
86,51,259,0.525,0.896,0.8872,0.7475
87,51,262,0.8021,0.8175,0.8728,0.8304
88,51,265,0.8883,0.8124,0.7086,0.8186
89,51,268,0.8865,0.8758,0.8186,0.7076
90,51,271,0.6675,0.3632,0.7436,0.7161
91,51,274,0.3575,0.6404,0.6357,0.8161
92,51,277,0.8079,0.7613,0.8203,0.4608
93,51,280,0.8139,0.7147,0.6782,0.8786
94,51,283,0.8203,0.6433,0.8804,0.2804
95,51,286,0.5335,0.5261,0.7218,0.8123
96,51,289,0.8831,0.8967,0.7432,0.8139
97,51,292,0.4534,0.8274,0.8166,0.7219
98,51,295,0.4615,0.4622,0.8128,0.4632
99,51,298,0.3851,0.8188,0.4502,0.8158
,Dataset#,L,att_1,att_2,att_3,att_4
0,52,1,0.6955,0.7014,0.697,0.6982
1,52,4,0.701,0.6867,0.6845,0.7
2,52,7,0.6983,0.6954,0.6911,0.6917
3,52,10,0.7041,0.6933,0.6941,0.6957
4,52,13,0.6857,0.7169,0.7322,0.712
5,52,16,0.6868,0.6879,0.6679,0.6862
6,52,19,0.6774,0.6915,0.691,0.6737
7,52,22,0.6749,0.6617,0.6888,0.7265
8,52,25,0.6647,0.6953,0.689,0.7325
9,52,28,0.6921,0.6585,0.6796,0.697
10,52,31,0.6963,0.6869,0.672,0.6832
11,52,34,0.6831,0.7066,0.681,0.6772
12,52,37,0.6833,0.6869,0.7043,0.678
13,52,40,0.6769,0.6972,0.6916,0.6746
14,52,43,0.6782,0.6811,0.7034,0.6778
15,52,46,0.7164,0.6928,0.683,0.6952
16,52,49,0.7139,0.681,0.6964,0.6986
17,52,52,0.7013,0.673,0.6783,0.6375
18,52,55,0.6731,0.6999,0.677,0.6974
19,52,58,0.6861,0.6822,0.7087,0.6975
20,52,61,0.6778,0.6866,0.6921,0.698
21,52,64,0.6938,0.6787,0.681,0.7022
22,52,67,0.6934,0.6795,0.6805,0.6783
23,52,70,0.6943,0.6699,0.6798,0.6788
24,52,73,0.6779,0.724,0.7293,0.6678
25,52,76,0.6846,0.7072,0.699,0.6893
26,52,79,0.6745,0.6748,0.6738,0.6901
27,52,82,0.6849,0.7008,0.6871,0.7016
28,52,85,0.6744,0.7002,0.6854,0.713
29,52,88,0.6736,0.6922,0.6812,0.6773
30,52,91,0.6956,0.6815,0.6734,0.6713
31,52,94,0.7095,0.7094,0.6789,0.7244
32,52,97,0.6775,0.6982,0.6678,0.6782
33,52,100,0.7037,0.6847,0.68,0.6946
34,52,103,0.6844,0.673,0.6882,0.6685
35,52,106,0.6812,0.6893,0.6698,0.6821
36,52,109,0.6942,0.7059,0.6939,0.707
37,52,112,0.6851,0.6888,0.6972,0.6856
38,52,115,0.7065,0.6796,0.6833,0.6876
39,52,118,0.6854,0.6896,0.7161,0.6723
40,52,121,0.7118,0.6661,0.6886,0.6652
41,52,124,0.6982,0.7076,0.6474,0.6652
42,52,127,0.6725,0.6727,0.6887,0.6748
43,52,130,0.6884,0.6853,0.6916,0.6879
44,52,133,0.6801,0.6631,0.6971,0.6983
45,52,136,0.6851,0.6639,0.6717,0.671
46,52,139,0.684,0.6764,0.6705,0.6934
47,52,142,0.6856,0.6718,0.6222,0.6607
48,52,145,0.6772,0.6876,0.6909,0.7262
49,52,148,0.6821,0.6709,0.6687,0.6785
50,52,151,0.6827,0.6853,0.7263,0.6861
51,52,154,0.693,0.6806,0.6646,0.7028
52,52,157,0.6704,0.681,0.6734,0.6828
53,52,160,0.6853,0.633,0.6504,0.7168
54,52,163,0.7005,0.675,0.6872,0.6694
55,52,166,0.6962,0.6741,0.6709,0.6976
56,52,169,0.6546,0.6687,0.6859,0.663
57,52,172,0.6727,0.6884,0.676,0.7039
58,52,175,0.7087,0.6784,0.6955,0.6836
59,52,178,0.6834,0.677,0.6737,0.6886
60,52,181,0.6847,0.6762,0.661,0.6779
61,52,184,0.6654,0.65,0.6654,0.6796
62,52,187,0.6801,0.6543,0.6202,0.6567
63,52,190,0.6875,0.6239,0.6726,0.6942
64,52,193,0.6617,0.6763,0.6837,0.6414
65,52,196,0.6659,0.6882,0.6873,0.7012
66,52,199,0.6708,0.6931,0.6305,0.6149
67,52,202,0.7019,0.618,0.6373,0.6856
68,52,205,0.6882,0.6526,0.6535,0.6619
69,52,208,0.6402,0.6017,0.6743,0.6777
70,52,211,0.6647,0.6726,0.672,0.6838
71,52,214,0.6519,0.6626,0.6845,0.6819
72,52,217,0.5327,0.6752,0.6751,0.6897
73,52,220,0.6596,0.6301,0.576,0.6534
74,52,223,0.6646,0.6358,0.6395,0.6921
75,52,226,0.6221,0.6824,0.6773,0.6651
76,52,229,0.6725,0.6733,0.6751,0.6756
77,52,232,0.6643,0.6646,0.6726,0.6754
78,52,235,0.6636,0.6702,0.642,0.6754
79,52,238,0.6911,0.6505,0.687,0.6735
80,52,241,0.4785,0.6945,0.677,0.6854
81,52,244,0.5065,0.6541,0.6335,0.6878
82,52,247,0.5256,0.5276,0.6749,0.2447
83,52,250,0.5189,0.6403,0.5691,0.614
84,52,253,0.5331,0.6693,0.5784,0.3826
85,52,256,0.6628,0.6825,0.5941,0.5452
86,52,259,0.6679,0.6446,0.5388,0.5546
87,52,262,0.6444,0.5573,0.5013,0.4203
88,52,265,0.5788,0.5285,0.4838,0.5332
89,52,268,0.6033,0.2861,0.6082,0.6178
90,52,271,0.6982,0.6745,0.6535,0.2685
91,52,274,0.6872,0.5249,0.483,0.5107
92,52,277,0.6699,0.6189,0.6258,0.5366
93,52,280,0.6755,0.4207,0.5112,0.5252
94,52,283,0.5847,0.4895,0.3998,0.5995
95,52,286,0.5237,0.5074,0.4028,0.533
96,52,289,0.5425,0.6604,0.6415,0.6676
97,52,292,0.6363,0.6854,0.2669,0.5634
98,52,295,0.3818,0.6898,0.6509,0.678
99,52,298,0.3631,0.6832,0.2809,0.5122
,Dataset#,L,att_1,att_2,att_3,att_4
0,53,1,0.7348,0.712,0.7113,0.7346
1,53,4,0.7653,0.7893,0.7762,0.8145
2,53,7,0.8462,0.8069,0.8271,0.8475
3,53,10,0.867,0.8358,0.8623,0.8795
4,53,13,0.8702,0.8453,0.8762,0.8336
5,53,16,0.897,0.853,0.85,0.8614
6,53,19,0.8328,0.8605,0.848,0.882
7,53,22,0.8537,0.8859,0.8329,0.9237
8,53,25,0.8747,0.8621,0.915,0.8603
9,53,28,0.8674,0.86,0.8311,0.8419
10,53,31,0.8604,0.8414,0.8714,0.8893
11,53,34,0.8089,0.8923,0.8622,0.883
12,53,37,0.8754,0.8794,0.8701,0.867
13,53,40,0.8673,0.8421,0.9125,0.8368
14,53,43,0.8867,0.8665,0.8399,0.8874
15,53,46,0.8799,0.8385,0.8481,0.8516
16,53,49,0.8349,0.8365,0.8795,0.8836
17,53,52,0.8625,0.8791,0.8501,0.9008
18,53,55,0.8651,0.8466,0.8566,0.8565
19,53,58,0.8581,0.8509,0.8633,0.8553
20,53,61,0.8475,0.85,0.8593,0.8654
21,53,64,0.8932,0.8727,0.8411,0.8772
22,53,67,0.8471,0.8388,0.8686,0.8361
23,53,70,0.8419,0.8175,0.859,0.8472
24,53,73,0.8367,0.8124,0.8499,0.8543
25,53,76,0.8245,0.8801,0.8985,0.8736
26,53,79,0.8395,0.8632,0.8887,0.8579
27,53,82,0.9133,0.8403,0.8349,0.8486
28,53,85,0.8476,0.8431,0.8386,0.8426
29,53,88,0.8309,0.8485,0.8636,0.8727
30,53,91,0.8454,0.8641,0.8657,0.8382
31,53,94,0.9028,0.8855,0.8739,0.8587
32,53,97,0.8518,0.8947,0.8615,0.9172
33,53,100,0.8256,0.8465,0.8526,0.8379
34,53,103,0.9101,0.8622,0.8225,0.8606
35,53,106,0.8539,0.8719,0.8761,0.8265
36,53,109,0.8242,0.8634,0.8662,0.8707
37,53,112,0.8389,0.9046,0.8586,0.801
38,53,115,0.8226,0.8492,0.8461,0.8824
39,53,118,0.8698,0.8283,0.8411,0.8213
40,53,121,0.8258,0.8217,0.8893,0.8487
41,53,124,0.8674,0.8856,0.8283,0.8911
42,53,127,0.8735,0.6956,0.8578,0.8169
43,53,130,0.855,0.8341,0.8607,0.8706
44,53,133,0.8426,0.8199,0.681,0.8283
45,53,136,0.7045,0.6622,0.8444,0.8236
46,53,139,0.8461,0.8618,0.7903,0.8128
47,53,142,0.8129,0.8774,0.8318,0.8565
48,53,145,0.8674,0.8363,0.82,0.8498
49,53,148,0.8042,0.8637,0.8647,0.8146
50,53,151,0.8064,0.8267,0.844,0.851
51,53,154,0.8418,0.8569,0.7798,0.867
52,53,157,0.9066,0.6876,0.8461,0.812
53,53,160,0.8205,0.8275,0.6767,0.6725
54,53,163,0.7808,0.8331,0.8659,0.856
55,53,166,0.6623,0.6715,0.8554,0.8371
56,53,169,0.8461,0.6973,0.8494,0.6965
57,53,172,0.543,0.8063,0.5066,0.7089
58,53,175,0.8654,0.689,0.8889,0.6183
59,53,178,0.8255,0.5529,0.6807,0.8968
60,53,181,0.8392,0.4929,0.7026,0.8901
61,53,184,0.8398,0.6179,0.8066,0.8572
62,53,187,0.827,0.8625,0.6791,0.8176
63,53,190,0.866,0.8355,0.86,0.6852
64,53,193,0.5318,0.8545,0.4795,0.8645
65,53,196,0.4878,0.8306,0.6824,0.648
66,53,199,0.878,0.688,0.6863,0.8219
67,53,202,0.8837,0.7233,0.6427,0.6859
68,53,205,0.7138,0.8142,0.8337,0.665
69,53,208,0.5278,0.4884,0.6449,0.6773
70,53,211,0.8195,0.7089,0.6303,0.8114
71,53,214,0.6866,0.6592,0.6752,0.6693
72,53,217,0.8691,0.8817,0.6877,0.8745
73,53,220,0.8432,0.6442,0.6806,0.6751
74,53,223,0.8624,0.6761,0.6839,0.6915
75,53,226,0.3859,0.3378,0.8127,0.358
76,53,229,0.8093,0.877,0.3818,0.676
77,53,232,0.8143,0.8293,0.5529,0.8493
78,53,235,0.6526,0.6896,0.6326,0.6658
79,53,238,0.8403,0.8183,0.4691,0.6758
80,53,241,0.6613,0.5103,0.3917,0.3278
81,53,244,0.8183,0.5177,0.6021,0.6391
82,53,247,0.6606,0.6995,0.4793,0.4861
83,53,250,0.358,0.6601,0.6106,0.6669
84,53,253,0.6667,0.3981,0.4999,0.4971
85,53,256,0.8012,0.3574,0.1297,0.4847
86,53,259,0.4548,0.5053,0.3706,0.6997
87,53,262,0.2797,0.4381,0.5228,0.7007
88,53,265,0.6834,0.5445,0.3345,0.6551
89,53,268,0.6482,0.4959,0.3988,0.3184
90,53,271,0.4814,0.3869,0.5191,0.1744
91,53,274,0.4185,0.3399,0.3304,0.7235
92,53,277,0.3946,0.317,0.5466,0.3927
93,53,280,0.3929,0.242,0.2091,0.7798
94,53,283,0.7016,0.8449,0.1933,0.3125
95,53,286,0.5006,0.5233,0.4885,0.3859
96,53,289,0.2524,0.3011,0.3877,0.4829
97,53,292,0,0.3283,0.5405,0.736
98,53,295,0.523,0.4079,0.3459,0.6381
99,53,298,0.3278,0.1647,0.2364,0.1273
,Dataset#,L,att_1,att_2,att_3,att_4
0,54,1,0.5532,0.5512,0.5628,0.5595
1,54,4,0.569,0.5635,0.5586,0.5688
2,54,7,0.5616,0.5685,0.5777,0.5657
3,54,10,0.5907,0.5849,0.5783,0.5814
4,54,13,0.5753,0.5672,0.5737,0.5651
5,54,16,0.5892,0.5708,0.5783,0.571
6,54,19,0.5697,0.547,0.5826,0.5814
7,54,22,0.567,0.5642,0.5688,0.5864
8,54,25,0.5715,0.5686,0.5613,0.5749
9,54,28,0.5765,0.57,0.5787,0.5605
10,54,31,0.5748,0.5779,0.5648,0.5762
11,54,34,0.5673,0.5631,0.5755,0.5741
12,54,37,0.5696,0.5756,0.5819,0.5499
13,54,40,0.5609,0.5823,0.587,0.5716
14,54,43,0.5645,0.5439,0.5677,0.5844
15,54,46,0.5575,0.5516,0.5661,0.5724
16,54,49,0.589,0.5559,0.5558,0.5757
17,54,52,0.5846,0.593,0.5912,0.5755
18,54,55,0.5658,0.5441,0.5689,0.5707
19,54,58,0.5688,0.561,0.5712,0.5544
20,54,61,0.5677,0.5622,0.5621,0.5792
21,54,64,0.5817,0.5674,0.5691,0.5609
22,54,67,0.5801,0.5603,0.5212,0.5615
23,54,70,0.5713,0.5583,0.5723,0.5741
24,54,73,0.5653,0.5492,0.5632,0.5411
25,54,76,0.5458,0.5538,0.5626,0.5735
26,54,79,0.5612,0.5805,0.5676,0.5746
27,54,82,0.5785,0.5402,0.5834,0.5489
28,54,85,0.5713,0.5339,0.5509,0.5695
29,54,88,0.5677,0.5598,0.5787,0.5141
30,54,91,0.5693,0.5692,0.5877,0.5898
31,54,94,0.5562,0.5134,0.587,0.5413
32,54,97,0.5687,0.5627,0.5832,0.5625
33,54,100,0.5795,0.5586,0.5454,0.5812
34,54,103,0.5432,0.5653,0.5642,0.5667
35,54,106,0.5606,0.5518,0.5652,0.5767
36,54,109,0.5777,0.5496,0.5394,0.5497
37,54,112,0.5689,0.5628,0.5799,0.5473
38,54,115,0.5429,0.545,0.5804,0.5929
39,54,118,0.5625,0.5689,0.555,0.5812
40,54,121,0.5586,0.5794,0.5808,0.5838
41,54,124,0.5566,0.5772,0.5679,0.5268
42,54,127,0.5789,0.5655,0.5824,0.5641
43,54,130,0.5706,0.5821,0.5616,0.5519
44,54,133,0.556,0.561,0.5644,0.5954
45,54,136,0.5285,0.52,0.5589,0.5046
46,54,139,0.6005,0.5667,0.521,0.5212
47,54,142,0.578,0.5589,0.568,0.5452
48,54,145,0.5601,0.5511,0.5491,0.5568
49,54,148,0.567,0.5639,0.5463,0.5563
50,54,151,0.5803,0.5765,0.5567,0.5516
51,54,154,0.536,0.5532,0.5687,0.575
52,54,157,0.572,0.5271,0.5312,0.5675
53,54,160,0.5001,0.5909,0.5707,0.562
54,54,163,0.5597,0.5304,0.5154,0.5662
55,54,166,0.5659,0.5811,0.544,0.5592
56,54,169,0.5656,0.5105,0.5558,0.5684
57,54,172,0.5611,0.5735,0.5501,0.5543
58,54,175,0.5582,0.5195,0.554,0.5426
59,54,178,0.5474,0.5764,0.5203,0.5783
60,54,181,0.5779,0.5688,0.5825,0.5786
61,54,184,0.5578,0.5494,0.5535,0.5668
62,54,187,0.5821,0.5777,0.5548,0.5831
63,54,190,0.5574,0.5478,0.5186,0.5714
64,54,193,0.572,0.5616,0.5717,0.5599
65,54,196,0.5083,0.5491,0.5726,0.5752
66,54,199,0.5604,0.5525,0.5386,0.5393
67,54,202,0.5585,0.5796,0.56,0.5391
68,54,205,0.5586,0.5292,0.5499,0.5628
69,54,208,0.5343,0.5515,0.574,0.5824
70,54,211,0.5499,0.5466,0.5142,0.5515
71,54,214,0.5594,0.5832,0.5413,0.5809
72,54,217,0.5526,0.4893,0.5346,0.5625
73,54,220,0.5598,0.5687,0.5104,0.5781
74,54,223,0.5467,0.5336,0.4672,0.546
75,54,226,0.5514,0.446,0.5712,0.5228
76,54,229,0.4188,0.5598,0.5756,0.5988
77,54,232,0.5176,0.5742,0.5479,0.5705
78,54,235,0.4238,0.549,0.5356,0.4777
79,54,238,0.5577,0.5222,0.5231,0.5419
80,54,241,0.4659,0.5575,0.437,0.5554
81,54,244,0.4851,0.4637,0.4422,0.5699
82,54,247,0.5837,0.5328,0.4633,0.5324
83,54,250,0.5496,0.5717,0.4237,0.5429
84,54,253,0.5665,0.3176,0.5507,0.4326
85,54,256,0.5243,0.5677,0.432,0.5846
86,54,259,0.5655,0.55,0.4495,0.5635
87,54,262,0.4032,0.5789,0.5334,0.4697
88,54,265,0.462,0.464,0.5364,0.5322
89,54,268,0.5735,0.5426,0.5483,0.435
90,54,271,0.4292,0.5739,0.4283,0.5073
91,54,274,0.5704,0.428,0.5488,0.5431
92,54,277,0.4486,0.4651,0.5661,0.4339
93,54,280,0.5396,0.428,0.466,0.528
94,54,283,0.3248,0.3889,0.4213,0.527
95,54,286,0.5339,0.4319,0.5229,0.5095
96,54,289,0.4488,0.5451,0.4946,0.4204
97,54,292,0.4381,0.4729,0.5047,0.4176
98,54,295,0.4335,0.4526,0.4287,0.5617
99,54,298,0.5215,0.3353,0.5456,0.338
,Dataset#,L,att_1,att_2,att_3,att_4
0,55,1,0.4392,0.4263,0.4262,0.4283
1,55,4,0.4502,0.4486,0.4365,0.4507
2,55,7,0.4509,0.4606,0.4558,0.4584
3,55,10,0.4505,0.4666,0.4488,0.4455
4,55,13,0.4585,0.4522,0.4572,0.4421
5,55,16,0.4451,0.4616,0.4549,0.4502
6,55,19,0.4522,0.4511,0.4507,0.4475
7,55,22,0.456,0.4528,0.4587,0.4651
8,55,25,0.4702,0.4478,0.4618,0.4338
9,55,28,0.4627,0.4576,0.4511,0.4492
10,55,31,0.454,0.4458,0.4736,0.4453
11,55,34,0.4523,0.4707,0.4524,0.453
12,55,37,0.437,0.4589,0.4514,0.4464
13,55,40,0.4508,0.4592,0.456,0.4485
14,55,43,0.4583,0.4465,0.4444,0.4384
15,55,46,0.4692,0.4503,0.4428,0.4451
16,55,49,0.4563,0.439,0.4521,0.4531
17,55,52,0.4616,0.4456,0.4495,0.4398
18,55,55,0.4377,0.45,0.4555,0.4582
19,55,58,0.4663,0.4386,0.441,0.4327
20,55,61,0.4382,0.4508,0.4454,0.4447
21,55,64,0.4353,0.4468,0.464,0.45
22,55,67,0.4448,0.4402,0.4478,0.4481
23,55,70,0.4576,0.4099,0.4321,0.4225
24,55,73,0.449,0.4598,0.4432,0.4605
25,55,76,0.463,0.455,0.4375,0.4528
26,55,79,0.4571,0.4446,0.4542,0.4517
27,55,82,0.4387,0.4356,0.433,0.4505
28,55,85,0.4439,0.4412,0.4705,0.4199
29,55,88,0.444,0.4411,0.4289,0.4172
30,55,91,0.452,0.4307,0.4396,0.4416
31,55,94,0.4359,0.4477,0.4329,0.4321
32,55,97,0.4344,0.4447,0.4279,0.4564
33,55,100,0.4332,0.4325,0.443,0.4722
34,55,103,0.4552,0.4539,0.4383,0.4174
35,55,106,0.4363,0.4537,0.4577,0.445
36,55,109,0.4179,0.4282,0.4598,0.4392
37,55,112,0.4405,0.4251,0.4356,0.4644
38,55,115,0.4481,0.4381,0.4296,0.4453
39,55,118,0.4684,0.427,0.4409,0.4582
40,55,121,0.4304,0.4078,0.4141,0.4455
41,55,124,0.4338,0.4523,0.4578,0.457
42,55,127,0.4577,0.4314,0.4384,0.4326
43,55,130,0.436,0.4282,0.4458,0.4162
44,55,133,0.4581,0.4304,0.442,0.4115
45,55,136,0.4553,0.4431,0.4261,0.4425
46,55,139,0.4529,0.4355,0.414,0.4353
47,55,142,0.4468,0.4352,0.4052,0.4354
48,55,145,0.4505,0.4563,0.4426,0.4452
49,55,148,0.4434,0.4274,0.4374,0.43
50,55,151,0.476,0.4564,0.4287,0.4214
51,55,154,0.4444,0.4314,0.4229,0.4527
52,55,157,0.4332,0.4712,0.4341,0.4462
53,55,160,0.4715,0.4364,0.4266,0.4266
54,55,163,0.4579,0.4374,0.4274,0.4218
55,55,166,0.413,0.4487,0.4505,0.4146
56,55,169,0.4235,0.4255,0.4317,0.4391
57,55,172,0.4391,0.4479,0.4177,0.4412
58,55,175,0.4407,0.4273,0.4612,0.4442
59,55,178,0.4461,0.4422,0.459,0.4528
60,55,181,0.4109,0.4428,0.4451,0.4334
61,55,184,0.454,0.445,0.4313,0.4422
62,55,187,0.4284,0.4426,0.4303,0.4609
63,55,190,0.4371,0.4323,0.4339,0.444
64,55,193,0.4457,0.4141,0.4137,0.4241
65,55,196,0.4342,0.4414,0.4273,0.4405
66,55,199,0.4223,0.4318,0.4413,0.4342
67,55,202,0.4177,0.458,0.4649,0.4347
68,55,205,0.431,0.4536,0.4327,0.4502
69,55,208,0.4314,0.4152,0.4536,0.4324
70,55,211,0.4568,0.4393,0.4087,0.3382
71,55,214,0.4039,0.4118,0.3954,0.4414
72,55,217,0.4206,0.4152,0.4456,0.442
73,55,220,0.4219,0.4188,0.441,0.4403
74,55,223,0.4182,0.433,0.4349,0.4279
75,55,226,0.4536,0.4185,0.4268,0.4414
76,55,229,0.4215,0.4087,0.4532,0.179
77,55,232,0.4143,0.4392,0.4324,0.419
78,55,235,0.4423,0.4623,0.4105,0.3426
79,55,238,0.4482,0.4391,0.4456,0.4285
80,55,241,0.3971,0.4314,0.4035,0.3563
81,55,244,0.4219,0.4483,0.3655,0.3499
82,55,247,0.3403,0.4566,0.4185,0.4443
83,55,250,0.4252,0.4371,0.4179,0.4319
84,55,253,0.4231,0.4392,0.4402,0.4324
85,55,256,0.2537,0.4048,0.4479,0.4421
86,55,259,0.3482,0.4565,0.4589,0.3809
87,55,262,0.4549,0.4554,0.4245,0.4162
88,55,265,0.3671,0.4158,0.4368,0.4135
89,55,268,0.3335,0.4398,0.4502,0.3366
90,55,271,0.4601,0.4076,0.4339,0.4238
91,55,274,0.4319,0.4049,0.4362,0.4176
92,55,277,0.4407,0.3997,0.3618,0.3549
93,55,280,0.4058,0.1742,0.249,0.422
94,55,283,0.3379,0.4492,0.2559,0.4415
95,55,286,0.4448,0.2464,0.3593,0.2555
96,55,289,0.4266,0.4331,0.3533,0.3504
97,55,292,0.2649,0.3339,0.4215,0.4024
98,55,295,0.2766,0.3632,0.3702,0.3279
99,55,298,0.3542,0.2504,0.3458,0.4482
,Dataset#,L,att_1,att_2,att_3,att_4
0,56,1,0.4069,0.4243,0.4193,0.4153
1,56,4,0.423,0.423,0.4292,0.4362
2,56,7,0.428,0.434,0.421,0.4121
3,56,10,0.4231,0.4289,0.4372,0.4344
4,56,13,0.4256,0.4039,0.413,0.4119
5,56,16,0.4276,0.4308,0.4291,0.4313
6,56,19,0.4197,0.3951,0.4196,0.4176
7,56,22,0.4272,0.4128,0.4043,0.4057
8,56,25,0.4312,0.4176,0.4342,0.4021
9,56,28,0.4203,0.4033,0.4291,0.4072
10,56,31,0.4074,0.4136,0.4443,0.409
11,56,34,0.4248,0.4281,0.4255,0.4228
12,56,37,0.4063,0.4158,0.4002,0.423
13,56,40,0.4318,0.4309,0.4039,0.4317
14,56,43,0.3898,0.4348,0.4318,0.4185
15,56,46,0.404,0.4221,0.3653,0.4102
16,56,49,0.4218,0.4397,0.417,0.3773
17,56,52,0.4245,0.4376,0.4309,0.4022
18,56,55,0.4215,0.4375,0.4268,0.418
19,56,58,0.4042,0.404,0.3984,0.403
20,56,61,0.4189,0.4242,0.4109,0.4186
21,56,64,0.4184,0.4341,0.4311,0.3982
22,56,67,0.4392,0.4481,0.4129,0.4329
23,56,70,0.4181,0.4262,0.4157,0.448
24,56,73,0.4353,0.4352,0.4241,0.4144
25,56,76,0.4402,0.4264,0.4204,0.4043
26,56,79,0.4521,0.4051,0.4236,0.4246
27,56,82,0.4317,0.4051,0.4079,0.455
28,56,85,0.4106,0.4052,0.4031,0.4425
29,56,88,0.4357,0.4318,0.4214,0.4143
30,56,91,0.4156,0.4269,0.4312,0.4265
31,56,94,0.4319,0.4365,0.4176,0.4264
32,56,97,0.4388,0.4265,0.4029,0.4144
33,56,100,0.4412,0.4309,0.447,0.4035
34,56,103,0.4329,0.4315,0.4271,0.4387
35,56,106,0.417,0.4522,0.4212,0.4269
36,56,109,0.4238,0.4451,0.4228,0.4152
37,56,112,0.4427,0.3766,0.4215,0.4206
38,56,115,0.4377,0.4315,0.3641,0.4152
39,56,118,0.4171,0.4273,0.4428,0.4074
40,56,121,0.436,0.4392,0.3958,0.4217
41,56,124,0.4112,0.4005,0.4214,0.4193
42,56,127,0.4256,0.4514,0.4216,0.4237
43,56,130,0.3947,0.397,0.4063,0.4206
44,56,133,0.4099,0.4328,0.4458,0.4061
45,56,136,0.4361,0.4202,0.3889,0.406
46,56,139,0.3484,0.4263,0.4301,0.3965
47,56,142,0.4039,0.3941,0.4145,0.4072
48,56,145,0.3634,0.3218,0.3179,0.4387
49,56,148,0.3847,0.3699,0.3332,0.422
50,56,151,0.4162,0.4195,0.4192,0.3846
51,56,154,0.3968,0.3996,0.4197,0.4131
52,56,157,0.3955,0.4295,0.4173,0.433
53,56,160,0.4056,0.4442,0.4357,0.4132
54,56,163,0.4034,0.4261,0.3353,0.4027
55,56,166,0.3756,0.4209,0.3491,0.4074
56,56,169,0.4292,0.4217,0.395,0.3992
57,56,172,0.3146,0.4307,0.4033,0.3172
58,56,175,0.2389,0.4137,0.4385,0.4464
59,56,178,0.3319,0.4178,0.4433,0.3214
60,56,181,0.4306,0.4333,0.4044,0.4332
61,56,184,0.4401,0.4204,0.4039,0.4087
62,56,187,0.4264,0.3692,0.34,0.3966
63,56,190,0.4059,0.4122,0.4275,0.4402
64,56,193,0.4321,0.3733,0.3338,0.4423
65,56,196,0.3971,0.3526,0.4096,0.2861
66,56,199,0.403,0.4324,0.2897,0.4233
67,56,202,0.4217,0.4432,0.3291,0.405
68,56,205,0.4193,0.4186,0.4115,0.4233
69,56,208,0.4141,0.4073,0.4028,0.3815
70,56,211,0.4069,0.4284,0.3393,0.329
71,56,214,0.3987,0.3429,0.3883,0.415
72,56,217,0.4008,0.3192,0.4162,0.3767
73,56,220,0.3657,0.4017,0.4033,0.416
74,56,223,0.289,0.414,0.2585,0.4209
75,56,226,0.3332,0.4184,0.4076,0.4093
76,56,229,0.3888,0.4389,0.3306,0.3903
77,56,232,0.3708,0.4234,0.4049,0.4192
78,56,235,0.2485,0.3267,0.3449,0.2399
79,56,238,0.437,0.4251,0.3383,0.4199
80,56,241,0.3303,0.2643,0.4288,0.426
81,56,244,0.4605,0.4333,0.2816,0.3226
82,56,247,0.376,0.3092,0.4079,0.439
83,56,250,0.3677,0.3073,0.4238,0.3563
84,56,253,0.404,0.4012,0.3495,0.4256
85,56,256,0.3426,0.2512,0.3887,0.2622
86,56,259,0.3105,0.417,0.3204,0.3824
87,56,262,0.3375,0.2808,0.4178,0.3736
88,56,265,0.2783,0.2461,0.3468,0.3175
89,56,268,0.2666,0.2689,0.3561,0.4228
90,56,271,0.3933,0.3061,0.304,0.3026
91,56,274,0.3794,0.3697,0.3926,0.274
92,56,277,0.3086,0.3153,0.4185,0.3992
93,56,280,0.3284,0.2469,0.3346,0.327
94,56,283,0.337,0.2364,0.3259,0.3149
95,56,286,0.4271,0.1531,0.2782,0.2394
96,56,289,0.2854,0.2487,0.2842,0.3247
97,56,292,0.3324,0.3426,0.3139,0.3298
98,56,295,0.2393,0.3566,0.2885,0.2484
99,56,298,0.07368,0.16,0.1917,0.4051
,Dataset#,L,att_1,att_2,att_3,att_4
0,57,1,0.7633,0.7577,0.7629,0.752
1,57,4,0.7913,0.7961,0.7912,0.7701
2,57,7,0.7849,0.7933,0.8009,0.7814
3,57,10,0.7982,0.7861,0.7991,0.7972
4,57,13,0.8013,0.7974,0.795,0.7847
5,57,16,0.7898,0.8028,0.8008,0.7973
6,57,19,0.7917,0.7778,0.7901,0.7765
7,57,22,0.7996,0.7954,0.7887,0.7874
8,57,25,0.7851,0.782,0.7847,0.7964
9,57,28,0.7924,0.7944,0.7939,0.8008
10,57,31,0.7914,0.7992,0.7939,0.7658
11,57,34,0.7953,0.8018,0.7938,0.7901
12,57,37,0.7944,0.7841,0.7849,0.7816
13,57,40,0.8017,0.7881,0.7719,0.7901
14,57,43,0.7918,0.7933,0.7922,0.7956
15,57,46,0.783,0.7911,0.7967,0.7807
16,57,49,0.7988,0.7878,0.7879,0.7891
17,57,52,0.7936,0.7768,0.7851,0.7909
18,57,55,0.7936,0.7932,0.7989,0.7892
19,57,58,0.7958,0.7942,0.7788,0.7895
20,57,61,0.7836,0.7817,0.7941,0.7787
21,57,64,0.8075,0.7899,0.799,0.8034
22,57,67,0.8137,0.7847,0.7745,0.7937
23,57,70,0.7942,0.7938,0.7877,0.7935
24,57,73,0.797,0.7994,0.7994,0.7939
25,57,76,0.7829,0.7905,0.7997,0.7796
26,57,79,0.7702,0.7992,0.7838,0.7866
27,57,82,0.7899,0.7903,0.7771,0.7903
28,57,85,0.7865,0.7837,0.7724,0.7808
29,57,88,0.7729,0.7777,0.7885,0.7817
30,57,91,0.7875,0.7922,0.7857,0.7858
31,57,94,0.789,0.7883,0.7789,0.7861
32,57,97,0.7843,0.7918,0.7978,0.7822
33,57,100,0.7956,0.7867,0.7919,0.7809
34,57,103,0.7863,0.783,0.7911,0.7969
35,57,106,0.7773,0.7766,0.7782,0.8023
36,57,109,0.793,0.793,0.7912,0.7717
37,57,112,0.7926,0.7863,0.7899,0.7562
38,57,115,0.7978,0.7927,0.7855,0.7894
39,57,118,0.7833,0.7929,0.7936,0.787
40,57,121,0.7742,0.7862,0.7795,0.8
41,57,124,0.7884,0.7954,0.7873,0.7767
42,57,127,0.7754,0.7879,0.7739,0.7723
43,57,130,0.7862,0.7861,0.7915,0.7826
44,57,133,0.7856,0.7824,0.7932,0.7814
45,57,136,0.7781,0.7877,0.8005,0.7809
46,57,139,0.7805,0.7714,0.7878,0.7945
47,57,142,0.7791,0.7856,0.7948,0.7796
48,57,145,0.7892,0.7849,0.7806,0.7873
49,57,148,0.7796,0.7898,0.7788,0.7952
50,57,151,0.7885,0.7927,0.776,0.776
51,57,154,0.7738,0.785,0.7868,0.7849
52,57,157,0.7847,0.8,0.7861,0.7811
53,57,160,0.7804,0.7868,0.7936,0.7889
54,57,163,0.7679,0.7902,0.7913,0.7828
55,57,166,0.7693,0.7785,0.7916,0.7918
56,57,169,0.7771,0.7959,0.7902,0.6386
57,57,172,0.7858,0.795,0.7961,0.7759
58,57,175,0.7949,0.7825,0.7865,0.7861
59,57,178,0.6374,0.7809,0.5755,0.788
60,57,181,0.7806,0.7836,0.7745,0.7234
61,57,184,0.7768,0.7882,0.7663,0.7856
62,57,187,0.7794,0.7742,0.7822,0.7961
63,57,190,0.7785,0.7946,0.793,0.6277
64,57,193,0.7741,0.6199,0.6329,0.7714
65,57,196,0.7699,0.7999,0.8021,0.7843
66,57,199,0.7807,0.7809,0.6381,0.777
67,57,202,0.7773,0.7751,0.7789,0.7952
68,57,205,0.7861,0.6286,0.7752,0.3211
69,57,208,0.607,0.7767,0.7843,0.6196
70,57,211,0.7863,0.7754,0.7941,0.6287
71,57,214,0.785,0.7735,0.7974,0.7688
72,57,217,0.7864,0.7759,0.7907,0.8024
73,57,220,0.6228,0.8005,0.7834,0.7923
74,57,223,0.6268,0.7878,0.7777,0.7821
75,57,226,0.4693,0.6385,0.6338,0.7804
76,57,229,0.7955,0.7728,0.7823,0.6144
77,57,232,0.6367,0.7243,0.7622,0.7905
78,57,235,0.6326,0.6197,0.6245,0.7744
79,57,238,0.6371,0.7705,0.7784,0.7962
80,57,241,0.784,0.7636,0.7758,0.731
81,57,244,0.7861,0.7896,0.7843,0.6237
82,57,247,0.77,0.7668,0.634,0.6248
83,57,250,0.7863,0.7896,0.7814,0.7848
84,57,253,0.7823,0.6339,0.7879,0.6244
85,57,256,0.7732,0.6205,0.6251,0.6156
86,57,259,0.6307,0.776,0.6358,0.6323
87,57,262,0.7847,0.488,0.6352,0.767
88,57,265,0.4718,0.632,0.7804,0.6177
89,57,268,0.7719,0.474,0.7696,0.7896
90,57,271,0.4665,0.7801,0.6163,0.7729
91,57,274,0.6194,0.4594,0.644,0.7726
92,57,277,0.478,0.7732,0.6356,0.6332
93,57,280,0.5725,0.4504,0.6278,0.3096
94,57,283,0.6169,0.7917,0.6304,0.4621
95,57,286,0.3023,0.4637,0.7217,0.6158
96,57,289,0.6159,0.4571,0.4714,0.4588
97,57,292,0.4803,0.608,0.6341,0.7909
98,57,295,0.7881,0.6045,0.6187,0.6247
99,57,298,0.4702,0.1554,0.4605,0.4794
,Dataset#,L,att_1,att_2,att_3,att_4
0,58,1,0.4197,0.4185,0.4248,0.4242
1,58,4,0.4632,0.4567,0.4484,0.4593
2,58,7,0.4619,0.4589,0.4673,0.461
3,58,10,0.4616,0.4638,0.4589,0.4662
4,58,13,0.4581,0.4551,0.4515,0.4532
5,58,16,0.4447,0.4592,0.4618,0.4494
6,58,19,0.451,0.463,0.4534,0.4611
7,58,22,0.4577,0.4427,0.4318,0.4435
8,58,25,0.448,0.4549,0.4678,0.4302
9,58,28,0.4592,0.4557,0.444,0.4548
10,58,31,0.4494,0.4413,0.4457,0.4458
11,58,34,0.4536,0.4545,0.4503,0.4561
12,58,37,0.4352,0.4584,0.446,0.4339
13,58,40,0.4545,0.4502,0.4478,0.4488
14,58,43,0.4469,0.4418,0.4652,0.4472
15,58,46,0.4534,0.4562,0.4457,0.4445
16,58,49,0.4341,0.4509,0.4578,0.4606
17,58,52,0.4499,0.4574,0.4269,0.4404
18,58,55,0.4414,0.4508,0.4332,0.415
19,58,58,0.4385,0.4529,0.4523,0.4404
20,58,61,0.4369,0.4443,0.4385,0.4406
21,58,64,0.4429,0.4514,0.4418,0.4538
22,58,67,0.4471,0.4387,0.4441,0.4444
23,58,70,0.4241,0.4419,0.4327,0.3981
24,58,73,0.4182,0.4609,0.4479,0.4462
25,58,76,0.4425,0.4385,0.4455,0.4411
26,58,79,0.4226,0.4325,0.4253,0.4601
27,58,82,0.4487,0.4538,0.4391,0.4554
28,58,85,0.4465,0.4351,0.4551,0.4304
29,58,88,0.4187,0.4429,0.4664,0.4435
30,58,91,0.4537,0.4456,0.4394,0.4517
31,58,94,0.4452,0.4556,0.4395,0.4603
32,58,97,0.4494,0.4585,0.4094,0.4411
33,58,100,0.4244,0.4123,0.4513,0.4459
34,58,103,0.464,0.439,0.4378,0.4487
35,58,106,0.4468,0.4245,0.4478,0.4487
36,58,109,0.4644,0.4555,0.4415,0.416
37,58,112,0.411,0.4555,0.4496,0.4611
38,58,115,0.4193,0.4636,0.4362,0.4386
39,58,118,0.4413,0.4456,0.4206,0.4361
40,58,121,0.413,0.4475,0.4346,0.3842
41,58,124,0.4218,0.3616,0.4481,0.4368
42,58,127,0.449,0.4304,0.4096,0.3912
43,58,130,0.4544,0.4616,0.4335,0.4472
44,58,133,0.4375,0.4381,0.4218,0.4591
45,58,136,0.4005,0.4097,0.459,0.3577
46,58,139,0.443,0.4166,0.4345,0.4542
47,58,142,0.4183,0.4105,0.3971,0.4548
48,58,145,0.399,0.4234,0.3892,0.4581
49,58,148,0.4478,0.4468,0.4429,0.4408
50,58,151,0.4478,0.4191,0.3924,0.3876
51,58,154,0.456,0.4488,0.3952,0.4491
52,58,157,0.4423,0.4506,0.4331,0.4536
53,58,160,0.4658,0.3976,0.4436,0.4075
54,58,163,0.444,0.3842,0.4189,0.4151
55,58,166,0.4395,0.3868,0.3963,0.4492
56,58,169,0.4657,0.388,0.4283,0.3416
57,58,172,0.4111,0.4143,0.4131,0.4359
58,58,175,0.4461,0.4436,0.4153,0.4635
59,58,178,0.461,0.4276,0.3635,0.4457
60,58,181,0.4075,0.372,0.3102,0.34
61,58,184,0.4289,0.4462,0.2046,0.4089
62,58,187,0.3992,0.318,0.3693,0.4596
63,58,190,0.4514,0.4008,0.4403,0.3863
64,58,193,0.402,0.4006,0.4305,0.3699
65,58,196,0.4093,0.3706,0.3837,0.4312
66,58,199,0.3638,0.4265,0.369,0.4507
67,58,202,0.3804,0.2076,0.3334,0.3816
68,58,205,0.3743,0.4174,0.4,0.4037
69,58,208,0.3571,0.3946,0.4021,0.4059
70,58,211,0.4207,0.3551,0.3524,0.3961
71,58,214,0.4436,0.4166,0.3469,0.4077
72,58,217,0.2769,0.4205,0.4445,0.4559
73,58,220,0.4247,0.388,0.4373,0.3075
74,58,223,0.3506,0.4228,0.3644,0.3628
75,58,226,0.3762,0.4103,0.433,0.3076
76,58,229,0.3745,0.4478,0.3465,0.4134
77,58,232,0.3101,0.3524,0.399,0.3555
78,58,235,0.4337,0.3155,0.3596,0.3246
79,58,238,0.4044,0.3847,0.4005,0.3905
80,58,241,0.4481,0.3609,0.3057,0.4014
81,58,244,0.3203,0.3602,0.2184,0.3516
82,58,247,0.4211,0.4224,0.354,0.4356
83,58,250,0.3861,0.4022,0.4055,0.4082
84,58,253,0.4467,0.4244,0.4447,0.3593
85,58,256,0.2319,0.4098,0.4187,0.3708
86,58,259,0.182,0.3124,0.4161,0.2816
87,58,262,0.4083,0.3488,0.4001,0.3368
88,58,265,0.3653,0.3635,0.4088,0.3756
89,58,268,0.3069,0.3209,0.3563,0.4102
90,58,271,0.4206,0.4438,0.419,0.412
91,58,274,0.3435,0.2274,0.2433,0.3187
92,58,277,0.4012,0.3697,0.4083,0.3853
93,58,280,0.3639,0.3465,0.2399,0.3263
94,58,283,0.312,0.3529,0.3826,0.3473
95,58,286,0.2774,0.4171,0.3814,0.4448
96,58,289,0.3073,0.3775,0.208,0.3785
97,58,292,0.4579,0.3719,0.2813,0.414
98,58,295,0.3868,0.24,0.3854,0.3639
99,58,298,0.1905,0.4247,0.3364,0.3341
,Dataset#,L,att_1,att_2,att_3,att_4
0,59,1,0.9572,0.9523,0.9557,0.9612
1,59,4,0.9741,0.9738,0.9739,0.9684
2,59,7,0.9738,0.9662,0.9694,0.9768
3,59,10,0.9721,0.9659,0.9679,0.9678
4,59,13,0.969,0.981,0.9662,0.9736
5,59,16,0.9768,0.9753,0.9691,0.9769
6,59,19,0.9719,0.9781,0.9724,0.9739
7,59,22,0.9705,0.9765,0.975,0.975
8,59,25,0.9766,0.9661,0.9783,0.9709
9,59,28,0.9741,0.9694,0.9708,0.9754
10,59,31,0.9676,0.9722,0.9723,0.9651
11,59,34,0.9741,0.9751,0.9764,0.9705
12,59,37,0.9767,0.9712,0.9752,0.9765
13,59,40,0.8767,0.9769,0.9765,0.9841
14,59,43,0.9664,0.6853,0.9718,0.9738
15,59,46,0.9751,0.9654,0.8772,0.881
16,59,49,0.9751,0.9659,0.9736,0.9691
17,59,52,0.8727,0.9753,0.9636,0.6827
18,59,55,0.9722,0.8837,0.9764,0.965
19,59,58,0.9727,0.975,0.9643,0.9798
20,59,61,0.6858,0.9751,0.9698,0.7863
21,59,64,0.9695,0.7771,0.6817,0.9708
22,59,67,0.7681,0.9735,0.9708,0.8646
23,59,70,0.8756,0.8781,0.8741,0.8807
24,59,73,0.8778,0.8701,0.9677,0.7697
25,59,76,0.8702,0.8762,0.9769,0.8726
26,59,79,0.8851,0.972,0.888,0.8722
27,59,82,0.6851,0.9723,0.8853,0.8799
28,59,85,0.875,0.774,0.8734,0.8746
29,59,88,0.7872,0.8763,0.8769,0.9662
30,59,91,0.8716,0.7794,0.9707,0.9708
31,59,94,0.8723,0.7825,0.9647,0.9659
32,59,97,0.9796,0.6835,0.9603,0.9754
33,59,100,0.9689,0.9748,0.5898,0.8851
34,59,103,0.867,0.6822,0.9692,0.8832
35,59,106,0.8795,0.975,0.9781,0.8751
36,59,109,0.7882,0.7755,0.5792,0.9739
37,59,112,0.8837,0.7687,0.8736,0.8763
38,59,115,0.9641,0.9808,0.7892,0.7741
39,59,118,0.8837,0.974,0.9659,0.7726
40,59,121,0.7855,0.8779,0.8726,0.9709
41,59,124,0.8676,0.6815,0.9721,0.9738
42,59,127,0.6756,0.589,0.781,0.8792
43,59,130,0.8767,0.7797,0.9618,0.6851
44,59,133,0.8725,0.774,0.9705,0.6765
45,59,136,0.7691,0.8772,0.9768,0.7804
46,59,139,0.8882,0.7764,0.8754,0.7878
47,59,142,0.8744,0.9641,0.7812,0.6833
48,59,145,0.9695,0.7725,0.7732,0.7745
49,59,148,0.7811,0.8792,0.7755,0.6853
50,59,151,0.9668,0.7237,0.8704,0.6864
51,59,154,0.8688,0.772,0.9649,0.9643
52,59,157,0.78,0.6756,0.9734,0.8727
53,59,160,0.9692,0.875,0.9739,0.7862
54,59,163,0.8654,0.7828,0.6813,0.7832
55,59,166,0.7778,0.7765,0.8723,0.9693
56,59,169,0.8676,0.8633,0.8629,0.7771
57,59,172,0.7707,0.7772,0.868,0.7783
58,59,175,0.9738,0.7789,0.8736,0.7788
59,59,178,0.773,0.6839,0.7703,0.7747
60,59,181,0.7793,0.6791,0.8709,0.977
61,59,184,0.9783,0.8825,0.7804,0.8717
62,59,187,0.9652,0.6799,0.8689,0.7714
63,59,190,0.6853,0.9693,0.966,0.6852
64,59,193,0.5826,0.8665,0.6838,0.7615
65,59,196,0.8751,0.8807,0.7722,0.6873
66,59,199,0.9637,0.7678,0.9702,0.7627
67,59,202,0.581,0.8713,0.6825,0.8659
68,59,205,0.7822,0.9571,0.876,0.7753
69,59,208,0.8747,0.7737,0.7755,0.7832
70,59,211,0.7741,0.9723,0.8719,0.8746
71,59,214,0.8617,0.8664,0.877,0.7794
72,59,217,0.8683,0.862,0.7734,0.8707
73,59,220,0.8792,0.8761,0.7797,0.8719
74,59,223,0.8344,0.5777,0.7781,0.6772
75,59,226,0.8778,0.9649,0.8699,0.7707
76,59,229,0.969,0.7843,0.8766,0.6833
77,59,232,0.7722,0.8741,0.8722,0.6726
78,59,235,0.968,0.7813,0.7787,0.8765
79,59,238,0.6783,0.6778,0.8689,0.6824
80,59,241,0.7732,0.7822,0.5875,0.875
81,59,244,0.8713,0.9677,0.6777,0.7779
82,59,247,0.5869,0.8632,0.6764,0.8777
83,59,250,0.772,0.7849,0.7735,0.6772
84,59,253,0.7675,0.6774,0.7788,0.8747
85,59,256,0.5726,0.7907,0.7751,0.7817
86,59,259,0.8704,0.6835,0.7748,0.6759
87,59,262,0.769,0.7705,0.6838,0.8709
88,59,265,0.9677,0.8808,0.5875,0.6807
89,59,268,0.2882,0.875,0.8764,0.7793
90,59,271,0.6775,0.7794,0.8627,0.8703
91,59,274,0.5825,0.6774,0.776,0.6769
92,59,277,0.8627,0.5755,0.8702,0.6865
93,59,280,0.7724,0.8761,0.7818,0.7828
94,59,283,0.8822,0.7742,0.5831,0.5733
95,59,286,0.7765,0.665,0.6747,0.8714
96,59,289,0.7824,0.7811,0.6852,0.294
97,59,292,0.684,0.6835,0.7702,0.7795
98,59,295,0.7804,0.6743,0.4925,0.7773
99,59,298,0.688,0.6893,0.6662,0.763
,Dataset#,L,att_1,att_2,att_3,att_4
0,60,1,0.4271,0.4274,0.4444,0.4425
1,60,4,0.4242,0.4451,0.4425,0.4407
2,60,7,0.4347,0.4471,0.4508,0.4081
3,60,10,0.4588,0.4506,0.4448,0.432
4,60,13,0.4441,0.4531,0.4295,0.4251
5,60,16,0.4421,0.4292,0.4324,0.4456
6,60,19,0.4394,0.4476,0.4189,0.4135
7,60,22,0.4663,0.441,0.4576,0.44
8,60,25,0.4507,0.4576,0.4502,0.4403
9,60,28,0.4196,0.4358,0.4553,0.4395
10,60,31,0.4438,0.4472,0.446,0.4409
11,60,34,0.4538,0.4451,0.3995,0.4382
12,60,37,0.4392,0.4576,0.4518,0.4531
13,60,40,0.4376,0.4315,0.447,0.4329
14,60,43,0.4393,0.4399,0.4522,0.4147
15,60,46,0.4222,0.4642,0.4565,0.4431
16,60,49,0.459,0.4448,0.4485,0.4525
17,60,52,0.4468,0.4408,0.4597,0.4435
18,60,55,0.4503,0.4517,0.4482,0.4293
19,60,58,0.4721,0.4319,0.4626,0.4461
20,60,61,0.4376,0.4562,0.4421,0.427
21,60,64,0.4406,0.4545,0.4492,0.454
22,60,67,0.438,0.4713,0.4582,0.4419
23,60,70,0.4022,0.4508,0.4521,0.4346
24,60,73,0.4464,0.4327,0.4178,0.4271
25,60,76,0.4182,0.4519,0.4403,0.465
26,60,79,0.4483,0.4333,0.4512,0.4446
27,60,82,0.4335,0.4597,0.4525,0.4506
28,60,85,0.4217,0.435,0.4352,0.4454
29,60,88,0.4391,0.4229,0.453,0.4227
30,60,91,0.4205,0.4425,0.4483,0.435
31,60,94,0.4386,0.4518,0.4259,0.4287
32,60,97,0.4323,0.4348,0.4568,0.4306
33,60,100,0.4077,0.4662,0.4336,0.4559
34,60,103,0.4734,0.4298,0.4459,0.4032
35,60,106,0.4411,0.429,0.4479,0.4483
36,60,109,0.4192,0.4227,0.43,0.4504
37,60,112,0.4257,0.4545,0.4414,0.4583
38,60,115,0.4518,0.441,0.4495,0.4462
39,60,118,0.463,0.4367,0.4388,0.4233
40,60,121,0.4439,0.4515,0.4425,0.4256
41,60,124,0.4468,0.4576,0.448,0.4309
42,60,127,0.435,0.4429,0.4404,0.4619
43,60,130,0.4296,0.4356,0.4491,0.4644
44,60,133,0.4291,0.4487,0.3918,0.4373
45,60,136,0.441,0.4364,0.4421,0.4478
46,60,139,0.4271,0.4323,0.4455,0.4486
47,60,142,0.4467,0.4424,0.4147,0.4207
48,60,145,0.4051,0.4295,0.3468,0.3361
49,60,148,0.4349,0.4397,0.4241,0.455
50,60,151,0.4437,0.4437,0.4252,0.44
51,60,154,0.4269,0.4353,0.4422,0.3758
52,60,157,0.359,0.3927,0.3631,0.4502
53,60,160,0.3515,0.3809,0.3445,0.4384
54,60,163,0.4433,0.4223,0.4429,0.4222
55,60,166,0.4413,0.4369,0.4491,0.4662
56,60,169,0.4368,0.4639,0.2969,0.4249
57,60,172,0.2739,0.4456,0.4058,0.4562
58,60,175,0.4257,0.3488,0.432,0.4332
59,60,178,0.2839,0.437,0.4046,0.4009
60,60,181,0.4462,0.4225,0.4483,0.4431
61,60,184,0.3185,0.4107,0.3438,0.4202
62,60,187,0.461,0.3738,0.3398,0.4528
63,60,190,0.4405,0.4487,0.3642,0.388
64,60,193,0.4486,0.3556,0.3278,0.4376
65,60,196,0.4342,0.4301,0.4149,0.3448
66,60,199,0.3263,0.4328,0.435,0.4522
67,60,202,0.4241,0.3373,0.4425,0.4347
68,60,205,0.3488,0.4579,0.4434,0.4634
69,60,208,0.3374,0.3692,0.3336,0.4309
70,60,211,0.4181,0.4306,0.4358,0.4434
71,60,214,0.443,0.4356,0.344,0.4345
72,60,217,0.2708,0.4505,0.4458,0.2437
73,60,220,0.4036,0.3234,0.3508,0.3354
74,60,223,0.423,0.4421,0.2668,0.3158
75,60,226,0.4635,0.3783,0.2251,0.4261
76,60,229,0.4404,0.3523,0.4165,0.4486
77,60,232,0.407,0.3247,0.3492,0.4271
78,60,235,0.4298,0.4664,0.3258,0.2628
79,60,238,0.3436,0.4346,0.4273,0.4382
80,60,241,0.4119,0.4504,0.4008,0.3271
81,60,244,0.2503,0.2679,0.3508,0.3469
82,60,247,0.4168,0.3825,0.3367,0.4481
83,60,250,0.4492,0.3188,0.3583,0.3207
84,60,253,0.2441,0.4254,0.2759,0.4384
85,60,256,0.3501,0.3044,0.4387,0.3691
86,60,259,0.3471,0.4454,0.3855,0.4251
87,60,262,0.3691,0.4219,0.3415,0.3906
88,60,265,0.4453,0.26,0.3361,0.338
89,60,268,0.3594,0.4229,0.3445,0.2653
90,60,271,0.247,0.3013,0.4492,0.4041
91,60,274,0.3614,0.2515,0.2649,0.2665
92,60,277,0.3539,0.1927,0.4436,0.3433
93,60,280,0.3355,0.3417,0.1714,0.4156
94,60,283,0.4459,0.2679,0.3449,0.3399
95,60,286,0.4547,0.3307,0.351,0.3721
96,60,289,0.4294,0.1876,0.4248,0.107
97,60,292,0.393,0.349,0.2059,0.3271
98,60,295,0.2814,0.317,0.4505,0.3452
99,60,298,0.2664,0.3469,0.2567,0.1787
,Dataset#,L,att_1,att_2,att_3,att_4
0,61,1,0.2882,0.2883,0.2834,0.2809
1,61,4,0.3525,0.3193,0.3304,0.3506
2,61,7,0.2927,0.2439,0.3101,0.3197
3,61,10,0.2518,0.2771,0.236,0.2908
4,61,13,0.2729,0.2941,0.2645,0.2947
5,61,16,0.2456,0.2833,0.2822,0.2593
6,61,19,0.2521,0.2504,0.2496,0.2638
7,61,22,0.3284,0.2664,0.2882,0.2596
8,61,25,0.256,0.3268,0.3079,0.302
9,61,28,0.2507,0.292,0.2866,0.2388
10,61,31,0.2735,0.2668,0.2895,0.2746
11,61,34,0.2625,0.2475,0.2325,0.2405
12,61,37,0.2557,0.3068,0.2887,0.2881
13,61,40,0.2877,0.2534,0.2741,0.2863
14,61,43,0.2684,0.2794,0.2961,0.3047
15,61,46,0.2732,0.2938,0.2811,0.2811
16,61,49,0.291,0.2449,0.2359,0.3024
17,61,52,0.2633,0.2762,0.2867,0.2561
18,61,55,0.2794,0.2206,0.257,0.2745
19,61,58,0.2818,0.3034,0.312,0.2705
20,61,61,0.2828,0.3041,0.2938,0.3062
21,61,64,0.1815,0.2916,0.2455,0.2616
22,61,67,0.1797,0.3226,0.268,0.2809
23,61,70,0.2897,0.2598,0.2539,0.2818
24,61,73,0.2255,0.2769,0.2435,0.2576
25,61,76,0.2912,0.2386,0.2559,0.2736
26,61,79,0.2254,0.3103,0.2317,0.2751
27,61,82,0.287,0.2671,0.2725,0.2858
28,61,85,0.276,0.2311,0.2824,0.2844
29,61,88,0.227,0.2481,0.2597,0.1976
30,61,91,0.2266,0.2714,0.2864,0.222
31,61,94,0.2225,0.2451,0.2695,0.2595
32,61,97,0.2414,0.2468,0.2989,0.2339
33,61,100,0.2428,0.2383,0.2727,0.3036
34,61,103,0.2606,0.2443,0.2476,0.2506
35,61,106,0.268,0.2194,0.2479,0.2832
36,61,109,0.2959,0.2581,0.2794,0.1817
37,61,112,0.2412,0.2211,0.2587,0.2296
38,61,115,0.2673,0.2126,0.2357,0.29
39,61,118,0.273,0.205,0.2439,0.2605
40,61,121,0.2251,0.286,0.2642,0.2573
41,61,124,0.257,0.2855,0.2901,0.2852
42,61,127,0.2424,0.3056,0.2579,0.2554
43,61,130,0.3122,0.2738,0.2867,0.2314
44,61,133,0.2193,0.2778,0.2244,0.247
45,61,136,0.272,0.2171,0.2012,0.268
46,61,139,0.2715,0.3047,0.1299,0.1986
47,61,142,0.232,0.327,0.235,0.2376
48,61,145,0.2485,0.2118,0.2635,0.2678
49,61,148,0.2302,0.257,0.2729,0.2443
50,61,151,0.2887,0.2254,0.1948,0.2275
51,61,154,0.2392,0.3044,0.2535,0.2499
52,61,157,0.2267,0.2338,0.1867,0.1864
53,61,160,0.2484,0.2731,0.2634,0.282
54,61,163,0.217,0.1808,0.2076,0.2727
55,61,166,0.142,0.2434,0.2165,0.2464
56,61,169,0.2801,0.2521,0.2673,0.1802
57,61,172,0.2805,0.2469,0.2434,0.1907
58,61,175,0.2002,0.1437,0.1757,0.2323
59,61,178,0.198,0.2815,0.2423,0.174
60,61,181,0.1925,0.256,0.2215,0.2242
61,61,184,0.255,0.1798,0.2207,0.2098
62,61,187,0.2968,0.2476,0.2921,0.168
63,61,190,0.1996,0.2383,0.1973,0.236
64,61,193,0.2035,0.2558,0.2094,0.2682
65,61,196,0.1792,0.2461,0.2665,0.284
66,61,199,0.2449,0.248,0.1665,0.1623
67,61,202,0.2245,0.2481,0.1795,0.2334
68,61,205,0.2939,0.2809,0.2481,0.2538
69,61,208,0.2628,0.2784,0.2148,0.2619
70,61,211,0.2317,0.2394,0.2233,0.216
71,61,214,0.2696,0.2664,0.2561,0.2653
72,61,217,0.2596,0.2645,0.2144,0.2307
73,61,220,0.2617,0.2235,0.2569,0.1701
74,61,223,0.1848,0.149,0.1828,0.247
75,61,226,0.1775,0.1923,0.2628,0.2617
76,61,229,0.2931,0.2656,0.1687,0.1876
77,61,232,0.2035,0.2628,0.1094,0.3099
78,61,235,0.2983,0.211,0.2995,0.1645
79,61,238,0.1971,0.2068,0.2085,0.1727
80,61,241,0.225,0.2331,0.253,0.1864
81,61,244,0.2254,0.2166,0.228,0.2883
82,61,247,0.1335,0.1485,0.1357,0.1931
83,61,250,0.1299,0.2719,0.269,0.2036
84,61,253,0.2092,0.2554,0.1591,0.269
85,61,256,0.2114,0.1717,0.2418,0.2047
86,61,259,0.2439,0.1435,0.1554,0.1599
87,61,262,0.1868,0.0866,0.2034,0.2507
88,61,265,0.0939,0.1424,0.1437,0.2093
89,61,268,0.2364,0.1592,0.1778,0.1932
90,61,271,0.1392,0.2028,0.1205,0.1801
91,61,274,0.208,0.1791,0.09666,0.1634
92,61,277,0.1841,0.1713,0.12,0.05334
93,61,280,0.1913,0.1816,0.1742,0.1725
94,61,283,0.2413,0.2155,0.1551,0.02532
95,61,286,0.0775,0.1397,0.1441,0.2226
96,61,289,0.1033,0.07922,0.2817,0.182
97,61,292,0.1856,0.2258,0.08246,0.2208
98,61,295,0.08782,0.1694,0.1332,0.1056
99,61,298,0.0783,0.1153,0.05222,0.1586
,Dataset#,L,att_1,att_2,att_3,att_4
0,62,1,0.7796,0.7981,0.7798,0.7812
1,62,4,0.8197,0.8267,0.8139,0.8258
2,62,7,0.8312,0.8277,0.8399,0.8354
3,62,10,0.8258,0.8415,0.8333,0.8257
4,62,13,0.8254,0.8329,0.8387,0.8325
5,62,16,0.8128,0.818,0.8404,0.8282
6,62,19,0.842,0.8273,0.8438,0.8316
7,62,22,0.8306,0.828,0.842,0.8405
8,62,25,0.8315,0.8363,0.8351,0.8184
9,62,28,0.8332,0.8231,0.8285,0.8363
10,62,31,0.826,0.8233,0.8348,0.829
11,62,34,0.8314,0.8287,0.8339,0.8339
12,62,37,0.8374,0.8406,0.8285,0.8391
13,62,40,0.8153,0.8321,0.8254,0.8207
14,62,43,0.8279,0.8359,0.8413,0.8051
15,62,46,0.838,0.8128,0.8284,0.8299
16,62,49,0.832,0.8168,0.832,0.8289
17,62,52,0.832,0.8324,0.8255,0.8326
18,62,55,0.6288,0.8227,0.7353,0.7314
19,62,58,0.5558,0.802,0.8202,0.7398
20,62,61,0.8317,0.7375,0.7539,0.6591
21,62,64,0.6386,0.8394,0.7397,0.8311
22,62,67,0.7285,0.8328,0.8324,0.7578
23,62,70,0.8309,0.7325,0.735,0.6448
24,62,73,0.6386,0.7242,0.6336,0.7369
25,62,76,0.6364,0.8318,0.6572,0.6253
26,62,79,0.6247,0.5529,0.6168,0.6565
27,62,82,0.6519,0.8219,0.7568,0.5375
28,62,85,0.6345,0.8292,0.8375,0.831
29,62,88,0.7193,0.8329,0.832,0.7313
30,62,91,0.7251,0.6352,0.8264,0.6608
31,62,94,0.739,0.75,0.5591,0.6205
32,62,97,0.8258,0.7221,0.6275,0.6371
33,62,100,0.8128,0.7277,0.6383,0.8405
34,62,103,0.7392,0.7279,0.6671,0.6267
35,62,106,0.7192,0.752,0.7238,0.6555
36,62,109,0.5503,0.6578,0.8264,0.7273
37,62,112,0.5389,0.5595,0.7522,0.6587
38,62,115,0.7348,0.6352,0.7175,0.651
39,62,118,0.8349,0.8116,0.7477,0.6225
40,62,121,0.534,0.738,0.6343,0.6362
41,62,124,0.7486,0.8316,0.7169,0.6259
42,62,127,0.7212,0.7349,0.7355,0.6596
43,62,130,0.7355,0.5666,0.7164,0.8267
44,62,133,0.7598,0.817,0.6498,0.6302
45,62,136,0.7242,0.6614,0.7254,0.7282
46,62,139,0.5546,0.6504,0.5506,0.6254
47,62,142,0.7512,0.5321,0.7334,0.5598
48,62,145,0.7212,0.6341,0.6596,0.7267
49,62,148,0.6432,0.6216,0.5392,0.8241
50,62,151,0.6293,0.5498,0.828,0.7242
51,62,154,0.7273,0.7155,0.6244,0.7065
52,62,157,0.5607,0.8288,0.6403,0.7176
53,62,160,0.8233,0.8002,0.6425,0.8192
54,62,163,0.8385,0.7159,0.6425,0.8487
55,62,166,0.7367,0.8231,0.6287,0.8135
56,62,169,0.6478,0.5592,0.7257,0.5968
57,62,172,0.6326,0.8158,0.8129,0.5562
58,62,175,0.6362,0.7337,0.6476,0.7421
59,62,178,0.6377,0.4611,0.8335,0.7545
60,62,181,0.8381,0.7313,0.7285,0.5524
61,62,184,0.6373,0.8189,0.6209,0.7481
62,62,187,0.5559,0.6398,0.6293,0.8247
63,62,190,0.7489,0.7412,0.5405,0.7284
64,62,193,0.6318,0.7303,0.7437,0.7228
65,62,196,0.627,0.6434,0.8191,0.4589
66,62,199,0.7401,0.6257,0.567,0.6456
67,62,202,0.4518,0.6547,0.7387,0.744
68,62,205,0.7282,0.8207,0.6511,0.5663
69,62,208,0.5739,0.6327,0.463,0.7317
70,62,211,0.4545,0.4408,0.4703,0.7468
71,62,214,0.5382,0.7253,0.725,0.6487
72,62,217,0.7437,0.5666,0.7325,0.7278
73,62,220,0.5385,0.5322,0.7276,0.4737
74,62,223,0.8113,0.6295,0.3884,0.7471
75,62,226,0.7345,0.5616,0.75,0.644
76,62,229,0.4589,0.6383,0.6643,0.8317
77,62,232,0.4083,0.7611,0.5578,0.5857
78,62,235,0.6325,0.6498,0.633,0.5335
79,62,238,0.7149,0.7121,0.5722,0.5653
80,62,241,0.5727,0.5777,0.4626,0.7391
81,62,244,0.6348,0.6364,0.4614,0.6038
82,62,247,0.8302,0.709,0.6634,0.723
83,62,250,0.6075,0.6504,0.3914,0.4652
84,62,253,0.3895,0.7554,0.6285,0.5454
85,62,256,0.7319,0.6518,0.6605,0.4946
86,62,259,0.5596,0.4719,0.724,0.7198
87,62,262,0.8338,0.6602,0.7533,0.4591
88,62,265,0.2894,0.6609,0.7305,0.4413
89,62,268,0.3165,0.4865,0.5582,0.4656
90,62,271,0.637,0.6432,0.5651,0.6595
91,62,274,0.5443,0.6486,0.6608,0.5248
92,62,277,0.7369,0.7182,0.7224,0.4808
93,62,280,0.5321,0.7411,0.6167,0.4788
94,62,283,0.5605,0.5579,0.7309,0.544
95,62,286,0.3047,0.5652,0.4721,0.4843
96,62,289,0.6266,0.5576,0.651,0.6451
97,62,292,0.7291,0.7303,0.5433,0.5519
98,62,295,0.478,0.6267,0.587,0.5515
99,62,298,0.5327,0.5604,0.5533,0.5377
,Dataset#,L,att_1,att_2,att_3,att_4
0,63,1,0.5338,0.5255,0.5315,0.5258
1,63,4,0.5946,0.6006,0.6053,0.6117
2,63,7,0.642,0.6324,0.6347,0.6279
3,63,10,0.6255,0.6438,0.6241,0.624
4,63,13,0.6364,0.6375,0.641,0.6195
5,63,16,0.6196,0.5948,0.6106,0.6253
6,63,19,0.6651,0.6536,0.6248,0.6248
7,63,22,0.634,0.606,0.6357,0.6402
8,63,25,0.6425,0.6244,0.6144,0.6178
9,63,28,0.652,0.6262,0.6307,0.6211
10,63,31,0.6499,0.6266,0.6456,0.6701
11,63,34,0.636,0.6231,0.625,0.636
12,63,37,0.6309,0.6379,0.6135,0.6051
13,63,40,0.6476,0.6358,0.6644,0.6377
14,63,43,0.654,0.6346,0.6537,0.6386
15,63,46,0.6678,0.6512,0.632,0.6372
16,63,49,0.6325,0.6396,0.6095,0.6588
17,63,52,0.645,0.6309,0.636,0.6377
18,63,55,0.6326,0.6534,0.6262,0.6422
19,63,58,0.6305,0.5995,0.6406,0.6528
20,63,61,0.6088,0.6051,0.6276,0.6496
21,63,64,0.6346,0.6332,0.6576,0.5651
22,63,67,0.631,0.6162,0.6499,0.6415
23,63,70,0.6236,0.6426,0.6702,0.6366
24,63,73,0.6477,0.5258,0.5301,0.537
25,63,76,0.5819,0.6519,0.6651,0.6445
26,63,79,0.6179,0.6538,0.6561,0.6478
27,63,82,0.5274,0.5863,0.6609,0.6491
28,63,85,0.6174,0.6495,0.5664,0.636
29,63,88,0.6475,0.6563,0.6388,0.5557
30,63,91,0.6314,0.6373,0.6344,0.4372
31,63,94,0.5471,0.5375,0.4349,0.627
32,63,97,0.5379,0.6353,0.5363,0.5809
33,63,100,0.6255,0.482,0.6397,0.5793
34,63,103,0.4579,0.4976,0.6438,0.5578
35,63,106,0.5585,0.4616,0.4626,0.3952
36,63,109,0.5502,0.4713,0.6413,0.5255
37,63,112,0.4883,0.3368,0.4554,0.5683
38,63,115,0.4324,0.4565,0.5258,0.5497
39,63,118,0.6416,0.5603,0.6345,0.6647
40,63,121,0.4216,0.5811,0.567,0.6604
41,63,124,0.655,0.5622,0.5467,0.6318
42,63,127,0.538,0.6472,0.4744,0.57
43,63,130,0.6219,0.6316,0.6366,0.4353
44,63,133,0.6261,0.5444,0.4901,0.4353
45,63,136,0.4448,0.4607,0.5416,0.5997
46,63,139,0.4495,0.5187,0.352,0.5309
47,63,142,0.6249,0.5385,0.4797,0.6611
48,63,145,0.4584,0.5045,0.3258,0.371
49,63,148,0.4457,0.6026,0.5653,0.6425
50,63,151,0.641,0.6334,0.4436,0.4828
51,63,154,0.3583,0.5324,0.2783,0.4578
52,63,157,0.4186,0.4202,0.5341,0.6474
53,63,160,0.4512,0.5354,0.5531,0.6431
54,63,163,0.4929,0.5363,0.5651,0.5011
55,63,166,0.345,0.6686,0.5521,0.3634
56,63,169,0.5757,0.5438,0.3352,0.453
57,63,172,0.4197,0.3768,0.356,0.5511
58,63,175,0.4308,0.5551,0.4545,0.5252
59,63,178,0.2871,0.6393,0.4425,0.59
60,63,181,0.5501,0.4397,0.4213,0.4325
61,63,184,0.5243,0.5894,0.5768,0.6339
62,63,187,0.6393,0.4563,0.637,0.4898
63,63,190,0.5606,0.2705,0.6392,0.556
64,63,193,0.4601,0.5629,0.4682,0.5795
65,63,196,0.6319,0.4602,0.4538,0.5319
66,63,199,0.4779,0.491,0.6267,0.6566
67,63,202,0.5367,0.6014,0.5343,0.614
68,63,205,0.4462,0.4089,0.4433,0.4748
69,63,208,0.4352,0.5089,0.4156,0.6415
70,63,211,0.6202,0.6341,0.674,0.3248
71,63,214,0.3714,0.6276,0.4509,0.5127
72,63,217,0.5707,0.318,0.5338,0.5013
73,63,220,0.3961,0.5562,0.4362,0.5325
74,63,223,0.4192,0.4708,0.5546,0.563
75,63,226,0.4568,0.4556,0.4763,0.6463
76,63,229,0.5494,0.5101,0.6151,0.3545
77,63,232,0.3791,0.4968,0.4292,0.3136
78,63,235,0.3182,0.6353,0.5283,0.5367
79,63,238,0.4448,0.5259,0.4093,0.4747
80,63,241,0.5303,0.5752,0.4683,0.6487
81,63,244,0.4496,0.3389,0.6356,0.6268
82,63,247,0.3319,0.3692,0.5702,0.3089
83,63,250,0.3332,0.2969,0.2817,0.438
84,63,253,0.1583,0.4467,0.5047,0.2413
85,63,256,0.2796,0.5379,0.2707,0.1994
86,63,259,0.4554,0.3904,0.272,0.4151
87,63,262,0.2445,0.3195,0.3413,0.4628
88,63,265,0.3568,0.283,0.5461,0.4051
89,63,268,0.1333,0.3225,0.1429,0.1768
90,63,271,0.1745,0.3096,0.344,0.4193
91,63,274,0.2982,0.1304,0.3775,0.476
92,63,277,0.0692,0.2925,0.3957,0.0346
93,63,280,0.2039,0.1939,0.1623,0.2202
94,63,283,0.1906,0.2591,0.2614,0.1371
95,63,286,0.0346,0.1911,0.2642,0.2008
96,63,289,0.3113,0.2359,0.1652,0.1668
97,63,292,0.03334,0.5255,0.0346,0.376
98,63,295,0.3159,0.2588,0.4885,0.3411
99,63,298,0.1384,0.2245,0.1038,0.1577
,Dataset#,L,att_1,att_2,att_3,att_4
0,64,1,1,1,1,1
1,64,4,1,1,1,1
2,64,7,1,1,1,1
3,64,10,1,1,1,1
4,64,13,1,1,1,1
5,64,16,1,1,1,1
6,64,19,1,1,1,1
7,64,22,1,1,1,1
8,64,25,1,1,1,1
9,64,28,1,1,1,1
10,64,31,1,1,1,1
11,64,34,1,1,1,1
12,64,37,1,1,1,1
13,64,40,1,1,1,1
14,64,43,1,1,1,1
15,64,46,1,1,1,1
16,64,49,1,1,1,1
17,64,52,1,1,1,1
18,64,55,1,1,1,1
19,64,58,1,1,1,1
20,64,61,1,1,1,1
21,64,64,1,1,1,1
22,64,67,1,1,1,1
23,64,70,1,1,1,1
24,64,73,1,1,1,1
25,64,76,1,1,1,1
26,64,79,1,1,1,1
27,64,82,1,1,1,1
28,64,85,1,1,1,1
29,64,88,1,1,1,1
30,64,91,1,1,1,1
31,64,94,1,1,1,1
32,64,97,1,1,1,1
33,64,100,1,1,1,1
34,64,103,1,1,1,1
35,64,106,1,1,1,1
36,64,109,1,1,1,1
37,64,112,1,1,1,1
38,64,115,1,1,0.8728,1
39,64,118,1,0.8718,1,1
40,64,121,1,0.8718,1,1
41,64,124,1,0.8728,1,1
42,64,127,1,0.8741,1,1
43,64,130,1,0.7447,1,1
44,64,133,1,1,1,1
45,64,136,1,1,1,0.8718
46,64,139,1,1,1,1
47,64,142,0.7447,1,1,1
48,64,145,1,1,1,1
49,64,148,0.872,1,1,1
50,64,151,1,1,1,1
51,64,154,0.8718,0.8728,1,1
52,64,157,0.8718,1,0.8718,0.7447
53,64,160,0.7447,0.872,1,0.872
54,64,163,1,1,0.8718,1
55,64,166,0.7447,1,1,0.8728
56,64,169,1,1,0.8718,1
57,64,172,1,1,1,0.7449
58,64,175,1,1,1,0.872
59,64,178,1,0.7449,1,1
60,64,181,1,1,1,0.8728
61,64,184,1,1,1,1
62,64,187,1,0.9547,0.8718,1
63,64,190,0.7457,1,0.8728,1
64,64,193,0.8718,1,0.8718,0.8718
65,64,196,1,1,0.872,0.6167
66,64,199,1,0.7457,0.8728,0.4895
67,64,202,1,1,1,1
68,64,205,0.8718,0.872,0.7449,1
69,64,208,0.8,0.8728,1,0.7447
70,64,211,0.7447,1,0.8728,1
71,64,214,0.8718,1,0.8728,0.8728
72,64,217,0.8728,0.7439,0.7436,0.8728
73,64,220,0.872,0.8728,0.8728,0.8728
74,64,223,0.8728,0.8728,0.7447,1
75,64,226,0.872,0.7439,0.6718,0.8728
76,64,229,0.872,0.8728,1,0.8728
77,64,232,0.672,0.8718,1,0.6718
78,64,235,0.8728,0.8718,0.6167,0.7447
79,64,238,1,1,0.8728,0.6167
80,64,241,1,0.5447,0.472,0.8728
81,64,244,0.8718,0.5447,0.7457,0.8718
82,64,247,0.8718,1,0.5449,0.8728
83,64,250,0.8,0.8728,0.872,0.8728
84,64,253,0.872,0.4167,0.7447,0.672
85,64,256,0.6728,1,0.8,0.472
86,64,259,0.8,1,1,0.6718
87,64,262,0.8,0.872,0.8718,0.4
88,64,265,0.8,1,0.6718,0.4718
89,64,268,0.8,1,0.8718,0.5457
90,64,271,0.8728,0.8728,0.6157,0.6
91,64,274,0.8728,0.6,0.3439,0.5447
92,64,277,0.872,0.6728,0.5436,1
93,64,280,0.5447,0.5447,0.272,0.8718
94,64,283,0.7447,0.5457,0.4,1
95,64,286,0.2718,0.6728,0.6718,0.6728
96,64,289,1,0.6718,0.5447,0.8
97,64,292,1,0.672,0.5439,0.8
98,64,295,0.4728,0.4718,0.4728,0.6
99,64,298,0.6728,0.4728,0.8,0.3436
,Dataset#,L,att_1,att_2,att_3,att_4
0,65,1,0.494,0.4989,0.5098,0.5015
1,65,4,0.5258,0.5272,0.5101,0.5237
2,65,7,0.5438,0.5708,0.5707,0.5283
3,65,10,0.5403,0.525,0.5385,0.5479
4,65,13,0.5567,0.5569,0.5425,0.5515
5,65,16,0.5371,0.5459,0.5414,0.5461
6,65,19,0.5404,0.5364,0.5381,0.5343
7,65,22,0.5348,0.5573,0.556,0.564
8,65,25,0.5582,0.5219,0.5458,0.5469
9,65,28,0.5372,0.543,0.5288,0.5409
10,65,31,0.5386,0.5552,0.5723,0.5538
11,65,34,0.5769,0.5308,0.566,0.5312
12,65,37,0.5562,0.569,0.5381,0.53
13,65,40,0.5518,0.5383,0.558,0.5541
14,65,43,0.517,0.5378,0.546,0.5462
15,65,46,0.5442,0.5323,0.5544,0.5621
16,65,49,0.5377,0.5611,0.5363,0.5499
17,65,52,0.5543,0.5191,0.5527,0.54
18,65,55,0.5524,0.5296,0.5464,0.5605
19,65,58,0.5432,0.5701,0.5548,0.5441
20,65,61,0.5433,0.5297,0.5261,0.5391
21,65,64,0.5407,0.5599,0.533,0.5587
22,65,67,0.5459,0.5479,0.5412,0.5397
23,65,70,0.5521,0.5634,0.5291,0.5337
24,65,73,0.5599,0.5897,0.5364,0.5836
25,65,76,0.5335,0.5269,0.5401,0.5325
26,65,79,0.5337,0.5812,0.5355,0.53
27,65,82,0.6001,0.5396,0.561,0.5448
28,65,85,0.5367,0.5211,0.5625,0.5297
29,65,88,0.5214,0.5492,0.549,0.5474
30,65,91,0.5298,0.5399,0.542,0.5589
31,65,94,0.5461,0.5547,0.5492,0.5212
32,65,97,0.5545,0.5304,0.5494,0.5369
33,65,100,0.5284,0.5597,0.5608,0.5292
34,65,103,0.5434,0.5508,0.549,0.5365
35,65,106,0.5446,0.5631,0.5374,0.4024
36,65,109,0.5352,0.5313,0.5622,0.5268
37,65,112,0.5492,0.5538,0.5151,0.5548
38,65,115,0.554,0.5278,0.5406,0.5409
39,65,118,0.5208,0.3038,0.5345,0.5647
40,65,121,0.5324,0.573,0.5272,0.4856
41,65,124,0.5763,0.547,0.5276,0.4489
42,65,127,0.5193,0.558,0.3352,0.4666
43,65,130,0.5357,0.5527,0.4098,0.5464
44,65,133,0.5198,0.5191,0.5486,0.4266
45,65,136,0.5606,0.4587,0.4533,0.4556
46,65,139,0.5603,0.4067,0.5177,0.4011
47,65,142,0.5544,0.524,0.5565,0.5249
48,65,145,0.562,0.5409,0.4397,0.5288
49,65,148,0.532,0.5337,0.5188,0.5265
50,65,151,0.4659,0.3909,0.5232,0.4573
51,65,154,0.544,0.3969,0.4719,0.5319
52,65,157,0.4464,0.4233,0.4525,0.5416
53,65,160,0.4301,0.5831,0.5388,0.5226
54,65,163,0.5069,0.5174,0.539,0.4675
55,65,166,0.2839,0.5403,0.5456,0.3362
56,65,169,0.4398,0.4286,0.4761,0.5569
57,65,172,0.5269,0.5078,0.4522,0.3693
58,65,175,0.4383,0.2278,0.4595,0.4076
59,65,178,0.4488,0.4006,0.5499,0.4975
60,65,181,0.3869,0.4294,0.447,0.5196
61,65,184,0.5372,0.3082,0.4278,0.5074
62,65,187,0.4496,0.5225,0.5089,0.5652
63,65,190,0.3946,0.5336,0.3988,0.545
64,65,193,0.445,0.4072,0.5576,0.4768
65,65,196,0.5553,0.44,0.4755,0.5154
66,65,199,0.5328,0.5361,0.5338,0.5249
67,65,202,0.5464,0.5553,0.5532,0.437
68,65,205,0.1994,0.4243,0.4282,0.5748
69,65,208,0.306,0.5842,0.5303,0.5209
70,65,211,0.45,0.4363,0.5413,0.425
71,65,214,0.5409,0.2257,0.553,0.5237
72,65,217,0.5361,0.4574,0.5465,0.4955
73,65,220,0.4072,0.5475,0.4893,0.3022
74,65,223,0.3244,0.4252,0.5186,0.4935
75,65,226,0.4011,0.4035,0.5627,0.4323
76,65,229,0.5462,0.4127,0.3183,0.3965
77,65,232,0.5119,0.3269,0.4228,0.455
78,65,235,0.5694,0.5274,0.1423,0.5045
79,65,238,0.5528,0.5282,0.4154,0.4009
80,65,241,0.547,0.2903,0.5348,0.4382
81,65,244,0.5216,0.5212,0.1185,0.1897
82,65,247,0.3035,0.4407,0.306,0.5268
83,65,250,0.4339,0.5052,0.5223,0.3752
84,65,253,0.3978,0.1989,0.3901,0.2952
85,65,256,0.2763,0.3945,0.4283,0.1211
86,65,259,0.1961,0.5172,0.3627,0.345
87,65,262,0.4015,0.5449,0.4165,0.3934
88,65,265,0.3402,0.3458,0.4011,0.3344
89,65,268,0.4412,0.3285,0.4451,0.3235
90,65,271,0.5284,0.4008,0.4085,0.2012
91,65,274,0.3113,0.3211,0.3502,0.448
92,65,277,0.2885,0.09656,0.2751,0.32
93,65,280,0.4256,0.222,0.4685,0.1792
94,65,283,0.5306,0.4453,0.2989,0.5362
95,65,286,0.3222,0.1894,0.2925,0.2937
96,65,289,0.2124,0.3511,0.2135,0.09524
97,65,292,0.3339,0.1111,0.284,0.208
98,65,295,0.3324,0.3482,0.3115,0.3401
99,65,298,0.2538,0.4271,0.1963,0.4167
,Dataset#,L,att_1,att_2,att_3,att_4
0,66,1,0.397,0.4036,0.4065,0.4095
1,66,4,0.4192,0.4337,0.4374,0.4248
2,66,7,0.4324,0.4382,0.4158,0.4231
3,66,10,0.4168,0.4393,0.4176,0.4253
4,66,13,0.4305,0.4282,0.4259,0.4167
5,66,16,0.4339,0.4153,0.4136,0.4252
6,66,19,0.4322,0.4371,0.4192,0.4188
7,66,22,0.4457,0.4195,0.448,0.428
8,66,25,0.4139,0.4193,0.4127,0.4404
9,66,28,0.4145,0.4356,0.4302,0.4176
10,66,31,0.4223,0.4114,0.4371,0.4283
11,66,34,0.4204,0.4228,0.4309,0.415
12,66,37,0.4075,0.4253,0.4272,0.4291
13,66,40,0.4215,0.4442,0.4006,0.4053
14,66,43,0.4271,0.4384,0.4282,0.4319
15,66,46,0.4467,0.4234,0.4405,0.4033
16,66,49,0.4327,0.413,0.4298,0.4198
17,66,52,0.4311,0.4195,0.4341,0.4303
18,66,55,0.4345,0.4351,0.4216,0.4154
19,66,58,0.4263,0.4271,0.3832,0.4381
20,66,61,0.4365,0.4162,0.4092,0.4236
21,66,64,0.4219,0.4292,0.4361,0.4253
22,66,67,0.4236,0.438,0.419,0.4411
23,66,70,0.4126,0.4329,0.4268,0.4321
24,66,73,0.408,0.4074,0.4369,0.4191
25,66,76,0.4464,0.4239,0.4268,0.4252
26,66,79,0.4254,0.4149,0.417,0.4086
27,66,82,0.4295,0.4419,0.4161,0.4111
28,66,85,0.4333,0.4178,0.4316,0.4211
29,66,88,0.4261,0.4228,0.4287,0.4365
30,66,91,0.4366,0.3902,0.4327,0.4337
31,66,94,0.4399,0.4321,0.4236,0.4262
32,66,97,0.43,0.4049,0.3897,0.4132
33,66,100,0.4265,0.4159,0.4153,0.4255
34,66,103,0.436,0.422,0.4288,0.439
35,66,106,0.4247,0.4291,0.4232,0.4212
36,66,109,0.4142,0.4225,0.4188,0.402
37,66,112,0.4409,0.4286,0.4115,0.4199
38,66,115,0.4242,0.4195,0.3734,0.426
39,66,118,0.4327,0.3696,0.4257,0.4184
40,66,121,0.4358,0.4311,0.4079,0.4296
41,66,124,0.4234,0.4086,0.4263,0.417
42,66,127,0.428,0.4287,0.4214,0.4011
43,66,130,0.3917,0.4257,0.4,0.4218
44,66,133,0.4028,0.4246,0.442,0.4224
45,66,136,0.4421,0.4081,0.4124,0.424
46,66,139,0.4202,0.4311,0.4359,0.4287
47,66,142,0.4021,0.436,0.4458,0.3717
48,66,145,0.4141,0.43,0.4204,0.3807
49,66,148,0.4085,0.426,0.4274,0.426
50,66,151,0.4045,0.3866,0.4362,0.431
51,66,154,0.385,0.418,0.4327,0.4485
52,66,157,0.4287,0.4199,0.4291,0.4303
53,66,160,0.4281,0.4023,0.4132,0.4183
54,66,163,0.4199,0.4366,0.4363,0.414
55,66,166,0.4204,0.4178,0.4253,0.4221
56,66,169,0.3953,0.4215,0.4323,0.4298
57,66,172,0.3745,0.3556,0.4214,0.4395
58,66,175,0.3533,0.4473,0.314,0.4231
59,66,178,0.4229,0.4209,0.4484,0.3673
60,66,181,0.381,0.4117,0.4253,0.3573
61,66,184,0.4071,0.2582,0.4058,0.3179
62,66,187,0.3788,0.4171,0.3291,0.35
63,66,190,0.3251,0.4203,0.4256,0.4301
64,66,193,0.4135,0.4135,0.3724,0.4204
65,66,196,0.4241,0.4323,0.402,0.3695
66,66,199,0.32,0.4226,0.4235,0.4192
67,66,202,0.4126,0.4144,0.4353,0.3538
68,66,205,0.4183,0.4238,0.2614,0.3956
69,66,208,0.4103,0.3798,0.2829,0.4137
70,66,211,0.4043,0.4194,0.4127,0.4242
71,66,214,0.4187,0.335,0.44,0.4006
72,66,217,0.4072,0.4459,0.3105,0.3402
73,66,220,0.4337,0.4136,0.4377,0.417
74,66,223,0.2793,0.4003,0.3372,0.4137
75,66,226,0.408,0.4005,0.3417,0.4323
76,66,229,0.4071,0.4393,0.3447,0.3445
77,66,232,0.3483,0.3852,0.266,0.288
78,66,235,0.3295,0.4349,0.2522,0.3848
79,66,238,0.3375,0.3769,0.411,0.3615
80,66,241,0.3578,0.3311,0.3614,0.4204
81,66,244,0.3303,0.3618,0.3951,0.3465
82,66,247,0.4237,0.2924,0.3989,0.3575
83,66,250,0.3941,0.407,0.3056,0.4107
84,66,253,0.1796,0.3615,0.2555,0.4276
85,66,256,0.3455,0.4199,0.3714,0.09904
86,66,259,0.2364,0.4155,0.3207,0.4285
87,66,262,0.3741,0.3539,0.3089,0.3009
88,66,265,0.3835,0.3529,0.1747,0.2458
89,66,268,0.3708,0.3532,0.3428,0.3819
90,66,271,0.3628,0.2408,0.3383,0.3477
91,66,274,0.2571,0.1674,0.2245,0.103
92,66,277,0.316,0.2595,0.156,0.3334
93,66,280,0.2932,0.2544,0.399,0.3324
94,66,283,0.3723,0.2394,0.3435,0.3141
95,66,286,0.3277,0.3284,0.1689,0.258
96,66,289,0.2617,0.4289,0.3111,0.1673
97,66,292,0.332,0.3368,0.4041,0.16
98,66,295,0.2637,0.2452,0.3153,0.252
99,66,298,0.3417,0.4352,0.2612,0.4228
,Dataset#,L,att_1,att_2,att_3,att_4
0,67,1,0.621,0.6215,0.6209,0.6217
1,67,4,0.6266,0.6237,0.6281,0.6275
2,67,7,0.6258,0.6232,0.6239,0.6291
3,67,10,0.621,0.6265,0.6441,0.6233
4,67,13,0.6342,0.6241,0.6254,0.6402
5,67,16,0.6275,0.625,0.6307,0.6399
6,67,19,0.6445,0.6341,0.6524,0.656
7,67,22,0.6247,0.6237,0.6584,0.6298
8,67,25,0.6372,0.6425,0.6296,0.642
9,67,28,0.6231,0.6253,0.638,0.6555
10,67,31,0.6391,0.6567,0.6361,0.6457
11,67,34,0.6338,0.6453,0.6535,0.6382
12,67,37,0.6452,0.6282,0.6444,0.6342
13,67,40,0.6717,0.6428,0.6397,0.6547
14,67,43,0.6426,0.6469,0.6347,0.625
15,67,46,0.6392,0.6262,0.6605,0.6213
16,67,49,0.6293,0.6738,0.6255,0.6453
17,67,52,0.6362,0.6376,0.587,0.6066
18,67,55,0.6257,0.6585,0.63,0.6644
19,67,58,0.6083,0.642,0.6448,0.6467
20,67,61,0.6393,0.6282,0.6422,0.6021
21,67,64,0.6473,0.6247,0.5707,0.6363
22,67,67,0.5844,0.5932,0.6104,0.6545
23,67,70,0.5913,0.5984,0.6399,0.6623
24,67,73,0.6054,0.5824,0.6601,0.6415
25,67,76,0.5689,0.5856,0.6594,0.6439
26,67,79,0.6197,0.603,0.626,0.5901
27,67,82,0.6266,0.5899,0.5922,0.6455
28,67,85,0.5878,0.561,0.5567,0.6141
29,67,88,0.5457,0.6555,0.6102,0.606
30,67,91,0.6222,0.6359,0.644,0.5581
31,67,94,0.6416,0.5953,0.6231,0.5548
32,67,97,0.5993,0.6098,0.5568,0.6462
33,67,100,0.6035,0.612,0.6276,0.5715
34,67,103,0.5731,0.5984,0.6586,0.5932
35,67,106,0.6542,0.6053,0.6479,0.6037
36,67,109,0.5672,0.6001,0.6417,0.6492
37,67,112,0.6471,0.6336,0.6576,0.5912
38,67,115,0.6,0.5928,0.5906,0.5773
39,67,118,0.6284,0.6036,0.6464,0.592
40,67,121,0.6221,0.6424,0.5627,0.629
41,67,124,0.6111,0.6764,0.5887,0.5203
42,67,127,0.6086,0.6322,0.5933,0.5992
43,67,130,0.5629,0.6374,0.6017,0.5584
44,67,133,0.568,0.6542,0.5832,0.6404
45,67,136,0.6175,0.6363,0.5615,0.5953
46,67,139,0.6308,0.6318,0.5949,0.6511
47,67,142,0.6449,0.6257,0.5748,0.5595
48,67,145,0.6328,0.5691,0.6317,0.5297
49,67,148,0.5557,0.604,0.6533,0.4303
50,67,151,0.5704,0.6151,0.5955,0.5625
51,67,154,0.6455,0.4798,0.5717,0.6034
52,67,157,0.6257,0.5724,0.6058,0.6014
53,67,160,0.6318,0.602,0.5645,0.595
54,67,163,0.6364,0.3585,0.5924,0.5918
55,67,166,0.4762,0.6388,0.4614,0.6147
56,67,169,0.5678,0.6343,0.6267,0.5974
57,67,172,0.5912,0.4612,0.6016,0.6466
58,67,175,0.5923,0.5926,0.5428,0.5699
59,67,178,0.6426,0.5701,0.5952,0.538
60,67,181,0.4921,0.5851,0.6568,0.6537
61,67,184,0.595,0.536,0.6077,0.5657
62,67,187,0.5549,0.509,0.4836,0.4827
63,67,190,0.6009,0.5634,0.636,0.3681
64,67,193,0.5544,0.6031,0.598,0.6303
65,67,196,0.4444,0.4776,0.4653,0.3096
66,67,199,0.5953,0.5677,0.5731,0.5403
67,67,202,0.6496,0.4692,0.5587,0.4344
68,67,205,0.4992,0.5287,0.5685,0.558
69,67,208,0.5093,0.6158,0.6325,0.3392
70,67,211,0.5575,0.581,0.3688,0.5752
71,67,214,0.5265,0.4797,0.5917,0.5676
72,67,217,0.5802,0.6227,0.5768,0.6087
73,67,220,0.5114,0.5886,0.3848,0.5887
74,67,223,0.5883,0.5677,0.6396,0.4331
75,67,226,0.5621,0.5931,0.6259,0.591
76,67,229,0.341,0.5168,0.439,0.5973
77,67,232,0.5606,0.6044,0.4014,0.3425
78,67,235,0.3758,0.5686,0.402,0.6226
79,67,238,0.6369,0.5845,0.4759,0.4733
80,67,241,0.3318,0.6366,0.5717,0.4904
81,67,244,0.4987,0.6082,0.472,0.6027
82,67,247,0.5976,0.6454,0.4011,0.4447
83,67,250,0.5978,0.5057,0.5298,0.6114
84,67,253,0.4387,0.3378,0.6489,0.4744
85,67,256,0.4871,0.6051,0.5681,0.4859
86,67,259,0.5914,0.4388,0.5597,0.4798
87,67,262,0.6051,0.6445,0.4366,0.4045
88,67,265,0.4368,0.5261,0.4822,0.5533
89,67,268,0.5582,0.5696,0.4384,0.4688
90,67,271,0.3445,0.4656,0.5104,0.5197
91,67,274,0.3485,0.437,0.4805,0.5657
92,67,277,0.5926,0.4448,0.6001,0.6373
93,67,280,0.4835,0.5291,0.6001,0.6013
94,67,283,0.5259,0.3375,0.53,0.4977
95,67,286,0.5896,0.5973,0.3371,0.4344
96,67,289,0.3093,0.3366,0.4332,0.4663
97,67,292,0.475,0.5661,0.5881,0.624
98,67,295,0.5889,0.5959,0.3512,0.3529
99,67,298,0.4956,0.4327,0.4746,0.5367
,Dataset#,L,att_1,att_2,att_3,att_4
0,68,1,0.9411,0.9444,0.9298,0.9324
1,68,4,0.9472,0.9511,0.9526,0.9514
2,68,7,0.9525,0.9474,0.951,0.9495
3,68,10,0.95,0.9465,0.947,0.9503
4,68,13,0.9498,0.9477,0.9396,0.9449
5,68,16,0.9415,0.9508,0.9384,0.9273
6,68,19,0.9464,0.9506,0.9498,0.9503
7,68,22,0.9371,0.949,0.9477,0.9381
8,68,25,0.9399,0.9473,0.9338,0.9493
9,68,28,0.9308,0.9163,0.9393,0.9462
10,68,31,0.9524,0.9325,0.949,0.9527
11,68,34,0.9347,0.9371,0.9347,0.9522
12,68,37,0.9416,0.9266,0.9419,0.954
13,68,40,0.9347,0.946,0.9378,0.935
14,68,43,0.9395,0.9563,0.9404,0.9534
15,68,46,0.9323,0.9267,0.9423,0.9426
16,68,49,0.9341,0.9521,0.9481,0.9347
17,68,52,0.9381,0.9364,0.9319,0.9529
18,68,55,0.9316,0.9371,0.9385,0.9365
19,68,58,0.9272,0.9282,0.9529,0.9451
20,68,61,0.9479,0.9477,0.9344,0.9276
21,68,64,0.9429,0.9417,0.9414,0.9462
22,68,67,0.9267,0.9287,0.9408,0.9437
23,68,70,0.9388,0.9393,0.9332,0.9373
24,68,73,0.9387,0.9525,0.94,0.9305
25,68,76,0.9326,0.9365,0.9329,0.9398
26,68,79,0.9265,0.9301,0.9535,0.935
27,68,82,0.9238,0.9443,0.9482,0.9374
28,68,85,0.9339,0.9548,0.93,0.9154
29,68,88,0.9296,0.934,0.9416,0.9343
30,68,91,0.9299,0.9482,0.938,0.9444
31,68,94,0.9312,0.926,0.9384,0.9509
32,68,97,0.9295,0.9466,0.9401,0.9424
33,68,100,0.9381,0.9298,0.9484,0.9411
34,68,103,0.9445,0.9441,0.9327,0.9482
35,68,106,0.9424,0.933,0.9391,0.9233
36,68,109,0.9315,0.9273,0.9405,0.9508
37,68,112,0.9402,0.9437,0.9457,0.9257
38,68,115,0.9394,0.9531,0.9271,0.9258
39,68,118,0.9217,0.9369,0.9347,0.9239
40,68,121,0.9464,0.9443,0.9357,0.9465
41,68,124,0.9245,0.9432,0.929,0.9323
42,68,127,0.9482,0.9416,0.9486,0.933
43,68,130,0.9486,0.9418,0.9261,0.9416
44,68,133,0.9376,0.9237,0.9299,0.9463
45,68,136,0.9491,0.9363,0.9342,0.9275
46,68,139,0.9471,0.9196,0.9449,0.9277
47,68,142,0.9348,0.9425,0.93,0.9241
48,68,145,0.9375,0.931,0.9481,0.944
49,68,148,0.9316,0.9337,0.9261,0.9235
50,68,151,0.9289,0.9513,0.9284,0.9305
51,68,154,0.9395,0.9251,0.9266,0.9533
52,68,157,0.9312,0.9435,0.9076,0.9372
53,68,160,0.9315,0.9505,0.9485,0.9177
54,68,163,0.9364,0.9377,0.9474,0.9398
55,68,166,0.9371,0.9357,0.9347,0.9456
56,68,169,0.9321,0.9365,0.8557,0.9289
57,68,172,0.942,0.9392,0.9295,0.9281
58,68,175,0.9514,0.9491,0.9471,0.9258
59,68,178,0.9537,0.9418,0.9402,0.948
60,68,181,0.9434,0.9458,0.9445,0.9317
61,68,184,0.9455,0.9245,0.9323,0.9283
62,68,187,0.9291,0.9418,0.9473,0.9213
63,68,190,0.9251,0.932,0.8457,0.9281
64,68,193,0.9486,0.9369,0.9298,0.9283
65,68,196,0.9454,0.8466,0.9387,0.9288
66,68,199,0.9323,0.9517,0.9347,0.9438
67,68,202,0.9238,0.94,0.9408,0.941
68,68,205,0.9214,0.9244,0.9269,0.9372
69,68,208,0.9343,0.9527,0.9393,0.9276
70,68,211,0.9344,0.9326,0.9246,0.9342
71,68,214,0.9387,0.8639,0.9304,0.9218
72,68,217,0.9326,0.8398,0.9522,0.9368
73,68,220,0.932,0.9159,0.9319,0.9273
74,68,223,0.9297,0.937,0.9451,0.9426
75,68,226,0.9468,0.9421,0.9392,0.945
76,68,229,0.945,0.9232,0.9452,0.9383
77,68,232,0.9318,0.9374,0.7349,0.9498
78,68,235,0.9522,0.7529,0.7522,0.952
79,68,238,0.9318,0.925,0.9233,0.9448
80,68,241,0.9494,0.933,0.942,0.8318
81,68,244,0.9501,0.8594,0.7379,0.9525
82,68,247,0.9387,0.9314,0.9331,0.9144
83,68,250,0.8498,0.9389,0.9381,0.7324
84,68,253,0.9324,0.9288,0.6439,0.9418
85,68,256,0.932,0.948,0.9207,0.914
86,68,259,0.6751,0.937,0.7524,0.9443
87,68,262,0.9345,0.9417,0.9219,0.9362
88,68,265,0.947,0.9218,0.9266,0.9152
89,68,268,0.8558,0.7478,0.7491,0.7261
90,68,271,0.7352,0.7587,0.8391,0.9401
91,68,274,0.9471,0.7481,0.7373,0.5664
92,68,277,0.9156,0.9427,0.9337,0.7404
93,68,280,0.9346,0.747,0.9323,0.7352
94,68,283,0.3813,0.3683,0.9181,0.9212
95,68,286,0.6586,0.6531,0.3719,0.868
96,68,289,0.6613,0.8591,0.5538,0.7486
97,68,292,0.925,0.3522,0.9242,0.6763
98,68,295,0.7512,0.7398,0.9298,0.5508
99,68,298,0.5714,0.7427,0.5579,0.9447
,Dataset#,L,att_1,att_2,att_3,att_4
0,69,1,0.9924,0.9924,0.9924,0.9924
1,69,4,0.9924,0.9924,0.9924,0.9924
2,69,7,0.9924,0.9924,0.9924,0.9924
3,69,10,0.9924,0.9924,0.9924,0.9924
4,69,13,0.9924,0.9924,0.9924,0.9924
5,69,16,0.9924,0.9924,0.9924,0.9924
6,69,19,0.9924,0.9924,0.9924,0.9924
7,69,22,0.9924,0.9924,0.9924,0.9924
8,69,25,0.9924,0.9924,0.9924,0.9924
9,69,28,0.9924,0.9924,0.8287,0.9924
10,69,31,0.9924,0.9924,0.8287,0.9924
11,69,34,0.9924,0.9924,0.9924,0.9924
12,69,37,0.9924,0.8287,0.833,0.9924
13,69,40,0.9924,0.9924,0.9924,0.9924
14,69,43,0.9924,0.9924,0.8287,0.8313
15,69,46,0.8287,0.9924,0.9924,0.8313
16,69,49,0.8313,0.9924,0.9924,0.8313
17,69,52,0.8287,0.8313,0.9924,0.8313
18,69,55,0.8313,0.9924,0.9924,0.9924
19,69,58,0.9766,0.6676,0.8287,0.9924
20,69,61,0.6676,0.9924,0.9924,0.9924
21,69,64,0.8287,0.9924,0.9924,0.9924
22,69,67,0.9924,0.9924,0.8287,0.9924
23,69,70,0.8313,0.6702,0.9924,0.8313
24,69,73,0.8313,0.8313,0.9924,0.8287
25,69,76,0.6287,0.6313,0.6702,0.9924
26,69,79,0.9924,0.6651,0.9924,0.4313
27,69,82,0.6338,0.4727,0.8034,0.6338
28,69,85,0.9924,0.3091,0.9924,0.6676
29,69,88,0.6388,0.7949,0.9924,0.6021
30,69,91,0.9924,0.5065,0.4676,0.804
31,69,94,0.8287,0.5065,0.3743,0.6313
32,69,97,0.6702,0.6676,0.8287,0.6313
33,69,100,0.7949,0.7924,0.8313,0.5975
34,69,103,0.4777,0.4676,0.6313,0.3429
35,69,106,0.4727,0.3065,0.6338,0.4338
36,69,109,0.8313,0.9924,0.9924,0.8287
37,69,112,0.475,0.3975,0.4676,0.6287
38,69,115,0.8313,0.9924,0.9924,0.8313
39,69,118,0.3674,0.4401,0.4702,0.9924
40,69,121,0.4436,0.7924,0.2082,0.8287
41,69,124,0.4776,0.5065,0.7949,0.5949
42,69,127,0.2812,0.6287,0.4676,0.5924
43,69,130,0.6338,0.3065,0.1526,0.9924
44,69,133,0.4487,0.4702,0.1091,0.8004
45,69,136,0.5949,0.5065,0.9924,0.2727
46,69,139,0.3091,0.6702,0.1975,0.6391
47,69,142,0.4338,0.3091,0.7949,0.5065
48,69,145,0.504,0.504,0.6338,0.6338
49,69,148,0.5065,0.406,0.3975,0.8013
50,69,151,0.6702,0.4702,0.6313,0.504
51,69,154,0.6383,0.8034,0.9924,0.8313
52,69,157,0.4038,0.1454,0.6338,0.6313
53,69,160,0.4727,0.08202,0.4101,0.2702
54,69,163,0.07272,0.6676,0.2068,0.6338
55,69,166,0.4338,0.4313,0.5949,0.2338
56,69,169,0.6015,0.652,0.4676,0.4338
57,69,172,0.7924,0.7924,0.2049,0.4338
58,69,175,0.4338,0.4338,0.4766,0.4418
59,69,178,0.4702,0.5065,0.8287,0.4702
60,69,181,0.6313,0.4702,0.5949,0.2047
61,69,184,0.2799,0.7924,0.4702,0.1091
62,69,187,0.3132,0.4404,0.9924,0.6702
63,69,190,0.2401,0.5924,0.4676,0.4338
64,69,193,0.6313,0.4338,0.2727,0.2702
65,69,196,0.6006,0.6676,0.2418,0.5949
66,69,199,0.5065,0.4338,0.4313,0.4702
67,69,202,0.5949,0.6676,0.4702,0.6676
68,69,205,0.4676,0.2799,0.6338,0.1818
69,69,208,0.7924,0.663,0.7949,0.2727
70,69,211,0.8287,0.6313,0.6676,0.4676
71,69,214,0.07272,0.4338,0.4415,0.2702
72,69,217,0.6676,0.4455,0.4418,0.7924
73,69,220,0.8313,0.2364,0.2727,0.6346
74,69,223,0.2702,0.2735,0.6313,0.4338
75,69,226,0.4702,0.5975,0.1091,0.4338
76,69,229,0.2129,0.1141,0.3091,0.4396
77,69,232,0.4313,0.4314,0.2338,0.6411
78,69,235,0.6676,0.3065,0.6287,0.4676
79,69,238,0.2408,0.6313,0.8313,0.4058
80,69,241,0.4727,0.8287,0.3429,0.8287
81,69,244,0.3065,0.2116,0.4415,0.6313
82,69,247,0.6338,0.5949,0.2702,0.6349
83,69,250,0.3975,0.2364,0.07272,0.2727
84,69,253,0.07272,0.8287,0.8033,0.6058
85,69,256,0.3065,0.6313,0.2702,0.9924
86,69,259,0.2702,0.5949,0.3975,0.2383
87,69,262,0.3091,0.441,0.2338,0.1454
88,69,265,0.4399,0.2422,0.2702,0.5975
89,69,268,0.4795,0.2338,0.3949,0.2702
90,69,271,0.6313,0.4338,0.7949,0.3065
91,69,274,0.03636,0.1091,0.2364,0.2702
92,69,277,0.2727,0.4338,0.4727,0.3065
93,69,280,0.242,0.7949,0.3091,0.8173
94,69,283,0.3065,0.4,0.2702,0.3065
95,69,286,0.2338,0.2702,0.4313,0.3091
96,69,289,0.3065,0.4313,0.4702,0.2702
97,69,292,0.4702,0.2338,0.2,0.6313
98,69,295,0.4338,0.3949,0.4702,0.2702
99,69,298,0.1091,0.04588,0.1091,0.6338
,Dataset#,L,att_1,att_2,att_3,att_4
0,70,1,0.9901,0.9926,0.9926,0.9901
1,70,4,0.995,0.995,0.995,0.995
2,70,7,0.995,0.9975,0.9975,0.9925
3,70,10,0.9924,0.995,0.9899,0.9949
4,70,13,0.9975,0.9949,0.9949,0.995
5,70,16,0.9925,0.995,0.9975,0.9949
6,70,19,0.9975,0.9975,0.9975,0.9975
7,70,22,0.9975,0.9975,0.9924,0.9949
8,70,25,0.995,0.9923,0.9949,0.9975
9,70,28,0.9975,0.9949,0.995,0.9899
10,70,31,0.9925,0.995,0.995,0.9975
11,70,34,0.995,0.995,0.9975,0.9975
12,70,37,0.9975,0.9949,0.9975,0.9975
13,70,40,0.9925,0.9975,0.9975,0.995
14,70,43,0.9975,0.9975,0.9975,0.9975
15,70,46,0.9975,0.9975,0.9975,0.9975
16,70,49,0.9975,0.9926,0.9975,0.9975
17,70,52,0.9975,0.995,0.9925,0.995
18,70,55,0.9975,0.9975,0.9975,0.9949
19,70,58,0.9975,0.9949,0.9975,0.995
20,70,61,0.9975,0.995,0.9975,0.995
21,70,64,0.99,0.9975,0.9975,0.9949
22,70,67,0.9975,0.9975,0.9949,0.995
23,70,70,0.9975,0.9949,0.9975,0.9975
24,70,73,0.9925,0.9897,0.9925,0.9872
25,70,76,0.9926,0.9975,0.9949,0.9975
26,70,79,0.9975,0.9975,0.9975,0.995
27,70,82,0.9975,0.9975,0.9949,0.9975
28,70,85,0.9975,0.9975,0.9923,0.9975
29,70,88,0.9975,0.9975,0.9975,0.9975
30,70,91,0.9975,0.9975,0.9975,0.995
31,70,94,0.9975,0.9975,0.9949,0.9975
32,70,97,0.9975,0.9975,0.9975,0.9975
33,70,100,0.9975,0.9975,0.9975,0.9975
34,70,103,0.9975,0.9975,0.7975,0.9975
35,70,106,0.995,0.995,0.9949,0.9975
36,70,109,0.9975,0.9975,0.9975,0.9975
37,70,112,0.9975,0.9975,0.9975,0.9949
38,70,115,0.995,0.9975,0.9975,0.9975
39,70,118,0.9975,0.9975,0.9975,0.7975
40,70,121,0.9975,0.9975,1,0.9925
41,70,124,0.9975,0.9901,0.9925,0.9975
42,70,127,0.9975,0.9949,0.9949,0.9949
43,70,130,0.9875,0.9975,0.9975,0.9975
44,70,133,0.9975,0.9975,0.9975,0.9975
45,70,136,0.9949,0.995,0.9923,0.9949
46,70,139,0.7498,0.9975,0.795,0.9975
47,70,142,0.995,0.795,0.9975,0.9975
48,70,145,0.995,0.9975,0.9975,0.9949
49,70,148,0.9975,0.9949,0.9975,0.9923
50,70,151,0.995,0.9925,0.9975,0.995
51,70,154,0.995,0.99,0.9923,0.9975
52,70,157,0.7949,0.9897,0.9975,0.99
53,70,160,0.9975,0.9975,0.9975,0.9949
54,70,163,0.9925,0.9975,0.9975,0.7975
55,70,166,0.9925,0.9949,0.9949,0.9925
56,70,169,0.9975,0.9975,0.9975,0.9925
57,70,172,0.795,0.9975,0.9975,0.7975
58,70,175,0.9949,0.9949,0.9975,0.9949
59,70,178,0.9975,0.9975,0.9975,0.9925
60,70,181,0.7975,0.6,0.9923,0.9975
61,70,184,0.995,0.7975,0.7975,0.9975
62,70,187,0.7923,0.9975,0.9975,0.9975
63,70,190,0.7899,0.9975,0.9975,0.9975
64,70,193,0.995,0.9975,0.9949,0.9975
65,70,196,0.7949,0.9975,0.995,0.9975
66,70,199,0.7899,0.5975,0.9975,0.995
67,70,202,0.9975,0.8,0.9975,0.6
68,70,205,0.9925,0.9899,0.9897,0.8
69,70,208,0.9975,0.7975,0.7733,0.795
70,70,211,0.9925,0.9975,0.9877,0.9975
71,70,214,0.7975,0.7975,0.5975,0.995
72,70,217,0.995,0.5975,0.7925,0.7975
73,70,220,0.9975,0.9925,0.99,0.7902
74,70,223,0.995,0.9923,0.9975,0.9975
75,70,226,0.9875,0.9925,0.5949,0.9949
76,70,229,0.9899,0.7975,0.7975,0.9923
77,70,232,0.7975,0.8,0.7975,0.995
78,70,235,0.4,0.7926,0.9949,0.795
79,70,238,0.9949,0.5791,0.995,0.9949
80,70,241,0.5924,0.9975,0.7975,0.7949
81,70,244,0.4,0.795,0.5975,0.7926
82,70,247,0.9949,0.995,0.9949,0.795
83,70,250,0.9975,0.9949,0.9975,0.7975
84,70,253,0.9926,0.995,0.7875,0.8
85,70,256,0.9975,0.795,0.595,0.795
86,70,259,0.9923,0.7899,0.995,0.3951
87,70,262,0.5975,0.7925,0.5949,0.5925
88,70,265,0.7949,0.5949,0.8,0.8313
89,70,268,0.5975,0.7949,0.8262,0.9975
90,70,271,0.9949,0.7975,0.6314,0.9975
91,70,274,0.995,0.9949,0.7975,0.9949
92,70,277,0.9923,0.7925,0.7975,0.595
93,70,280,0.9975,0.7975,0.6,0.5975
94,70,283,0.4626,0.6339,0.7897,0.7949
95,70,286,0.7949,0.7975,0.5923,0.7924
96,70,289,0.3949,0.795,0.9877,0.8338
97,70,292,0.3975,0.79,0.6,0.595
98,70,295,0.7975,0.5975,0.7949,0.7975
99,70,298,0.4,0.8,0.79,0.4
,Dataset#,L,att_1,att_2,att_3,att_4
0,71,1,0.9734,0.9733,0.9757,0.9756
1,71,4,0.985,0.9925,0.9852,0.9877
2,71,7,0.9925,0.9975,0.9899,0.9925
3,71,10,0.9849,0.983,0.9925,0.9877
4,71,13,0.9925,0.9873,0.9899,0.9925
5,71,16,0.9925,0.99,0.9924,0.9949
6,71,19,0.9926,0.9873,0.9975,0.9898
7,71,22,0.9949,0.9899,0.9874,0.9924
8,71,25,0.9923,0.9899,0.9898,0.9949
9,71,28,0.985,0.9923,0.9849,0.9949
10,71,31,0.9899,0.9873,0.9873,0.9849
11,71,34,0.9899,0.9925,0.9924,0.9901
12,71,37,0.9925,0.9901,0.9923,0.995
13,71,40,0.9873,0.9898,0.9949,0.9823
14,71,43,0.9925,0.9924,0.9854,0.9898
15,71,46,0.9949,0.9875,0.9925,0.9873
16,71,49,0.9874,0.9848,0.9924,0.9925
17,71,52,0.9924,0.9899,0.995,0.9924
18,71,55,0.9898,0.9923,0.9923,0.9949
19,71,58,0.9797,0.9845,0.9873,0.9924
20,71,61,0.9949,0.9924,0.9923,0.9949
21,71,64,0.9925,0.9899,0.9873,0.9925
22,71,67,0.9898,0.9925,0.9898,0.9898
23,71,70,0.9823,0.9899,0.9924,0.9949
24,71,73,0.9949,0.9873,0.9899,0.9924
25,71,76,0.9925,0.9851,0.9872,0.9923
26,71,79,0.9873,0.9923,0.9873,0.9924
27,71,82,0.9875,0.99,0.9873,0.9875
28,71,85,0.9875,0.9899,0.9899,0.9949
29,71,88,0.9875,0.9899,0.9873,0.99
30,71,91,0.9899,0.9875,0.995,0.9924
31,71,94,0.9923,0.9872,0.9779,0.9849
32,71,97,0.99,0.9877,0.985,0.9925
33,71,100,0.985,0.9949,0.9924,0.9875
34,71,103,0.9923,0.9924,0.7852,0.9923
35,71,106,0.99,0.9925,0.9873,0.9849
36,71,109,0.9769,0.9925,0.9925,0.9874
37,71,112,0.7949,0.9875,0.9923,0.9949
38,71,115,0.7949,0.9949,0.9873,0.9826
39,71,118,0.9901,0.9897,0.9899,0.9949
40,71,121,0.9824,0.9949,0.9899,0.9873
41,71,124,0.9851,0.9899,0.595,0.9872
42,71,127,0.9925,0.7949,0.7924,0.9876
43,71,130,0.9873,0.9845,0.9949,0.9847
44,71,133,0.9899,0.9949,0.7925,0.9899
45,71,136,0.9874,0.7923,0.7924,0.7899
46,71,139,0.9949,0.9823,0.7923,0.7924
47,71,142,0.9875,0.9923,0.7924,0.7898
48,71,145,0.7899,0.9757,0.9875,0.9923
49,71,148,0.7872,0.7925,0.9873,0.5852
50,71,151,0.7875,0.7742,0.7876,0.9899
51,71,154,0.9852,0.9923,0.7949,0.7826
52,71,157,0.7898,0.595,0.7923,0.7899
53,71,160,0.7923,0.7923,0.9924,0.9874
54,71,163,0.7899,0.7899,0.7899,0.9871
55,71,166,0.5898,0.9899,0.7899,0.7925
56,71,169,0.5925,0.9899,0.9899,0.395
57,71,172,0.9799,0.7877,0.7899,0.9874
58,71,175,0.8,0.9925,0.5738,0.7899
59,71,178,0.7975,0.9923,0.7874,0.9874
60,71,181,0.9873,0.9923,0.9849,0.9825
61,71,184,0.9821,0.7923,0.595,0.7949
62,71,187,0.79,0.5876,0.7975,0.795
63,71,190,0.9875,0.5949,0.7873,0.9925
64,71,193,0.9898,0.7924,0.7949,0.7924
65,71,196,0.7826,0.9925,0.7949,0.5975
66,71,199,0.9899,0.9775,0.9875,0.7949
67,71,202,0.5926,0.5949,0.395,0.9899
68,71,205,0.9899,0.9897,0.7975,0.5949
69,71,208,0.9848,0.795,0.7899,0.395
70,71,211,0.7821,0.7923,0.9899,0.7924
71,71,214,0.9826,0.7899,0.7949,0.5899
72,71,217,0.7898,0.9848,0.59,0.9803
73,71,220,0.9924,0.7828,0.9782,0.795
74,71,223,0.5923,0.7873,0.5925,0.9949
75,71,226,0.9901,0.7897,0.7975,0.9825
76,71,229,0.7925,0.9899,0.795,0.7975
77,71,232,0.795,0.7873,0.79,0.7949
78,71,235,0.5872,0.9873,0.7899,0.7925
79,71,238,0.7851,0.7925,0.9899,0.5949
80,71,241,0.7949,0.7925,0.5899,0.9901
81,71,244,0.7832,0.7877,0.9925,0.9923
82,71,247,0.5923,0.5923,0.5926,0.5975
83,71,250,0.7975,0.5902,0.5742,0.9898
84,71,253,0.5975,0.7949,0.5899,0.79
85,71,256,0.9718,0.5899,0.7925,0.79
86,71,259,0.9898,0.5975,0.9899,0.5925
87,71,262,0.8,0.7925,0.7899,0.9898
88,71,265,0.7642,0.5949,0.4,0.2
89,71,268,0.3804,0.9849,0.7923,0.9873
90,71,271,0.7874,0.5949,0.9876,0.5975
91,71,274,0.5975,0.5949,0.7949,0.5923
92,71,277,0.7797,0.985,0.5832,0.5923
93,71,280,0.7849,0.983,0.8,0.3975
94,71,283,0.6,0.3925,0.3752,0.5878
95,71,286,0.5975,0.595,0.588,0.7949
96,71,289,0.3949,0.9803,0.5975,0.7923
97,71,292,0.3923,0.5853,0.5975,0.7849
98,71,295,0.3975,0.3845,0.7902,0.5816
99,71,298,0.7925,0.5873,0.5872,0.7852
,Dataset#,L,att_1,att_2,att_3,att_4
0,72,1,0.948,0.9386,0.9321,0.9343
1,72,4,0.9541,0.968,0.9611,0.9636
2,72,7,0.9676,0.9676,0.9725,0.9648
3,72,10,0.9725,0.9647,0.9749,0.9722
4,72,13,0.9771,0.9795,0.9722,0.9719
5,72,16,0.9674,0.9717,0.9796,0.9796
6,72,19,0.9699,0.972,0.9721,0.9722
7,72,22,0.9822,0.9797,0.9749,0.9701
8,72,25,0.9744,0.9826,0.9746,0.9771
9,72,28,0.9695,0.9723,0.9722,0.9746
10,72,31,0.977,0.9745,0.9726,0.9773
11,72,34,0.9773,0.9699,0.9799,0.9723
12,72,37,0.9745,0.9669,0.9722,0.9748
13,72,40,0.9694,0.977,0.982,0.9746
14,72,43,0.9745,0.9748,0.972,0.9795
15,72,46,0.9795,0.9746,0.9749,0.9773
16,72,49,0.9822,0.9749,0.9774,0.9698
17,72,52,0.9772,0.9751,0.9724,0.9773
18,72,55,0.9775,0.9693,0.9798,0.9694
19,72,58,0.9749,0.9746,0.9693,0.9573
20,72,61,0.9797,0.9745,0.9673,0.9771
21,72,64,0.9744,0.9698,0.9747,0.9772
22,72,67,0.9772,0.9797,0.9723,0.9726
23,72,70,0.9772,0.9718,0.9768,0.9722
24,72,73,0.9747,0.9697,0.9795,0.9746
25,72,76,0.9722,0.9746,0.9696,0.9772
26,72,79,0.9666,0.9647,0.97,0.9824
27,72,82,0.9645,0.9747,0.9699,0.9797
28,72,85,0.9668,0.9772,0.9774,0.972
29,72,88,0.9697,0.9698,0.9621,0.9747
30,72,91,0.9849,0.9701,0.9746,0.9775
31,72,94,0.9795,0.9771,0.9773,0.98
32,72,97,0.9671,0.9671,0.9645,0.9752
33,72,100,0.9719,0.9745,0.9721,0.8083
34,72,103,0.9747,0.9697,0.9673,0.8213
35,72,106,0.9726,0.9716,0.9772,0.9749
36,72,109,0.9824,0.9719,0.9595,0.972
37,72,112,0.9699,0.9668,0.9696,0.9797
38,72,115,0.6573,0.9723,0.8136,0.9746
39,72,118,0.9771,0.8138,0.9723,0.9699
40,72,121,0.9719,0.9694,0.9797,0.9724
41,72,124,0.9719,0.9718,0.9749,0.8161
42,72,127,0.9673,0.9698,0.9702,0.977
43,72,130,0.9675,0.9771,0.8139,0.9727
44,72,133,0.9772,0.9625,0.9698,0.9718
45,72,136,0.9744,0.9646,0.8111,0.9726
46,72,139,0.977,0.9747,0.9774,0.9647
47,72,142,0.9745,0.9747,0.9747,0.9795
48,72,145,0.9661,0.9797,0.9695,0.9691
49,72,148,0.8136,0.97,0.9642,0.6548
50,72,151,0.9719,0.9697,0.8065,0.9698
51,72,154,0.8039,0.9746,0.9671,0.9692
52,72,157,0.8137,0.6522,0.9647,0.811
53,72,160,0.821,0.9654,0.8163,0.9695
54,72,163,0.9596,0.9771,0.9675,0.9697
55,72,166,0.655,0.808,0.9697,0.9702
56,72,169,0.9773,0.9694,0.9696,0.9695
57,72,172,0.9725,0.8138,0.9773,0.9715
58,72,175,0.9798,0.9771,0.8084,0.9747
59,72,178,0.8134,0.8021,0.9743,0.9744
60,72,181,0.9695,0.9672,0.9513,0.8113
61,72,184,0.9676,0.9627,0.9746,0.977
62,72,187,0.8163,0.8136,0.9693,0.8188
63,72,190,0.9773,0.8088,0.9744,0.9746
64,72,193,0.9719,0.9723,0.9675,0.9675
65,72,196,0.8138,0.8136,0.8109,0.9748
66,72,199,0.8211,0.9822,0.975,0.806
67,72,202,0.9722,0.9723,0.9721,0.9719
68,72,205,0.9718,0.9697,0.9776,0.9675
69,72,208,0.8142,0.6576,0.9695,0.9773
70,72,211,0.6504,0.8161,0.8163,0.9606
71,72,214,0.8161,0.9725,0.6598,0.9678
72,72,217,0.6301,0.8211,0.7673,0.8134
73,72,220,0.8161,0.9745,0.9798,0.5015
74,72,223,0.9721,0.8135,0.6626,0.9667
75,72,226,0.9745,0.9675,0.5015,0.9745
76,72,229,0.9615,0.9749,0.8133,0.811
77,72,232,0.6477,0.9695,0.7797,0.9721
78,72,235,0.9768,0.8138,0.8034,0.8033
79,72,238,0.967,0.6521,0.8186,0.8042
80,72,241,0.97,0.6626,0.6573,0.7795
81,72,244,0.774,0.7694,0.7799,0.8108
82,72,247,0.9693,0.8135,0.6263,0.8185
83,72,250,0.6525,0.8188,0.7691,0.6262
84,72,253,0.8057,0.7823,0.7749,0.9697
85,72,256,0.9725,0.8041,0.5873,0.4626
86,72,259,0.4579,0.6552,0.9721,0.4338
87,72,262,0.5825,0.4629,0.7796,0.7714
88,72,265,0.2312,0.6133,0.965,0.5899
89,72,268,0.9771,0.616,0.6132,0.7796
90,72,271,0.8109,0.975,0.8113,0.9747
91,72,274,0.616,0.811,0.1454,0.2312
92,72,277,0.621,0.5017,0.8083,0.3925
93,72,280,0.8236,0.6188,0.5823,0.3066
94,72,283,0.4238,0.7747,0.6182,0.7724
95,72,286,0.7721,0.9746,0.5872,0.4626
96,72,289,0.4652,0.7873,0.9719,0.7701
97,72,292,0,0.4238,0.8188,0.4192
98,72,295,0.6531,0.3874,0.2653,0.6598
99,72,298,0.4161,0.1922,0.6575,0.1975
,Dataset#,L,att_1,att_2,att_3,att_4
0,73,1,0.9229,0.9218,0.9212,0.9303
1,73,4,0.9493,0.9514,0.9471,0.9444
2,73,7,0.9505,0.9654,0.9626,0.9653
3,73,10,0.9648,0.9606,0.962,0.9648
4,73,13,0.9649,0.9652,0.9646,0.9724
5,73,16,0.9672,0.9676,0.9695,0.9654
6,73,19,0.9619,0.9628,0.9649,0.9576
7,73,22,0.9645,0.9649,0.9527,0.9673
8,73,25,0.9458,0.965,0.9625,0.9573
9,73,28,0.9489,0.9678,0.96,0.9599
10,73,31,0.9676,0.9573,0.9599,0.9697
11,73,34,0.9599,0.9654,0.9697,0.9673
12,73,37,0.9548,0.9578,0.9697,0.9601
13,73,40,0.9506,0.9501,0.9627,0.9699
14,73,43,0.9506,0.9749,0.9574,0.9549
15,73,46,0.9579,0.9626,0.9629,0.9546
16,73,49,0.9653,0.9602,0.9675,0.9576
17,73,52,0.96,0.9576,0.9698,0.9652
18,73,55,0.9699,0.9651,0.9625,0.9552
19,73,58,0.9646,0.9673,0.9558,0.9558
20,73,61,0.9493,0.9657,0.9673,0.9485
21,73,64,0.9746,0.9619,0.9625,0.967
22,73,67,0.957,0.965,0.9627,0.965
23,73,70,0.9623,0.9701,0.967,0.9556
24,73,73,0.9627,0.9681,0.9677,0.9552
25,73,76,0.9626,0.9649,0.9697,0.9625
26,73,79,0.9536,0.97,0.9721,0.9597
27,73,82,0.9522,0.963,0.9527,0.965
28,73,85,0.9623,0.962,0.9598,0.9527
29,73,88,0.95,0.9628,0.9651,0.9462
30,73,91,0.9578,0.9671,0.9571,0.9723
31,73,94,0.938,0.9601,0.972,0.9502
32,73,97,0.9701,0.9472,0.9653,0.9702
33,73,100,0.9649,0.9554,0.9652,0.9698
34,73,103,0.9696,0.9626,0.9481,0.9647
35,73,106,0.9605,0.9442,0.9507,0.9535
36,73,109,0.9673,0.9457,0.9648,0.9549
37,73,112,0.9701,0.9601,0.9531,0.9649
38,73,115,0.9624,0.9632,0.9504,0.9597
39,73,118,0.9384,0.9576,0.967,0.9531
40,73,121,0.9457,0.9502,0.9573,0.9526
41,73,124,0.9486,0.9599,0.9726,0.9521
42,73,127,0.9624,0.9624,0.9552,0.9604
43,73,130,0.9467,0.9574,0.9556,0.9556
44,73,133,0.9675,0.9653,0.9483,0.9671
45,73,136,0.9602,0.9527,0.9421,0.9537
46,73,139,0.963,0.9573,0.9676,0.9476
47,73,142,0.952,0.9599,0.9603,0.9513
48,73,145,0.9617,0.9505,0.9679,0.9557
49,73,148,0.9557,0.8064,0.9624,0.9653
50,73,151,0.9479,0.9511,0.9698,0.9595
51,73,154,0.9649,0.9585,0.9528,0.9703
52,73,157,0.9574,0.9604,0.9597,0.9601
53,73,160,0.9509,0.9578,0.9523,0.965
54,73,163,0.9628,0.97,0.9673,0.9574
55,73,166,0.9672,0.7964,0.9576,0.945
56,73,169,0.963,0.9624,0.9578,0.9554
57,73,172,0.958,0.9581,0.9555,0.945
58,73,175,0.9595,0.9428,0.9625,0.9629
59,73,178,0.9574,0.9571,0.9654,0.9531
60,73,181,0.9566,0.9526,0.97,0.9519
61,73,184,0.9536,0.9578,0.9607,0.9548
62,73,187,0.9599,0.9574,0.9547,0.9488
63,73,190,0.9533,0.944,0.953,0.9551
64,73,193,0.9623,0.9547,0.9597,0.9361
65,73,196,0.9571,0.9649,0.9602,0.9698
66,73,199,0.9672,0.9576,0.9625,0.9649
67,73,202,0.9577,0.9591,0.9567,0.9649
68,73,205,0.9434,0.9502,0.9618,0.9653
69,73,208,0.9675,0.9601,0.7722,0.7649
70,73,211,0.9555,0.767,0.9488,0.9568
71,73,214,0.9651,0.7652,0.9695,0.9545
72,73,217,0.9674,0.9625,0.9557,0.9592
73,73,220,0.965,0.9696,0.9552,0.7839
74,73,223,0.9568,0.9745,0.95,0.7701
75,73,226,0.9669,0.9669,0.9511,0.9547
76,73,229,0.9499,0.7532,0.9551,0.9591
77,73,232,0.9542,0.9696,0.9623,0.9581
78,73,235,0.7719,0.7657,0.9622,0.9544
79,73,238,0.9604,0.9585,0.9529,0.7777
80,73,241,0.9596,0.9524,0.8067,0.5718
81,73,244,0.5731,0.9578,0.7752,0.7728
82,73,247,0.9595,0.9547,0.7466,0.7672
83,73,250,0.9644,0.9674,0.9577,0.9517
84,73,253,0.7554,0.76,0.7653,0.9625
85,73,256,0.9385,0.5726,0.7605,0.7698
86,73,259,0.3846,0.7703,0.5776,0.9675
87,73,262,0.7654,0.7577,0.9556,0.7634
88,73,265,0.3925,0.6181,0.5777,0.19
89,73,268,0.6034,0.5731,0.7561,0.7777
90,73,271,0.5624,0.5631,0.3803,0.9595
91,73,274,0.5925,0.9424,0.5676,0.5777
92,73,277,0.5749,0.5744,0.5749,0.5803
93,73,280,0.377,0.7611,0.221,0.5571
94,73,283,0.6167,0.7576,0.5671,0.7649
95,73,286,0.3877,0.3781,0.5725,0.5657
96,73,289,0.3875,0.3731,0.7671,0.5772
97,73,292,0.5684,0.5697,0.7746,0.5752
98,73,295,0.5796,0.7622,0.3821,0.3674
99,73,298,0.421,0.3874,0.5687,0.1949
,Dataset#,L,att_1,att_2,att_3,att_4
0,74,1,0.9312,0.942,0.9402,0.9337
1,74,4,0.958,0.9509,0.9424,0.9534
2,74,7,0.9652,0.9623,0.9509,0.9626
3,74,10,0.9747,0.9578,0.9625,0.9699
4,74,13,0.9525,0.9626,0.9723,0.9649
5,74,16,0.97,0.9725,0.9675,0.9576
6,74,19,0.9723,0.9699,0.9725,0.9652
7,74,22,0.9725,0.9674,0.9627,0.9673
8,74,25,0.9772,0.97,0.9645,0.9747
9,74,28,0.9484,0.9773,0.9747,0.9748
10,74,31,0.9725,0.9722,0.9748,0.9747
11,74,34,0.9775,0.9672,0.9799,0.98
12,74,37,0.9652,0.9699,0.9773,0.9577
13,74,40,0.9796,0.9723,0.9773,0.9752
14,74,43,0.98,0.9774,0.9698,0.9752
15,74,46,0.975,0.9723,0.9775,0.9697
16,74,49,0.9798,0.9699,0.9773,0.9697
17,74,52,0.9773,0.97,0.9823,0.9699
18,74,55,0.9697,0.9648,0.9699,0.9773
19,74,58,0.9749,0.9701,0.9772,0.9699
20,74,61,0.9774,0.9747,0.9701,0.9751
21,74,64,0.9773,0.9726,0.9749,0.9747
22,74,67,0.9798,0.9849,0.9799,0.9801
23,74,70,0.9774,0.9773,0.985,0.9798
24,74,73,0.972,0.9703,0.9775,0.98
25,74,76,0.9751,0.9771,0.9727,0.9722
26,74,79,0.9701,0.9773,0.9747,0.9776
27,74,82,0.9798,0.9722,0.9727,0.98
28,74,85,0.9822,0.9823,0.9723,0.9775
29,74,88,0.9774,0.9772,0.9774,0.9696
30,74,91,0.9772,0.9747,0.9799,0.9746
31,74,94,0.9773,0.9724,0.9726,0.9723
32,74,97,0.9702,0.9751,0.9744,0.9798
33,74,100,0.9748,0.9745,0.9824,0.9799
34,74,103,0.9773,0.9724,0.9751,0.9796
35,74,106,0.9723,0.9749,0.9608,0.966
36,74,109,0.9773,0.9707,0.98,0.9718
37,74,112,0.9771,0.9824,0.975,0.9775
38,74,115,0.9796,0.9798,0.9749,0.9774
39,74,118,0.9775,0.9798,0.9825,0.975
40,74,121,0.9726,0.9775,0.9777,0.9799
41,74,124,0.9727,0.9676,0.9697,0.9774
42,74,127,0.9749,0.9747,0.9823,0.9724
43,74,130,0.9773,0.975,0.9749,0.9775
44,74,133,0.9609,0.9823,0.9823,0.9775
45,74,136,0.9775,0.9701,0.9751,0.9722
46,74,139,0.9776,0.9724,0.9749,0.9775
47,74,142,0.9702,0.9748,0.9775,0.9797
48,74,145,0.9697,0.9675,0.9703,0.9819
49,74,148,0.9747,0.9777,0.9749,0.9654
50,74,151,0.9726,0.9824,0.9728,0.9798
51,74,154,0.9746,0.9798,0.9773,0.9725
52,74,157,0.9749,0.9735,0.9726,0.9825
53,74,160,0.9801,0.9749,0.9746,0.9725
54,74,163,0.9701,0.9775,0.9749,0.9797
55,74,166,0.9825,0.9773,0.7849,0.9775
56,74,169,0.9797,0.9797,0.9824,0.9771
57,74,172,0.9724,0.9722,0.9717,0.98
58,74,175,0.7845,0.7823,0.9774,0.7875
59,74,178,0.9665,0.78,0.595,0.7899
60,74,181,0.9747,0.9824,0.9798,0.9775
61,74,184,0.955,0.5806,0.975,0.9849
62,74,187,0.9774,0.9721,0.9725,0.9727
63,74,190,0.971,0.9801,0.9722,0.9799
64,74,193,0.7823,0.9825,0.9778,0.7772
65,74,196,0.9776,0.9729,0.7773,0.9747
66,74,199,0.78,0.9746,0.7823,0.9825
67,74,202,0.7824,0.9726,0.9774,0.9796
68,74,205,0.975,0.7794,0.9775,0.9775
69,74,208,0.9718,0.9772,0.7775,0.9824
70,74,211,0.7704,0.9771,0.97,0.7798
71,74,214,0.9825,0.9775,0.9721,0.9698
72,74,217,0.9799,0.9825,0.9654,0.7847
73,74,220,0.9771,0.7799,0.7899,0.98
74,74,223,0.7849,0.9704,0.9775,0.7799
75,74,226,0.9725,0.7849,0.7801,0.9398
76,74,229,0.9729,0.7825,0.7799,0.9771
77,74,232,0.9751,0.9751,0.7797,0.7875
78,74,235,0.9701,0.7874,0.7798,0.7776
79,74,238,0.7775,0.9823,0.9796,0.7823
80,74,241,0.9749,0.7678,0.7751,0.9798
81,74,244,0.7801,0.9849,0.595,0.5876
82,74,247,0.7823,0.9822,0.9725,0.9822
83,74,250,0.9824,0.7799,0.9772,0.7874
84,74,253,0.9705,0.9681,0.9748,0.7776
85,74,256,0.9708,0.9775,0.7824,0.9873
86,74,259,0.5799,0.5925,0.9776,0.7797
87,74,262,0.6166,0.373,0.5823,0.9723
88,74,265,0.1975,0.9699,0.7849,0.9701
89,74,268,0.3875,0.5873,0.7773,0.5824
90,74,271,0.2314,0.5832,0.7743,0.957
91,74,274,0.5798,0.79,0.595,0.3799
92,74,277,0.6051,0.1895,0.9825,0.59
93,74,280,0.5875,0.6185,0.19,0.9776
94,74,283,0.9825,0.7875,0.5825,0.5875
95,74,286,0.3873,0.3975,0.5875,0.7751
96,74,289,0.7872,0.7801,0.5925,0.1975
97,74,292,0.5849,0.595,0.5874,0.7368
98,74,295,0.595,0.2314,0.4338,0.7773
99,74,298,0.423,0.3925,0.1924,0.7822
,Dataset#,L,att_1,att_2,att_3,att_4
0,75,1,0.7464,0.7393,0.7473,0.7486
1,75,4,0.7983,0.8026,0.7825,0.7949
2,75,7,0.7983,0.8045,0.7948,0.8057
3,75,10,0.7985,0.8096,0.7974,0.7947
4,75,13,0.8102,0.8084,0.7968,0.8009
5,75,16,0.8033,0.7945,0.7973,0.8049
6,75,19,0.8098,0.8156,0.7927,0.806
7,75,22,0.7949,0.8029,0.7997,0.7977
8,75,25,0.804,0.7992,0.801,0.7975
9,75,28,0.8052,0.8041,0.7975,0.7901
10,75,31,0.8026,0.7908,0.7906,0.8055
11,75,34,0.8154,0.7927,0.8008,0.795
12,75,37,0.7257,0.7986,0.7882,0.8155
13,75,40,0.8155,0.8127,0.7902,0.8059
14,75,43,0.8121,0.806,0.8034,0.7951
15,75,46,0.8035,0.8013,0.8053,0.8093
16,75,49,0.8047,0.7982,0.8015,0.8051
17,75,52,0.8026,0.7948,0.7938,0.8101
18,75,55,0.8032,0.7965,0.7931,0.8008
19,75,58,0.7961,0.8051,0.8018,0.7968
20,75,61,0.8055,0.7932,0.7934,0.7927
21,75,64,0.8078,0.8066,0.8099,0.8116
22,75,67,0.7955,0.7985,0.8136,0.8122
23,75,70,0.787,0.7863,0.7977,0.7961
24,75,73,0.7956,0.8154,0.808,0.8013
25,75,76,0.8056,0.7259,0.8057,0.7828
26,75,79,0.7931,0.7986,0.7897,0.7944
27,75,82,0.8047,0.8015,0.8092,0.8002
28,75,85,0.7969,0.8,0.8033,0.7965
29,75,88,0.7836,0.7995,0.7961,0.7934
30,75,91,0.7975,0.7994,0.7926,0.7927
31,75,94,0.7969,0.7927,0.7983,0.7942
32,75,97,0.7973,0.7961,0.7982,0.8197
33,75,100,0.7938,0.7886,0.7871,0.7929
34,75,103,0.7962,0.8022,0.8064,0.7913
35,75,106,0.7239,0.8164,0.7902,0.793
36,75,109,0.8004,0.7915,0.7966,0.7844
37,75,112,0.8121,0.8027,0.8046,0.8054
38,75,115,0.794,0.8099,0.788,0.8086
39,75,118,0.8134,0.783,0.7999,0.8065
40,75,121,0.8179,0.8035,0.8059,0.7892
41,75,124,0.8006,0.7995,0.7883,0.8062
42,75,127,0.796,0.8106,0.8128,0.8065
43,75,130,0.8097,0.7956,0.7968,0.7913
44,75,133,0.7958,0.7965,0.8074,0.7904
45,75,136,0.7858,0.8167,0.7962,0.7942
46,75,139,0.7916,0.8005,0.7966,0.8027
47,75,142,0.803,0.7962,0.7972,0.7965
48,75,145,0.8125,0.7982,0.8049,0.8046
49,75,148,0.8016,0.8021,0.8109,0.7976
50,75,151,0.794,0.7988,0.8002,0.8082
51,75,154,0.7886,0.7937,0.8071,0.8105
52,75,157,0.8066,0.7778,0.8055,0.8047
53,75,160,0.7936,0.8118,0.7981,0.798
54,75,163,0.7954,0.8026,0.8021,0.7947
55,75,166,0.8113,0.7979,0.7976,0.7924
56,75,169,0.8047,0.7929,0.7949,0.8044
57,75,172,0.7935,0.7906,0.7994,0.8077
58,75,175,0.7922,0.7891,0.8043,0.795
59,75,178,0.8224,0.7916,0.7953,0.8085
60,75,181,0.7911,0.7968,0.7971,0.8093
61,75,184,0.7911,0.8027,0.8085,0.7937
62,75,187,0.7942,0.7966,0.8013,0.7507
63,75,190,0.8038,0.7938,0.783,0.8021
64,75,193,0.7961,0.8095,0.7981,0.7771
65,75,196,0.7847,0.8012,0.7899,0.7934
66,75,199,0.792,0.799,0.7899,0.7818
67,75,202,0.8142,0.7227,0.795,0.8001
68,75,205,0.7959,0.7962,0.7843,0.8101
69,75,208,0.8038,0.8042,0.6238,0.8115
70,75,211,0.6391,0.794,0.7527,0.8211
71,75,214,0.7935,0.7997,0.7972,0.8022
72,75,217,0.7922,0.8077,0.8001,0.7957
73,75,220,0.8093,0.7218,0.7194,0.795
74,75,223,0.799,0.7963,0.7913,0.7875
75,75,226,0.6238,0.8014,0.8051,0.4686
76,75,229,0.805,0.8076,0.8227,0.7874
77,75,232,0.6274,0.6426,0.7986,0.7878
78,75,235,0.8027,0.7939,0.7942,0.6444
79,75,238,0.4013,0.7982,0.7307,0.6424
80,75,241,0.6385,0.6269,0.8165,0.6543
81,75,244,0.4705,0.7851,0.7936,0.4738
82,75,247,0.6308,0.8063,0.8095,0.6447
83,75,250,0.7929,0.7877,0.7995,0.7874
84,75,253,0.8012,0.7993,0.8,0.6484
85,75,256,0.8038,0.7993,0.7957,0.7982
86,75,259,0.6419,0.7948,0.6352,0.6275
87,75,262,0.8106,0.794,0.6362,0.7954
88,75,265,0.7838,0.4833,0.7985,0.4763
89,75,268,0.7927,0.8033,0.7945,0.7082
90,75,271,0.7909,0.4839,0.6339,0.6459
91,75,274,0.6235,0.6296,0.7808,0.488
92,75,277,0.3114,0.7892,0.6245,0.5709
93,75,280,0.801,0.6139,0.8005,0.6497
94,75,283,0.7974,0.6388,0.7895,0.4697
95,75,286,0.4758,0.3067,0.7215,0.633
96,75,289,0.6437,0.5552,0.4604,0.8049
97,75,292,0.3193,0.804,0.6478,0.4833
98,75,295,0.6369,0.7862,0.4657,0.4124
99,75,298,0.6432,0.5526,0.6382,0.4877
,Dataset#,L,att_1,att_2,att_3,att_4
0,76,1,0.825,0.8179,0.8309,0.8138
1,76,4,0.8233,0.815,0.8269,0.8211
2,76,7,0.7979,0.8181,0.7993,0.806
3,76,10,0.8114,0.8079,0.8096,0.7871
4,76,13,0.8035,0.799,0.8187,0.803
5,76,16,0.8098,0.7947,0.79,0.7905
6,76,19,0.8032,0.8054,0.8019,0.8133
7,76,22,0.8033,0.7977,0.8039,0.7939
8,76,25,0.7927,0.8098,0.7914,0.8141
9,76,28,0.802,0.7976,0.7965,0.7911
10,76,31,0.7872,0.7963,0.8184,0.7887
11,76,34,0.8052,0.7819,0.7943,0.7887
12,76,37,0.7979,0.799,0.7963,0.8073
13,76,40,0.7971,0.7977,0.7858,0.7997
14,76,43,0.781,0.7948,0.7793,0.8058
15,76,46,0.7816,0.8077,0.7841,0.7831
16,76,49,0.7962,0.8163,0.7777,0.799
17,76,52,0.813,0.799,0.7943,0.8149
18,76,55,0.7887,0.7957,0.7929,0.7895
19,76,58,0.7865,0.7999,0.7739,0.791
20,76,61,0.7884,0.78,0.7835,0.7961
21,76,64,0.8,0.8076,0.7838,0.797
22,76,67,0.7862,0.7846,0.7964,0.7811
23,76,70,0.7792,0.7935,0.7732,0.8246
24,76,73,0.8079,0.806,0.7814,0.798
25,76,76,0.8034,0.7762,0.7941,0.7631
26,76,79,0.8149,0.7976,0.7849,0.7959
27,76,82,0.8025,0.7712,0.7993,0.7685
28,76,85,0.7821,0.7965,0.7877,0.7955
29,76,88,0.7989,0.7881,0.8112,0.794
30,76,91,0.7735,0.8009,0.7849,0.7856
31,76,94,0.7604,0.7733,0.8056,0.7851
32,76,97,0.7972,0.7903,0.8048,0.778
33,76,100,0.7903,0.7786,0.7879,0.7882
34,76,103,0.7933,0.7825,0.8028,0.7852
35,76,106,0.793,0.7703,0.7937,0.7811
36,76,109,0.78,0.7917,0.7904,0.7741
37,76,112,0.7815,0.8004,0.7861,0.7858
38,76,115,0.7983,0.7765,0.7719,0.7548
39,76,118,0.778,0.7886,0.7718,0.7925
40,76,121,0.805,0.7845,0.7984,0.7873
41,76,124,0.7795,0.7759,0.8,0.7889
42,76,127,0.8109,0.7888,0.7956,0.7852
43,76,130,0.7959,0.794,0.7717,0.8025
44,76,133,0.787,0.7865,0.7977,0.7878
45,76,136,0.8008,0.7907,0.7793,0.7904
46,76,139,0.7728,0.7894,0.7768,0.7856
47,76,142,0.7727,0.7777,0.806,0.7787
48,76,145,0.7851,0.7736,0.7995,0.7723
49,76,148,0.7982,0.76,0.7896,0.7819
50,76,151,0.7953,0.7894,0.7943,0.7881
51,76,154,0.7937,0.7863,0.78,0.7837
52,76,157,0.7857,0.7796,0.768,0.7701
53,76,160,0.7909,0.7777,0.7811,0.7754
54,76,163,0.7846,0.7723,0.7811,0.7946
55,76,166,0.7799,0.7507,0.7725,0.8
56,76,169,0.7959,0.7874,0.7737,0.7763
57,76,172,0.7716,0.7853,0.7924,0.7781
58,76,175,0.7654,0.7766,0.7699,0.7806
59,76,178,0.7816,0.7812,0.7927,0.7748
60,76,181,0.7783,0.7894,0.7687,0.7803
61,76,184,0.7918,0.77,0.7769,0.7415
62,76,187,0.8098,0.7814,0.7958,0.7846
63,76,190,0.7855,0.7786,0.8008,0.7815
64,76,193,0.7767,0.7869,0.8004,0.7741
65,76,196,0.8027,0.7915,0.7828,0.7848
66,76,199,0.7852,0.7752,0.8035,0.7801
67,76,202,0.7845,0.7812,0.78,0.7896
68,76,205,0.7918,0.7733,0.7596,0.6176
69,76,208,0.7854,0.7814,0.7647,0.7878
70,76,211,0.7831,0.789,0.7645,0.7975
71,76,214,0.7848,0.7837,0.6302,0.7744
72,76,217,0.6321,0.6175,0.7917,0.4711
73,76,220,0.7804,0.7957,0.7774,0.7684
74,76,223,0.6128,0.7683,0.7518,0.7805
75,76,226,0.6304,0.7914,0.6354,0.6192
76,76,229,0.7986,0.6271,0.6037,0.7863
77,76,232,0.7702,0.6239,0.7693,0.6176
78,76,235,0.7785,0.7708,0.7839,0.6111
79,76,238,0.7904,0.6256,0.7719,0.4774
80,76,241,0.6244,0.6088,0.7694,0.6239
81,76,244,0.7721,0.618,0.6286,0.7799
82,76,247,0.6249,0.7219,0.7845,0.8001
83,76,250,0.473,0.7675,0.7747,0.309
84,76,253,0.6134,0.7708,0.7485,0.624
85,76,256,0.3168,0.4651,0.6241,0.7719
86,76,259,0.4726,0.6188,0.7556,0.4619
87,76,262,0.7906,0.3013,0.6287,0.2913
88,76,265,0.6323,0.6213,0.6128,0.6327
89,76,268,0.6189,0.3178,0.6009,0.4628
90,76,271,0.3066,0.4599,0.3078,0.6175
91,76,274,0.6129,0.3245,0.6429,0.4772
92,76,277,0.6197,0.3168,0.6362,0.614
93,76,280,0.3165,0.6274,0.6235,0.7689
94,76,283,0.6328,0.4622,0.4712,0.6277
95,76,286,0.1357,0.4619,0,0.3178
96,76,289,0.3191,0.6362,0.4689,0.3138
97,76,292,0.4533,0.3114,0.4677,0.4941
98,76,295,0.4681,0.636,0.6152,0.3133
99,76,298,0.4625,0.2924,0.3117,0.7736
,Dataset#,L,att_1,att_2,att_3,att_4
0,77,1,0.8189,0.8137,0.8118,0.8188
1,77,4,0.8582,0.8568,0.8526,0.8707
2,77,7,0.8569,0.8547,0.8576,0.8635
3,77,10,0.8603,0.8579,0.8553,0.8607
4,77,13,0.8588,0.8586,0.8526,0.8721
5,77,16,0.8589,0.8626,0.8644,0.8585
6,77,19,0.8645,0.856,0.8514,0.8576
7,77,22,0.7903,0.7939,0.7756,0.7724
8,77,25,0.7843,0.7659,0.5814,0.8829
9,77,28,0.794,0.9124,0.7823,0.6979
10,77,31,0.7922,0.7947,0.8946,0.6919
11,77,34,0.7917,0.8886,0.6047,0.6895
12,77,37,0.7882,0.8946,0.4966,0.8876
13,77,40,0.9215,0.5956,0.8101,0.7836
14,77,43,0.7085,0.9008,0.9181,0.7759
15,77,46,0.6784,0.7954,0.6971,0.8106
16,77,49,0.8144,0.596,0.8145,0.7674
17,77,52,0.6801,0.4847,0.5986,0.8257
18,77,55,0.6779,0.7811,0.7119,0.8066
19,77,58,0.6972,0.808,0.8166,0.9292
20,77,61,0.7058,0.6849,0.7335,0.9136
21,77,64,0.921,0.6941,0.7001,0.7952
22,77,67,0.7959,0.7175,0.8288,0.6166
23,77,70,0.7845,0.7753,0.8112,0.7191
24,77,73,0.5836,0.9215,0.7948,0.7218
25,77,76,0.6018,0.6127,0.7141,0.8083
26,77,79,0.5898,0.7141,0.6007,0.6949
27,77,82,0.8243,0.7001,0.6918,0.7201
28,77,85,0.707,0.8084,0.5948,0.8014
29,77,88,0.923,0.7939,0.9335,0.819
30,77,91,0.9215,0.7026,0.8253,0.7157
31,77,94,0.7028,0.6743,0.6834,0.6028
32,77,97,0.6844,0.613,0.6063,0.5794
33,77,100,0.929,0.5913,0.5968,0.7836
34,77,103,0.7996,0.6038,0.8901,0.8014
35,77,106,0.7155,0.5949,0.6717,0.5881
36,77,109,0.8095,0.7049,0.7086,0.8815
37,77,112,0.7102,0.8264,0.7,0.5993
38,77,115,0.8799,0.8324,0.6001,0.4781
39,77,118,0.5734,0.782,0.8126,0.5864
40,77,121,0.4874,0.9143,0.7059,0.7013
41,77,124,0.7164,0.5,0.7938,0.5875
42,77,127,0.7742,0.7976,0.9071,0.6992
43,77,130,0.6007,0.5207,0.795,0.7167
44,77,133,0.5865,0.6976,0.5875,0.5991
45,77,136,0.6065,0.8193,0.8199,0.5806
46,77,139,0.3102,0.6013,0.8195,0.6957
47,77,142,0.8903,0.6981,0.7155,0.6991
48,77,145,0.3882,0.6945,0.7931,0.584
49,77,148,0.8064,0.7123,0.5216,0.5946
50,77,151,0.6352,0.5878,0.421,0.692
51,77,154,0.3363,0.827,0.5732,0.5999
52,77,157,0.796,0.8153,0.415,0.8215
53,77,160,0.4779,0.7039,0.4247,0.423
54,77,163,0.5837,0.4948,0.6122,0.602
55,77,166,0.702,0.6955,0.7127,0.634
56,77,169,0.7144,0.7238,0.2334,0.5924
57,77,172,0.7056,0.7131,0.7182,0.5242
58,77,175,0.7162,0.5777,0.5232,0.5901
59,77,178,0.711,0.5995,0.7088,0.5197
60,77,181,0.7191,0.5733,0.5756,0.5955
61,77,184,0.6264,0.6025,0.6173,0.4988
62,77,187,0.4207,0.6183,0.4358,0.4453
63,77,190,0.6788,0.8039,0.694,0.4186
64,77,193,0.6052,0.4513,0.5847,0.752
65,77,196,0.4136,0.712,0.5303,0.7179
66,77,199,0.4881,0.7136,0.7124,0.6198
67,77,202,0.5165,0.5249,0.3103,0.5187
68,77,205,0.4946,0.7085,0.4442,0.6123
69,77,208,0.4409,0.8255,0.4114,0.5234
70,77,211,0.5591,0.6282,0.417,0.6022
71,77,214,0.7478,0.4187,0.3413,0.3103
72,77,217,0.3459,0.5146,0.502,0.4976
73,77,220,0.3108,0.6018,0.4891,0.4431
74,77,223,0.5231,0.6349,0.6336,0.4361
75,77,226,0.6022,0.8178,0.736,0.4948
76,77,229,0.6314,0.6045,0.6877,0.4232
77,77,232,0.7198,0.6081,0.4459,0.3386
78,77,235,0.701,0.6227,0.4918,0.733
79,77,238,0.7884,0.7142,0.5214,0.6006
80,77,241,0.6383,0.424,0.5912,0.4983
81,77,244,0.4552,0.6,0.4442,0.2334
82,77,247,0.6947,0.6888,0.6018,0.5223
83,77,250,0.8089,0.5295,0.61,0.5334
84,77,253,0.5171,0.5288,0.3882,0.262
85,77,256,0.477,0.3331,0.3882,0.7389
86,77,259,0.5561,0.3108,0.41,0.5329
87,77,262,0.4199,0.4064,0.519,0.7111
88,77,265,0.6319,0.6093,0.5886,0.5264
89,77,268,0.4965,0.7126,0.2544,0.4472
90,77,271,0.7388,0.5906,0.6404,0.4971
91,77,274,0.4152,0.7054,0.8192,0.6183
92,77,277,0.6376,0.6964,0.9176,0.5278
93,77,280,0.1555,0.5086,0.3103,0.5204
94,77,283,0.3344,0.5999,0.4406,0.8207
95,77,286,0.4528,0.698,0.5084,0.3102
96,77,289,0.6009,0.6084,0.522,0.6003
97,77,292,0.3108,0.7431,0.4924,0.5182
98,77,295,0.3882,0.3882,0.329,0.8004
99,77,298,0.501,0.2328,0.4868,0.3108
,Dataset#,L,att_1,att_2,att_3,att_4
0,78,1,0.4312,0.429,0.4285,0.4334
1,78,4,0.4446,0.4468,0.4427,0.4485
2,78,7,0.4408,0.4326,0.4447,0.4491
3,78,10,0.4294,0.4327,0.4461,0.4338
4,78,13,0.4455,0.4511,0.4377,0.4332
5,78,16,0.4469,0.4665,0.4268,0.4317
6,78,19,0.4414,0.4431,0.4283,0.4363
7,78,22,0.4401,0.4427,0.4468,0.4455
8,78,25,0.4104,0.4274,0.3965,0.3689
9,78,28,0.433,0.4008,0.3983,0.3806
10,78,31,0.4205,0.424,0.3928,0.4009
11,78,34,0.3659,0.3442,0.4156,0.4058
12,78,37,0.4509,0.3838,0.3976,0.3705
13,78,40,0.4219,0.4538,0.4386,0.366
14,78,43,0.3982,0.4564,0.4193,0.4093
15,78,46,0.4151,0.4409,0.3819,0.4087
16,78,49,0.4221,0.3888,0.407,0.4059
17,78,52,0.3405,0.4524,0.3419,0.3726
18,78,55,0.4035,0.419,0.401,0.4316
19,78,58,0.3338,0.3945,0.3881,0.3658
20,78,61,0.3908,0.3941,0.3779,0.2953
21,78,64,0.404,0.382,0.4031,0.385
22,78,67,0.3256,0.3724,0.328,0.4446
23,78,70,0.3111,0.386,0.4467,0.3857
24,78,73,0.4377,0.3884,0.4146,0.3416
25,78,76,0.377,0.4026,0.3293,0.3655
26,78,79,0.3748,0.3758,0.4065,0.2677
27,78,82,0.3885,0.3456,0.3431,0.3715
28,78,85,0.3784,0.3676,0.3669,0.411
29,78,88,0.4206,0.4169,0.4033,0.3895
30,78,91,0.3824,0.3638,0.3035,0.3745
31,78,94,0.3644,0.3413,0.4085,0.4132
32,78,97,0.3398,0.3349,0.3426,0.3479
33,78,100,0.2925,0.3309,0.3674,0.3752
34,78,103,0.3757,0.4264,0.3607,0.335
35,78,106,0.3478,0.3337,0.3459,0.3752
36,78,109,0.3556,0.3242,0.4124,0.3261
37,78,112,0.3389,0.4433,0.3347,0.3784
38,78,115,0.3977,0.4096,0.4522,0.3126
39,78,118,0.3697,0.3903,0.4021,0.3486
40,78,121,0.2677,0.362,0.3606,0.3131
41,78,124,0.4182,0.2904,0.3136,0.4011
42,78,127,0.357,0.4079,0.3395,0.3179
43,78,130,0.3495,0.3108,0.4497,0.376
44,78,133,0.4045,0.3483,0.3721,0.3611
45,78,136,0.3394,0.3676,0.3486,0.4065
46,78,139,0.3755,0.4503,0.3918,0.3072
47,78,142,0.3651,0.3671,0.4424,0.345
48,78,145,0.3327,0.431,0.2677,0.4379
49,78,148,0.3019,0.3693,0.3793,0.3459
50,78,151,0.3402,0.2994,0.3889,0.3823
51,78,154,0.3704,0.3378,0.3869,0.3771
52,78,157,0.3388,0.3329,0.3587,0.3083
53,78,160,0.4339,0.33,0.3814,0.2947
54,78,163,0.3439,0.408,0.384,0.4272
55,78,166,0.377,0.4189,0.3556,0.3838
56,78,169,0.3794,0.3534,0.4023,0.407
57,78,172,0.354,0.4209,0.3784,0.3078
58,78,175,0.3941,0.4134,0.3858,0.3244
59,78,178,0.337,0.3396,0.3746,0.3629
60,78,181,0.2997,0.3689,0.3013,0.4067
61,78,184,0.3401,0.4075,0.2677,0.3777
62,78,187,0.3662,0.3703,0.4366,0.3646
63,78,190,0.3698,0.4018,0.4273,0.3613
64,78,193,0.3675,0.3544,0.3894,0.4098
65,78,196,0.4049,0.3687,0.2677,0.3661
66,78,199,0.2926,0.3504,0.2677,0.4134
67,78,202,0.2677,0.3473,0.341,0.3813
68,78,205,0.2882,0.3759,0.3562,0.3636
69,78,208,0.3784,0.3804,0.345,0.3266
70,78,211,0.3617,0.3801,0.4525,0.4108
71,78,214,0.3345,0.3357,0.3816,0.3279
72,78,217,0.3175,0.4055,0.4069,0.4526
73,78,220,0.3407,0.3456,0.3626,0.3877
74,78,223,0.3661,0.3939,0.3825,0.4277
75,78,226,0.3041,0.3136,0.2842,0.4222
76,78,229,0.4138,0.3749,0.4115,0.3305
77,78,232,0.418,0.3552,0.344,0.3263
78,78,235,0.2413,0.3607,0.256,0.2557
79,78,238,0.3661,0.3046,0.4394,0.2677
80,78,241,0.2522,0.2982,0.3343,0.2775
81,78,244,0.3178,0.3764,0.2675,0.389
82,78,247,0.4367,0.3451,0.3999,0.3797
83,78,250,0.3096,0.3802,0.4083,0.356
84,78,253,0.3924,0.3771,0.292,0.4478
85,78,256,0.3721,0.2761,0.3872,0.3703
86,78,259,0.2677,0.3017,0.2134,0.3363
87,78,262,0.4272,0.2869,0.334,0.3792
88,78,265,0.2467,0.401,0.4532,0.3062
89,78,268,0.3689,0.3965,0.2846,0.302
90,78,271,0.2511,0.3839,0.2677,0.344
91,78,274,0.2596,0.29,0.358,0.4127
92,78,277,0.3286,0.3754,0.3753,0.2519
93,78,280,0.2677,0.2022,0.3756,0.3717
94,78,283,0.2576,0.29,0.2677,0.2957
95,78,286,0.3816,0.3442,0.3043,0.3709
96,78,289,0.3499,0.3353,0.3004,0.3174
97,78,292,0.2758,0.1835,0.2826,0.1944
98,78,295,0.439,0.267,0.3488,0.3292
99,78,298,0.2853,0.3026,0.3695,0.2969
,Dataset#,L,att_1,att_2,att_3,att_4
0,79,1,0.4883,0.4883,0.4883,0.4883
1,79,4,0.5844,0.5431,0.591,0.5969
2,79,7,0.5969,0.5844,0.5844,0.5964
3,79,10,0.5969,0.5844,0.5844,0.5798
4,79,13,0.5844,0.5798,0.5798,0.5844
5,79,16,0.5844,0.5674,0.5798,0.5844
6,79,19,0.5501,0.5683,0.5844,0.5844
7,79,22,0.5674,0.5844,0.5844,0.5674
8,79,25,0.5331,0.5798,0.5844,0.5674
9,79,28,0.5844,0.5556,0.5285,0.5844
10,79,31,0.5331,0.5798,0.5683,0.5844
11,79,34,0.5844,0.5514,0.5798,0.5501
12,79,37,0.5844,0.5514,0.5468,0.5259
13,79,40,0.5669,0.5637,0.5628,0.5602
14,79,43,0.5226,0.5396,0.5501,0.5396
15,79,46,0.5602,0.5044,0.5099,0.5226
16,79,49,0.5798,0.5441,0.5678,0.5259
17,79,52,0.5683,0.5602,0.5683,0.5683
18,79,55,0.5289,0.5674,0.5798,0.5556
19,79,58,0.5053,0.5681,0.5623,0.5844
20,79,61,0.5674,0.5441,0.5125,0.5053
21,79,64,0.5053,0.534,0.5501,0.5496
22,79,67,0.5602,0.4929,0.5441,0.5637
23,79,70,0.5396,0.5577,0.5798,0.5272
24,79,73,0.5213,0.5226,0.5678,0.5099
25,79,76,0.5602,0.5674,0.4883,0.5556
26,79,79,0.5226,0.4883,0.5053,0.5226
27,79,82,0.5674,0.5294,0.5387,0.5509
28,79,85,0.5582,0.5565,0.5637,0.5285
29,79,88,0.512,0.5044,0.5331,0.5171
30,79,91,0.5752,0.5281,0.4929,0.5053
31,79,94,0.5044,0.5463,0.5479,0.5628
32,79,97,0.4929,0.5053,0.5623,0.5213
33,79,100,0.4929,0.5591,0.5294,0.5125
34,79,103,0.4929,0.509,0.5281,0.5166
35,79,106,0.5441,0.5335,0.5839,0.5213
36,79,109,0.5463,0.509,0.512,0.5556
37,79,112,0.5125,0.5331,0.5632,0.4929
38,79,115,0.5226,0.4929,0.4929,0.5053
39,79,118,0.5166,0.5166,0.5179,0.5752
40,79,121,0.5044,0.4144,0.4929,0.551
41,79,124,0.534,0.431,0.5226,0.5326
42,79,127,0.518,0.535,0.5353,0.5294
43,79,130,0.5757,0.5331,0.5798,0.5053
44,79,133,0.4296,0.3097,0.4149,0.5357
45,79,136,0.3907,0.5387,0.3904,0.5125
46,79,139,0.5222,0.5044,0.5171,0.4883
47,79,142,0.5509,0.518,0.4929,0.518
48,79,145,0.5509,0.5353,0.4068,0.4411
49,79,148,0.4883,0.5286,0.5465,0.4982
50,79,151,0.419,0.5272,0.4144,0.4883
51,79,154,0.4144,0.3907,0.5112,0.509
52,79,157,0.5272,0.5463,0.4144,0.5669
53,79,160,0.4123,0.2931,0.5076,0.5645
54,79,163,0.534,0.518,0.3907,0.5395
55,79,166,0.5459,0.5044,0.5125,0.5623
56,79,169,0.512,0.4077,0.5226,0.4883
57,79,172,0.5294,0.4883,0.3904,0.5285
58,79,175,0.5272,0.5222,0.5143,0.5335
59,79,178,0.5289,0.5632,0.5463,0.512
60,79,181,0.3601,0.5222,0.4318,0.5387
61,79,184,0.4374,0.3465,0.5184,0.509
62,79,187,0.4929,0.5053,0.2931,0.349
63,79,190,0.5044,0.4616,0.299,0.3907
64,79,193,0.3214,0.5441,0.4373,0.5226
65,79,196,0.5409,0.4073,0.512,0.3907
66,79,199,0.5053,0.5103,0.5814,0.509
67,79,202,0.4487,0.4683,0.586,0.3883
68,79,205,0.3271,0.5395,0.5417,0.3936
69,79,208,0.425,0.4942,0.5577,0.5289
70,79,211,0.4064,0.5171,0.4824,0.4635
71,79,214,0.4313,0.535,0.5053,0.3907
72,79,217,0.4883,0.5341,0.5053,0.4144
73,79,220,0.4144,0.4983,0.4204,0.5226
74,79,223,0.5586,0.5226,0.5294,0.4483
75,79,226,0.4361,0.5272,0.419,0.4942
76,79,229,0.4883,0.3718,0.5226,0.4883
77,79,232,0.5179,0.4005,0.5335,0.5463
78,79,235,0.5632,0.4656,0.5226,0.481
79,79,238,0.4883,0.1952,0.3966,0.509
80,79,241,0.5396,0.3907,0.4883,0.4694
81,79,244,0.5053,0.4313,0.4441,0.3225
82,79,247,0.5053,0.512,0.535,0.4077
83,79,250,0.5289,0.3907,0.4313,0.3183
84,79,253,0.4203,0.5272,0.5125,0.5468
85,79,256,0.3551,0.5044,0.4088,0.5098
86,79,259,0.5053,0.4883,0.5112,0.4246
87,79,262,0.5623,0.5053,0.2928,0.5179
88,79,265,0.5349,0.518,0.3907,0.4862
89,79,268,0.535,0.5409,0.5179,0.4825
90,79,271,0.535,0.5586,0.5395,0.5348
91,79,274,0.503,0.3168,0.3907,0.5349
92,79,277,0.2928,0.5226,0.2974,0.2418
93,79,280,0.3904,0.4144,0.5179,0.518
94,79,283,0.4077,0.4382,0.3907,0.4883
95,79,286,0.4883,0.4203,0.3907,0.2121
96,79,289,0.4136,0.3228,0.4204,0.3168
97,79,292,0.3544,0.4221,0.4746,0.4883
98,79,295,0.4883,0.364,0.4132,0.4942
99,79,298,0.3907,0.4816,0.3383,0.5348
,Dataset#,L,att_1,att_2,att_3,att_4
0,80,1,0.979,0.9705,0.9805,0.9819
1,80,4,0.9848,0.9834,0.9849,0.9834
2,80,7,0.9863,0.9846,0.9878,0.9849
3,80,10,0.9863,0.9878,0.9893,0.9878
4,80,13,0.9863,0.9878,0.9878,0.9893
5,80,16,0.9893,0.9877,0.9893,0.9908
6,80,19,0.9893,0.9893,0.9864,0.9908
7,80,22,0.9863,0.9861,0.9847,0.9893
8,80,25,0.9908,0.9877,0.9893,0.9893
9,80,28,0.9893,0.9908,0.9908,0.9893
10,80,31,0.9893,0.9846,0.9878,0.9908
11,80,34,0.9877,0.9878,0.9908,0.9893
12,80,37,0.9878,0.9893,0.9892,0.9877
13,80,40,0.9877,0.9893,0.9908,0.9862
14,80,43,0.9878,0.9893,0.9878,0.9908
15,80,46,0.9863,0.9848,0.9893,0.9893
16,80,49,0.9893,0.9861,0.9893,0.9877
17,80,52,0.9893,0.9864,0.9893,0.9878
18,80,55,0.9846,0.9877,0.9878,0.9892
19,80,58,0.9908,0.9861,0.9908,0.9877
20,80,61,0.9878,0.9863,0.9893,0.9878
21,80,64,0.9893,0.9877,0.9908,0.9893
22,80,67,0.9848,0.9908,0.9878,0.9893
23,80,70,0.9908,0.9893,0.9908,0.9908
24,80,73,0.9878,0.9893,0.9862,0.9878
25,80,76,0.9849,0.9908,0.9893,0.9893
26,80,79,0.9893,0.9878,0.9893,0.9878
27,80,82,0.9893,0.9878,0.9892,0.9908
28,80,85,0.9908,0.9908,0.9893,0.9893
29,80,88,0.9893,0.9893,0.9893,0.9893
30,80,91,0.9848,0.9908,0.9893,0.9908
31,80,94,0.9908,0.9893,0.9878,0.9893
32,80,97,0.9923,0.9861,0.9908,0.9846
33,80,100,0.9908,0.9861,0.9908,0.9893
34,80,103,0.9908,0.9893,0.9908,0.9863
35,80,106,0.7924,0.9878,0.9878,0.9893
36,80,109,0.9878,0.5908,0.7923,0.6424
37,80,112,0.7892,0.9863,0.9878,0.9893
38,80,115,0.9862,0.9893,0.9893,0.9862
39,80,118,0.9878,0.9878,0.7908,0.9878
40,80,121,0.9908,0.9908,0.7877,0.7908
41,80,124,0.7878,0.9908,0.7878,0.9863
42,80,127,0.9893,0.7923,0.9893,0.9878
43,80,130,0.9877,0.9861,0.9861,0.8423
44,80,133,0.7893,0.9908,0.9893,0.6408
45,80,136,0.6438,0.9878,0.9908,0.7924
46,80,139,0.9862,0.7909,0.7939,0.7908
47,80,142,0.9863,0.8377,0.7908,0.8424
48,80,145,0.8409,0.9893,0.9877,0.9893
49,80,148,0.9893,0.7924,0.7909,0.7908
50,80,151,0.7908,0.7939,0.9893,0.7908
51,80,154,0.7939,0.9893,0.9893,0.7908
52,80,157,0.7861,0.7877,0.7908,0.9878
53,80,160,0.9878,0.7908,0.8362,0.9878
54,80,163,0.7908,0.5938,0.8424,0.7894
55,80,166,0.8423,0.6423,0.6408,0.9893
56,80,169,0.9878,0.6424,0.9908,0.9878
57,80,172,0.9862,0.9908,0.9878,0.9908
58,80,175,0.6924,0.7924,0.6423,0.8393
59,80,178,0.6454,0.7924,0.9908,0.8409
60,80,181,0.8409,0.6408,0.8423,0.9893
61,80,184,0.4438,0.8408,0.5954,0.8393
62,80,187,0.7909,0.6424,0.9908,0.9863
63,80,190,0.9908,0.7909,0.7923,0.9545
64,80,193,0.9908,0.8392,0.9893,0.9878
65,80,196,0.9892,0.6939,0.9878,0.9848
66,80,199,0.4424,0.7908,0.5893,0.7923
67,80,202,0.7893,0.6392,0.9862,0.8408
68,80,205,0.6454,0.8408,0.9908,0.9908
69,80,208,0.8377,0.4469,0.9893,0.4938
70,80,211,0.3938,0.6923,0.4469,0.7845
71,80,214,0.5939,0.6909,0.7893,0.8408
72,80,217,0.9908,0.9893,0.9908,0.4485
73,80,220,0.9892,0.6423,0.4454,0.6454
74,80,223,0.3954,0.4969,0.5923,0.5939
75,80,226,0.6438,0.6439,0.5923,0.6424
76,80,229,0.6423,0.7908,0.4938,0.7908
77,80,232,0.8393,0.9892,0.6423,0.7939
78,80,235,0.6455,0.9893,0.4454,0.9893
79,80,238,0.7908,0.7833,0.4939,0.5924
80,80,241,0.7864,0.8378,0.8439,0.5454
81,80,244,0.5939,0.7909,0.7923,0.3939
82,80,247,0.6455,0.4454,0.9908,0.3939
83,80,250,0.4485,0.8378,0.9893,0.547
84,80,253,0.7908,0.6939,0.5908,0.4439
85,80,256,0.4939,0.497,0.6423,0.5954
86,80,259,0.5954,0.3923,0.6409,0.7908
87,80,262,0.7924,0.7893,0.6923,0.9877
88,80,265,0.7909,0.7939,0.7908,0.5893
89,80,268,0.5908,0.9878,0.6954,0.4954
90,80,271,0.05,0.4438,0.647,0.1969
91,80,274,0.2485,0.3954,0.3954,0.9789
92,80,277,0.6439,0.7893,0.3985,0.6454
93,80,280,0.8375,0.5909,0.7908,0.1938
94,80,283,0.25,0.7892,0.4454,0.5954
95,80,286,0.4954,0.447,0.2469,0.6454
96,80,289,0.2485,0.6424,0.4454,0.1985
97,80,292,0.397,0.5938,0.2,0.2485
98,80,295,0.4485,0.5909,0.2485,0.4438
99,80,298,0.5454,0.3969,0.1969,0.4455
,Dataset#,L,att_1,att_2,att_3,att_4
0,81,1,0.9264,0.9062,0.9396,0.9119
1,81,4,0.953,0.9568,0.9539,0.9556
2,81,7,0.9497,0.9539,0.9628,0.9582
3,81,10,0.9619,0.9464,0.9592,0.9496
4,81,13,0.9556,0.9584,0.9485,0.9447
5,81,16,0.9578,0.9654,0.9521,0.923
6,81,19,0.9545,0.9652,0.9594,0.9628
7,81,22,0.957,0.957,0.9616,0.9604
8,81,25,0.9579,0.9628,0.9534,0.9592
9,81,28,0.9555,0.9564,0.9565,0.9604
10,81,31,0.959,0.9544,0.9544,0.9554
11,81,34,0.954,0.9451,0.9617,0.954
12,81,37,0.9639,0.9375,0.9416,0.9465
13,81,40,0.958,0.9582,0.9556,0.9578
14,81,43,0.958,0.9534,0.9528,0.9491
15,81,46,0.9557,0.9592,0.9558,0.9579
16,81,49,0.9569,0.9594,0.9572,0.9337
17,81,52,0.9504,0.9375,0.959,0.9515
18,81,55,0.9555,0.9554,0.9299,0.9543
19,81,58,0.9566,0.9492,0.9544,0.9501
20,81,61,0.9498,0.9476,0.9533,0.9503
21,81,64,0.9522,0.9487,0.9488,0.9444
22,81,67,0.9578,0.9522,0.9497,0.9522
23,81,70,0.9461,0.9519,0.9533,0.9531
24,81,73,0.9529,0.9424,0.9544,0.952
25,81,76,0.9567,0.9473,0.9485,0.9528
26,81,79,0.9525,0.942,0.9567,0.9422
27,81,82,0.9582,0.9427,0.9457,0.9425
28,81,85,0.9569,0.9571,0.9603,0.9483
29,81,88,0.9417,0.9518,0.9531,0.9514
30,81,91,0.9561,0.9516,0.9496,0.9414
31,81,94,0.9496,0.9457,0.9533,0.9533
32,81,97,0.9472,0.9589,0.9494,0.9419
33,81,100,0.9541,0.9543,0.95,0.952
34,81,103,0.9485,0.9453,0.9488,0.9364
35,81,106,0.9518,0.9506,0.9377,0.9372
36,81,109,0.9499,0.94,0.9531,0.9453
37,81,112,0.9441,0.9422,0.958,0.9518
38,81,115,0.9356,0.9492,0.9546,0.9457
39,81,118,0.9504,0.9577,0.9429,0.9483
40,81,121,0.9443,0.9461,0.9328,0.9491
41,81,124,0.9446,0.9471,0.9481,0.9418
42,81,127,0.9462,0.9326,0.9519,0.9267
43,81,130,0.942,0.941,0.9554,0.9265
44,81,133,0.9471,0.932,0.9543,0.9438
45,81,136,0.9555,0.9423,0.9446,0.952
46,81,139,0.9507,0.9564,0.9313,0.9461
47,81,142,0.9271,0.9591,0.9535,0.9464
48,81,145,0.9509,0.9569,0.9456,0.955
49,81,148,0.9552,0.9331,0.9288,0.9404
50,81,151,0.9438,0.9535,0.9471,0.951
51,81,154,0.9483,0.9548,0.9509,0.9419
52,81,157,0.954,0.9518,0.9416,0.9565
53,81,160,0.9474,0.9503,0.9394,0.8735
54,81,163,0.9475,0.9424,0.9441,0.9519
55,81,166,0.9445,0.9502,0.9395,0.9133
56,81,169,0.9434,0.9417,0.9428,0.9419
57,81,172,0.9521,0.9438,0.9504,0.9496
58,81,175,0.9589,0.9551,0.9505,0.9281
59,81,178,0.9468,0.945,0.9373,0.9497
60,81,181,0.9428,0.9401,0.9405,0.9515
61,81,184,0.947,0.9579,0.958,0.9344
62,81,187,0.9308,0.9513,0.9381,0.9393
63,81,190,0.9498,0.9457,0.9392,0.9475
64,81,193,0.9454,0.9467,0.9447,0.9454
65,81,196,0.9425,0.9402,0.9368,0.9045
66,81,199,0.895,0.9556,0.9356,0.9376
67,81,202,0.9441,0.7477,0.9346,0.9413
68,81,205,0.9403,0.951,0.941,0.9363
69,81,208,0.9386,0.9541,0.9454,0.9495
70,81,211,0.9569,0.7461,0.9455,0.9554
71,81,214,0.9425,0.9513,0.9462,0.7434
72,81,217,0.944,0.9367,0.9527,0.946
73,81,220,0.9147,0.929,0.9579,0.9422
74,81,223,0.9472,0.9557,0.9443,0.9364
75,81,226,0.9296,0.9399,0.9544,0.7541
76,81,229,0.9375,0.9339,0.754,0.9417
77,81,232,0.9407,0.938,0.9417,0.7519
78,81,235,0.9268,0.941,0.9482,0.7496
79,81,238,0.9442,0.9487,0.7505,0.9263
80,81,241,0.9454,0.5593,0.9491,0.7513
81,81,244,0.9426,0.7573,0.9506,0.9247
82,81,247,0.9281,0.9544,0.9299,0.9429
83,81,250,0.7564,0.9469,0.5586,0.7539
84,81,253,0.5647,0.9363,0.9479,0.7447
85,81,256,0.7495,0.9353,0.9543,0.7632
86,81,259,0.7701,0.9357,0.7588,0.9373
87,81,262,0.7518,0.5628,0.5714,0.5674
88,81,265,0.7259,0.9432,0.7656,0.7545
89,81,268,0.9477,0.9456,0.7537,0.9352
90,81,271,0.5649,0.7497,0.948,0.5603
91,81,274,0.3859,0.7568,0.7447,0.8044
92,81,277,0.7559,0.5611,0.5678,0.5749
93,81,280,0.752,0.936,0.9422,0.9429
94,81,283,0.9425,0.9445,0.7541,0.9444
95,81,286,0.7043,0.3811,0.3713,0.5797
96,81,289,0.5627,0.5701,0.7581,0.5572
97,81,292,0.7572,0.3773,0.5653,0.7627
98,81,295,0.7397,0.5643,0.3728,0.3725
99,81,298,0.7579,0.9589,0.763,0.381
,Dataset#,L,att_1,att_2,att_3,att_4
0,83,1,0.9878,0.9878,0.9863,0.9845
1,83,4,0.9919,0.9886,0.9877,0.9894
2,83,7,0.9885,0.986,0.9886,0.9853
3,83,10,0.9828,0.9837,0.986,0.9852
4,83,13,0.9852,0.9835,0.9868,0.9877
5,83,16,0.9876,0.9852,0.986,0.986
6,83,19,0.9844,0.9845,0.9852,0.986
7,83,22,0.9868,0.9836,0.986,0.986
8,83,25,0.9902,0.9844,0.9876,0.9769
9,83,28,0.9836,0.986,0.9868,0.9861
10,83,31,0.9852,0.9844,0.9885,0.986
11,83,34,0.9844,0.986,0.9852,0.9885
12,83,37,0.9851,0.9885,0.9868,0.978
13,83,40,0.9877,0.9876,0.9853,0.986
14,83,43,0.9852,0.9877,0.9853,0.986
15,83,46,0.9796,0.9852,0.9869,0.9844
16,83,49,0.9868,0.9869,0.9868,0.9868
17,83,52,0.986,0.986,0.9836,0.9853
18,83,55,0.9851,0.986,0.9852,0.9868
19,83,58,0.986,0.9852,0.9844,0.9868
20,83,61,0.986,0.9844,0.986,0.9868
21,83,64,0.986,0.9885,0.9852,0.9869
22,83,67,0.9844,0.9844,0.9758,0.9869
23,83,70,0.986,0.986,0.9868,0.986
24,83,73,0.9868,0.986,0.9844,0.9844
25,83,76,0.986,0.9852,0.986,0.9852
26,83,79,0.986,0.9844,0.9877,0.9852
27,83,82,0.9868,0.9844,0.9893,0.9852
28,83,85,0.9844,0.9852,0.9852,0.9877
29,83,88,0.9819,0.9852,0.9852,0.9868
30,83,91,0.986,0.9868,0.9852,0.986
31,83,94,0.9885,0.986,0.9876,0.986
32,83,97,0.986,0.986,0.8675,0.9852
33,83,100,0.986,0.9852,0.9876,0.9852
34,83,103,0.9804,0.986,0.9844,0.986
35,83,106,0.986,0.9861,0.9868,0.9853
36,83,109,0.9844,0.986,0.986,0.9868
37,83,112,0.9852,0.986,0.9844,0.986
38,83,115,0.986,0.986,0.9852,0.986
39,83,118,0.9844,0.986,0.986,0.986
40,83,121,0.986,0.9868,0.9868,0.9852
41,83,124,0.986,0.9893,0.9781,0.9852
42,83,127,0.9843,0.986,0.986,0.9852
43,83,130,0.986,0.9852,0.9852,0.986
44,83,133,0.986,0.9852,0.986,0.9868
45,83,136,0.986,0.9844,0.9811,0.9844
46,83,139,0.986,0.9843,0.9877,0.8713
47,83,142,0.9852,0.986,0.9844,0.9876
48,83,145,0.986,0.986,0.9819,0.9851
49,83,148,0.9844,0.9852,0.9852,0.9852
50,83,151,0.9885,0.986,0.9758,0.9869
51,83,154,0.9877,0.986,0.8694,0.986
52,83,157,0.9868,0.986,0.986,0.9852
53,83,160,0.9869,0.9844,0.9852,0.9805
54,83,163,0.9852,0.986,0.9852,0.986
55,83,166,0.986,0.986,0.986,0.9868
56,83,169,0.986,0.986,0.986,0.9835
57,83,172,0.9877,0.9844,0.9828,0.9877
58,83,175,0.9803,0.9868,0.986,0.986
59,83,178,0.9852,0.9765,0.9852,0.9804
60,83,181,0.9851,0.986,0.9835,0.986
61,83,184,0.9885,0.9868,0.986,0.9804
62,83,187,0.9852,0.9852,0.9852,0.9852
63,83,190,0.986,0.9868,0.9835,0.986
64,83,193,0.986,0.9836,0.986,0.986
65,83,196,0.986,0.9852,0.9836,0.982
66,83,199,0.9852,0.9868,0.986,0.9876
67,83,202,0.9869,0.9844,0.9844,0.986
68,83,205,0.986,0.9836,0.986,0.9851
69,83,208,0.9868,0.986,0.986,0.9852
70,83,211,0.9536,0.9852,0.986,0.986
71,83,214,0.983,0.9852,0.986,0.9843
72,83,217,0.9868,0.6721,0.9868,0.986
73,83,220,0.9762,0.7868,0.9836,0.9852
74,83,223,0.9844,0.986,0.7868,0.986
75,83,226,0.9852,0.986,0.8713,0.986
76,83,229,0.8722,0.8702,0.986,0.791
77,83,232,0.9861,0.986,0.7868,0.9868
78,83,235,0.8913,0.9843,0.7846,0.9755
79,83,238,0.9837,0.9835,0.5902,0.986
80,83,241,0.8706,0.9852,0.7836,0.9835
81,83,244,0.986,0.7859,0.5876,0.9844
82,83,247,0.9852,0.7868,0.986,0.5909
83,83,250,0.8636,0.5901,0.9868,0.8722
84,83,253,0.986,0.9852,0.7033,0.7901
85,83,256,0.986,0.9852,0.986,0.9835
86,83,259,0.5951,0.7894,0.9844,0.986
87,83,262,0.8705,0.9844,0.7893,0.9844
88,83,265,0.9852,0.7537,0.9852,0.986
89,83,268,0.9826,0.7885,0.7893,0.9876
90,83,271,0.8692,0.7902,0.9811,0.6763
91,83,274,0.6721,0.9852,0.591,0.7877
92,83,277,0.9851,0.6738,0.986,0.9843
93,83,280,0.8684,0.7927,0.7876,0.791
94,83,283,0.3959,0.9852,0.9699,0.9868
95,83,286,0.7868,0.9852,0.7851,0.7868
96,83,289,0.8684,0.986,0.7444,0.8672
97,83,292,0.791,0.8722,0.9819,0.986
98,83,295,0.5893,0.9835,0.7902,0.791
99,83,298,0.9836,0.7893,0.986,0.6738
,Dataset#,L,att_1,att_2,att_3,att_4
0,85,1,0.3659,0.3669,0.3807,0.377
1,85,4,0.4329,0.4513,0.4241,0.4074
2,85,7,0.4812,0.482,0.4245,0.4472
3,85,10,0.4559,0.4331,0.4912,0.4792
4,85,13,0.4455,0.465,0.4639,0.4395
5,85,16,0.4662,0.45,0.4611,0.449
6,85,19,0.4339,0.4386,0.4742,0.4556
7,85,22,0.4423,0.477,0.4279,0.4185
8,85,25,0.4382,0.4458,0.4569,0.4708
9,85,28,0.4449,0.4826,0.4427,0.4567
10,85,31,0.4491,0.4646,0.4432,0.4598
11,85,34,0.4502,0.457,0.4516,0.4603
12,85,37,0.4376,0.4589,0.4339,0.4533
13,85,40,0.4254,0.4478,0.4482,0.4394
14,85,43,0.467,0.4531,0.4571,0.4545
15,85,46,0.449,0.49,0.4713,0.4698
16,85,49,0.447,0.4551,0.462,0.4481
17,85,52,0.4711,0.4726,0.4365,0.4593
18,85,55,0.4419,0.4585,0.467,0.4966
19,85,58,0.4715,0.4357,0.4422,0.4507
20,85,61,0.474,0.4174,0.4507,0.481
21,85,64,0.4395,0.463,0.4583,0.4955
22,85,67,0.4616,0.442,0.4771,0.4581
23,85,70,0.4719,0.4515,0.4433,0.4857
24,85,73,0.4685,0.4555,0.4321,0.4537
25,85,76,0.45,0.4473,0.4588,0.4123
26,85,79,0.4625,0.4609,0.465,0.4465
27,85,82,0.4464,0.4647,0.4423,0.4122
28,85,85,0.4637,0.4684,0.4631,0.4501
29,85,88,0.453,0.4267,0.4449,0.4572
30,85,91,0.4629,0.4685,0.4617,0.4635
31,85,94,0.4609,0.4381,0.4471,0.4686
32,85,97,0.4669,0.4561,0.4289,0.4475
33,85,100,0.48,0.4462,0.4362,0.439
34,85,103,0.4619,0.4675,0.4488,0.4423
35,85,106,0.4556,0.3928,0.4576,0.4194
36,85,109,0.4333,0.4651,0.4557,0.4705
37,85,112,0.4654,0.4545,0.456,0.4436
38,85,115,0.4513,0.4739,0.4494,0.4328
39,85,118,0.4793,0.458,0.4195,0.4551
40,85,121,0.4431,0.4617,0.458,0.4639
41,85,124,0.464,0.4288,0.4147,0.3789
42,85,127,0.47,0.4867,0.4744,0.455
43,85,130,0.3755,0.4612,0.4315,0.4543
44,85,133,0.4577,0.333,0.4491,0.4585
45,85,136,0.4648,0.4652,0.4613,0.4408
46,85,139,0.4496,0.4546,0.471,0.4802
47,85,142,0.4279,0.4733,0.4634,0.4736
48,85,145,0.4424,0.4463,0.4474,0.4584
49,85,148,0.4571,0.4407,0.4446,0.445
50,85,151,0.4214,0.4784,0.4399,0.445
51,85,154,0.458,0.4285,0.3835,0.4675
52,85,157,0.4461,0.4323,0.4486,0.4651
53,85,160,0.3981,0.4561,0.4526,0.3624
54,85,163,0.4321,0.4515,0.4455,0.4469
55,85,166,0.4536,0.4413,0.4611,0.4416
56,85,169,0.448,0.4423,0.4364,0.4634
57,85,172,0.4539,0.4593,0.4562,0.4492
58,85,175,0.3865,0.3739,0.379,0.4748
59,85,178,0.4743,0.4719,0.468,0.476
60,85,181,0.4357,0.3875,0.4491,0.4483
61,85,184,0.4312,0.42,0.4078,0.4588
62,85,187,0.4336,0.4373,0.4497,0.4642
63,85,190,0.4588,0.4667,0.4497,0.4764
64,85,193,0.3512,0.3734,0.4593,0.4463
65,85,196,0.4602,0.4215,0.4262,0.3976
66,85,199,0.4537,0.4347,0.3766,0.4432
67,85,202,0.4698,0.4512,0.4483,0.4748
68,85,205,0.4854,0.4807,0.4616,0.4577
69,85,208,0.3736,0.4603,0.4043,0.464
70,85,211,0.4942,0.3658,0.3898,0.3805
71,85,214,0.477,0.4538,0.4456,0.4582
72,85,217,0.3739,0.448,0.3713,0.4426
73,85,220,0.3836,0.4637,0.4604,0.4426
74,85,223,0.3497,0.4708,0.3654,0.292
75,85,226,0.362,0.4457,0.2694,0.4476
76,85,229,0.3778,0.4604,0.4791,0.4427
77,85,232,0.3567,0.4762,0.3325,0.355
78,85,235,0.4191,0.4345,0.3451,0.2746
79,85,238,0.2315,0.3704,0.3409,0.4532
80,85,241,0.4012,0.1751,0.3767,0.1108
81,85,244,0.3648,0.2809,0.3805,0.3689
82,85,247,0.3762,0.3802,0.2105,0.2698
83,85,250,0.3768,0.4431,0.369,0.3588
84,85,253,0.262,0.2786,0.3763,0.2619
85,85,256,0.2881,0.1026,0.3823,0.1882
86,85,259,0.2734,0.3777,0.3993,0.1861
87,85,262,0.2781,0.3363,0.254,0.2653
88,85,265,0.2804,0.1858,0.1711,0.2421
89,85,268,0.3546,0.2529,0.08696,0.1041
90,85,271,0.184,0.1764,0.2742,0.2715
91,85,274,0.2601,0.2554,0.3683,0.09474
92,85,277,0.2778,0.2046,0.2632,0.2737
93,85,280,0.2639,0.2307,0.1857,0.2726
94,85,283,0.2258,0.3891,0.2776,0.1876
95,85,286,0.1013,0.3516,0.08,0.1991
96,85,289,0.2077,0.3631,0,0.2583
97,85,292,0.075,0,0.302,0.1
98,85,295,0,0.08254,0.08148,0.197
99,85,298,0.09166,0.3358,0.2103,0.3823
,Dataset#,L,att_1,att_2,att_3,att_4
0,86,1,0.3423,0.3428,0.3499,0.3439
1,86,4,0.3971,0.4056,0.4069,0.4069
2,86,7,0.4316,0.4334,0.4421,0.4427
3,86,10,0.4377,0.4275,0.4324,0.4425
4,86,13,0.4401,0.442,0.4476,0.4451
5,86,16,0.4381,0.447,0.426,0.4511
6,86,19,0.4404,0.4328,0.4363,0.4316
7,86,22,0.4279,0.4481,0.4416,0.4392
8,86,25,0.4507,0.4267,0.4375,0.4416
9,86,28,0.4493,0.4361,0.4385,0.4378
10,86,31,0.4333,0.429,0.4371,0.449
11,86,34,0.4312,0.4291,0.4421,0.4369
12,86,37,0.4311,0.4376,0.4386,0.4543
13,86,40,0.4225,0.4302,0.4282,0.4426
14,86,43,0.4249,0.4371,0.4452,0.4439
15,86,46,0.4208,0.4398,0.4344,0.4259
16,86,49,0.437,0.4224,0.4221,0.4383
17,86,52,0.4499,0.4383,0.4357,0.4265
18,86,55,0.4284,0.4283,0.4195,0.4375
19,86,58,0.4443,0.4286,0.4492,0.4351
20,86,61,0.4144,0.4253,0.4341,0.4346
21,86,64,0.4295,0.4297,0.4437,0.4463
22,86,67,0.3821,0.3822,0.4315,0.4343
23,86,70,0.4489,0.4406,0.4469,0.3766
24,86,73,0.3552,0.4508,0.435,0.4276
25,86,76,0.4135,0.4358,0.4399,0.3785
26,86,79,0.4431,0.3665,0.4353,0.3686
27,86,82,0.4384,0.413,0.4128,0.4415
28,86,85,0.4322,0.3668,0.4326,0.3749
29,86,88,0.4521,0.3802,0.4328,0.3273
30,86,91,0.3671,0.2998,0.3684,0.4396
31,86,94,0.429,0.3743,0.4296,0.4453
32,86,97,0.4348,0.3576,0.4542,0.3054
33,86,100,0.3667,0.452,0.4327,0.3679
34,86,103,0.3616,0.4386,0.4487,0.4484
35,86,106,0.4492,0.4227,0.4294,0.3186
36,86,109,0.3208,0.3619,0.4349,0.45
37,86,112,0.3722,0.3686,0.3094,0.4419
38,86,115,0.3923,0.436,0.438,0.3672
39,86,118,0.3017,0.3255,0.3842,0.432
40,86,121,0.4425,0.3753,0.3825,0.4355
41,86,124,0.3865,0.2481,0.4368,0.4299
42,86,127,0.4446,0.3748,0.3618,0.4243
43,86,130,0.3832,0.4339,0.322,0.3684
44,86,133,0.3653,0.3565,0.4457,0.3878
45,86,136,0.3675,0.4311,0.3808,0.4294
46,86,139,0.4505,0.3902,0.3837,0.3329
47,86,142,0.4314,0.3724,0.4344,0.3676
48,86,145,0.3097,0.3528,0.4298,0.4167
49,86,148,0.4166,0.3065,0.3148,0.4275
50,86,151,0.4371,0.3942,0.4357,0.3813
51,86,154,0.3263,0.4175,0.382,0.4242
52,86,157,0.3774,0.4436,0.3643,0.3735
53,86,160,0.441,0.3811,0.4296,0.3101
54,86,163,0.3705,0.3795,0.3177,0.4402
55,86,166,0.4339,0.3595,0.3769,0.3937
56,86,169,0.2502,0.374,0.4337,0.4534
57,86,172,0.373,0.4379,0.3831,0.4427
58,86,175,0.4291,0.4195,0.3189,0.3724
59,86,178,0.3878,0.3837,0.3589,0.3718
60,86,181,0.4318,0.3614,0.3682,0.3564
61,86,184,0.3652,0.3814,0.3602,0.4186
62,86,187,0.3521,0.4328,0.3189,0.4235
63,86,190,0.4231,0.1855,0.3579,0.3847
64,86,193,0.3711,0.4581,0.2576,0.3441
65,86,196,0.4144,0.4329,0.3176,0.3716
66,86,199,0.3905,0.4257,0.3275,0.3226
67,86,202,0.3095,0.4183,0.3549,0.2767
68,86,205,0.3708,0.3841,0.3848,0.3146
69,86,208,0.4235,0.3483,0.2953,0.3627
70,86,211,0.4428,0.2521,0.4365,0.3828
71,86,214,0.2495,0.3222,0.2395,0.444
72,86,217,0.4301,0.4273,0.3557,0.3014
73,86,220,0.3434,0.4181,0.4188,0.2201
74,86,223,0.3506,0.3021,0.3602,0.2213
75,86,226,0.3613,0.291,0.1597,0.2297
76,86,229,0.3067,0.3677,0.2784,0.3198
77,86,232,0.3633,0.2195,0.3597,0.3436
78,86,235,0.2704,0.3372,0.3871,0.3618
79,86,238,0.3662,0.2297,0.175,0.3734
80,86,241,0.268,0.2574,0.2584,0.3253
81,86,244,0.4243,0.2813,0.4209,0.1569
82,86,247,0.2913,0.298,0.285,0.3254
83,86,250,0.08794,0.1938,0.3661,0.4407
84,86,253,0.2746,0.2351,0.2077,0.3691
85,86,256,0.2361,0.07778,0.2997,0.2471
86,86,259,0.2252,0.1592,0.2064,0.3095
87,86,262,0.2262,0.2144,0.3739,0.2255
88,86,265,0.0874,0.2119,0.0259,0.1677
89,86,268,0.2659,0.1689,0.07916,0.2721
90,86,271,0.2109,0.1525,0.1746,0.0259
91,86,274,0.2643,0.2991,0.1217,0.0518
92,86,277,0.1693,0.2596,0.1144,0.3134
93,86,280,0.1287,0.1754,0.0518,0.1204
94,86,283,0.1144,0.1393,0.2715,0.1231
95,86,286,0.1141,0.1192,0.0259,0.176
96,86,289,0.0974,0.07634,0.105,0.2165
97,86,292,0.05184,0.0259,0.114,0.1528
98,86,295,0.05184,0.2078,0.1588,0.02594
99,86,298,0.05184,0.1458,0.02594,0.2397
,Dataset#,L,att_1,att_2,att_3,att_4
0,87,1,0.8168,0.8491,0.8139,0.8412
1,87,4,0.8504,0.8117,0.8419,0.8499
2,87,7,0.8178,0.7996,0.8132,0.7954
3,87,10,0.7953,0.7877,0.7908,0.7625
4,87,13,0.8181,0.8441,0.8479,0.7908
5,87,16,0.8793,0.8337,0.8229,0.8306
6,87,19,0.8503,0.8297,0.8245,0.803
7,87,22,0.8449,0.842,0.8404,0.8585
8,87,25,0.8904,0.8506,0.858,0.8577
9,87,28,0.8426,0.8567,0.8593,0.8623
10,87,31,0.855,0.851,0.8731,0.8282
11,87,34,0.8606,0.8667,0.8769,0.8419
12,87,37,0.8921,0.7999,0.8485,0.8679
13,87,40,0.8585,0.85,0.8407,0.8163
14,87,43,0.8686,0.8601,0.8849,0.8784
15,87,46,0.8865,0.8527,0.8734,0.8572
16,87,49,0.8357,0.8631,0.831,0.872
17,87,52,0.8551,0.8535,0.85,0.8667
18,87,55,0.8807,0.8245,0.8421,0.8483
19,87,58,0.8841,0.8542,0.853,0.8737
20,87,61,0.8533,0.8617,0.8869,0.8575
21,87,64,0.8537,0.8344,0.8391,0.8849
22,87,67,0.8527,0.8297,0.8584,0.8706
23,87,70,0.8523,0.8618,0.8543,0.8164
24,87,73,0.8418,0.8496,0.8631,0.8792
25,87,76,0.8548,0.8372,0.8675,0.871
26,87,79,0.8468,0.849,0.8343,0.8679
27,87,82,0.8684,0.8815,0.873,0.7929
28,87,85,0.8357,0.877,0.8842,0.8592
29,87,88,0.8553,0.8363,0.8607,0.8601
30,87,91,0.8665,0.872,0.8604,0.8779
31,87,94,0.8228,0.8531,0.8334,0.8493
32,87,97,0.8393,0.8428,0.8268,0.7353
33,87,100,0.8686,0.7455,0.862,0.8845
34,87,103,0.8526,0.8558,0.8589,0.8549
35,87,106,0.8716,0.7173,0.8571,0.7148
36,87,109,0.7006,0.7283,0.8705,0.8071
37,87,112,0.8707,0.8577,0.6926,0.7227
38,87,115,0.8287,0.8696,0.5698,0.6932
39,87,118,0.8387,0.8179,0.8883,0.7304
40,87,121,0.832,0.7219,0.8756,0.5291
41,87,124,0.734,0.8548,0.7325,0.727
42,87,127,0.838,0.7142,0.8506,0.8834
43,87,130,0.7056,0.8306,0.7209,0.7091
44,87,133,0.8269,0.839,0.6884,0.6843
45,87,136,0.7084,0.823,0.8337,0.86
46,87,139,0.5797,0.6959,0.7254,0.6399
47,87,142,0.816,0.7036,0.6786,0.8329
48,87,145,0.7884,0.8675,0.7149,0.8653
49,87,148,0.8381,0.7244,0.7083,0.8527
50,87,151,0.8565,0.8451,0.6939,0.8223
51,87,154,0.5589,0.8529,0.8117,0.8577
52,87,157,0.6911,0.5373,0.565,0.6989
53,87,160,0.8178,0.695,0.8053,0.831
54,87,163,0.7108,0.7096,0.5585,0.6615
55,87,166,0.6774,0.8473,0.6781,0.8485
56,87,169,0.6713,0.6921,0.8135,0.4961
57,87,172,0.7241,0.8614,0.5582,0.7283
58,87,175,0.6882,0.8694,0.7274,0.6478
59,87,178,0.8407,0.5576,0.4284,0.811
60,87,181,0.8178,0.5506,0.7036,0.5601
61,87,184,0.5261,0.4377,0.8589,0.557
62,87,187,0.4197,0.5225,0.6817,0.6676
63,87,190,0.4406,0.58,0.698,0.5429
64,87,193,0.6975,0.4319,0.6654,0.6884
65,87,196,0.6523,0.8245,0.6744,0.8254
66,87,199,0.6927,0.7146,0.7141,0.8517
67,87,202,0.7406,0.8408,0.6435,0.6564
68,87,205,0.8138,0.8332,0.8026,0.558
69,87,208,0.5885,0.6587,0.8448,0.6744
70,87,211,0.5453,0.55,0.7794,0.5491
71,87,214,0.7047,0.625,0.6592,0.5625
72,87,217,0.7978,0.8476,0.6556,0.8112
73,87,220,0.8015,0.4693,0.6875,0.6902
74,87,223,0.7045,0.8433,0.686,0.6831
75,87,226,0.7026,0.6797,0.5786,0.7158
76,87,229,0.5445,0.494,0.7949,0.685
77,87,232,0.6419,0.7066,0.5439,0.5027
78,87,235,0.4145,0.6642,0.6639,0.6694
79,87,238,0.702,0.5439,0.8129,0.522
80,87,241,0.6872,0.5111,0.6483,0.6782
81,87,244,0.5214,0.5488,0.8001,0.5199
82,87,247,0.3742,0.4981,0.6105,0.8221
83,87,250,0.7041,0.646,0.6148,0.7986
84,87,253,0.8156,0.5492,0.4207,0.3588
85,87,256,0.5449,0.5765,0.7151,0.7115
86,87,259,0.5377,0.5322,0.6536,0.543
87,87,262,0.4105,0.3576,0.4843,0.3988
88,87,265,0.4305,0.5498,0.6685,0.635
89,87,268,0.5177,0.6617,0.7058,0.6781
90,87,271,0.3695,0.3589,0.4087,0.5185
91,87,274,0.6515,0.5288,0.536,0.4354
92,87,277,0.2608,0.8184,0.2712,0.3846
93,87,280,0.3997,0.3876,0.6485,0.213
94,87,283,0.2082,0.3293,0.2285,0.8045
95,87,286,0.629,0.3357,0.5552,0.5569
96,87,289,0.3576,0.5658,0.394,0.6738
97,87,292,0.4965,0.4875,0.6914,0.3498
98,87,295,0.2582,0.2178,0.5409,0.5101
99,87,298,0.4724,0.4985,0.6254,0.8411
,Dataset#,L,att_1,att_2,att_3,att_4
0,88,1,0.8845,0.8849,0.8857,0.8849
1,88,4,0.9218,0.9138,0.9298,0.934
2,88,7,0.931,0.934,0.9354,0.9317
3,88,10,0.9394,0.9441,0.9377,0.9422
4,88,13,0.9508,0.9526,0.9375,0.9366
5,88,16,0.9602,0.9568,0.9473,0.9571
6,88,19,0.9595,0.97,0.9414,0.9534
7,88,22,0.9512,0.976,0.9609,0.953
8,88,25,0.9653,0.9594,0.9514,0.9552
9,88,28,0.969,0.9758,0.9661,0.9661
10,88,31,0.958,0.9697,0.9617,0.9715
11,88,34,0.9639,0.8812,0.9461,0.9798
12,88,37,0.9512,0.9629,0.7442,0.8593
13,88,40,0.9738,0.7304,0.8582,0.9808
14,88,43,0.7331,0.7223,0.9249,0.8512
15,88,46,0.732,0.9503,0.7378,0.8615
16,88,49,0.9685,0.8033,0.7463,0.8516
17,88,52,0.6228,0.7446,0.9651,0.9641
18,88,55,0.7407,0.9695,0.6186,0.823
19,88,58,0.8627,0.8372,0.7343,0.9661
20,88,61,0.7271,0.972,0.7356,0.8426
21,88,64,0.7355,0.7337,0.8475,0.7217
22,88,67,0.7353,0.5044,0.7293,0.6172
23,88,70,0.8434,0.8522,0.6223,0.8476
24,88,73,0.7221,0.7153,0.941,0.5004
25,88,76,0.7157,0.7442,0.9665,0.724
26,88,79,0.7389,0.7252,0.7406,0.7313
27,88,82,0.8546,0.7275,0.7349,0.7282
28,88,85,0.6186,0.843,0.7401,0.9659
29,88,88,0.853,0.6209,0.8267,0.733
30,88,91,0.7275,0.8449,0.8562,0.861
31,88,94,0.8153,0.6165,0.5018,0.8325
32,88,97,0.8455,0.6075,0.7361,0.62
33,88,100,0.6205,0.8271,0.8527,0.5053
34,88,103,0.8547,0.6145,0.9558,0.6161
35,88,106,0.8448,0.7272,0.5008,0.7264
36,88,109,0.6209,0.7348,0.7159,0.7303
37,88,112,0.5974,0.8308,0.7251,0.6101
38,88,115,0.9515,0.843,0.6105,0.7298
39,88,118,0.8441,0.7274,0.5,0.6171
40,88,121,0.9558,0.7286,0.5033,0.8506
41,88,124,0.9748,0.73,0.7337,0.7208
42,88,127,0.7344,0.8471,0.7276,0.4927
43,88,130,0.7265,0.9677,0.9631,0.7294
44,88,133,0.8612,0.844,0.8532,0.6218
45,88,136,0.8434,0.8497,0.8483,0.7358
46,88,139,0.8363,0.8436,0.622,0.7338
47,88,142,0.6197,0.9485,0.7245,0.5067
48,88,145,0.9497,0.7323,0.6063,0.6254
49,88,148,0.7139,0.8467,0.7232,0.85
50,88,151,0.7105,0.6061,0.7281,0.6164
51,88,154,0.7211,0.7309,0.7298,0.6199
52,88,157,0.7247,0.847,0.6208,0.5019
53,88,160,0.9509,0.8435,0.8513,0.7254
54,88,163,0.8516,0.8459,0.5033,0.731
55,88,166,0.8392,0.8318,0.7202,0.7348
56,88,169,0.6065,0.7254,0.8375,0.6052
57,88,172,0.8509,0.7093,0.5047,0.643
58,88,175,0.9499,0.7312,0.5015,0.8535
59,88,178,0.8466,0.73,0.7802,0.9481
60,88,181,0.8484,0.5057,0.6537,0.6209
61,88,184,0.8519,0.7143,0.9473,0.4948
62,88,187,0.7269,0.8105,0.5642,0.7294
63,88,190,0.6136,0.7357,0.8427,0.9456
64,88,193,0.7241,0.6506,0.8433,0.6132
65,88,196,0.9559,0.9463,0.4988,0.7185
66,88,199,0.8386,0.9474,0.5007,0.6456
67,88,202,0.6061,0.7774,0.4167,0.9553
68,88,205,0.5324,0.8523,0.6172,0.8562
69,88,208,0.8514,0.7381,0.6172,0.8485
70,88,211,0.8517,0.7251,0.7352,0.826
71,88,214,0.428,0.5379,0.6534,0.9684
72,88,217,0.8321,0.4176,0.8309,0.7296
73,88,220,0.7386,0.622,0.9534,0.4202
74,88,223,0.8204,0.8466,0.6564,0.848
75,88,226,0.4242,0.6138,0.496,0.6497
76,88,229,0.7499,0.6623,0.6239,0.7603
77,88,232,0.7366,0.7204,0.3416,0.6369
78,88,235,0.5902,0.721,0.6431,0.6512
79,88,238,0.7254,0.6125,0.8175,0.731
80,88,241,0.849,0.3867,0.8268,0.593
81,88,244,0.5354,0.7571,0.5447,0.8278
82,88,247,0.8336,0.6599,0.5333,0.347
83,88,250,0.848,0.5317,0.6571,0.5229
84,88,253,0.6085,0.6647,0.6099,0.7559
85,88,256,0.5712,0.6344,0.8422,0.6446
86,88,259,0.487,0.4538,0.5023,0.6455
87,88,262,0.5416,0.5804,0.7266,0.6399
88,88,265,0.8448,0.7353,0.538,0.6604
89,88,268,0.429,0.424,0.5317,0.2726
90,88,271,0.5311,0.5382,0.3501,0.4263
91,88,274,0.3867,0.7495,0.2742,0.2318
92,88,277,0.5249,0.8379,0.4204,0.3685
93,88,280,0.4396,0.5294,0.6525,0.4169
94,88,283,0.6482,0.3455,0.2732,0.1548
95,88,286,0.5763,0.4491,0.2726,0.5326
96,88,289,0.3887,0.4204,0.748,0.2318
97,88,292,0.5338,0.6558,0.2698,0.1545
98,88,295,0.3431,0.5551,0.4449,0.5808
99,88,298,0.2321,0.1545,0.5375,0.1548
,Dataset#,L,att_1,att_2,att_3,att_4
0,89,1,0.5586,0.5546,0.5526,0.5543
1,89,4,0.59,0.6117,0.5736,0.5922
2,89,7,0.6229,0.6096,0.6083,0.6039
3,89,10,0.6088,0.6146,0.6132,0.6144
4,89,13,0.6158,0.6223,0.6095,0.6139
5,89,16,0.6103,0.6135,0.6213,0.6135
6,89,19,0.6088,0.6098,0.6136,0.6079
7,89,22,0.6119,0.6112,0.6141,0.6175
8,89,25,0.6074,0.6166,0.6153,0.6096
9,89,28,0.6119,0.6117,0.6244,0.6246
10,89,31,0.6033,0.6141,0.6099,0.6074
11,89,34,0.6075,0.6184,0.6127,0.6216
12,89,37,0.6081,0.6119,0.6137,0.6114
13,89,40,0.6092,0.6171,0.6105,0.6121
14,89,43,0.6176,0.6093,0.611,0.6153
15,89,46,0.6183,0.6083,0.6124,0.6218
16,89,49,0.6115,0.6186,0.6118,0.6155
17,89,52,0.6004,0.6153,0.615,0.6089
18,89,55,0.6095,0.6123,0.6206,0.6091
19,89,58,0.5698,0.6138,0.6137,0.6145
20,89,61,0.6092,0.6134,0.6073,0.6123
21,89,64,0.6091,0.6215,0.6101,0.6088
22,89,67,0.6042,0.5728,0.6161,0.6135
23,89,70,0.6123,0.6169,0.6141,0.612
24,89,73,0.6094,0.6163,0.6119,0.6089
25,89,76,0.6107,0.6078,0.5688,0.6104
26,89,79,0.6107,0.6074,0.607,0.6114
27,89,82,0.6144,0.6051,0.6123,0.6163
28,89,85,0.614,0.6142,0.6094,0.6107
29,89,88,0.6145,0.612,0.5655,0.6122
30,89,91,0.6164,0.5663,0.6103,0.6042
31,89,94,0.6099,0.6159,0.5578,0.5971
32,89,97,0.6069,0.6121,0.6199,0.5732
33,89,100,0.6001,0.6166,0.5628,0.5634
34,89,103,0.5647,0.608,0.5653,0.5733
35,89,106,0.6107,0.5545,0.6103,0.6124
36,89,109,0.5971,0.6124,0.6188,0.6074
37,89,112,0.6041,0.6082,0.5648,0.6078
38,89,115,0.6184,0.5741,0.5681,0.6089
39,89,118,0.6102,0.5673,0.5258,0.612
40,89,121,0.616,0.6131,0.5722,0.6123
41,89,124,0.608,0.6072,0.5708,0.5719
42,89,127,0.6118,0.5279,0.5229,0.6097
43,89,130,0.6093,0.6091,0.5717,0.6046
44,89,133,0.4849,0.6144,0.563,0.612
45,89,136,0.6123,0.6153,0.5891,0.5719
46,89,139,0.5704,0.5745,0.5965,0.567
47,89,142,0.5993,0.5793,0.5669,0.5704
48,89,145,0.6094,0.5583,0.6128,0.6087
49,89,148,0.6112,0.5652,0.6116,0.62
50,89,151,0.6175,0.6094,0.5272,0.6071
51,89,154,0.5646,0.6109,0.5757,0.562
52,89,157,0.4782,0.6105,0.596,0.6093
53,89,160,0.5673,0.56,0.5963,0.6125
54,89,163,0.6097,0.535,0.6146,0.5697
55,89,166,0.6142,0.5685,0.5636,0.5306
56,89,169,0.6111,0.5614,0.6109,0.608
57,89,172,0.5802,0.5657,0.5251,0.5275
58,89,175,0.5654,0.5684,0.514,0.5235
59,89,178,0.609,0.5667,0.6126,0.6094
60,89,181,0.5722,0.6071,0.6118,0.4846
61,89,184,0.5644,0.6158,0.5987,0.5264
62,89,187,0.5643,0.5648,0.5682,0.5657
63,89,190,0.5715,0.5698,0.5262,0.568
64,89,193,0.525,0.6068,0.6131,0.6137
65,89,196,0.6034,0.5647,0.5312,0.6036
66,89,199,0.5675,0.5285,0.6103,0.4789
67,89,202,0.5283,0.6115,0.5702,0.6079
68,89,205,0.5679,0.5756,0.4089,0.5199
69,89,208,0.6103,0.5672,0.5219,0.607
70,89,211,0.5638,0.6095,0.5714,0.5297
71,89,214,0.6119,0.5667,0.5701,0.5731
72,89,217,0.5235,0.6057,0.5226,0.6117
73,89,220,0.6086,0.6056,0.5541,0.5591
74,89,223,0.5642,0.6111,0.5289,0.6072
75,89,226,0.5688,0.5284,0.5675,0.6021
76,89,229,0.5685,0.5646,0.5217,0.5642
77,89,232,0.5571,0.5688,0.483,0.6059
78,89,235,0.5606,0.3635,0.4851,0.5647
79,89,238,0.5196,0.5245,0.5626,0.5651
80,89,241,0.608,0.5579,0.5668,0.6146
81,89,244,0.5668,0.5204,0.5737,0.3595
82,89,247,0.5229,0.4453,0.5693,0.487
83,89,250,0.6156,0.609,0.5756,0.6111
84,89,253,0.4036,0.5702,0.4788,0.4763
85,89,256,0.492,0.5666,0.485,0.6098
86,89,259,0.611,0.3995,0.5983,0.355
87,89,262,0.4866,0.5304,0.4465,0.3233
88,89,265,0.6045,0.5712,0.3608,0.4802
89,89,268,0.5685,0.5276,0.6123,0.4409
90,89,271,0.4895,0.4445,0.5238,0.4883
91,89,274,0.609,0.3258,0.5318,0.3615
92,89,277,0.3647,0.3236,0.3733,0.4855
93,89,280,0.6101,0.5315,0.4872,0.4442
94,89,283,0.4444,0.6067,0.4042,0.562
95,89,286,0.4468,0.4476,0.5223,0.6115
96,89,289,0.4538,0.2433,0.5322,0.6121
97,89,292,0.4064,0.2411,0.4514,0.5298
98,89,295,0.3181,0.3101,0.5695,0.3247
99,89,298,0.4744,0.41,0.4839,0.367
,Dataset#,L,att_1,att_2,att_3,att_4
0,90,1,0.4392,0.4479,0.4461,0.4445
1,90,4,0.4729,0.4758,0.4713,0.4712
2,90,7,0.4734,0.4747,0.4817,0.4847
3,90,10,0.4777,0.4776,0.4742,0.4811
4,90,13,0.4768,0.4724,0.4662,0.4735
5,90,16,0.4788,0.4719,0.4792,0.4763
6,90,19,0.4701,0.4777,0.4865,0.4746
7,90,22,0.4692,0.4637,0.482,0.4771
8,90,25,0.4791,0.4804,0.47,0.4668
9,90,28,0.4702,0.4776,0.4817,0.469
10,90,31,0.4741,0.4801,0.4755,0.4761
11,90,34,0.473,0.4725,0.4803,0.4772
12,90,37,0.4849,0.4765,0.4917,0.4782
13,90,40,0.4813,0.4821,0.4757,0.4627
14,90,43,0.4743,0.4724,0.4783,0.481
15,90,46,0.4743,0.4665,0.475,0.4769
16,90,49,0.4819,0.4738,0.4713,0.4751
17,90,52,0.4753,0.4783,0.4734,0.4758
18,90,55,0.4822,0.4698,0.4194,0.48
19,90,58,0.4129,0.4765,0.4282,0.4788
20,90,61,0.4748,0.4757,0.476,0.4256
21,90,64,0.4686,0.4672,0.476,0.4149
22,90,67,0.475,0.476,0.3698,0.4714
23,90,70,0.4775,0.4865,0.482,0.4811
24,90,73,0.4743,0.4735,0.4603,0.4845
25,90,76,0.4785,0.3165,0.4291,0.4781
26,90,79,0.4129,0.475,0.4315,0.4785
27,90,82,0.4802,0.4264,0.4773,0.4862
28,90,85,0.4798,0.4696,0.4203,0.4192
29,90,88,0.4816,0.4207,0.4198,0.4764
30,90,91,0.4772,0.4765,0.4822,0.4817
31,90,94,0.4648,0.47,0.4704,0.4749
32,90,97,0.475,0.472,0.4555,0.4264
33,90,100,0.4682,0.4309,0.4304,0.4768
34,90,103,0.4849,0.475,0.4735,0.4764
35,90,106,0.4687,0.4145,0.3267,0.4272
36,90,109,0.4182,0.4337,0.4277,0.4757
37,90,112,0.4789,0.4253,0.4162,0.3619
38,90,115,0.4684,0.474,0.479,0.4707
39,90,118,0.4752,0.478,0.4743,0.4774
40,90,121,0.4239,0.4846,0.4739,0.472
41,90,124,0.4188,0.4224,0.4746,0.4291
42,90,127,0.4866,0.4261,0.4658,0.477
43,90,130,0.4205,0.4758,0.4023,0.4709
44,90,133,0.4744,0.4091,0.4187,0.4219
45,90,136,0.4161,0.4729,0.4303,0.4052
46,90,139,0.4099,0.4803,0.4665,0.426
47,90,142,0.4801,0.4191,0.4095,0.4724
48,90,145,0.4335,0.4732,0.4686,0.4791
49,90,148,0.4762,0.4732,0.424,0.4746
50,90,151,0.4823,0.4359,0.4648,0.4241
51,90,154,0.4706,0.4776,0.4744,0.4724
52,90,157,0.4783,0.4749,0.3666,0.4669
53,90,160,0.4738,0.479,0.4723,0.4855
54,90,163,0.4777,0.473,0.4612,0.4162
55,90,166,0.4783,0.4765,0.4691,0.4773
56,90,169,0.4704,0.4157,0.475,0.4859
57,90,172,0.478,0.4708,0.4803,0.4333
58,90,175,0.484,0.4824,0.479,0.4673
59,90,178,0.3542,0.4811,0.4186,0.3725
60,90,181,0.471,0.4739,0.4807,0.481
61,90,184,0.4751,0.4699,0.4213,0.4728
62,90,187,0.4735,0.4149,0.4554,0.477
63,90,190,0.4673,0.3699,0.3661,0.4224
64,90,193,0.473,0.4801,0.4681,0.4769
65,90,196,0.465,0.4292,0.473,0.4635
66,90,199,0.4575,0.3643,0.4744,0.4274
67,90,202,0.4964,0.472,0.4712,0.4748
68,90,205,0.4812,0.3545,0.4708,0.4746
69,90,208,0.2721,0.4232,0.4787,0.4689
70,90,211,0.4119,0.4713,0.3596,0.3653
71,90,214,0.4296,0.4656,0.4914,0.4119
72,90,217,0.4301,0.4758,0.4827,0.4047
73,90,220,0.4629,0.466,0.426,0.471
74,90,223,0.4766,0.4261,0.3539,0.4697
75,90,226,0.4695,0.4605,0.4762,0.4322
76,90,229,0.4804,0.4646,0.4078,0.3773
77,90,232,0.4283,0.4752,0.4288,0.4781
78,90,235,0.3472,0.4654,0.4693,0.4839
79,90,238,0.4738,0.4696,0.3859,0.4714
80,90,241,0.4149,0.434,0.4232,0.483
81,90,244,0.4183,0.4652,0.3418,0.411
82,90,247,0.4194,0.3215,0.3797,0.3671
83,90,250,0.2953,0.3846,0.4245,0.2764
84,90,253,0.3354,0.2599,0.2942,0.4746
85,90,256,0.4085,0.4704,0.3741,0.3693
86,90,259,0.3722,0.3649,0.4833,0.4211
87,90,262,0.3287,0.465,0.4676,0.4305
88,90,265,0.234,0.4201,0.3257,0.3773
89,90,268,0.3339,0.4029,0.4105,0.4708
90,90,271,0.3768,0.2927,0.378,0.2363
91,90,274,0.3131,0.3327,0.3279,0.4211
92,90,277,0.1978,0.2568,0.2788,0.3796
93,90,280,0.3321,0.476,0.2799,0.4281
94,90,283,0.2767,0.1654,0.3864,0.3686
95,90,286,0.1706,0.2762,0.2408,0.2155
96,90,289,0.4813,0.2273,0.3252,0.3321
97,90,292,0.2746,0.2292,0.4754,0.4674
98,90,295,0.3292,0.3879,0.2852,0.2904
99,90,298,0.4732,0.1858,0.3383,0.2263
,Dataset#,L,att_1,att_2,att_3,att_4
0,91,1,0.7968,0.7903,0.7942,0.7929
1,91,4,0.8103,0.8038,0.8038,0.8063
2,91,7,0.808,0.8057,0.8067,0.8073
3,91,10,0.809,0.8081,0.808,0.8069
4,91,13,0.8074,0.8091,0.803,0.8078
5,91,16,0.8094,0.806,0.8104,0.8082
6,91,19,0.8061,0.8024,0.8046,0.8087
7,91,22,0.8059,0.81,0.8092,0.8066
8,91,25,0.8078,0.8095,0.7565,0.8051
9,91,28,0.8081,0.8078,0.8093,0.8073
10,91,31,0.8078,0.8066,0.8065,0.8089
11,91,34,0.8078,0.8038,0.8099,0.8091
12,91,37,0.8068,0.8096,0.808,0.7563
13,91,40,0.7601,0.8072,0.8051,0.8074
14,91,43,0.807,0.8082,0.8054,0.8055
15,91,46,0.8069,0.8054,0.8086,0.7567
16,91,49,0.8079,0.8053,0.8099,0.8101
17,91,52,0.8079,0.7637,0.8066,0.8055
18,91,55,0.8067,0.8035,0.7973,0.8055
19,91,58,0.8075,0.8054,0.7643,0.8091
20,91,61,0.7576,0.8078,0.8072,0.8098
21,91,64,0.8078,0.7571,0.8093,0.8099
22,91,67,0.7617,0.8086,0.8085,0.8058
23,91,70,0.7574,0.7565,0.8057,0.8044
24,91,73,0.7609,0.807,0.7649,0.8088
25,91,76,0.8059,0.802,0.8113,0.7166
26,91,79,0.8081,0.8081,0.7582,0.7576
27,91,82,0.8047,0.8075,0.6593,0.7625
28,91,85,0.7603,0.8101,0.8107,0.7587
29,91,88,0.763,0.805,0.8055,0.7085
30,91,91,0.7071,0.8033,0.7586,0.7558
31,91,94,0.7654,0.715,0.7564,0.7568
32,91,97,0.7071,0.7566,0.7583,0.7079
33,91,100,0.7555,0.7574,0.804,0.8028
34,91,103,0.7578,0.7651,0.7546,0.7574
35,91,106,0.7059,0.7595,0.8069,0.6594
36,91,109,0.7646,0.652,0.6671,0.8065
37,91,112,0.7556,0.71,0.6652,0.7448
38,91,115,0.7644,0.6603,0.7131,0.7608
39,91,118,0.809,0.7604,0.8074,0.7576
40,91,121,0.8041,0.7136,0.71,0.6588
41,91,124,0.7082,0.6633,0.7567,0.6661
42,91,127,0.7074,0.7576,0.767,0.755
43,91,130,0.7458,0.6641,0.7082,0.7661
44,91,133,0.6645,0.7111,0.6144,0.8065
45,91,136,0.755,0.8075,0.7602,0.6567
46,91,139,0.7092,0.7549,0.6588,0.7058
47,91,142,0.6619,0.6651,0.617,0.8097
48,91,145,0.7574,0.7051,0.76,0.7058
49,91,148,0.7156,0.7579,0.7548,0.7664
50,91,151,0.8087,0.6595,0.6584,0.758
51,91,154,0.806,0.7576,0.6623,0.8052
52,91,157,0.7057,0.8076,0.7093,0.8071
53,91,160,0.7553,0.7568,0.8063,0.6592
54,91,163,0.8033,0.7532,0.8081,0.7131
55,91,166,0.709,0.8083,0.7571,0.6575
56,91,169,0.615,0.7559,0.6606,0.7576
57,91,172,0.7033,0.7152,0.761,0.7601
58,91,175,0.6604,0.7087,0.707,0.7986
59,91,178,0.7575,0.8106,0.7557,0.7111
60,91,181,0.7637,0.6141,0.8046,0.757
61,91,184,0.7575,0.7543,0.7131,0.758
62,91,187,0.8042,0.7611,0.7598,0.6541
63,91,190,0.7036,0.7042,0.7099,0.7067
64,91,193,0.7134,0.6093,0.6575,0.7641
65,91,196,0.6621,0.716,0.8032,0.8057
66,91,199,0.7065,0.8088,0.7555,0.7042
67,91,202,0.7606,0.6624,0.752,0.8039
68,91,205,0.7569,0.7539,0.7523,0.7553
69,91,208,0.764,0.7106,0.6608,0.8055
70,91,211,0.706,0.7051,0.7638,0.7058
71,91,214,0.7568,0.7087,0.5514,0.6618
72,91,217,0.655,0.6602,0.71,0.804
73,91,220,0.8128,0.6543,0.7105,0.7099
74,91,223,0.7091,0.6581,0.7594,0.5653
75,91,226,0.7088,0.7629,0.7582,0.757
76,91,229,0.8078,0.5925,0.7111,0.7573
77,91,232,0.6138,0.5653,0.7567,0.6662
78,91,235,0.6631,0.7074,0.5908,0.6649
79,91,238,0.754,0.7171,0.8078,0.7589
80,91,241,0.7154,0.7538,0.5452,0.5949
81,91,244,0.7031,0.6643,0.5943,0.7609
82,91,247,0.5011,0.599,0.7627,0.8059
83,91,250,0.389,0.7585,0.7055,0.6143
84,91,253,0.5527,0.543,0.6656,0.7579
85,91,256,0.5924,0.7093,0.5441,0.7572
86,91,259,0.6596,0.5653,0.4962,0.7062
87,91,262,0.5456,0.7061,0.6545,0.6562
88,91,265,0.3891,0.3828,0.5015,0.6563
89,91,268,0.5546,0.5964,0.7061,0.5003
90,91,271,0.7066,0.4399,0.7062,0.6612
91,91,274,0.6377,0.438,0.7084,0.496
92,91,277,0.5954,0.7033,0.4384,0.4545
93,91,280,0.547,0.7528,0.8003,0.656
94,91,283,0.7624,0.6529,0.3886,0.7072
95,91,286,0.7076,0.6018,0.6011,0.5443
96,91,289,0.7082,0.6448,0.431,0.8027
97,91,292,0.7579,0.5477,0.7647,0.8047
98,91,295,0.5505,0.4384,0.501,0.6595
99,91,298,0.6432,0.6631,0.5444,0.7516
,Dataset#,L,att_1,att_2,att_3,att_4
0,92,1,1,1,0.997,1
1,92,4,1,1,1,1
2,92,7,1,1,0.9935,1
3,92,10,1,1,1,1
4,92,13,1,0.9994,1,0.9988
5,92,16,1,1,1,1
6,92,19,1,0.9988,1,1
7,92,22,0.9994,0.9994,0.9994,0.9982
8,92,25,1,1,1,1
9,92,28,1,1,0.9982,1
10,92,31,0.9982,1,1,1
11,92,34,1,1,1,1
12,92,37,1,0.9994,1,1
13,92,40,1,1,1,0.9906
14,92,43,1,1,1,1
15,92,46,0.9834,1,1,0.9969
16,92,49,0.9946,1,1,1
17,92,52,1,1,1,1
18,92,55,1,0.9809,1,1
19,92,58,1,0.9988,1,1
20,92,61,1,1,1,0.9952
21,92,64,0.9994,1,1,1
22,92,67,0.9994,1,1,1
23,92,70,1,1,1,1
24,92,73,0.9988,1,1,1
25,92,76,1,0.9994,1,1
26,92,79,0.9994,1,0.9988,1
27,92,82,1,1,1,1
28,92,85,0.997,0.9994,1,1
29,92,88,0.9988,1,0.9988,1
30,92,91,1,0.9988,1,1
31,92,94,1,1,1,1
32,92,97,1,0.9988,1,1
33,92,100,1,1,1,1
34,92,103,1,1,1,1
35,92,106,0.9994,1,1,0.9988
36,92,109,1,0.9988,1,0.9982
37,92,112,1,0.9994,1,1
38,92,115,1,0.9994,1,1
39,92,118,1,1,0.9988,1
40,92,121,0.9994,1,1,1
41,92,124,1,1,1,1
42,92,127,1,1,0.9801,0.9988
43,92,130,1,0.9994,1,1
44,92,133,1,1,0.9994,0.9988
45,92,136,0.9988,0.9994,1,1
46,92,139,1,0.9945,1,1
47,92,142,1,0.9994,1,1
48,92,145,1,0.9964,0.9988,1
49,92,148,1,0.9994,0.9887,1
50,92,151,1,0.9994,1,0.9982
51,92,154,1,1,1,1
52,92,157,1,0.9994,1,1
53,92,160,0.9969,1,1,0.9976
54,92,163,0.9964,1,1,1
55,92,166,1,0.9994,1,1
56,92,169,0.9994,1,1,1
57,92,172,0.9976,1,1,1
58,92,175,0.9981,0.9854,1,1
59,92,178,1,0.9988,0.9945,1
60,92,181,1,1,0.9889,1
61,92,184,1,1,1,1
62,92,187,0.9994,1,1,0.9982
63,92,190,0.9976,0.9988,1,1
64,92,193,1,0.9926,1,1
65,92,196,1,0.9988,1,1
66,92,199,0.9994,0.9939,0.9994,1
67,92,202,0.9994,0.9994,1,0.9994
68,92,205,1,1,1,0.9988
69,92,208,1,0.9847,1,1
70,92,211,1,1,1,1
71,92,214,1,1,1,0.8
72,92,217,1,1,1,1
73,92,220,0.9981,0.9964,0.9994,0.8
74,92,223,0.9952,1,0.9994,0.8
75,92,226,1,1,0.5994,0.9976
76,92,229,0.9994,1,0.7988,1
77,92,232,0.9988,0.8,1,1
78,92,235,0.9994,0.9952,1,0.8
79,92,238,0.8,0.9988,0.9994,0.9982
80,92,241,0.9878,1,1,0.8
81,92,244,0.7686,0.8,0.7969,0.9783
82,92,247,0.9988,1,0.9994,0.8
83,92,250,0.5857,0.8,0.9981,1
84,92,253,1,0.9951,1,1
85,92,256,0.9994,0.8,0.8,0.4
86,92,259,1,0.9958,0.7844,1
87,92,262,0.9882,0.9975,1,1
88,92,265,0.8,1,0.9988,0.7994
89,92,268,0.9988,1,0.9927,0.8
90,92,271,0.7964,0.7994,0.8,0.997
91,92,274,1,0.9994,0.9969,0.7976
92,92,277,0.8,0.6,0.7976,0.9988
93,92,280,0.7917,0.8,0.7994,0.6
94,92,283,0.9981,0.9988,1,0.7994
95,92,286,0.4,0.9975,0.6,0.6
96,92,289,1,1,0.9982,0.7901
97,92,292,0.8,0.6,0.7994,1
98,92,295,0.8,0.7994,0.6575,0.9994
99,92,298,0.9994,0.8,0.6,1
,Dataset#,L,att_1,att_2,att_3,att_4
0,93,1,0.7943,0.7962,0.7944,0.7933
1,93,4,0.8034,0.8059,0.8025,0.8042
2,93,7,0.8087,0.8038,0.8134,0.8117
3,93,10,0.8022,0.8097,0.8152,0.8219
4,93,13,0.8107,0.8094,0.8224,0.8051
5,93,16,0.8117,0.8193,0.8247,0.8046
6,93,19,0.8234,0.8195,0.819,0.815
7,93,22,0.8149,0.8278,0.8126,0.8236
8,93,25,0.8251,0.8325,0.8233,0.8403
9,93,28,0.8288,0.8265,0.8227,0.8342
10,93,31,0.8348,0.8172,0.821,0.8222
11,93,34,0.8296,0.8257,0.831,0.831
12,93,37,0.8306,0.8236,0.8253,0.8338
13,93,40,0.8248,0.8172,0.8272,0.8357
14,93,43,0.8207,0.8244,0.8309,0.8172
15,93,46,0.8347,0.8321,0.818,0.8348
16,93,49,0.8275,0.8289,0.8385,0.8393
17,93,52,0.8272,0.8224,0.8167,0.8306
18,93,55,0.8159,0.8366,0.8204,0.8234
19,93,58,0.843,0.8394,0.8462,0.8374
20,93,61,0.8326,0.8205,0.8382,0.8411
21,93,64,0.8431,0.8349,0.8149,0.8423
22,93,67,0.8244,0.8438,0.8187,0.8396
23,93,70,0.8253,0.8309,0.8353,0.8218
24,93,73,0.8324,0.8431,0.8304,0.8361
25,93,76,0.8169,0.8333,0.8332,0.8433
26,93,79,0.8344,0.8384,0.8359,0.841
27,93,82,0.8193,0.8344,0.8423,0.825
28,93,85,0.8167,0.8316,0.8431,0.8369
29,93,88,0.8345,0.8253,0.839,0.822
30,93,91,0.8161,0.8359,0.8279,0.8321
31,93,94,0.8254,0.8274,0.8322,0.8353
32,93,97,0.8364,0.8369,0.8271,0.8257
33,93,100,0.8323,0.8331,0.8288,0.8338
34,93,103,0.8325,0.8341,0.8406,0.8273
35,93,106,0.8378,0.8265,0.8264,0.8318
36,93,109,0.8256,0.8421,0.8377,0.8401
37,93,112,0.8329,0.8353,0.8216,0.8328
38,93,115,0.823,0.8376,0.834,0.8363
39,93,118,0.8197,0.8301,0.7704,0.8209
40,93,121,0.8404,0.8392,0.8212,0.84
41,93,124,0.7716,0.8207,0.8198,0.8331
42,93,127,0.8342,0.8184,0.8406,0.8269
43,93,130,0.8296,0.8311,0.8305,0.8373
44,93,133,0.8435,0.8281,0.8336,0.8373
45,93,136,0.8326,0.7781,0.8245,0.8305
46,93,139,0.8221,0.8389,0.8434,0.8353
47,93,142,0.7683,0.8369,0.8424,0.8388
48,93,145,0.8303,0.7685,0.8457,0.8358
49,93,148,0.8398,0.8404,0.8438,0.8321
50,93,151,0.8489,0.8331,0.8204,0.8424
51,93,154,0.8414,0.8276,0.8451,0.8379
52,93,157,0.8314,0.8334,0.8365,0.8202
53,93,160,0.8393,0.8219,0.8324,0.7731
54,93,163,0.8432,0.8413,0.8406,0.8315
55,93,166,0.8324,0.8335,0.8233,0.8436
56,93,169,0.8313,0.8341,0.8281,0.839
57,93,172,0.8428,0.8284,0.8304,0.8338
58,93,175,0.8396,0.8411,0.8326,0.8235
59,93,178,0.8491,0.8405,0.8405,0.8371
60,93,181,0.8421,0.7722,0.8404,0.8347
61,93,184,0.8316,0.8283,0.8387,0.8421
62,93,187,0.84,0.8364,0.7656,0.8453
63,93,190,0.826,0.8459,0.8344,0.7658
64,93,193,0.8361,0.8335,0.7695,0.8372
65,93,196,0.834,0.8309,0.8314,0.7708
66,93,199,0.7645,0.7664,0.8369,0.8385
67,93,202,0.6726,0.8335,0.8424,0.7617
68,93,205,0.8386,0.836,0.837,0.8386
69,93,208,0.7747,0.6718,0.6884,0.8366
70,93,211,0.8399,0.8412,0.8386,0.707
71,93,214,0.831,0.759,0.7708,0.773
72,93,217,0.8276,0.8433,0.8354,0.7739
73,93,220,0.827,0.8214,0.8325,0.8405
74,93,223,0.8326,0.7743,0.8422,0.672
75,93,226,0.6608,0.8353,0.6597,0.8431
76,93,229,0.8438,0.6962,0.7649,0.843
77,93,232,0.8369,0.5705,0.6592,0.8383
78,93,235,0.6676,0.7645,0.7726,0.7641
79,93,238,0.6678,0.7745,0.7759,0.6709
80,93,241,0.8436,0.7735,0.6728,0.4699
81,93,244,0.7755,0.7737,0.7706,0.6582
82,93,247,0.609,0.6034,0.5034,0.6303
83,93,250,0.4315,0.6421,0.5047,0.6394
84,93,253,0.4942,0.6662,0.6691,0.829
85,93,256,0.6068,0.8358,0.7602,0.3284
86,93,259,0.6676,0.8422,0.8253,0.6688
87,93,262,0.606,0.761,0.7763,0.8402
88,93,265,0.5073,0.7755,0.764,0.6589
89,93,268,0.7711,0.8384,0.7659,0.4958
90,93,271,0.5395,0.6022,0.6003,0.8356
91,93,274,0.4381,0.835,0.5013,0.703
92,93,277,0.7005,0.5351,0.437,0.6002
93,93,280,0.2682,0.5051,0.43,0.7624
94,93,283,0.7675,0.8194,0.5014,0.6297
95,93,286,0.3716,0.4343,0.7659,0.6053
96,93,289,0.5969,0.5378,0.4365,0.2706
97,93,292,0.6799,0.4949,0.5012,0.5298
98,93,295,0.4355,0.4694,0.4972,0.503
99,93,298,0.3336,0.5949,0.5917,0.5939
,Dataset#,L,att_1,att_2,att_3,att_4
0,94,1,0.4766,0.496,0.5395,0.4917
1,94,4,0.5002,0.5045,0.5012,0.5011
2,94,7,0.5748,0.6023,0.5762,0.5741
3,94,10,0.583,0.5828,0.5824,0.5842
4,94,13,0.5815,0.5827,0.5784,0.5791
5,94,16,0.6238,0.5858,0.6214,0.5779
6,94,19,0.5765,0.5852,0.5802,0.5817
7,94,22,0.5887,0.5731,0.577,0.5779
8,94,25,0.5855,0.5883,0.5887,0.5795
9,94,28,0.5903,0.6229,0.578,0.5782
10,94,31,0.5868,0.5927,0.5892,0.5856
11,94,34,0.5748,0.5834,0.5841,0.5847
12,94,37,0.6088,0.5837,0.5851,0.585
13,94,40,0.5839,0.6319,0.5753,0.5813
14,94,43,0.58,0.5842,0.5851,0.5869
15,94,46,0.6082,0.6131,0.5858,0.579
16,94,49,0.5927,0.582,0.5878,0.576
17,94,52,0.5906,0.5902,0.5884,0.5828
18,94,55,0.5817,0.5942,0.5771,0.584
19,94,58,0.5835,0.5811,0.5951,0.5857
20,94,61,0.5352,0.6185,0.5809,0.5873
21,94,64,0.5817,0.5863,0.507,0.5787
22,94,67,0.5944,0.5741,0.5343,0.521
23,94,70,0.6192,0.5705,0.5856,0.5246
24,94,73,0.5871,0.5864,0.5836,0.5852
25,94,76,0.5791,0.6209,0.5224,0.5803
26,94,79,0.6199,0.5108,0.5795,0.5964
27,94,82,0.5851,0.5726,0.5813,0.5754
28,94,85,0.6032,0.5703,0.6229,0.5158
29,94,88,0.5784,0.5122,0.6217,0.5087
30,94,91,0.5708,0.5845,0.5853,0.5836
31,94,94,0.5857,0.5767,0.5856,0.6288
32,94,97,0.5927,0.5892,0.6211,0.4562
33,94,100,0.5855,0.5814,0.586,0.5281
34,94,103,0.579,0.5817,0.5818,0.5105
35,94,106,0.5886,0.5846,0.592,0.527
36,94,109,0.6227,0.5893,0.5838,0.5186
37,94,112,0.5835,0.5788,0.5835,0.6064
38,94,115,0.5794,0.5246,0.5862,0.5904
39,94,118,0.5791,0.5631,0.6227,0.6161
40,94,121,0.4462,0.5803,0.5305,0.5797
41,94,124,0.5752,0.5815,0.6196,0.5095
42,94,127,0.5312,0.475,0.5802,0.5846
43,94,130,0.6163,0.5851,0.5847,0.5271
44,94,133,0.5808,0.5459,0.5109,0.5878
45,94,136,0.5262,0.6128,0.5203,0.5877
46,94,139,0.5811,0.5233,0.5885,0.529
47,94,142,0.5029,0.5847,0.5177,0.5837
48,94,145,0.5844,0.586,0.5842,0.6115
49,94,148,0.5869,0.5441,0.6067,0.6173
50,94,151,0.5167,0.5733,0.5833,0.511
51,94,154,0.476,0.5365,0.5797,0.5856
52,94,157,0.4962,0.5971,0.5825,0.4492
53,94,160,0.5222,0.5011,0.5449,0.5236
54,94,163,0.4851,0.375,0.5675,0.514
55,94,166,0.5337,0.5739,0.5555,0.4545
56,94,169,0.6161,0.54,0.6001,0.5463
57,94,172,0.5808,0.5842,0.5881,0.508
58,94,175,0.5733,0.5455,0.6135,0.6034
59,94,178,0.4411,0.4479,0.5185,0.5354
60,94,181,0.5813,0.5836,0.58,0.6095
61,94,184,0.459,0.5152,0.5802,0.5977
62,94,187,0.5139,0.5817,0.5326,0.5751
63,94,190,0.5208,0.5042,0.5368,0.5785
64,94,193,0.512,0.5795,0.5842,0.5209
65,94,196,0.6075,0.6065,0.5818,0.5822
66,94,199,0.5148,0.5717,0.454,0.508
67,94,202,0.5896,0.6055,0.6052,0.5034
68,94,205,0.5074,0.5491,0.5654,0.5807
69,94,208,0.6314,0.5852,0.3069,0.6186
70,94,211,0.5814,0.5955,0.5138,0.4236
71,94,214,0.5069,0.377,0.4411,0.5236
72,94,217,0.5991,0.5296,0.5872,0.5236
73,94,220,0.5942,0.3821,0.585,0.5122
74,94,223,0.5073,0.5786,0.5109,0.4502
75,94,226,0.4673,0.5135,0.6092,0.4866
76,94,229,0.5137,0.4836,0.512,0.3981
77,94,232,0.4042,0.4539,0.5848,0.6106
78,94,235,0.5127,0.4718,0.403,0.5886
79,94,238,0.5852,0.5239,0.4749,0.5817
80,94,241,0.3294,0.5861,0.4645,0.4756
81,94,244,0.4505,0.5866,0.4,0.4673
82,94,247,0.5814,0.5095,0.4069,0.4072
83,94,250,0.3928,0.4018,0.3565,0.518
84,94,253,0.4608,0.6044,0.4304,0.5949
85,94,256,0.392,0.5144,0.2991,0.6058
86,94,259,0.4721,0.4128,0.387,0.5182
87,94,262,0.511,0.5995,0.5165,0.2943
88,94,265,0.3599,0.4573,0.449,0.5829
89,94,268,0.3282,0.1741,0.6112,0.2856
90,94,271,0.2615,0.2855,0.5248,0.3692
91,94,274,0.4434,0.4292,0.3464,0.2773
92,94,277,0.3227,0.3497,0.2737,0.2388
93,94,280,0.5123,0.2662,0.1889,0.4492
94,94,283,0.4689,0.3913,0.2169,0.5516
95,94,286,0.2997,0.4304,0.5129,0.3908
96,94,289,0.3904,0.2864,0.2209,0.04974
97,94,292,0.2711,0.3308,0.2652,0.3465
98,94,295,0.3936,0.2635,0.4602,0.3643
99,94,298,0.2825,0.1212,0.4646,0.1112
,Dataset#,L,att_1,att_2,att_3,att_4
0,95,1,0.6132,0.6138,0.6164,0.6136
1,95,4,0.6601,0.6632,0.6552,0.6512
2,95,7,0.661,0.6605,0.6637,0.6653
3,95,10,0.6611,0.6637,0.6628,0.6625
4,95,13,0.6634,0.6638,0.6671,0.6702
5,95,16,0.6662,0.6655,0.6638,0.6636
6,95,19,0.6642,0.6735,0.6701,0.6664
7,95,22,0.6649,0.6688,0.6703,0.6672
8,95,25,0.6727,0.6728,0.6703,0.6654
9,95,28,0.6635,0.6681,0.6724,0.6666
10,95,31,0.6776,0.6753,0.6712,0.6757
11,95,34,0.6801,0.6655,0.6683,0.6677
12,95,37,0.6753,0.6692,0.6776,0.6692
13,95,40,0.6761,0.6757,0.6772,0.6789
14,95,43,0.6816,0.671,0.6757,0.6797
15,95,46,0.6616,0.6726,0.6836,0.6766
16,95,49,0.6799,0.6753,0.6715,0.6768
17,95,52,0.6775,0.6743,0.6711,0.6733
18,95,55,0.681,0.675,0.6687,0.6686
19,95,58,0.6723,0.6699,0.6748,0.666
20,95,61,0.6741,0.6842,0.6823,0.6741
21,95,64,0.6689,0.6784,0.6792,0.6651
22,95,67,0.6822,0.6765,0.675,0.6699
23,95,70,0.6833,0.6752,0.6807,0.6827
24,95,73,0.6648,0.6713,0.6706,0.6342
25,95,76,0.6792,0.6775,0.681,0.635
26,95,79,0.6691,0.6337,0.6351,0.6298
27,95,82,0.6725,0.6242,0.6789,0.6684
28,95,85,0.6724,0.6749,0.6707,0.6758
29,95,88,0.6806,0.6698,0.6367,0.6708
30,95,91,0.5803,0.6809,0.6706,0.6707
31,95,94,0.6718,0.6346,0.6385,0.6745
32,95,97,0.6773,0.6804,0.6324,0.6743
33,95,100,0.6788,0.6747,0.6804,0.6752
34,95,103,0.6302,0.6433,0.5764,0.6793
35,95,106,0.6729,0.6657,0.675,0.6744
36,95,109,0.5395,0.6387,0.6799,0.6318
37,95,112,0.6246,0.6844,0.6828,0.6849
38,95,115,0.6796,0.6346,0.5862,0.6752
39,95,118,0.6336,0.6192,0.5942,0.6315
40,95,121,0.6251,0.6321,0.6108,0.5479
41,95,124,0.6285,0.6797,0.6717,0.6286
42,95,127,0.6757,0.6316,0.5816,0.6752
43,95,130,0.6805,0.6639,0.6293,0.5849
44,95,133,0.5849,0.6795,0.6729,0.6348
45,95,136,0.68,0.6788,0.5901,0.5504
46,95,139,0.5862,0.6793,0.6838,0.5349
47,95,142,0.6763,0.5815,0.6687,0.5437
48,95,145,0.6697,0.6324,0.6742,0.632
49,95,148,0.576,0.6342,0.674,0.6289
50,95,151,0.6866,0.5835,0.5909,0.5919
51,95,154,0.5902,0.6279,0.6819,0.6832
52,95,157,0.5937,0.6757,0.6313,0.6372
53,95,160,0.6304,0.6744,0.6336,0.5889
54,95,163,0.5861,0.6294,0.5813,0.586
55,95,166,0.6157,0.6227,0.4509,0.5431
56,95,169,0.6244,0.4466,0.6796,0.6297
57,95,172,0.6723,0.633,0.5847,0.5439
58,95,175,0.6382,0.6768,0.5381,0.6784
59,95,178,0.675,0.6661,0.6251,0.6282
60,95,181,0.4556,0.5849,0.4882,0.6276
61,95,184,0.475,0.6817,0.6765,0.5841
62,95,187,0.6384,0.6313,0.4532,0.6374
63,95,190,0.6335,0.6332,0.6685,0.6739
64,95,193,0.5824,0.4481,0.3634,0.534
65,95,196,0.6284,0.5003,0.586,0.6251
66,95,199,0.6292,0.6761,0.5327,0.5914
67,95,202,0.638,0.6317,0.4591,0.6279
68,95,205,0.5853,0.6648,0.5862,0.4926
69,95,208,0.539,0.6695,0.6174,0.4925
70,95,211,0.5031,0.617,0.6222,0.5918
71,95,214,0.5269,0.4541,0.6315,0.6728
72,95,217,0.5882,0.6301,0.5347,0.614
73,95,220,0.626,0.6702,0.5411,0.626
74,95,223,0.635,0.6164,0.4904,0.6655
75,95,226,0.5843,0.6178,0.6176,0.5391
76,95,229,0.6259,0.6608,0.6719,0.4881
77,95,232,0.4903,0.317,0.5436,0.5883
78,95,235,0.5325,0.5012,0.5905,0.5328
79,95,238,0.5001,0.4486,0.6296,0.5826
80,95,241,0.5637,0.364,0.4762,0.4918
81,95,244,0.6632,0.5808,0.4929,0.63
82,95,247,0.5035,0.6697,0.6215,0.6735
83,95,250,0.6179,0.5428,0.546,0.5837
84,95,253,0.2202,0.4104,0.5924,0.4931
85,95,256,0.5883,0.5627,0.4483,0.636
86,95,259,0.6352,0.6778,0.4518,0.5872
87,95,262,0.3618,0.5851,0.5148,0.6195
88,95,265,0.477,0.6652,0.4458,0.6306
89,95,268,0.4604,0.536,0.6654,0.4462
90,95,271,0.631,0.5422,0.439,0.4977
91,95,274,0.6717,0.5365,0.6731,0.6228
92,95,277,0.4968,0.5452,0.6323,0.6684
93,95,280,0.625,0.4951,0.5824,0.593
94,95,283,0.3924,0.5028,0.4974,0.6627
95,95,286,0.6293,0.6299,0.4922,0.5399
96,95,289,0.3519,0.394,0.5306,0.6177
97,95,292,0.494,0.4946,0.619,0.4382
98,95,295,0.4846,0.531,0.225,0.402
99,95,298,0.3631,0.4999,0.4976,0.4075
,Dataset#,L,att_1,att_2,att_3,att_4
0,96,1,0.6959,0.6916,0.6813,0.7076
1,96,4,0.7414,0.7346,0.7465,0.7315
2,96,7,0.7399,0.738,0.7567,0.7579
3,96,10,0.7489,0.7482,0.7553,0.7624
4,96,13,0.7672,0.7441,0.7623,0.757
5,96,16,0.7516,0.7551,0.7566,0.7598
6,96,19,0.7546,0.7749,0.7809,0.7622
7,96,22,0.777,0.7658,0.7613,0.7661
8,96,25,0.7783,0.7778,0.7621,0.7746
9,96,28,0.7802,0.7703,0.7617,0.7652
10,96,31,0.7614,0.6548,0.7866,0.7689
11,96,34,0.7702,0.7773,0.7757,0.7675
12,96,37,0.7728,0.7686,0.7549,0.649
13,96,40,0.5558,0.7747,0.6581,0.7939
14,96,43,0.6705,0.7863,0.6693,0.6544
15,96,46,0.5378,0.7783,0.6623,0.7791
16,96,49,0.6763,0.5237,0.7819,0.6551
17,96,52,0.5311,0.5491,0.5341,0.5495
18,96,55,0.7606,0.5261,0.7581,0.525
19,96,58,0.6612,0.5202,0.5046,0.6611
20,96,61,0.2966,0.7755,0.4128,0.3112
21,96,64,0.752,0.5253,0.5435,0.7664
22,96,67,0.5423,0.4304,0.6467,0.5348
23,96,70,0.7568,0.6586,0.4108,0.6496
24,96,73,0.6305,0.6543,0.542,0.6681
25,96,76,0.6383,0.5164,0.6449,0.7644
26,96,79,0.5311,0.5367,0.4295,0.6375
27,96,82,0.5306,0.5443,0.7256,0.5484
28,96,85,0.5246,0.7453,0.5357,0.4036
29,96,88,0.7687,0.524,0.5138,0.1856
30,96,91,0.5289,0.2963,0.6425,0.6598
31,96,94,0.5297,0.5356,0.6505,0.4182
32,96,97,0.6279,0.5456,0.6284,0.4177
33,96,100,0.3031,0.5162,0.5287,0.5405
34,96,103,0.3022,0.5385,0.4127,0.513
35,96,106,0.5416,0.2826,0.641,0.5085
36,96,109,0.645,0.3048,0.6319,0.533
37,96,112,0.5367,0.7578,0.491,0.5044
38,96,115,0.5403,0.629,0.76,0.4265
39,96,118,0.4203,0.6384,0.6615,0.6431
40,96,121,0.5325,0.7591,0.4096,0.7316
41,96,124,0.4118,0.6439,0.5135,0.7813
42,96,127,0.5227,0.6508,0.5242,0.6398
43,96,130,0.4303,0.5364,0.5241,0.5077
44,96,133,0.4148,0.2959,0.6421,0.4212
45,96,136,0.4189,0.514,0.6299,0.5175
46,96,139,0.3012,0.5279,0.5287,0.6087
47,96,142,0.1856,0.6289,0.4172,0.5265
48,96,145,0.5115,0.4064,0.6379,0.5201
49,96,148,0.5022,0.6216,0.4091,0.6405
50,96,151,0.6308,0.4081,0.6361,0.6425
51,96,154,0.3889,0.5212,0.5274,0.5231
52,96,157,0.4012,0.4142,0.3997,0.6185
53,96,160,0.6395,0.6254,0.5069,0.4092
54,96,163,0.4104,0.5111,0.6221,0.6478
55,96,166,0.6249,0.5392,0.6222,0.411
56,96,169,0.4073,0.6106,0.5351,0.2884
57,96,172,0.7516,0.5253,0.7608,0.5254
58,96,175,0.5186,0.6062,0.4182,0.5189
59,96,178,0.4187,0.7558,0.6111,0.409
60,96,181,0.628,0.5171,0.6289,0.6351
61,96,184,0.5279,0.5214,0.6262,0.2967
62,96,187,0.6394,0.7433,0.507,0.407
63,96,190,0.2962,0.538,0.6427,0.6229
64,96,193,0.529,0.3955,0.514,0.5147
65,96,196,0.5256,0.5279,0.6302,0.5193
66,96,199,0.5385,0.5168,0.6433,0.5166
67,96,202,0.7498,0.1856,0.5376,0.4098
68,96,205,0.1856,0.5018,0.6109,0.6331
69,96,208,0.7363,0.613,0.4072,0.5292
70,96,211,0.5305,0.249,0.4032,0.7455
71,96,214,0.5166,0.4052,0.61,0.6299
72,96,217,0.3809,0.2877,0.5105,0.6145
73,96,220,0.6219,0.3961,0.4836,0.5078
74,96,223,0.6358,0.5268,0.5123,0.6192
75,96,226,0.4162,0.7106,0.5024,0.289
76,96,229,0.6322,0.3688,0.4908,0.5038
77,96,232,0.4154,0.711,0.4772,0.5341
78,96,235,0.6399,0.6324,0.5534,0.5042
79,96,238,0.3569,0.2578,0.4989,0.4157
80,96,241,0.482,0.5985,0.3572,0.5164
81,96,244,0.4994,0.6027,0.4746,0.6301
82,96,247,0.4768,0.2692,0.6082,0.4961
83,96,250,0.7453,0.5042,0.4772,0.4616
84,96,253,0.4961,0.6108,0.5983,0.5096
85,96,256,0.3369,0.4575,0.6222,0.5913
86,96,259,0.5014,0.4003,0.5323,0.3407
87,96,262,0.4155,0.462,0.3298,0.3524
88,96,265,0.5037,0.5087,0.2559,0.2995
89,96,268,0.2643,0.6437,0.6013,0.5092
90,96,271,0.3992,0.3614,0.4271,0.5146
91,96,274,0.3616,0.5323,0.3622,0.2536
92,96,277,0.7467,0.5699,0.4801,0.3714
93,96,280,0.1856,0.5321,0.3329,0.481
94,96,283,0.4194,0.3657,0.2616,0.4993
95,96,286,0.5026,0.4821,0.5842,0.2952
96,96,289,0.1485,0.5119,0.4438,0.3725
97,96,292,0.2186,0.5303,0.4537,0.5062
98,96,295,0.5111,0.3401,0.3948,0.3699
99,96,298,0.3818,0.5168,0.2582,0.4004
,Dataset#,L,att_1,att_2,att_3,att_4
0,97,1,0.8924,0.8727,0.9014,0.8964
1,97,4,0.9334,0.9257,0.9317,0.9339
2,97,7,0.9421,0.9402,0.9403,0.9485
3,97,10,0.9503,0.9453,0.9404,0.9524
4,97,13,0.9476,0.9527,0.9444,0.9532
5,97,16,0.9521,0.941,0.9506,0.9471
6,97,19,0.9489,0.948,0.9471,0.9449
7,97,22,0.9421,0.944,0.9486,0.9453
8,97,25,0.9465,0.9465,0.9411,0.9503
9,97,28,0.9486,0.9456,0.9519,0.9482
10,97,31,0.9495,0.9438,0.9433,0.9471
11,97,34,0.947,0.9523,0.9389,0.9514
12,97,37,0.9532,0.9435,0.9454,0.9406
13,97,40,0.9531,0.9418,0.9455,0.9533
14,97,43,0.9507,0.953,0.9449,0.9464
15,97,46,0.9434,0.9525,0.9524,0.9385
16,97,49,0.9535,0.9512,0.9541,0.9515
17,97,52,0.9534,0.9501,0.9514,0.9421
18,97,55,0.9464,0.9437,0.9512,0.9587
19,97,58,0.9496,0.9431,0.9466,0.9495
20,97,61,0.9551,0.9507,0.9449,0.9504
21,97,64,0.9384,0.9435,0.9569,0.9539
22,97,67,0.9425,0.9486,0.9529,0.9426
23,97,70,0.9476,0.9428,0.9525,0.9462
24,97,73,0.9529,0.9433,0.9498,0.9468
25,97,76,0.9517,0.9464,0.9464,0.9452
26,97,79,0.9524,0.9464,0.952,0.9446
27,97,82,0.9481,0.9403,0.9505,0.9472
28,97,85,0.949,0.9513,0.9587,0.9423
29,97,88,0.9453,0.951,0.9481,0.9473
30,97,91,0.9499,0.9442,0.9486,0.95
31,97,94,0.9523,0.9503,0.9518,0.9517
32,97,97,0.9574,0.9491,0.9508,0.9393
33,97,100,0.9551,0.9545,0.9507,0.9532
34,97,103,0.96,0.9607,0.95,0.9423
35,97,106,0.9498,0.9549,0.9489,0.9488
36,97,109,0.948,0.9504,0.9502,0.9461
37,97,112,0.9554,0.9417,0.9515,0.9486
38,97,115,0.9465,0.9483,0.9502,0.9468
39,97,118,0.9493,0.9524,0.9504,0.9429
40,97,121,0.9549,0.9496,0.9447,0.9523
41,97,124,0.9472,0.9579,0.9533,0.9473
42,97,127,0.95,0.947,0.9373,0.9489
43,97,130,0.9548,0.9507,0.9531,0.9527
44,97,133,0.9539,0.9455,0.954,0.9467
45,97,136,0.9478,0.9434,0.9482,0.9465
46,97,139,0.9506,0.9479,0.9496,0.9515
47,97,142,0.9502,0.9565,0.9514,0.9456
48,97,145,0.9532,0.9418,0.9545,0.9477
49,97,148,0.9388,0.9481,0.9412,0.9486
50,97,151,0.9406,0.9465,0.9515,0.9505
51,97,154,0.9453,0.9513,0.9462,0.9542
52,97,157,0.9496,0.9506,0.9467,0.9512
53,97,160,0.9429,0.9507,0.9507,0.9492
54,97,163,0.9504,0.9474,0.9442,0.9477
55,97,166,0.9512,0.9489,0.9408,0.9452
56,97,169,0.9402,0.9525,0.9502,0.9484
57,97,172,0.9561,0.9501,0.9534,0.9462
58,97,175,0.9445,0.9478,0.9498,0.9414
59,97,178,0.943,0.9504,0.9503,0.9489
60,97,181,0.9547,0.9448,0.956,0.9512
61,97,184,0.7684,0.9554,0.9517,0.9399
62,97,187,0.9514,0.9501,0.7907,0.9483
63,97,190,0.9473,0.9459,0.9475,0.9487
64,97,193,0.9531,0.9469,0.9395,0.9423
65,97,196,0.9454,0.9559,0.9479,0.9439
66,97,199,0.9561,0.9473,0.9453,0.9447
67,97,202,0.9525,0.9449,0.9513,0.9389
68,97,205,0.9432,0.9332,0.9493,0.9464
69,97,208,0.9522,0.5993,0.9537,0.7939
70,97,211,0.9463,0.9546,0.9308,0.9515
71,97,214,0.9427,0.9431,0.9485,0.9391
72,97,217,0.9546,0.9441,0.9488,0.9462
73,97,220,0.9499,0.9435,0.7839,0.7581
74,97,223,0.948,0.7577,0.9466,0.7963
75,97,226,0.9531,0.7599,0.7612,0.9489
76,97,229,0.7624,0.9569,0.7949,0.9454
77,97,232,0.5582,0.9531,0.9492,0.7578
78,97,235,0.7665,0.9463,0.7576,0.7528
79,97,238,0.613,0.7906,0.7529,0.5656
80,97,241,0.5655,0.3775,0.5725,0.5712
81,97,244,0.5669,0.9417,0.6112,0.5771
82,97,247,0.7637,0.5698,0.7569,0.7994
83,97,250,0.5702,0.9483,0.6023,0.5687
84,97,253,0.7622,0.7526,0.759,0.5689
85,97,256,0.5955,0.562,0.57,0.7622
86,97,259,0.3754,0.7552,0.7608,0.5653
87,97,262,0.5732,0.569,0.3866,0.1914
88,97,265,0.4475,0.7553,0.9466,0.5679
89,97,268,0.1849,0.3736,0.5672,0.3793
90,97,271,0.5756,0.609,0.4145,0.3772
91,97,274,0.4923,0.5694,0.6081,0.605
92,97,277,0.3839,0.7581,0.191,0.03684
93,97,280,0.5697,0.1876,0.1883,0.3785
94,97,283,0.1921,0.07396,0.3767,0.3727
95,97,286,0.3832,0.1886,0.5664,0.7633
96,97,289,0.3808,0.4183,0.4162,0.3799
97,97,292,0.6051,0.5612,0.9492,0.5663
98,97,295,0.1911,0.7401,0.4136,0.7923
99,97,298,0.6083,0.4147,0.03712,0.3694
,Dataset#,L,att_1,att_2,att_3,att_4
0,98,1,1,1,0.998,1
1,98,4,0.999,0.9952,1,1
2,98,7,0.9906,0.9961,1,1
3,98,10,0.9985,0.999,1,1
4,98,13,1,0.9932,1,1
5,98,16,1,1,1,1
6,98,19,0.997,1,1,0.9985
7,98,22,1,1,1,0.9976
8,98,25,0.999,1,1,1
9,98,28,1,0.9906,0.9765,1
10,98,31,1,1,1,1
11,98,34,1,1,0.999,0.9985
12,98,37,1,1,1,1
13,98,40,1,1,0.9985,1
14,98,43,0.999,1,1,1
15,98,46,1,1,0.9995,1
16,98,49,0.999,1,0.9957,1
17,98,52,0.9965,0.997,1,1
18,98,55,1,1,1,1
19,98,58,0.9985,1,1,0.971
20,98,61,1,1,1,0.9839
21,98,64,0.9975,1,1,0.9995
22,98,67,1,0.999,1,1
23,98,70,1,0.9995,1,1
24,98,73,0.999,0.9941,1,0.991
25,98,76,0.9985,1,1,0.999
26,98,79,1,1,1,1
27,98,82,1,1,1,1
28,98,85,1,0.9995,0.999,0.999
29,98,88,1,1,1,1
30,98,91,1,0.926,1,0.9995
31,98,94,1,0.999,1,1
32,98,97,1,1,1,1
33,98,100,1,0.9896,1,1
34,98,103,1,0.9946,1,0.9715
35,98,106,0.946,1,1,0.991
36,98,109,0.9379,1,1,0.9985
37,98,112,1,1,1,1
38,98,115,0.9966,1,1,1
39,98,118,1,1,1,0.9985
40,98,121,1,1,0.999,0.9995
41,98,124,0.9995,0.9482,1,1
42,98,127,1,0.998,0.9769,1
43,98,130,1,1,1,1
44,98,133,0.9995,1,1,1
45,98,136,0.9995,1,1,0.9899
46,98,139,1,1,1,1
47,98,142,1,1,1,1
48,98,145,0.999,1,0.9758,1
49,98,148,1,1,0.9985,1
50,98,151,1,0.988,1,0.9874
51,98,154,1,1,1,0.997
52,98,157,0.9976,1,1,0.9995
53,98,160,0.9985,1,1,1
54,98,163,1,0.9971,1,0.9914
55,98,166,0.9918,1,1,1
56,98,169,0.9935,1,1,1
57,98,172,1,1,1,1
58,98,175,1,1,0.9921,1
59,98,178,1,0.999,0.9995,1
60,98,181,1,0.9919,1,1
61,98,184,0.9613,1,1,0.9976
62,98,187,1,0.998,0.999,1
63,98,190,1,0.998,1,0.9976
64,98,193,1,1,1,0.9918
65,98,196,1,1,0.9403,1
66,98,199,0.999,0.9561,0.7874,1
67,98,202,0.9913,0.9995,1,0.9774
68,98,205,1,0.9701,0.9985,1
69,98,208,0.9851,0.999,1,1
70,98,211,1,1,1,1
71,98,214,1,0.8,1,0.9956
72,98,217,0.7995,1,1,0.9971
73,98,220,0.9995,0.9985,0.9789,0.9923
74,98,223,0.8,0.8,1,1
75,98,226,1,1,0.7975,1
76,98,229,0.9902,0.8,0.8,0.9928
77,98,232,1,1,1,1
78,98,235,1,0.999,0.999,0.9588
79,98,238,0.8535,0.9985,0.997,1
80,98,241,0.8,0.9995,0.8,0.8
81,98,244,1,1,0.6,0.9857
82,98,247,1,1,0.4,0.797
83,98,250,1,0.7923,0.798,1
84,98,253,0.9985,1,0.9848,0.9208
85,98,256,1,0.8,0.8,1
86,98,259,1,0.8,0.798,1
87,98,262,0.999,0.8,0.8,1
88,98,265,0.8,1,0.8,0.5985
89,98,268,0.7904,0.8,0.9919,0.6
90,98,271,0.9951,0.999,0.797,0.9975
91,98,274,1,0.4,0.6,0.8533
92,98,277,0.6,0.7995,0.999,1
93,98,280,0.6,0.6535,0.9899,0.7995
94,98,283,0.8,0.8,0.5995,0.6
95,98,286,0.9943,1,0.7995,0.7995
96,98,289,0.599,0.4,0.9749,0.7985
97,98,292,1,0.5995,0.7985,0.4
98,98,295,1,0.7985,1,0.9965
99,98,298,0.8,1,0.799,1
,Dataset#,L,att_1,att_2,att_3,att_4
0,99,1,1,1,1,1
1,99,4,1,1,1,1
2,99,7,1,1,1,1
3,99,10,1,1,1,0.9956
4,99,13,1,1,1,0.9886
5,99,16,0.9995,1,1,0.999
6,99,19,1,1,1,1
7,99,22,1,0.9947,1,1
8,99,25,1,0.9957,0.9306,0.9871
9,99,28,0.9909,0.9951,0.9492,1
10,99,31,1,1,0.998,1
11,99,34,1,0.9956,0.9971,1
12,99,37,0.9892,1,1,0.9914
13,99,40,0.9971,1,0.9933,0.9995
14,99,43,1,0.9975,1,1
15,99,46,1,1,1,0.9985
16,99,49,0.9995,0.999,0.9965,1
17,99,52,1,1,1,0.9653
18,99,55,0.9975,0.9965,1,1
19,99,58,1,1,1,1
20,99,61,1,1,1,0.9985
21,99,64,0.9985,0.9952,1,1
22,99,67,1,0.9995,0.9764,1
23,99,70,1,0.9995,1,1
24,99,73,0.9956,1,1,0.999
25,99,76,1,0.9721,1,0.999
26,99,79,1,1,0.999,1
27,99,82,0.9878,1,1,1
28,99,85,1,1,1,0.9985
29,99,88,0.999,0.9995,1,1
30,99,91,1,1,1,1
31,99,94,1,0.9971,1,0.9995
32,99,97,1,1,1,0.9995
33,99,100,1,1,1,0.9965
34,99,103,1,0.9918,1,1
35,99,106,1,1,0.9971,1
36,99,109,1,0.9831,0.9985,0.9552
37,99,112,0.9924,1,0.9995,1
38,99,115,1,1,1,0.8954
39,99,118,1,0.9995,0.9995,0.9882
40,99,121,0.9995,1,1,1
41,99,124,1,0.9853,1,1
42,99,127,0.9995,1,0.9966,1
43,99,130,0.9995,1,1,0.9995
44,99,133,1,0.999,1,0.9995
45,99,136,0.9881,0.9935,1,0.999
46,99,139,1,1,0.9966,0.9896
47,99,142,1,1,1,1
48,99,145,1,0.9934,0.9975,0.9985
49,99,148,1,1,0.999,1
50,99,151,0.9951,0.9995,0.9995,1
51,99,154,1,0.999,0.9336,1
52,99,157,1,0.9981,1,0.999
53,99,160,1,1,0.9995,0.999
54,99,163,0.9985,1,0.9995,0.9864
55,99,166,1,0.9632,0.9961,0.998
56,99,169,1,1,0.9828,1
57,99,172,0.9985,0.9387,0.9995,1
58,99,175,0.998,0.9985,0.959,1
59,99,178,0.9995,1,1,0.9985
60,99,181,1,0.9833,1,1
61,99,184,0.9985,0.9995,0.9911,0.9975
62,99,187,0.998,1,0.999,0.999
63,99,190,0.999,0.9927,1,1
64,99,193,1,0.998,1,1
65,99,196,0.9965,1,0.988,1
66,99,199,0.9804,1,0.9558,0.9717
67,99,202,0.9995,0.9975,0.995,1
68,99,205,1,0.9919,1,0.9985
69,99,208,1,0.9995,0.9985,0.998
70,99,211,0.9952,1,1,1
71,99,214,1,1,1,0.7601
72,99,217,0.999,0.6,0.794,1
73,99,220,1,0.9945,0.7995,0.9956
74,99,223,1,0.9995,0.8,0.9995
75,99,226,1,0.9433,1,0.9995
76,99,229,0.9985,0.999,1,0.9874
77,99,232,1,0.8,0.9995,0.9975
78,99,235,1,0.8,0.999,0.799
79,99,238,0.6,1,1,0.5796
80,99,241,0.9782,0.999,1,1
81,99,244,0.9985,0.8,0.5995,0.9535
82,99,247,0.8,0.9966,1,0.799
83,99,250,0.9981,0.8,1,0.8
84,99,253,0.9565,1,0.9995,1
85,99,256,0.7995,0.8,0.8,0.799
86,99,259,0.9985,1,0.9985,0.9806
87,99,262,0.8,0.5995,0.9876,0.3853
88,99,265,1,0.9616,0.9852,1
89,99,268,0.7939,0.7888,0.9995,0.9976
90,99,271,0.8,0.6,0.998,0.9975
91,99,274,0.5995,0.8,0.2,0.8
92,99,277,0.9995,0.8,0.7818,0.7923
93,99,280,0.799,0.7771,0.9995,0.999
94,99,283,0.9995,1,0.9985,1
95,99,286,1,0.9995,0.8,0.8
96,99,289,0.599,1,0.997,0.8
97,99,292,0.8,1,0.9985,0.6
98,99,295,0.6,0.9592,0.8,0.998
99,99,298,0.9976,0.6,0.7995,0.798
,Dataset#,L,att_1,att_2,att_3,att_4
0,100,1,0.3027,0.303,0.3027,0.3044
1,100,4,0.3088,0.311,0.3132,0.3147
2,100,7,0.3161,0.314,0.3118,0.3147
3,100,10,0.3155,0.3132,0.3102,0.3141
4,100,13,0.3183,0.3072,0.3086,0.3133
5,100,16,0.3151,0.3103,0.3143,0.3101
6,100,19,0.3098,0.317,0.3087,0.3109
7,100,22,0.3055,0.3024,0.3096,0.3152
8,100,25,0.3103,0.3021,0.3132,0.3173
9,100,28,0.3078,0.3104,0.3178,0.312
10,100,31,0.3156,0.3041,0.3083,0.3191
11,100,34,0.3168,0.3186,0.3135,0.3185
12,100,37,0.3188,0.309,0.3154,0.3041
13,100,40,0.3171,0.3184,0.3044,0.3178
14,100,43,0.3082,0.3134,0.3192,0.3159
15,100,46,0.3165,0.312,0.3109,0.3144
16,100,49,0.3153,0.3138,0.3067,0.3134
17,100,52,0.3167,0.3206,0.3208,0.313
18,100,55,0.3091,0.3122,0.3128,0.3081
19,100,58,0.303,0.3193,0.3035,0.3219
20,100,61,0.3151,0.3196,0.311,0.3094
21,100,64,0.3098,0.3132,0.3132,0.3133
22,100,67,0.3145,0.3158,0.3162,0.3048
23,100,70,0.3135,0.3144,0.3144,0.3124
24,100,73,0.3096,0.3108,0.3162,0.3132
25,100,76,0.3047,0.3118,0.3108,0.3144
26,100,79,0.3092,0.3087,0.3081,0.306
27,100,82,0.3123,0.3185,0.3077,0.32
28,100,85,0.3092,0.3167,0.3183,0.3003
29,100,88,0.3138,0.3121,0.3269,0.3168
30,100,91,0.3277,0.3041,0.3053,0.3062
31,100,94,0.3047,0.3071,0.3129,0.3169
32,100,97,0.3187,0.3172,0.3106,0.314
33,100,100,0.3169,0.3134,0.3107,0.3127
34,100,103,0.3082,0.3135,0.3111,0.3115
35,100,106,0.3029,0.3199,0.3134,0.3097
36,100,109,0.3109,0.3093,0.3116,0.316
37,100,112,0.319,0.3097,0.3162,0.3134
38,100,115,0.313,0.3127,0.3177,0.3043
39,100,118,0.3094,0.3204,0.3102,0.3122
40,100,121,0.3032,0.3015,0.3122,0.3047
41,100,124,0.3021,0.3004,0.3086,0.3192
42,100,127,0.3077,0.3019,0.3072,0.3019
43,100,130,0.3033,0.3057,0.2972,0.3072
44,100,133,0.3138,0.312,0.312,0.3035
45,100,136,0.2929,0.3129,0.3228,0.3033
46,100,139,0.3038,0.3045,0.306,0.3072
47,100,142,0.3075,0.312,0.3078,0.2892
48,100,145,0.3121,0.3113,0.3048,0.3113
49,100,148,0.3178,0.3072,0.2994,0.3095
50,100,151,0.3107,0.3164,0.3074,0.3113
51,100,154,0.3115,0.3162,0.3074,0.3074
52,100,157,0.3142,0.305,0.2996,0.3052
53,100,160,0.3044,0.3194,0.3069,0.2995
54,100,163,0.3121,0.3067,0.3078,0.3092
55,100,166,0.2994,0.2979,0.3094,0.312
56,100,169,0.3,0.3141,0.3078,0.3105
57,100,172,0.3059,0.3157,0.3032,0.3124
58,100,175,0.3213,0.32,0.3069,0.306
59,100,178,0.3062,0.3108,0.3043,0.3182
60,100,181,0.3165,0.3188,0.3149,0.3162
61,100,184,0.3045,0.3109,0.3034,0.3145
62,100,187,0.3048,0.3141,0.3172,0.3109
63,100,190,0.3219,0.2807,0.316,0.2925
64,100,193,0.3056,0.3011,0.3096,0.31
65,100,196,0.3139,0.3121,0.3013,0.3136
66,100,199,0.3022,0.3147,0.2999,0.3108
67,100,202,0.3076,0.3036,0.3146,0.309
68,100,205,0.3018,0.2789,0.3022,0.302
69,100,208,0.3,0.3053,0.3139,0.3039
70,100,211,0.3037,0.3058,0.2502,0.3103
71,100,214,0.3105,0.3092,0.3043,0.3148
72,100,217,0.3137,0.3022,0.28,0.3026
73,100,220,0.3138,0.312,0.3102,0.3097
74,100,223,0.2506,0.3045,0.3115,0.3045
75,100,226,0.2767,0.3081,0.3077,0.2962
76,100,229,0.3084,0.3118,0.2879,0.2593
77,100,232,0.3083,0.2505,0.3134,0.311
78,100,235,0.308,0.3124,0.3127,0.3076
79,100,238,0.3168,0.3086,0.3198,0.3067
80,100,241,0.302,0.3117,0.2798,0.2824
81,100,244,0.284,0.2425,0.2509,0.3074
82,100,247,0.2994,0.2468,0.2403,0.3175
83,100,250,0.2437,0.3211,0.3029,0.3042
84,100,253,0.3109,0.3104,0.3085,0.2518
85,100,256,0.2512,0.3021,0.3047,0.186
86,100,259,0.3136,0.3081,0.1759,0.2511
87,100,262,0.3082,0.3095,0.2307,0.3071
88,100,265,0.287,0.3041,0.2508,0.3149
89,100,268,0.2853,0.2952,0.3137,0.2304
90,100,271,0.2454,0.2481,0.2424,0.2902
91,100,274,0.1829,0.2749,0.2388,0.3017
92,100,277,0.3116,0.304,0.3107,0.3084
93,100,280,0.3045,0.2434,0.3054,0.2484
94,100,283,0.1204,0.2477,0.3048,0.1864
95,100,286,0.2495,0.309,0.1873,0.3114
96,100,289,0.1837,0.3016,0.1792,0.1824
97,100,292,0.1896,0.1612,0.1864,0.1572
98,100,295,0.1156,0.1896,0.1246,0.2563
99,100,298,0.2895,0.1626,0.3111,0.1824
,Dataset#,L,att_1,att_2,att_3,att_4
0,101,1,0.214,0.2183,0.2225,0.2142
1,101,4,0.2472,0.2381,0.2424,0.2402
2,101,7,0.2478,0.2433,0.2493,0.2396
3,101,10,0.243,0.2419,0.2504,0.2414
4,101,13,0.2521,0.2504,0.2463,0.2377
5,101,16,0.2385,0.2509,0.2445,0.236
6,101,19,0.2367,0.2423,0.2418,0.2407
7,101,22,0.2464,0.2484,0.2399,0.2462
8,101,25,0.2449,0.242,0.2357,0.2392
9,101,28,0.2409,0.2298,0.238,0.2451
10,101,31,0.2365,0.2421,0.252,0.2437
11,101,34,0.2229,0.2528,0.23,0.238
12,101,37,0.2251,0.2321,0.2463,0.2431
13,101,40,0.2353,0.2406,0.2381,0.2404
14,101,43,0.254,0.2394,0.2394,0.2352
15,101,46,0.2304,0.2396,0.2499,0.2413
16,101,49,0.23,0.2468,0.2417,0.2498
17,101,52,0.2259,0.2449,0.2288,0.2555
18,101,55,0.2399,0.2357,0.2439,0.2459
19,101,58,0.2443,0.2366,0.2266,0.2377
20,101,61,0.2334,0.236,0.2438,0.245
21,101,64,0.2423,0.2268,0.2388,0.2359
22,101,67,0.2429,0.2379,0.2212,0.2239
23,101,70,0.2249,0.234,0.2494,0.2545
24,101,73,0.2318,0.2333,0.2292,0.2246
25,101,76,0.2389,0.2443,0.2364,0.2258
26,101,79,0.2293,0.2265,0.2251,0.2357
27,101,82,0.2297,0.2237,0.2171,0.2258
28,101,85,0.2242,0.238,0.2353,0.2303
29,101,88,0.231,0.243,0.2306,0.2298
30,101,91,0.2351,0.236,0.234,0.2369
31,101,94,0.236,0.2381,0.2448,0.241
32,101,97,0.1922,0.2288,0.2477,0.2272
33,101,100,0.2312,0.2172,0.2298,0.2376
34,101,103,0.2237,0.2311,0.2225,0.2414
35,101,106,0.2094,0.2342,0.221,0.2107
36,101,109,0.2264,0.2283,0.2405,0.236
37,101,112,0.2343,0.233,0.2078,0.2403
38,101,115,0.2175,0.2272,0.2287,0.2232
39,101,118,0.2261,0.2162,0.1991,0.2358
40,101,121,0.217,0.2267,0.2165,0.2259
41,101,124,0.2417,0.236,0.2,0.2216
42,101,127,0.2031,0.2044,0.2268,0.218
43,101,130,0.2375,0.2136,0.2329,0.2287
44,101,133,0.2281,0.2401,0.2351,0.1864
45,101,136,0.2094,0.2378,0.2162,0.2482
46,101,139,0.1904,0.2028,0.2162,0.2347
47,101,142,0.2476,0.2095,0.2171,0.2195
48,101,145,0.1871,0.1991,0.2327,0.1843
49,101,148,0.2239,0.2322,0.2044,0.2208
50,101,151,0.2344,0.2128,0.1992,0.2075
51,101,154,0.2203,0.159,0.2113,0.2388
52,101,157,0.2213,0.23,0.2267,0.2113
53,101,160,0.2213,0.2354,0.2196,0.2203
54,101,163,0.2119,0.2134,0.2016,0.2118
55,101,166,0.1999,0.2262,0.2357,0.2415
56,101,169,0.2271,0.2163,0.2207,0.206
57,101,172,0.2242,0.196,0.2171,0.2213
58,101,175,0.2125,0.2012,0.1839,0.1979
59,101,178,0.2298,0.2392,0.2236,0.2116
60,101,181,0.2531,0.2004,0.2039,0.2283
61,101,184,0.2247,0.2051,0.2225,0.2324
62,101,187,0.1829,0.223,0.2151,0.222
63,101,190,0.2317,0.1964,0.2128,0.1925
64,101,193,0.1953,0.2205,0.2184,0.2357
65,101,196,0.212,0.1812,0.1482,0.2008
66,101,199,0.2207,0.2492,0.2074,0.1771
67,101,202,0.2363,0.2467,0.1607,0.2294
68,101,205,0.1959,0.2282,0.2192,0.1978
69,101,208,0.2255,0.2314,0.1894,0.2184
70,101,211,0.1823,0.2279,0.2129,0.1729
71,101,214,0.2116,0.2296,0.2312,0.1973
72,101,217,0.1976,0.1727,0.1878,0.1841
73,101,220,0.2366,0.1971,0.1658,0.2212
74,101,223,0.201,0.2159,0.1229,0.1618
75,101,226,0.2001,0.1806,0.2111,0.1529
76,101,229,0.1752,0.1265,0.1668,0.1121
77,101,232,0.1112,0.1943,0.1941,0.1841
78,101,235,0.1987,0.1917,0.2015,0.1287
79,101,238,0.2216,0.1964,0.158,0.2
80,101,241,0.2254,0.2089,0.1412,0.1132
81,101,244,0.1855,0.1594,0.1793,0.1145
82,101,247,0.1298,0.1721,0.2355,0.0777
83,101,250,0.1362,0.2101,0.1548,0.2301
84,101,253,0.2005,0.2045,0.0927,0.1143
85,101,256,0.0843,0.1892,0.172,0.1138
86,101,259,0.1509,0.1424,0.2003,0.167
87,101,262,0.1612,0.1214,0.09462,0.1433
88,101,265,0.1852,0.09012,0.183,0.142
89,101,268,0.1091,0.1606,0.1421,0.1435
90,101,271,0.09476,0.1566,0.1454,0.1929
91,101,274,0.1867,0.09726,0.1444,0.09374
92,101,277,0.0751,0.1218,0.1487,0.06782
93,101,280,0.0947,0.1216,0.151,0.1267
94,101,283,0.1607,0.1449,0.1477,0.1427
95,101,286,0.1447,0.1195,0.1278,0.1148
96,101,289,0.08552,0.0985,0.04938,0.1222
97,101,292,0.05684,0.1017,0.2041,0.06474
98,101,295,0.09046,0.1175,0.1186,0.1252
99,101,298,0.07068,0.1576,0.0256,0.103
,Dataset#,L,att_1,att_2,att_3,att_4
0,102,1,0.8338,0.8327,0.8356,0.8322
1,102,4,0.8514,0.8541,0.8535,0.8542
2,102,7,0.8558,0.8517,0.8554,0.8557
3,102,10,0.8554,0.8568,0.8535,0.8522
4,102,13,0.8539,0.8552,0.8566,0.8563
5,102,16,0.8553,0.8564,0.8564,0.8563
6,102,19,0.8533,0.8535,0.8566,0.856
7,102,22,0.8554,0.8536,0.8564,0.8554
8,102,25,0.8546,0.8536,0.855,0.856
9,102,28,0.8552,0.8553,0.852,0.8568
10,102,31,0.8577,0.8543,0.8536,0.8573
11,102,34,0.855,0.8536,0.8554,0.8568
12,102,37,0.8559,0.8567,0.8544,0.8559
13,102,40,0.8566,0.8565,0.8555,0.8571
14,102,43,0.8548,0.8572,0.8556,0.8539
15,102,46,0.8551,0.8544,0.8575,0.8565
16,102,49,0.8557,0.8537,0.8568,0.8525
17,102,52,0.8555,0.8563,0.8555,0.8575
18,102,55,0.8581,0.8601,0.8555,0.858
19,102,58,0.8584,0.8583,0.8549,0.8572
20,102,61,0.8555,0.8517,0.8554,0.8575
21,102,64,0.8569,0.8578,0.8571,0.8566
22,102,67,0.853,0.855,0.8577,0.8567
23,102,70,0.853,0.855,0.8542,0.8558
24,102,73,0.8544,0.8573,0.8555,0.8558
25,102,76,0.8535,0.8549,0.855,0.8544
26,102,79,0.8558,0.8552,0.8576,0.8555
27,102,82,0.8573,0.8533,0.8549,0.8564
28,102,85,0.8549,0.854,0.8566,0.8571
29,102,88,0.8545,0.8518,0.8583,0.8559
30,102,91,0.8565,0.8579,0.8553,0.8564
31,102,94,0.8573,0.8562,0.8568,0.7778
32,102,97,0.8541,0.782,0.8567,0.855
33,102,100,0.7752,0.8533,0.7755,0.8547
34,102,103,0.8568,0.8537,0.8553,0.8573
35,102,106,0.8584,0.7755,0.8567,0.8543
36,102,109,0.8573,0.8589,0.8556,0.8547
37,102,112,0.7778,0.8573,0.8567,0.8548
38,102,115,0.8576,0.7771,0.7011,0.8574
39,102,118,0.8551,0.8539,0.8596,0.8581
40,102,121,0.8572,0.8549,0.8538,0.7714
41,102,124,0.7762,0.8555,0.7755,0.7748
42,102,127,0.8481,0.7775,0.8562,0.8577
43,102,130,0.7753,0.8569,0.6965,0.8568
44,102,133,0.6979,0.7782,0.8556,0.8552
45,102,136,0.7789,0.8564,0.7779,0.8548
46,102,139,0.7744,0.777,0.8546,0.8577
47,102,142,0.856,0.7816,0.8592,0.8548
48,102,145,0.776,0.8577,0.8537,0.8579
49,102,148,0.8518,0.8539,0.8607,0.8564
50,102,151,0.7803,0.8552,0.7823,0.6998
51,102,154,0.7004,0.7804,0.7765,0.8555
52,102,157,0.7109,0.8571,0.8561,0.7783
53,102,160,0.7731,0.7809,0.8548,0.8589
54,102,163,0.8565,0.8565,0.7788,0.6987
55,102,166,0.7006,0.855,0.6153,0.8563
56,102,169,0.7767,0.6946,0.6991,0.7798
57,102,172,0.6964,0.7755,0.7822,0.858
58,102,175,0.7773,0.8549,0.8562,0.7739
59,102,178,0.6948,0.7797,0.7767,0.7027
60,102,181,0.5452,0.7779,0.6953,0.7779
61,102,184,0.6965,0.7044,0.7761,0.7
62,102,187,0.8548,0.7804,0.7789,0.7012
63,102,190,0.7013,0.6935,0.8566,0.7821
64,102,193,0.7716,0.7775,0.7721,0.7018
65,102,196,0.8544,0.7777,0.8562,0.7001
66,102,199,0.8539,0.697,0.7803,0.7745
67,102,202,0.6952,0.8576,0.7001,0.6955
68,102,205,0.7037,0.8531,0.8541,0.8549
69,102,208,0.7757,0.7761,0.8562,0.7787
70,102,211,0.7725,0.8534,0.7765,0.855
71,102,214,0.7694,0.6986,0.6952,0.6993
72,102,217,0.8547,0.7808,0.6973,0.7721
73,102,220,0.7807,0.7784,0.8576,0.6974
74,102,223,0.7755,0.7759,0.855,0.7731
75,102,226,0.6815,0.6866,0.8522,0.8513
76,102,229,0.5435,0.7732,0.7731,0.6958
77,102,232,0.7732,0.8556,0.7771,0.6964
78,102,235,0.5204,0.5431,0.7756,0.694
79,102,238,0.6965,0.6057,0.5432,0.8529
80,102,241,0.4466,0.8566,0.623,0.7023
81,102,244,0.7732,0.7722,0.8567,0.7762
82,102,247,0.8568,0.8577,0.682,0.7754
83,102,250,0.7831,0.6218,0.7743,0.6196
84,102,253,0.8539,0.3568,0.6074,0.4456
85,102,256,0.5396,0.7004,0.6014,0.5254
86,102,259,0.8562,0.62,0.5419,0.6237
87,102,262,0.8555,0.7794,0.6973,0.7753
88,102,265,0.7789,0.7033,0.616,0.8558
89,102,268,0.4522,0.7733,0.6106,0.5425
90,102,271,0.7834,0.696,0.8539,0.6233
91,102,274,0.7019,0.6179,0.6864,0.7781
92,102,277,0.5143,0.6096,0.7761,0.6955
93,102,280,0.4444,0.5235,0.5233,0.8533
94,102,283,0.617,0.7048,0.6952,0.5407
95,102,286,0.6979,0.6048,0.6225,0.4355
96,102,289,0.6165,0.6849,0.6987,0.7805
97,102,292,0.7763,0.6093,0.5294,0.6101
98,102,295,0.7022,0.7793,0.7019,0.5227
99,102,298,0.431,0.5295,0.5372,0.3531
,Dataset#,L,att_1,att_2,att_3,att_4
0,103,1,0.863,0.8613,0.8607,0.8632
1,103,4,0.8792,0.8801,0.8813,0.8784
2,103,7,0.8832,0.8854,0.8814,0.8817
3,103,10,0.8833,0.8826,0.8829,0.8846
4,103,13,0.8841,0.8826,0.8819,0.8825
5,103,16,0.8822,0.8848,0.8828,0.8825
6,103,19,0.8839,0.8825,0.8835,0.8852
7,103,22,0.8831,0.8818,0.8828,0.8833
8,103,25,0.8818,0.8784,0.8827,0.8825
9,103,28,0.8786,0.8822,0.8812,0.8827
10,103,31,0.8825,0.8832,0.8819,0.8805
11,103,34,0.8833,0.8824,0.8833,0.8817
12,103,37,0.8807,0.8827,0.8838,0.884
13,103,40,0.885,0.878,0.8813,0.8809
14,103,43,0.886,0.8836,0.8838,0.8797
15,103,46,0.8797,0.8819,0.8813,0.8807
16,103,49,0.88,0.8849,0.8813,0.8846
17,103,52,0.881,0.8825,0.8811,0.8831
18,103,55,0.8826,0.8841,0.8849,0.8831
19,103,58,0.8855,0.8805,0.8816,0.8813
20,103,61,0.8817,0.8784,0.8801,0.8809
21,103,64,0.8823,0.8796,0.8824,0.8819
22,103,67,0.8853,0.8851,0.8805,0.8803
23,103,70,0.8815,0.8845,0.8795,0.8833
24,103,73,0.8837,0.8807,0.8816,0.883
25,103,76,0.8809,0.8842,0.8857,0.8849
26,103,79,0.8803,0.8822,0.8787,0.8841
27,103,82,0.8815,0.8801,0.8824,0.8817
28,103,85,0.881,0.8815,0.8799,0.8847
29,103,88,0.8767,0.8826,0.8847,0.8814
30,103,91,0.885,0.8785,0.8809,0.8789
31,103,94,0.8803,0.8829,0.883,0.882
32,103,97,0.7937,0.8811,0.8812,0.7085
33,103,100,0.8766,0.8807,0.8809,0.7964
34,103,103,0.883,0.7968,0.883,0.8857
35,103,106,0.8658,0.8781,0.8744,0.8789
36,103,109,0.879,0.8795,0.8795,0.8788
37,103,112,0.7965,0.8827,0.8825,0.8844
38,103,115,0.8839,0.881,0.7941,0.793
39,103,118,0.8787,0.8801,0.798,0.7918
40,103,121,0.8783,0.7964,0.8798,0.7959
41,103,124,0.7983,0.8797,0.8803,0.8798
42,103,127,0.7967,0.8832,0.8831,0.8008
43,103,130,0.8771,0.718,0.8792,0.7973
44,103,133,0.7939,0.8801,0.8787,0.8783
45,103,136,0.7162,0.7146,0.8807,0.8811
46,103,139,0.7988,0.7953,0.7953,0.7175
47,103,142,0.6326,0.8008,0.7488,0.8809
48,103,145,0.7979,0.8835,0.796,0.7959
49,103,148,0.8838,0.8797,0.88,0.7937
50,103,151,0.8007,0.8582,0.7996,0.8831
51,103,154,0.881,0.8791,0.8799,0.8821
52,103,157,0.7086,0.7975,0.7992,0.8793
53,103,160,0.7141,0.716,0.8842,0.8777
54,103,163,0.8785,0.7967,0.8803,0.7955
55,103,166,0.7918,0.8816,0.882,0.7131
56,103,169,0.6311,0.7145,0.7949,0.8798
57,103,172,0.7151,0.715,0.7142,0.7979
58,103,175,0.8819,0.8798,0.7958,0.6308
59,103,178,0.6264,0.6301,0.7081,0.7996
60,103,181,0.7188,0.633,0.7956,0.6332
61,103,184,0.7132,0.7099,0.8009,0.8818
62,103,187,0.8797,0.7094,0.8811,0.7167
63,103,190,0.7153,0.6308,0.7981,0.7904
64,103,193,0.8806,0.6303,0.7138,0.8004
65,103,196,0.7111,0.8001,0.7991,0.8833
66,103,199,0.7971,0.715,0.7179,0.6299
67,103,202,0.6315,0.7124,0.6338,0.7976
68,103,205,0.632,0.7953,0.7154,0.628
69,103,208,0.8812,0.5354,0.7094,0.6294
70,103,211,0.8001,0.711,0.7185,0.7951
71,103,214,0.6309,0.8769,0.7971,0.8806
72,103,217,0.7954,0.8016,0.7969,0.8808
73,103,220,0.7105,0.8744,0.7958,0.6345
74,103,223,0.7143,0.7138,0.8789,0.7174
75,103,226,0.7173,0.8788,0.5357,0.7942
76,103,229,0.7981,0.8817,0.8004,0.8819
77,103,232,0.8821,0.8758,0.7103,0.6307
78,103,235,0.7948,0.794,0.7132,0.5499
79,103,238,0.4552,0.716,0.8857,0.7107
80,103,241,0.7047,0.7994,0.4575,0.7019
81,103,244,0.514,0.796,0.5393,0.7137
82,103,247,0.7115,0.6299,0.716,0.7939
83,103,250,0.7965,0.8792,0.716,0.7975
84,103,253,0.7927,0.7987,0.7092,0.7978
85,103,256,0.6269,0.8821,0.546,0.7145
86,103,259,0.6191,0.6304,0.7131,0.7954
87,103,262,0.788,0.5393,0.7103,0.7961
88,103,265,0.7165,0.8725,0.457,0.7982
89,103,268,0.7112,0.6203,0.6185,0.7961
90,103,271,0.7076,0.8771,0.6155,0.7967
91,103,274,0.7926,0.537,0.6142,0.6281
92,103,277,0.8779,0.5349,0.4416,0.7125
93,103,280,0.7167,0.5375,0.5397,0.5442
94,103,283,0.6295,0.8039,0.7181,0.7952
95,103,286,0.3628,0.7977,0.6333,0.8017
96,103,289,0.7147,0.5501,0.8789,0.3715
97,103,292,0.445,0.6265,0.3647,0.882
98,103,295,0.7041,0.7124,0.6305,0.7065
99,103,298,0.7957,0.5497,0.5352,0.4526
,Dataset#,L,att_1,att_2,att_3,att_4
0,104,1,0.6975,0.697,0.6997,0.698
1,104,4,0.712,0.7107,0.7148,0.7127
2,104,7,0.7132,0.7128,0.7118,0.7162
3,104,10,0.7117,0.7144,0.7109,0.7114
4,104,13,0.7086,0.7112,0.7146,0.7125
5,104,16,0.7114,0.7126,0.713,0.714
6,104,19,0.7143,0.7109,0.7105,0.7111
7,104,22,0.7097,0.7083,0.7112,0.7113
8,104,25,0.7146,0.7122,0.712,0.711
9,104,28,0.7095,0.7099,0.71,0.711
10,104,31,0.7128,0.7122,0.7138,0.7154
11,104,34,0.7092,0.7155,0.7116,0.7151
12,104,37,0.7111,0.7089,0.714,0.7128
13,104,40,0.711,0.7107,0.7123,0.7138
14,104,43,0.7164,0.7127,0.7112,0.7121
15,104,46,0.7103,0.7151,0.7119,0.7136
16,104,49,0.7106,0.7089,0.6638,0.7082
17,104,52,0.7156,0.7183,0.6636,0.7069
18,104,55,0.7113,0.6693,0.711,0.713
19,104,58,0.6634,0.7135,0.6587,0.7111
20,104,61,0.7141,0.7106,0.6644,0.7168
21,104,64,0.7099,0.7098,0.7126,0.7159
22,104,67,0.657,0.6667,0.7131,0.712
23,104,70,0.6654,0.7136,0.7071,0.7119
24,104,73,0.7131,0.7121,0.714,0.7142
25,104,76,0.6195,0.7132,0.7105,0.6609
26,104,79,0.7135,0.664,0.7098,0.6668
27,104,82,0.7094,0.6647,0.6645,0.6679
28,104,85,0.6596,0.6145,0.6652,0.6608
29,104,88,0.5267,0.6659,0.711,0.6143
30,104,91,0.5693,0.7085,0.7122,0.6683
31,104,94,0.7087,0.6643,0.7064,0.6177
32,104,97,0.666,0.665,0.6099,0.6719
33,104,100,0.6684,0.6166,0.6599,0.6643
34,104,103,0.6624,0.6198,0.6697,0.7137
35,104,106,0.6627,0.6608,0.6683,0.6635
36,104,109,0.6179,0.6607,0.606,0.607
37,104,112,0.6695,0.7094,0.6595,0.7123
38,104,115,0.6415,0.5646,0.7124,0.662
39,104,118,0.6646,0.6172,0.7184,0.7101
40,104,121,0.7108,0.6136,0.7156,0.6635
41,104,124,0.6624,0.6553,0.7078,0.6074
42,104,127,0.6713,0.66,0.6609,0.6574
43,104,130,0.5735,0.6182,0.577,0.6099
44,104,133,0.6625,0.5598,0.5595,0.621
45,104,136,0.5711,0.576,0.6598,0.6125
46,104,139,0.7121,0.6611,0.6145,0.6222
47,104,142,0.6184,0.7081,0.7102,0.6199
48,104,145,0.6156,0.7134,0.6157,0.626
49,104,148,0.6697,0.6156,0.7147,0.6633
50,104,151,0.569,0.7059,0.6694,0.6113
51,104,154,0.6557,0.6117,0.6215,0.6147
52,104,157,0.6583,0.7087,0.577,0.5214
53,104,160,0.6656,0.6595,0.5137,0.6256
54,104,163,0.6622,0.6563,0.5737,0.6509
55,104,166,0.7109,0.6665,0.7137,0.6614
56,104,169,0.6657,0.7091,0.6124,0.6628
57,104,172,0.6575,0.5695,0.4737,0.6592
58,104,175,0.6073,0.667,0.6526,0.667
59,104,178,0.7092,0.6697,0.6609,0.7092
60,104,181,0.6679,0.7117,0.5215,0.6661
61,104,184,0.6563,0.7122,0.6668,0.5732
62,104,187,0.6129,0.6675,0.5159,0.7134
63,104,190,0.6672,0.6591,0.5784,0.5689
64,104,193,0.6604,0.6617,0.5663,0.6586
65,104,196,0.6174,0.5628,0.6622,0.6661
66,104,199,0.6584,0.6125,0.6222,0.663
67,104,202,0.6638,0.6652,0.5606,0.6094
68,104,205,0.6168,0.7055,0.6116,0.6149
69,104,208,0.621,0.6077,0.6664,0.571
70,104,211,0.6645,0.6096,0.5687,0.5209
71,104,214,0.6169,0.614,0.6085,0.5727
72,104,217,0.6227,0.6202,0.6077,0.573
73,104,220,0.5626,0.5673,0.6663,0.5776
74,104,223,0.5673,0.4699,0.576,0.5113
75,104,226,0.6111,0.6187,0.5691,0.6202
76,104,229,0.6658,0.5618,0.6702,0.6057
77,104,232,0.5641,0.6136,0.6558,0.6643
78,104,235,0.5712,0.5196,0.6209,0.566
79,104,238,0.7122,0.5656,0.6056,0.5621
80,104,241,0.5706,0.6071,0.5197,0.6129
81,104,244,0.5222,0.5201,0.658,0.5187
82,104,247,0.6159,0.4797,0.5625,0.5725
83,104,250,0.4841,0.5561,0.6115,0.6112
84,104,253,0.379,0.5586,0.6157,0.7099
85,104,256,0.5207,0.5764,0.482,0.5753
86,104,259,0.6605,0.6577,0.6192,0.6233
87,104,262,0.6115,0.571,0.5786,0.52
88,104,265,0.5096,0.4215,0.7062,0.5255
89,104,268,0.7112,0.4623,0.5624,0.5631
90,104,271,0.4655,0.5638,0.6135,0.6181
91,104,274,0.5712,0.6651,0.4717,0.6141
92,104,277,0.5175,0.6198,0.5194,0.5209
93,104,280,0.5244,0.6133,0.4249,0.5255
94,104,283,0.6117,0.6645,0.3742,0.4664
95,104,286,0.6149,0.6631,0.6131,0.6673
96,104,289,0.6204,0.4737,0.6604,0.6175
97,104,292,0.4758,0.2842,0.5146,0.5797
98,104,295,0.3731,0.6096,0.4747,0.3791
99,104,298,0.1896,0.6067,0.5645,0.3263
,Dataset#,L,att_1,att_2,att_3,att_4
0,105,1,0.8419,0.8447,0.8443,0.8395
1,105,4,0.8741,0.8811,0.8941,0.8972
2,105,7,0.9157,0.9064,0.8987,0.9023
3,105,10,0.9229,0.9322,0.9304,0.9246
4,105,13,0.9256,0.9307,0.9349,0.9329
5,105,16,0.9473,0.9447,0.9349,0.9284
6,105,19,0.9434,0.9472,0.9087,0.9379
7,105,22,0.9295,0.9147,0.9463,0.9261
8,105,25,0.9192,0.9076,0.9442,0.9355
9,105,28,0.9265,0.9363,0.9472,0.9213
10,105,31,0.9233,0.929,0.9167,0.9481
11,105,34,0.9408,0.9436,0.9292,0.9268
12,105,37,0.9437,0.9264,0.9269,0.926
13,105,40,0.9427,0.9428,0.9467,0.9339
14,105,43,0.9388,0.9422,0.9474,0.9457
15,105,46,0.939,0.9445,0.945,0.9354
16,105,49,0.9302,0.945,0.9457,0.9452
17,105,52,0.9401,0.932,0.9445,0.9441
18,105,55,0.9395,0.9455,0.9404,0.9422
19,105,58,0.9431,0.9394,0.941,0.9431
20,105,61,0.9368,0.9413,0.9408,0.9426
21,105,64,0.9418,0.945,0.9366,0.9426
22,105,67,0.9433,0.9435,0.9434,0.9459
23,105,70,0.9443,0.9431,0.9429,0.936
24,105,73,0.9443,0.9379,0.9402,0.942
25,105,76,0.9453,0.9437,0.9441,0.9426
26,105,79,0.941,0.9426,0.9441,0.9452
27,105,82,0.9437,0.944,0.9405,0.9426
28,105,85,0.9438,0.943,0.9427,0.9457
29,105,88,0.9359,0.9438,0.9426,0.9447
30,105,91,0.9394,0.9415,0.9297,0.751
31,105,94,0.9401,0.9416,0.9411,0.9433
32,105,97,0.7543,0.9432,0.9384,0.9411
33,105,100,0.9442,0.7536,0.942,0.9444
34,105,103,0.9366,0.9406,0.9451,0.9424
35,105,106,0.94,0.7537,0.9417,0.9199
36,105,109,0.9428,0.9427,0.9425,0.9433
37,105,112,0.9426,0.7434,0.9385,0.9318
38,105,115,0.9409,0.7507,0.9372,0.9407
39,105,118,0.9385,0.9415,0.9424,0.7545
40,105,121,0.5652,0.9369,0.9418,0.934
41,105,124,0.9451,0.8108,0.9418,0.9418
42,105,127,0.9391,0.7544,0.8123,0.7541
43,105,130,0.7537,0.7565,0.9368,0.9419
44,105,133,0.8094,0.9421,0.9426,0.7556
45,105,136,0.7568,0.9319,0.7534,0.94
46,105,139,0.7542,0.5636,0.9439,0.8092
47,105,142,0.7434,0.9409,0.9399,0.9356
48,105,145,0.9332,0.7564,0.8102,0.9425
49,105,148,0.6182,0.8072,0.7489,0.6222
50,105,151,0.9386,0.9428,0.9403,0.7548
51,105,154,0.7448,0.7539,0.7514,0.9427
52,105,157,0.7458,0.9441,0.9386,0.9263
53,105,160,0.3793,0.7522,0.7524,0.8102
54,105,163,0.8083,0.9423,0.9399,0.9439
55,105,166,0.9308,0.562,0.9354,0.7494
56,105,169,0.8083,0.9386,0.6226,0.9414
57,105,172,0.566,0.7454,0.9426,0.9433
58,105,175,0.7937,0.6078,0.9375,0.7511
59,105,178,0.7463,0.9393,0.7542,0.7452
60,105,181,0.5572,0.9349,0.7473,0.9357
61,105,184,0.8054,0.8013,0.7422,0.9347
62,105,187,0.7519,0.7451,0.7525,0.9331
63,105,190,0.9439,0.9393,0.8043,0.8074
64,105,193,0.7537,0.9328,0.5585,0.7483
65,105,196,0.5608,0.4326,0.9301,0.7524
66,105,199,0.9369,0.2403,0.7867,0.7506
67,105,202,0.3755,0.7533,0.5594,0.566
68,105,205,0.5639,0.739,0.7508,0.9382
69,105,208,0.9336,0.5585,0.75,0.7417
70,105,211,0.5671,0.7497,0.7481,0.932
71,105,214,0.9322,0.7502,0.7467,0.517
72,105,217,0.7805,0.9314,0.7411,0.7452
73,105,220,0.755,0.751,0.9402,0.7481
74,105,223,0.7464,0.939,0.7524,0.9309
75,105,226,0.9324,0.749,0.9264,0.936
76,105,229,0.5591,0.9332,0.928,0.9408
77,105,232,0.9295,0.9357,0.7488,0.7447
78,105,235,0.9297,0.6175,0.744,0.7364
79,105,238,0.7541,0.7337,0.7494,0.9361
80,105,241,0.9391,0.373,0.6747,0.9313
81,105,244,0.7498,0.5627,0.7411,0.5599
82,105,247,0.5648,0.5622,0.6077,0.5455
83,105,250,0.5598,0.7526,0.5575,0.7484
84,105,253,0.567,0.3705,0.7459,0.4778
85,105,256,0.8058,0.6196,0.5653,0.4318
86,105,259,0.7515,0.9281,0.5612,0.7384
87,105,262,0.7389,0.9313,0.9256,0
88,105,265,0.2438,0.5484,0.6086,0.4781
89,105,268,0.7458,0.5599,0.5559,0.8045
90,105,271,0.612,0.561,0.5607,0.7441
91,105,274,0.7403,0.9304,0.7523,0.7508
92,105,277,0.6186,0.7401,0.4824,0.5409
93,105,280,0.3733,0.746,0.7376,0.5549
94,105,283,0.186,0.5573,0.5574,0.3591
95,105,286,0.7341,0.7435,0.5638,0.374
96,105,289,0.5644,0.5588,0.559,0.9324
97,105,292,0.3762,0.4826,0.5506,0.1843
98,105,295,0.4161,0.7466,0.3644,0.3688
99,105,298,0.7396,0.1868,0.3619,0.4274
