,Dataset#,L,att_1,att_2,att_3,att_4
0,1,1,0.561,0.5547,0.5683,0.531
1,1,4,0.5326,0.5707,0.5781,0.541
2,1,7,0.569,0.5636,0.5682,0.5872
3,1,10,0.5898,0.5521,0.64,0.5521
4,1,13,0.6177,0.5819,0.5962,0.6278
5,1,16,0.6099,0.6369,0.6069,0.5647
6,1,19,0.612,0.6136,0.6441,0.5996
7,1,22,0.6391,0.5569,0.6205,0.6483
8,1,25,0.611,0.6019,0.6395,0.5494
9,1,28,0.618,0.6512,0.5876,0.6413
10,1,31,0.5758,0.5831,0.63,0.6121
11,1,34,0.6797,0.6204,0.6224,0.6859
12,1,37,0.6489,0.6372,0.6305,0.5801
13,1,40,0.5845,0.5741,0.6031,0.5929
14,1,43,0.6409,0.5877,0.6151,0.6271
15,1,46,0.6383,0.6199,0.6388,0.5741
16,1,49,0.594,0.6449,0.6325,0.6239
17,1,52,0.6179,0.653,0.6199,0.6208
18,1,55,0.5623,0.5684,0.5736,0.6371
19,1,58,0.5766,0.6207,0.6113,0.5518
20,1,61,0.605,0.6052,0.5898,0.5793
21,1,64,0.601,0.644,0.6241,0.5991
22,1,67,0.6403,0.6245,0.6803,0.6079
23,1,70,0.6004,0.631,0.6443,0.5429
24,1,73,0.6013,0.6765,0.5877,0.5294
25,1,76,0.5745,0.5794,0.664,0.5674
26,1,79,0.5543,0.6711,0.6215,0.5845
27,1,82,0.5877,0.6674,0.555,0.6437
28,1,85,0.5667,0.5793,0.531,0.6091
29,1,88,0.6159,0.6205,0.5811,0.6157
30,1,91,0.5779,0.5819,0.626,0.6194
31,1,94,0.6122,0.6275,0.5902,0.6063
32,1,97,0.6101,0.6021,0.6366,0.5721
33,1,100,0.6507,0.5724,0.6647,0.6376
34,1,103,0.6503,0.6043,0.601,0.5905
35,1,106,0.6258,0.6254,0.6313,0.5717
36,1,109,0.6676,0.5601,0.5843,0.6387
37,1,112,0.6587,0.6736,0.6107,0.5819
38,1,115,0.644,0.5708,0.5924,0.6515
39,1,118,0.6057,0.6058,0.591,0.5557
40,1,121,0.623,0.5931,0.5717,0.603
41,1,124,0.5662,0.5677,0.562,0.578
42,1,127,0.6487,0.6317,0.5622,0.562
43,1,130,0.6199,0.5931,0.5893,0.5653
44,1,133,0.6755,0.6051,0.5518,0.6325
45,1,136,0.6307,0.605,0.5704,0.596
46,1,139,0.5485,0.6866,0.6462,0.5454
47,1,142,0.6404,0.6432,0.546,0.6104
48,1,145,0.6306,0.5999,0.6342,0.593
49,1,148,0.6367,0.6579,0.5841,0.6103
50,1,151,0.6004,0.618,0.5859,0.5853
51,1,154,0.6232,0.5866,0.5657,0.5874
52,1,157,0.5808,0.5898,0.5294,0.6033
53,1,160,0.5981,0.6179,0.6086,0.5972
54,1,163,0.5643,0.6323,0.6378,0.6301
55,1,166,0.6383,0.6052,0.6212,0.576
56,1,169,0.6138,0.6323,0.6784,0.6388
57,1,172,0.5519,0.6567,0.6383,0.5979
58,1,175,0.5544,0.6024,0.6316,0.5404
59,1,178,0.5678,0.6265,0.5731,0.5463
60,1,181,0.5671,0.607,0.6002,0.595
61,1,184,0.6087,0.5683,0.5845,0.5901
62,1,187,0.572,0.5906,0.5569,0.5474
63,1,190,0.5673,0.5988,0.6067,0.6101
64,1,193,0.6153,0.6068,0.6078,0.6173
65,1,196,0.6231,0.5868,0.6239,0.6121
66,1,199,0.542,0.5979,0.623,0.5408
67,1,202,0.6463,0.5854,0.5779,0.6149
68,1,205,0.5599,0.603,0.5972,0.5874
69,1,208,0.6118,0.5769,0.5761,0.5809
70,1,211,0.5294,0.5692,0.5164,0.5944
71,1,214,0.4891,0.6164,0.589,0.5861
72,1,217,0.5593,0.5818,0.6054,0.6102
73,1,220,0.5733,0.5735,0.5569,0.62
74,1,223,0.4517,0.55,0.4621,0.6426
75,1,226,0.4584,0.5172,0.6371,0.5396
76,1,229,0.4594,0.596,0.5771,0.4854
77,1,232,0.6512,0.5662,0.579,0.5793
78,1,235,0.6263,0.4916,0.5837,0.5652
79,1,238,0.5615,0.6276,0.5863,0.4818
80,1,241,0.6128,0.6113,0.5949,0.5644
81,1,244,0.6009,0.4458,0.4993,0.5657
82,1,247,0.5779,0.5827,0.6166,0.5695
83,1,250,0.6043,0.4347,0.6122,0.5699
84,1,253,0.5615,0.6294,0.5854,0.5647
85,1,256,0.5894,0.4648,0.6146,0.6482
86,1,259,0.5624,0.4836,0.5594,0.5668
87,1,262,0.6154,0.4233,0.5209,0.4878
88,1,265,0.4811,0.54,0.5197,0.5664
89,1,268,0.6501,0.4792,0.5369,0.5444
90,1,271,0.5993,0.4353,0.5128,0.5823
91,1,274,0.4235,0.4785,0.5318,0.4862
92,1,277,0.6243,0.5689,0.5819,0.4701
93,1,280,0.5883,0.5587,0.4376,0.5797
94,1,283,0.3824,0.5424,0.5828,0.5527
95,1,286,0.3562,0.5601,0.5881,0.5485
96,1,289,0.5766,0.4302,0.5792,0.6238
97,1,292,0.4548,0.634,0.5595,0.4369
98,1,295,0.5666,0.4543,0.5059,0.5588
99,1,298,0.5852,0.6404,0.4239,0.4384
,Dataset#,L,att_1,att_2,att_3,att_4
0,2,1,0.5723,0.5706,0.5667,0.5523
1,2,4,0.6163,0.6046,0.5688,0.5938
2,2,7,0.68,0.6048,0.5523,0.5735
3,2,10,0.6525,0.6567,0.6237,0.6266
4,2,13,0.6194,0.6079,0.6235,0.6159
5,2,16,0.6426,0.6442,0.5548,0.5939
6,2,19,0.617,0.6268,0.5989,0.6414
7,2,22,0.6564,0.6203,0.5922,0.662
8,2,25,0.6676,0.6517,0.6724,0.6775
9,2,28,0.6647,0.6211,0.6495,0.6655
10,2,31,0.665,0.6311,0.6688,0.6049
11,2,34,0.6572,0.5851,0.5715,0.5622
12,2,37,0.6976,0.6246,0.6947,0.6698
13,2,40,0.6322,0.6457,0.6543,0.6636
14,2,43,0.6473,0.6254,0.6298,0.6922
15,2,46,0.6708,0.6826,0.6938,0.655
16,2,49,0.6676,0.738,0.5864,0.5936
17,2,52,0.6043,0.6762,0.6304,0.5936
18,2,55,0.5892,0.6657,0.5917,0.5987
19,2,58,0.6512,0.7014,0.6031,0.6802
20,2,61,0.635,0.6935,0.6239,0.7061
21,2,64,0.6724,0.6121,0.6326,0.6039
22,2,67,0.6354,0.618,0.6227,0.626
23,2,70,0.6266,0.6438,0.6224,0.6101
24,2,73,0.6378,0.6782,0.6485,0.6325
25,2,76,0.6278,0.6062,0.6403,0.6911
26,2,79,0.648,0.6261,0.6061,0.6559
27,2,82,0.7028,0.6893,0.6696,0.6568
28,2,85,0.6503,0.6114,0.7174,0.6523
29,2,88,0.6671,0.6269,0.6255,0.6411
30,2,91,0.615,0.6099,0.6191,0.5935
31,2,94,0.6558,0.6686,0.6916,0.6291
32,2,97,0.6515,0.6378,0.6137,0.6314
33,2,100,0.5874,0.6421,0.6162,0.6028
34,2,103,0.6765,0.6232,0.62,0.6806
35,2,106,0.5983,0.6768,0.6367,0.6173
36,2,109,0.6806,0.7009,0.6762,0.6929
37,2,112,0.6359,0.6233,0.6211,0.6528
38,2,115,0.6929,0.6631,0.5931,0.6368
39,2,118,0.6101,0.648,0.6816,0.7258
40,2,121,0.6273,0.5916,0.6828,0.606
41,2,124,0.6586,0.647,0.7077,0.6528
42,2,127,0.5916,0.6505,0.6318,0.6528
43,2,130,0.6504,0.6542,0.6287,0.6545
44,2,133,0.5926,0.6925,0.649,0.6335
45,2,136,0.5842,0.6391,0.6439,0.6166
46,2,139,0.6587,0.6625,0.6274,0.6654
47,2,142,0.6168,0.6494,0.6493,0.6788
48,2,145,0.6681,0.6302,0.707,0.6188
49,2,148,0.6138,0.6274,0.6375,0.606
50,2,151,0.6073,0.6572,0.5936,0.6748
51,2,154,0.699,0.6018,0.6167,0.6557
52,2,157,0.6259,0.6419,0.6701,0.6169
53,2,160,0.6358,0.6209,0.5859,0.6579
54,2,163,0.5572,0.6472,0.6745,0.6382
55,2,166,0.6537,0.6137,0.6304,0.6363
56,2,169,0.5814,0.6309,0.6197,0.6381
57,2,172,0.6758,0.669,0.6742,0.6012
58,2,175,0.6448,0.6647,0.6567,0.6264
59,2,178,0.6436,0.6963,0.6047,0.6454
60,2,181,0.588,0.6877,0.6352,0.6371
61,2,184,0.6753,0.6877,0.6553,0.5526
62,2,187,0.7011,0.6482,0.65,0.6232
63,2,190,0.578,0.6401,0.6331,0.6224
64,2,193,0.6699,0.6303,0.6388,0.626
65,2,196,0.6108,0.626,0.6615,0.6526
66,2,199,0.6143,0.6396,0.5887,0.6165
67,2,202,0.6306,0.6449,0.6298,0.6419
68,2,205,0.622,0.6187,0.5873,0.6499
69,2,208,0.6052,0.6014,0.6309,0.6027
70,2,211,0.6516,0.6574,0.6556,0.6508
71,2,214,0.5971,0.6585,0.6318,0.5522
72,2,217,0.6485,0.6538,0.6717,0.6902
73,2,220,0.6575,0.6532,0.5842,0.7079
74,2,223,0.5878,0.6491,0.6099,0.6416
75,2,226,0.6651,0.4576,0.5437,0.6197
76,2,229,0.6346,0.4828,0.661,0.6331
77,2,232,0.622,0.5054,0.5873,0.6108
78,2,235,0.7056,0.6486,0.642,0.4684
79,2,238,0.67,0.6243,0.6619,0.5855
80,2,241,0.6068,0.5086,0.5059,0.6575
81,2,244,0.6019,0.4761,0.6048,0.5549
82,2,247,0.4685,0.6564,0.5103,0.622
83,2,250,0.6358,0.6622,0.6225,0.5789
84,2,253,0.5092,0.6611,0.5092,0.6256
85,2,256,0.6352,0.6721,0.6112,0.4916
86,2,259,0.6516,0.5006,0.6761,0.6286
87,2,262,0.6069,0.6543,0.5965,0.6273
88,2,265,0.5086,0.5705,0.6057,0.6482
89,2,268,0.6248,0.4873,0.6588,0.4827
90,2,271,0.7108,0.7119,0.6733,0.6156
91,2,274,0.6139,0.6575,0.657,0.5818
92,2,277,0.56,0.5174,0.6466,0.5061
93,2,280,0.3925,0.4205,0.6081,0.5947
94,2,283,0.6413,0.6196,0.6393,0.6531
95,2,286,0.532,0.6299,0.6661,0.6156
96,2,289,0.6233,0.4656,0.6431,0.4741
97,2,292,0.6077,0.485,0.597,0.612
98,2,295,0.5126,0.4199,0.6438,0.4848
99,2,298,0.6516,0.2465,0.64,0.5861
,Dataset#,L,att_1,att_2,att_3,att_4
0,3,1,0.4186,0.4186,0.4186,0.4186
1,3,4,0.4186,0.4186,0.4186,0.4186
2,3,7,0.4186,0.4186,0.4186,0.4186
3,3,10,0.4186,0.4186,0.4186,0.4186
4,3,13,0.4186,0.4243,0.4197,0.4186
5,3,16,0.4186,0.4224,0.4186,0.4021
6,3,19,0.4186,0.4154,0.4145,0.4145
7,3,22,0.4237,0.4131,0.4236,0.42
8,3,25,0.4231,0.4186,0.4037,0.434
9,3,28,0.4266,0.431,0.4005,0.4154
10,3,31,0.4186,0.4255,0.4006,0.4243
11,3,34,0.4324,0.4192,0.4145,0.4186
12,3,37,0.4202,0.4328,0.4206,0.4123
13,3,40,0.4267,0.4186,0.4203,0.4041
14,3,43,0.428,0.3966,0.4306,0.4079
15,3,46,0.4101,0.4318,0.4421,0.4186
16,3,49,0.4347,0.4243,0.4123,0.4303
17,3,52,0.4313,0.4395,0.4323,0.4275
18,3,55,0.4233,0.3994,0.4087,0.422
19,3,58,0.4267,0.4157,0.426,0.4173
20,3,61,0.46,0.4069,0.4234,0.4113
21,3,64,0.4068,0.4167,0.4259,0.4106
22,3,67,0.4108,0.4288,0.4001,0.4407
23,3,70,0.4186,0.4186,0.4291,0.4379
24,3,73,0.4425,0.4371,0.4042,0.4047
25,3,76,0.4363,0.436,0.412,0.4452
26,3,79,0.4478,0.4158,0.4216,0.43
27,3,82,0.4046,0.4327,0.4235,0.3986
28,3,85,0.4483,0.4201,0.4194,0.4438
29,3,88,0.4237,0.3693,0.428,0.4275
30,3,91,0.4139,0.4212,0.324,0.4395
31,3,94,0.4169,0.3685,0.3986,0.3954
32,3,97,0.4052,0.4186,0.4108,0.4307
33,3,100,0.4143,0.4324,0.4454,0.4251
34,3,103,0.4361,0.4399,0.459,0.467
35,3,106,0.4252,0.4309,0.4071,0.4252
36,3,109,0.4201,0.4153,0.4166,0.3786
37,3,112,0.4214,0.3504,0.3103,0.4214
38,3,115,0.403,0.413,0.4047,0.4
39,3,118,0.3369,0.4186,0.3984,0.407
40,3,121,0.4043,0.4313,0.4114,0.393
41,3,124,0.4154,0.4231,0.3327,0.4399
42,3,127,0.4369,0.4456,0.416,0.4205
43,3,130,0.2548,0.4136,0.4171,0.3827
44,3,133,0.4013,0.3437,0.4405,0.4016
45,3,136,0.4173,0.4132,0.3513,0.3764
46,3,139,0.4462,0.4033,0.4112,0.4354
47,3,142,0.4185,0.4211,0.4186,0.4263
48,3,145,0.409,0.4245,0.4523,0.4186
49,3,148,0.4109,0.3856,0.4399,0.4256
50,3,151,0.3504,0.3866,0.4043,0.3914
51,3,154,0.3987,0.3386,0.2526,0.34
52,3,157,0.4152,0.3279,0.4161,0.4191
53,3,160,0.4313,0.3133,0.4131,0.314
54,3,163,0.2494,0.3392,0.4023,0.4097
55,3,166,0.4062,0.4027,0.4479,0.4651
56,3,169,0.402,0.08312,0.4141,0.4512
57,3,172,0.4085,0.4373,0.3091,0.3481
58,3,175,0.3938,0.3101,0.341,0.4187
59,3,178,0.4017,0.3824,0.3118,0.4151
60,3,181,0.3802,0.4299,0.4033,0.4186
61,3,184,0.2525,0.1652,0.2949,0.4151
62,3,187,0.4533,0.2496,0.423,0.4074
63,3,190,0.4043,0.4143,0.4371,0.415
64,3,193,0.4116,0.3496,0.3204,0.2925
65,3,196,0.4239,0.3589,0.3444,0.4019
66,3,199,0.3554,0.4014,0.426,0.3174
67,3,202,0.4087,0.4147,0.4134,0.4169
68,3,205,0.2393,0.337,0.3964,0.3941
69,3,208,0.3394,0.3596,0.3725,0.4156
70,3,211,0.4156,0.3428,0.3346,0.3309
71,3,214,0.3306,0.4275,0.4186,0.4003
72,3,217,0.3979,0.252,0.4068,0.1548
73,3,220,0.3327,0.3618,0.4136,0.3894
74,3,223,0.3105,0.4184,0.4038,0.2523
75,3,226,0.3967,0.3425,0.3155,0.2454
76,3,229,0.3948,0.3105,0.2342,0.3421
77,3,232,0.3636,0.3155,0.3366,0.4063
78,3,235,0.4266,0.3569,0.3345,0.3375
79,3,238,0.4375,0.4483,0.4009,0.3351
80,3,241,0.4248,0.257,0.3225,0.4354
81,3,244,0.302,0.4186,0.3962,0.4243
82,3,247,0.3417,0.3286,0.2924,0.3371
83,3,250,0.4156,0.282,0.2523,0.1662
84,3,253,0.3936,0.2249,0.4517,0.2255
85,3,256,0.4119,0.2721,0.3032,0.3417
86,3,259,0.4111,0.3385,0.3354,0.2807
87,3,262,0.2724,0.3483,0.2393,0.328
88,3,265,0.4025,0.3905,0.4093,0.4102
89,3,268,0.235,0.2494,0.4186,0.4152
90,3,271,0.4007,0.238,0.418,0.3955
91,3,274,0.2873,0.1692,0.4234,0.3557
92,3,277,0.2481,0.4071,0.3989,0.4199
93,3,280,0.2819,0.3815,0.4419,0.4093
94,3,283,0.4319,0.3443,0.3269,0.332
95,3,286,0.4217,0.3299,0.4007,0.4296
96,3,289,0.4124,0.2983,0.4237,0.3365
97,3,292,0.3111,0.2534,0.4144,0.4116
98,3,295,0.3139,0.3367,0.4171,0.4055
99,3,298,0.2965,0.315,0.3363,0.4357
,Dataset#,L,att_1,att_2,att_3,att_4
0,4,1,0.5317,0.5783,0.5149,0.5898
1,4,4,0.5185,0.5296,0.5527,0.5594
2,4,7,0.6,0.5318,0.6723,0.5918
3,4,10,0.7163,0.6651,0.5334,0.579
4,4,13,0.6915,0.6765,0.6419,0.6881
5,4,16,0.6563,0.6764,0.5843,0.6312
6,4,19,0.6832,0.6632,0.6786,0.597
7,4,22,0.6959,0.6034,0.6532,0.6378
8,4,25,0.715,0.6202,0.7586,0.6811
9,4,28,0.5967,0.7106,0.6888,0.7429
10,4,31,0.6352,0.7012,0.6528,0.7051
11,4,34,0.5889,0.7306,0.7175,0.71
12,4,37,0.5732,0.7541,0.7217,0.7335
13,4,40,0.6529,0.6753,0.6404,0.7265
14,4,43,0.5949,0.7032,0.6871,0.7386
15,4,46,0.6541,0.6635,0.6845,0.7679
16,4,49,0.6658,0.7756,0.7005,0.7197
17,4,52,0.7693,0.7191,0.7038,0.579
18,4,55,0.7134,0.7043,0.6824,0.6682
19,4,58,0.7031,0.6566,0.6486,0.775
20,4,61,0.6092,0.6961,0.6931,0.6574
21,4,64,0.7287,0.6766,0.6572,0.5756
22,4,67,0.7067,0.6892,0.6543,0.6121
23,4,70,0.6253,0.6125,0.6168,0.7378
24,4,73,0.7029,0.6699,0.7365,0.6256
25,4,76,0.7314,0.7065,0.6348,0.7853
26,4,79,0.622,0.727,0.7164,0.6057
27,4,82,0.5893,0.7078,0.6533,0.6065
28,4,85,0.4931,0.5317,0.5897,0.7318
29,4,88,0.5838,0.5589,0.5825,0.6787
30,4,91,0.6458,0.6813,0.7105,0.6958
31,4,94,0.677,0.7418,0.6242,0.6483
32,4,97,0.5228,0.6752,0.528,0.7467
33,4,100,0.579,0.4585,0.7599,0.5592
34,4,103,0.4845,0.4921,0.6163,0.5864
35,4,106,0.3902,0.5511,0.5484,0.426
36,4,109,0.6544,0.6576,0.5814,0.7119
37,4,112,0.6413,0.7163,0.584,0.4627
38,4,115,0.6455,0.5671,0.723,0.6653
39,4,118,0.4508,0.6505,0.5869,0.6466
40,4,121,0.659,0.4527,0.5577,0.5182
41,4,124,0.4705,0.6253,0.5511,0.6352
42,4,127,0.651,0.5541,0.7896,0.5393
43,4,130,0.2833,0.5764,0.4392,0.692
44,4,133,0.5982,0.3885,0.527,0.775
45,4,136,0.6523,0.5345,0.6092,0.4878
46,4,139,0.5135,0.4201,0.4212,0.3551
47,4,142,0.3902,0.5588,0.6739,0.5555
48,4,145,0.6261,0.6554,0.4526,0.6108
49,4,148,0.5577,0.6188,0.3588,0.4214
50,4,151,0.6205,0.5484,0.6888,0.5393
51,4,154,0.5268,0.5245,0.4515,0.6279
52,4,157,0.6421,0.6307,0.4413,0.4203
53,4,160,0.574,0.5545,0.7102,0.5463
54,4,163,0.5624,0.6192,0.5447,0.441
55,4,166,0.4659,0.6338,0.4914,0.6544
56,4,169,0.7203,0.2557,0.5883,0.5555
57,4,172,0.5561,0.6134,0.6277,0.5919
58,4,175,0.5151,0.6735,0.5822,0.5222
59,4,178,0.4959,0.429,0.3914,0.6417
60,4,181,0.3968,0.585,0.6454,0.7148
61,4,184,0.482,0.3865,0.5582,0.732
62,4,187,0.5563,0.6167,0.7301,0.5154
63,4,190,0.1951,0.6303,0.717,0.5278
64,4,193,0.6602,0.5153,0.5879,0.4892
65,4,196,0.5153,0.5795,0.489,0.5188
66,4,199,0.3588,0.5429,0.5502,0.5906
67,4,202,0.6582,0.6227,0.6807,0.6664
68,4,205,0.5546,0.5262,0.6703,0.467
69,4,208,0.5945,0.6157,0.5233,0.6807
70,4,211,0.5336,0.5575,0.3551,0.5923
71,4,214,0.4488,0.4626,0.6293,0.53
72,4,217,0.5833,0.521,0.5577,0.6477
73,4,220,0.5207,0.5645,0.3865,0.715
74,4,223,0.6569,0.4544,0.5108,0.4527
75,4,226,0.4875,0.4727,0.425,0.2927
76,4,229,0.228,0.5154,0.5907,0.5243
77,4,232,0.4875,0.3902,0.3026,0.5516
78,4,235,0.357,0.2927,0.4921,0.3902
79,4,238,0.517,0.2927,0.4821,0.2927
80,4,241,0.5814,0.6047,0.5854,0.6525
81,4,244,0.3945,0.5825,0.625,0.6182
82,4,247,0.5922,0.4527,0.527,0.4563
83,4,250,0.36,0.5313,0.3039,0.5539
84,4,253,0.429,0.4941,0.6157,0.498
85,4,256,0.2927,0.6145,0.3551,0.3551
86,4,259,0.6182,0.6544,0.425,0.6765
87,4,262,0.4187,0.5909,0.6919,0.7769
88,4,265,0.7212,0.3165,0.461,0.5188
89,4,268,0.3487,0.4821,0.485,0.4216
90,4,271,0.3871,0.4492,0.3588,0.2924
91,4,274,0.3626,0.4508,0.5226,0.3902
92,4,277,0.5812,0.554,0.6556,0.5856
93,4,280,0.1,0.361,0.5886,0.6754
94,4,283,0.2911,0.3909,0.4959,0.4752
95,4,286,0.6163,0.5535,0.2939,0.3403
96,4,289,0.5151,0.425,0.394,0.6586
97,4,292,0.4524,0.3902,0.604,0.4007
98,4,295,0.2896,0.6207,0.4546,0.357
99,4,298,0.4546,0.3634,0.4902,0.4599
,Dataset#,L,att_1,att_2,att_3,att_4
0,5,1,0.5011,0.5011,0.5011,0.5011
1,5,4,0.5011,0.5011,0.5011,0.5011
2,5,7,0.5035,0.5011,0.5011,0.5011
3,5,10,0.5011,0.5023,0.5137,0.5077
4,5,13,0.4952,0.5011,0.5023,0.5023
5,5,16,0.5086,0.5073,0.5011,0.5023
6,5,19,0.5052,0.5123,0.5049,0.4928
7,5,22,0.4956,0.5073,0.5145,0.5101
8,5,25,0.5098,0.5103,0.5076,0.5072
9,5,28,0.5126,0.5011,0.5163,0.5047
10,5,31,0.5114,0.5349,0.5115,0.4952
11,5,34,0.5092,0.5009,0.5056,0.5275
12,5,37,0.5124,0.4935,0.5078,0.5114
13,5,40,0.4975,0.51,0.5052,0.5031
14,5,43,0.5177,0.5135,0.506,0.5156
15,5,46,0.4984,0.5032,0.5076,0.5095
16,5,49,0.5198,0.5141,0.5196,0.5104
17,5,52,0.508,0.4872,0.5086,0.5084
18,5,55,0.5025,0.5242,0.5123,0.5126
19,5,58,0.5119,0.5121,0.4895,0.5102
20,5,61,0.5141,0.5174,0.4892,0.5271
21,5,64,0.5087,0.5204,0.493,0.5238
22,5,67,0.5097,0.5087,0.5031,0.5061
23,5,70,0.5024,0.517,0.5109,0.5331
24,5,73,0.5155,0.5293,0.5113,0.5182
25,5,76,0.5242,0.5031,0.4943,0.514
26,5,79,0.5064,0.5063,0.5111,0.5103
27,5,82,0.5107,0.5145,0.5152,0.487
28,5,85,0.5133,0.4995,0.5344,0.503
29,5,88,0.5065,0.5016,0.4882,0.5123
30,5,91,0.4907,0.5112,0.4908,0.5095
31,5,94,0.4959,0.5059,0.5209,0.5054
32,5,97,0.5173,0.5075,0.4912,0.5048
33,5,100,0.5277,0.4907,0.5304,0.5141
34,5,103,0.5055,0.5121,0.5173,0.5079
35,5,106,0.5312,0.5005,0.4985,0.447
36,5,109,0.5045,0.5103,0.5019,0.5235
37,5,112,0.4934,0.5313,0.5086,0.496
38,5,115,0.4951,0.505,0.4973,0.5091
39,5,118,0.5101,0.4954,0.4823,0.521
40,5,121,0.4883,0.5133,0.5059,0.4948
41,5,124,0.51,0.5103,0.5188,0.4906
42,5,127,0.5088,0.4802,0.514,0.5096
43,5,130,0.4826,0.5063,0.4946,0.5038
44,5,133,0.5062,0.4912,0.4815,0.5039
45,5,136,0.4978,0.4931,0.498,0.5095
46,5,139,0.5237,0.5138,0.5161,0.4763
47,5,142,0.5277,0.4988,0.5133,0.5027
48,5,145,0.5059,0.5126,0.493,0.4912
49,5,148,0.464,0.5084,0.5199,0.4837
50,5,151,0.5091,0.5207,0.5,0.5255
51,5,154,0.5085,0.5013,0.5038,0.5224
52,5,157,0.4852,0.5112,0.5226,0.479
53,5,160,0.476,0.4875,0.5118,0.52
54,5,163,0.4055,0.5162,0.5052,0.4138
55,5,166,0.4968,0.5231,0.5206,0.5064
56,5,169,0.5061,0.4993,0.5214,0.4861
57,5,172,0.5143,0.4902,0.513,0.4072
58,5,175,0.5103,0.5215,0.4982,0.4992
59,5,178,0.481,0.5135,0.4979,0.5209
60,5,181,0.5049,0.5122,0.511,0.4566
61,5,184,0.4668,0.505,0.4788,0.4385
62,5,187,0.5112,0.4977,0.5063,0.5048
63,5,190,0.3982,0.4738,0.5103,0.4915
64,5,193,0.5162,0.512,0.5144,0.5199
65,5,196,0.4721,0.5011,0.4124,0.5074
66,5,199,0.52,0.419,0.4036,0.4086
67,5,202,0.4258,0.5082,0.3848,0.5056
68,5,205,0.4918,0.5076,0.4731,0.4999
69,5,208,0.4725,0.5095,0.5039,0.5174
70,5,211,0.4729,0.4964,0.3836,0.4109
71,5,214,0.5183,0.5116,0.5209,0.3725
72,5,217,0.4967,0.5092,0.4964,0.5273
73,5,220,0.5085,0.5142,0.4949,0.4146
74,5,223,0.4976,0.3772,0.5298,0.5022
75,5,226,0.4102,0.5035,0.5027,0.49
76,5,229,0.5036,0.4224,0.51,0.3831
77,5,232,0.4101,0.49,0.5,0.5104
78,5,235,0.3897,0.511,0.4998,0.5118
79,5,238,0.4198,0.5083,0.5134,0.4991
80,5,241,0.4969,0.5009,0.5075,0.494
81,5,244,0.5055,0.3651,0.5129,0.4833
82,5,247,0.5309,0.4976,0.4034,0.3932
83,5,250,0.4861,0.4789,0.41,0.4488
84,5,253,0.3026,0.5078,0.3037,0.489
85,5,256,0.4372,0.5169,0.4636,0.4911
86,5,259,0.5158,0.512,0.31,0.3971
87,5,262,0.5042,0.4919,0.4588,0.376
88,5,265,0.4055,0.3632,0.4153,0.4945
89,5,268,0.4121,0.5026,0.4827,0.4191
90,5,271,0.4248,0.4837,0.4987,0.4916
91,5,274,0.4968,0.5007,0.3908,0.5261
92,5,277,0.3979,0.3962,0.4987,0.3137
93,5,280,0.2928,0.4969,0.4756,0.5025
94,5,283,0.4916,0.4114,0.5213,0.4926
95,5,286,0.3607,0.4973,0.306,0.5074
96,5,289,0.489,0.367,0.4091,0.5019
97,5,292,0.4782,0.3893,0.5172,0.5125
98,5,295,0.3682,0.387,0.496,0.2765
99,5,298,0.393,0.4418,0.3405,0.4675
,Dataset#,L,att_1,att_2,att_3,att_4
0,6,1,0.2416,0.2633,0.2485,0.2728
1,6,4,0.3593,0.3391,0.3198,0.2975
2,6,7,0.3363,0.3283,0.3175,0.3231
3,6,10,0.3545,0.4138,0.3858,0.3578
4,6,13,0.4336,0.36,0.3667,0.3493
5,6,16,0.41,0.4061,0.3669,0.4067
6,6,19,0.3907,0.4293,0.397,0.4113
7,6,22,0.341,0.3736,0.3321,0.3278
8,6,25,0.3268,0.4086,0.3621,0.4046
9,6,28,0.4213,0.3795,0.3662,0.3612
10,6,31,0.3969,0.3272,0.3796,0.365
11,6,34,0.3301,0.3623,0.3523,0.273
12,6,37,0.3588,0.3873,0.3318,0.3888
13,6,40,0.3516,0.3822,0.3707,0.426
14,6,43,0.3727,0.4003,0.346,0.4339
15,6,46,0.3532,0.3883,0.3238,0.2738
16,6,49,0.3417,0.3738,0.3412,0.364
17,6,52,0.3913,0.3183,0.3845,0.259
18,6,55,0.2978,0.2919,0.3655,0.3728
19,6,58,0.3581,0.3565,0.3611,0.3602
20,6,61,0.359,0.3907,0.3978,0.3998
21,6,64,0.4074,0.3834,0.417,0.3285
22,6,67,0.3183,0.2085,0.4037,0.3462
23,6,70,0.2383,0.3478,0.385,0.2704
24,6,73,0.3498,0.2788,0.3952,0.3339
25,6,76,0.4,0.3823,0.4017,0.2888
26,6,79,0.2687,0.3594,0.3863,0.3871
27,6,82,0.4181,0.3314,0.3644,0.3415
28,6,85,0.3683,0.2856,0.3023,0.321
29,6,88,0.3578,0.3414,0.373,0.3388
30,6,91,0.3958,0.3724,0.4016,0.3989
31,6,94,0.3075,0.2878,0.3326,0.3123
32,6,97,0.416,0.3023,0.3626,0.3813
33,6,100,0.3387,0.3378,0.3154,0.3289
34,6,103,0.2303,0.3951,0.3702,0.2641
35,6,106,0.3607,0.3382,0.2621,0.3675
36,6,109,0.3107,0.2896,0.2853,0.3152
37,6,112,0.3094,0.3031,0.31,0.2813
38,6,115,0.316,0.3369,0.3793,0.3581
39,6,118,0.2841,0.2946,0.2886,0.3241
40,6,121,0.2726,0.3378,0.3449,0.3577
41,6,124,0.3111,0.3399,0.3157,0.3289
42,6,127,0.3342,0.3647,0.289,0.2523
43,6,130,0.2926,0.3487,0.2649,0.3199
44,6,133,0.3911,0.3529,0.4163,0.3377
45,6,136,0.3758,0.3138,0.3937,0.3977
46,6,139,0.3049,0.2793,0.2967,0.3756
47,6,142,0.3803,0.3387,0.3366,0.3209
48,6,145,0.3578,0.3764,0.3415,0.3361
49,6,148,0.3028,0.2976,0.3379,0.2286
50,6,151,0.2471,0.4,0.1962,0.2319
51,6,154,0.3295,0.324,0.3599,0.3135
52,6,157,0.3406,0.3383,0.3159,0.2529
53,6,160,0.2741,0.3328,0.3378,0.3578
54,6,163,0.3172,0.3056,0.3474,0.3163
55,6,166,0.3455,0.29,0.3195,0.3031
56,6,169,0.2055,0.2482,0.3363,0.2753
57,6,172,0.3508,0.3238,0.2643,0.4004
58,6,175,0.3621,0.2368,0.2927,0.374
59,6,178,0.2842,0.2071,0.3715,0.3472
60,6,181,0.2844,0.2836,0.2573,0.3244
61,6,184,0.2845,0.1502,0.3207,0.3462
62,6,187,0.3111,0.2119,0.2773,0.3753
63,6,190,0.3179,0.3373,0.3656,0.2897
64,6,193,0.3265,0.2706,0.3854,0.2675
65,6,196,0.308,0.3435,0.3437,0.3415
66,6,199,0.3256,0.3296,0.2931,0.3517
67,6,202,0.2347,0.3275,0.2484,0.195
68,6,205,0.3026,0.3,0.3043,0.3009
69,6,208,0.3027,0.2665,0.3196,0.2243
70,6,211,0.3298,0.2553,0.1945,0.3009
71,6,214,0.3565,0.3172,0.2163,0.3009
72,6,217,0.2804,0.273,0.3296,0.2285
73,6,220,0.3695,0.2761,0.2886,0.3661
74,6,223,0.4062,0.3181,0.2702,0.2798
75,6,226,0.285,0.3048,0.3933,0.3595
76,6,229,0.2633,0.3133,0.2859,0.314
77,6,232,0.2567,0.3431,0.3182,0.3102
78,6,235,0.3386,0.2824,0.349,0.2585
79,6,238,0.2766,0.3051,0.3307,0.2986
80,6,241,0.3275,0.2726,0.2595,0.1958
81,6,244,0.258,0.2223,0.2427,0.3377
82,6,247,0.3237,0.2194,0.1169,0.3639
83,6,250,0.301,0.2105,0.2342,0.3453
84,6,253,0.202,0.2602,0.2445,0.32
85,6,256,0.2339,0.3256,0.32,0.2843
86,6,259,0.2372,0.2286,0.3532,0.3063
87,6,262,0.2976,0.3294,0.3201,0.2015
88,6,265,0.2088,0.2884,0.4374,0.1459
89,6,268,0.2637,0.2212,0.2341,0.2844
90,6,271,0.2204,0.2265,0.3193,0.23
91,6,274,0.3545,0.3086,0.3275,0.3609
92,6,277,0.3865,0.1827,0.2855,0.186
93,6,280,0.2319,0.3036,0.0387,0.1916
94,6,283,0.3019,0.2418,0.1892,0.3056
95,6,286,0.3864,0.2448,0.1826,0.2766
96,6,289,0.2257,0.2591,0.3518,0.3469
97,6,292,0.2603,0.2931,0.2383,0.2836
98,6,295,0.2281,0.2631,0.269,0.3016
99,6,298,0.1911,0.2025,0.2759,0.2932
,Dataset#,L,att_1,att_2,att_3,att_4
0,7,1,0.4744,0.4744,0.4744,0.4744
1,7,4,0.4744,0.4744,0.4729,0.4763
2,7,7,0.4744,0.4744,0.4707,0.4744
3,7,10,0.486,0.4753,0.4764,0.4744
4,7,13,0.4744,0.4744,0.4716,0.4736
5,7,16,0.4821,0.4691,0.4759,0.4823
6,7,19,0.4656,0.4655,0.4752,0.4565
7,7,22,0.4796,0.4734,0.4614,0.467
8,7,25,0.4757,0.4639,0.4708,0.4627
9,7,28,0.4753,0.4737,0.4636,0.4754
10,7,31,0.4783,0.4692,0.4692,0.4682
11,7,34,0.4745,0.4791,0.467,0.4777
12,7,37,0.4725,0.4637,0.4583,0.4794
13,7,40,0.4832,0.4774,0.4627,0.4647
14,7,43,0.4918,0.4829,0.4601,0.4693
15,7,46,0.4827,0.463,0.4685,0.4679
16,7,49,0.4739,0.4774,0.4632,0.4828
17,7,52,0.4704,0.4773,0.4706,0.4733
18,7,55,0.4534,0.4614,0.4686,0.4691
19,7,58,0.4551,0.4663,0.4937,0.4616
20,7,61,0.4348,0.454,0.4614,0.4779
21,7,64,0.4627,0.4795,0.4468,0.4602
22,7,67,0.4617,0.4664,0.4739,0.4391
23,7,70,0.4541,0.4468,0.4439,0.465
24,7,73,0.4623,0.4823,0.4633,0.4615
25,7,76,0.4601,0.4801,0.4491,0.4378
26,7,79,0.4689,0.4612,0.4773,0.4668
27,7,82,0.4418,0.4524,0.4567,0.4395
28,7,85,0.4735,0.4738,0.4746,0.4816
29,7,88,0.4764,0.4865,0.4742,0.445
30,7,91,0.4654,0.5006,0.4595,0.4849
31,7,94,0.4754,0.4474,0.4762,0.4503
32,7,97,0.4673,0.4363,0.4534,0.4973
33,7,100,0.4566,0.4575,0.4745,0.4549
34,7,103,0.4623,0.4411,0.449,0.4578
35,7,106,0.4534,0.4457,0.472,0.4728
36,7,109,0.4572,0.4582,0.4588,0.4732
37,7,112,0.4558,0.4696,0.4484,0.4452
38,7,115,0.4418,0.4535,0.4706,0.4617
39,7,118,0.4494,0.4691,0.4377,0.4735
40,7,121,0.4671,0.4826,0.4485,0.4613
41,7,124,0.4846,0.4567,0.4867,0.4889
42,7,127,0.4774,0.4523,0.4789,0.4504
43,7,130,0.4652,0.4438,0.4714,0.4437
44,7,133,0.4905,0.4553,0.4531,0.4589
45,7,136,0.4513,0.4709,0.4207,0.4282
46,7,139,0.4681,0.4616,0.4552,0.4524
47,7,142,0.4847,0.4432,0.4502,0.4841
48,7,145,0.4762,0.4664,0.4629,0.4686
49,7,148,0.4646,0.4579,0.456,0.465
50,7,151,0.4436,0.5049,0.4604,0.4411
51,7,154,0.4496,0.4465,0.4693,0.4716
52,7,157,0.4627,0.4502,0.3913,0.4258
53,7,160,0.465,0.4625,0.4607,0.4567
54,7,163,0.444,0.4352,0.4505,0.4269
55,7,166,0.3809,0.4271,0.4715,0.4476
56,7,169,0.494,0.3916,0.4585,0.4424
57,7,172,0.4667,0.4604,0.4505,0.4558
58,7,175,0.4954,0.4821,0.393,0.4583
59,7,178,0.4673,0.4436,0.4776,0.4683
60,7,181,0.4868,0.4401,0.4583,0.4266
61,7,184,0.4681,0.4487,0.4811,0.4724
62,7,187,0.4333,0.4471,0.4354,0.4627
63,7,190,0.4757,0.4822,0.4596,0.4625
64,7,193,0.4583,0.4593,0.3452,0.4313
65,7,196,0.462,0.4372,0.4577,0.4583
66,7,199,0.4373,0.4598,0.4766,0.4512
67,7,202,0.4788,0.4653,0.4744,0.4758
68,7,205,0.4681,0.3943,0.3843,0.4582
69,7,208,0.4507,0.4823,0.4743,0.4317
70,7,211,0.4922,0.4532,0.3453,0.4548
71,7,214,0.455,0.4496,0.4624,0.4292
72,7,217,0.4789,0.382,0.4682,0.4631
73,7,220,0.4546,0.483,0.4599,0.3397
74,7,223,0.357,0.4476,0.4773,0.4774
75,7,226,0.4733,0.396,0.4752,0.4627
76,7,229,0.3463,0.4357,0.4593,0.4641
77,7,232,0.4697,0.4676,0.4544,0.4815
78,7,235,0.4699,0.3804,0.4667,0.4473
79,7,238,0.4616,0.3836,0.4876,0.4895
80,7,241,0.4766,0.4765,0.252,0.369
81,7,244,0.3376,0.3587,0.4698,0.4717
82,7,247,0.4612,0.356,0.4675,0.4316
83,7,250,0.4337,0.4633,0.4693,0.3824
84,7,253,0.4461,0.4298,0.4861,0.4648
85,7,256,0.4562,0.3719,0.4374,0.2792
86,7,259,0.3744,0.2556,0.4559,0.3468
87,7,262,0.4593,0.4812,0.4698,0.4764
88,7,265,0.4582,0.4726,0.3621,0.3619
89,7,268,0.2891,0.3702,0.4955,0.4791
90,7,271,0.3767,0.479,0.4741,0.4441
91,7,274,0.4724,0.3799,0.2461,0.381
92,7,277,0.4674,0.4796,0.4681,0.4638
93,7,280,0.4499,0.4673,0.4778,0.4839
94,7,283,0.377,0.3901,0.4728,0.4679
95,7,286,0.3831,0.4593,0.4291,0.3727
96,7,289,0.4488,0.4785,0.3711,0.3865
97,7,292,0.4814,0.4708,0.347,0.3617
98,7,295,0.484,0.4745,0.4543,0.3505
99,7,298,0.4671,0.2937,0.3579,0.4705
,Dataset#,L,att_1,att_2,att_3,att_4
0,8,1,0.3619,0.3208,0.5006,0.4523
1,8,4,0.4405,0.4132,0.4491,0.3923
2,8,7,0.3175,0.6548,0.4332,0.4471
3,8,10,0.4193,0.4077,0.5198,0.4341
4,8,13,0.5823,0.5838,0.4267,0.5424
5,8,16,0.2578,0.5253,0.5015,0.4853
6,8,19,0.446,0.6012,0.4988,0.6111
7,8,22,0.5093,0.5127,0.5961,0.3521
8,8,25,0.4201,0.6013,0.5246,0.4619
9,8,28,0.6175,0.5391,0.3576,0.5123
10,8,31,0.6009,0.4607,0.4446,0.5785
11,8,34,0.4077,0.5631,0.5846,0.53
12,8,37,0.4974,0.5382,0.6083,0.4865
13,8,40,0.452,0.334,0.5958,0.4305
14,8,43,0.524,0.5037,0.5741,0.4166
15,8,46,0.4023,0.5032,0.5781,0.5435
16,8,49,0.5313,0.3474,0.5142,0.357
17,8,52,0.4343,0.6039,0.4355,0.5952
18,8,55,0.6731,0.3612,0.4479,0.6746
19,8,58,0.3303,0.5232,0.3558,0.5814
20,8,61,0.4072,0.4197,0.7082,0.5948
21,8,64,0.3895,0.4294,0.5142,0.4332
22,8,67,0.5088,0.5055,0.5158,0.5125
23,8,70,0.6425,0.5142,0.3461,0.4946
24,8,73,0.5177,0.3969,0.4381,0.4221
25,8,76,0.4339,0.3542,0.4381,0.5952
26,8,79,0.4286,0.6263,0.5004,0.435
27,8,82,0.5347,0.3365,0.4276,0.4988
28,8,85,0.411,0.3368,0.4119,0.4276
29,8,88,0.4351,0.3409,0.6104,0.5928
30,8,91,0.4348,0.5302,0.3164,0.6564
31,8,94,0.2453,0.4991,0.4258,0.5
32,8,97,0.5197,0.4344,0.6106,0.5074
33,8,100,0.3934,0.5529,0.4183,0.5221
34,8,103,0.4072,0.416,0.354,0.4378
35,8,106,0.2509,0.4377,0.346,0.3498
36,8,109,0.5295,0.4221,0.5693,0.4116
37,8,112,0.5191,0.332,0.3281,0.422
38,8,115,0.4552,0.3195,0.5246,0.3965
39,8,118,0.4331,0.5309,0.4479,0.3474
40,8,121,0.6081,0.5034,0.5249,0.6178
41,8,124,0.4541,0.4454,0.4235,0.4182
42,8,127,0.416,0.5667,0.4402,0.444
43,8,130,0.4348,0.4589,0.4275,0.4326
44,8,133,0.3256,0.5076,0.5573,0.4711
45,8,136,0.5763,0.6762,0.2977,0.4965
46,8,139,0.4928,0.4197,0.3606,0.6589
47,8,142,0.3172,0.5662,0.5195,0.4746
48,8,145,0.5293,0.5853,0.4986,0.4622
49,8,148,0.4381,0.5345,0.4236,0.4225
50,8,151,0.2852,0.3379,0.4491,0.5197
51,8,154,0.4503,0.5863,0.5305,0.3538
52,8,157,0.557,0.3725,0.5191,0.4172
53,8,160,0.5008,0.3492,0.2892,0.5359
54,8,163,0.5241,0.4378,0.4405,0.2766
55,8,166,0.4314,0.6913,0.3473,0.3923
56,8,169,0.5668,0.5202,0.6056,0.6039
57,8,172,0.4279,0.4217,0.5196,0.4242
58,8,175,0.343,0.277,0.3801,0.6011
59,8,178,0.4446,0.452,0.5305,0.5397
60,8,181,0.551,0.3116,0.4212,0.3312
61,8,184,0.3863,0.4319,0.4819,0.3912
62,8,187,0.5182,0.2319,0.4852,0.4223
63,8,190,0.6068,0.515,0.3417,0.5185
64,8,193,0.4137,0.4112,0.5059,0.4164
65,8,196,0.4533,0.4388,0.3593,0.5253
66,8,199,0.4249,0.5178,0.439,0.5081
67,8,202,0.2365,0.5295,0.4175,0.4286
68,8,205,0.4702,0.41,0.4179,0.4958
69,8,208,0.2456,0.4448,0.3217,0.3429
70,8,211,0.2699,0.4157,0.1853,0.5295
71,8,214,0.3893,0.2989,0.3427,0.2072
72,8,217,0.2495,0.416,0.4245,0.6344
73,8,220,0.3364,0.3509,0.4218,0.521
74,8,223,0.2485,0.4826,0.3562,0.5586
75,8,226,0.2025,0.4331,0.4291,0.2372
76,8,229,0.3102,0.4333,0.4479,0.366
77,8,232,0.3354,0.3426,0.5039,0.4671
78,8,235,0.3707,0.3112,0.5132,0.3835
79,8,238,0.4301,0.3731,0.4666,0.4309
80,8,241,0.2597,0.4224,0.2048,0.5409
81,8,244,0.2987,0.3776,0.4403,0.4832
82,8,247,0.3344,0.4203,0.5076,0.3302
83,8,250,0.2941,0.5581,0.2901,0.5679
84,8,253,0.4616,0.3313,0.2551,0.3863
85,8,256,0.3794,0.4482,0.3287,0.3212
86,8,259,0.3293,0.3326,0.3556,0.4172
87,8,262,0.2032,0.4414,0.4311,0.5197
88,8,265,0.2586,0.3624,0.2526,0.4165
89,8,268,0.3208,0.2012,0.3237,0.25
90,8,271,0.3391,0.5915,0.4286,0.3995
91,8,274,0.3012,0.574,0.508,0.45
92,8,277,0.4327,0.393,0.7082,0.3017
93,8,280,0.3863,0.3587,0.2789,0.3312
94,8,283,0.5915,0.4378,0.3411,0.4834
95,8,286,0.4524,0.409,0.4102,0.3728
96,8,289,0.5295,0.2061,0.3049,0.4777
97,8,292,0.3326,0.2846,0.4511,0.2032
98,8,295,0.3181,0.3717,0.2639,0.5183
99,8,298,0.3051,0.4881,0.4292,0.4235
,Dataset#,L,att_1,att_2,att_3,att_4
0,9,1,0.4153,0.4644,0.3942,0.4054
1,9,4,0.4783,0.5516,0.4843,0.4788
2,9,7,0.5251,0.5267,0.5063,0.5963
3,9,10,0.4323,0.4812,0.5064,0.5514
4,9,13,0.4992,0.5034,0.5299,0.5317
5,9,16,0.4345,0.5565,0.495,0.4538
6,9,19,0.4929,0.547,0.5214,0.5214
7,9,22,0.5782,0.5206,0.5525,0.5275
8,9,25,0.5838,0.4763,0.5947,0.5109
9,9,28,0.578,0.5009,0.4964,0.5685
10,9,31,0.5371,0.5873,0.5268,0.5393
11,9,34,0.5186,0.5377,0.6664,0.5226
12,9,37,0.5606,0.5345,0.4456,0.4499
13,9,40,0.5358,0.5755,0.496,0.527
14,9,43,0.4529,0.5369,0.5026,0.4819
15,9,46,0.5843,0.5054,0.4994,0.5712
16,9,49,0.4955,0.4984,0.635,0.5539
17,9,52,0.5596,0.5175,0.491,0.5245
18,9,55,0.448,0.603,0.4449,0.4831
19,9,58,0.5877,0.5118,0.4588,0.5157
20,9,61,0.5198,0.5298,0.4743,0.5453
21,9,64,0.4481,0.5119,0.5109,0.5073
22,9,67,0.4991,0.5376,0.5187,0.4175
23,9,70,0.5128,0.4727,0.4736,0.4626
24,9,73,0.5134,0.6135,0.5453,0.5957
25,9,76,0.5462,0.5164,0.4294,0.5807
26,9,79,0.625,0.4489,0.5116,0.5459
27,9,82,0.4893,0.5688,0.5593,0.5119
28,9,85,0.5826,0.5646,0.5554,0.4774
29,9,88,0.5319,0.4977,0.551,0.5001
30,9,91,0.5105,0.4632,0.5246,0.5662
31,9,94,0.5054,0.4488,0.4859,0.5503
32,9,97,0.5088,0.4924,0.5726,0.5162
33,9,100,0.5335,0.5302,0.5123,0.5399
34,9,103,0.5409,0.5494,0.5729,0.5434
35,9,106,0.4136,0.567,0.5632,0.5138
36,9,109,0.5833,0.4587,0.5492,0.4714
37,9,112,0.5517,0.5102,0.4576,0.5194
38,9,115,0.4402,0.5644,0.5329,0.4919
39,9,118,0.4617,0.475,0.5486,0.4565
40,9,121,0.5072,0.5216,0.4821,0.4729
41,9,124,0.6028,0.4043,0.4973,0.5177
42,9,127,0.4674,0.5368,0.4384,0.5235
43,9,130,0.5052,0.5044,0.4794,0.5257
44,9,133,0.5519,0.4591,0.4955,0.5509
45,9,136,0.4688,0.4345,0.5259,0.5235
46,9,139,0.4531,0.5177,0.4449,0.5219
47,9,142,0.498,0.5167,0.5172,0.4695
48,9,145,0.4272,0.4535,0.4865,0.4707
49,9,148,0.6151,0.5012,0.5725,0.491
50,9,151,0.4652,0.5077,0.4863,0.633
51,9,154,0.4866,0.4888,0.4708,0.4899
52,9,157,0.4994,0.5525,0.4265,0.4279
53,9,160,0.406,0.4543,0.4784,0.4471
54,9,163,0.5868,0.4388,0.505,0.5467
55,9,166,0.4475,0.5065,0.4386,0.5791
56,9,169,0.5431,0.5381,0.4838,0.4624
57,9,172,0.495,0.4999,0.4452,0.444
58,9,175,0.4799,0.5295,0.4318,0.4703
59,9,178,0.4463,0.454,0.5131,0.4893
60,9,181,0.4629,0.5013,0.5417,0.5443
61,9,184,0.5044,0.4864,0.5736,0.4884
62,9,187,0.519,0.5169,0.5563,0.4649
63,9,190,0.4713,0.5619,0.4371,0.5207
64,9,193,0.4581,0.4935,0.4666,0.4386
65,9,196,0.5107,0.4694,0.4542,0.4964
66,9,199,0.4852,0.4704,0.5003,0.5131
67,9,202,0.4511,0.5309,0.5287,0.4081
68,9,205,0.4874,0.6182,0.4204,0.4731
69,9,208,0.5562,0.4566,0.4915,0.4593
70,9,211,0.4988,0.5504,0.4825,0.4564
71,9,214,0.5381,0.3965,0.4967,0.5655
72,9,217,0.5472,0.5122,0.341,0.4873
73,9,220,0.5028,0.4772,0.4617,0.4906
74,9,223,0.4506,0.4392,0.5066,0.4701
75,9,226,0.516,0.3869,0.4646,0.4735
76,9,229,0.5175,0.4601,0.5054,0.4969
77,9,232,0.4846,0.4363,0.4075,0.5161
78,9,235,0.481,0.4962,0.4526,0.3492
79,9,238,0.3712,0.4572,0.3774,0.4076
80,9,241,0.4147,0.4886,0.4138,0.4635
81,9,244,0.4768,0.4913,0.5068,0.4935
82,9,247,0.4705,0.4895,0.4966,0.4259
83,9,250,0.4838,0.4103,0.5118,0.4951
84,9,253,0.452,0.4295,0.5555,0.4609
85,9,256,0.5059,0.4581,0.4955,0.3373
86,9,259,0.4371,0.2662,0.5106,0.4064
87,9,262,0.5265,0.3832,0.3869,0.4548
88,9,265,0.4953,0.3693,0.5372,0.349
89,9,268,0.4533,0.4076,0.5894,0.4665
90,9,271,0.437,0.3719,0.5476,0.3375
91,9,274,0.5035,0.314,0.3425,0.3808
92,9,277,0.43,0.4793,0.4893,0.4813
93,9,280,0.4229,0.404,0.4006,0.4495
94,9,283,0.3589,0.3882,0.4356,0.3159
95,9,286,0.4034,0.2801,0.4012,0.3793
96,9,289,0.4158,0.3915,0.3542,0.3543
97,9,292,0.4673,0.3531,0.4936,0.4198
98,9,295,0.4829,0.4715,0.4144,0.4133
99,9,298,0.4064,0.3495,0.3852,0.4152
,Dataset#,L,att_1,att_2,att_3,att_4
0,10,1,0.5488,0.5581,0.55,0.5488
1,10,4,0.5739,0.5535,0.5549,0.5617
2,10,7,0.5653,0.5929,0.5688,0.5549
3,10,10,0.582,0.6069,0.5537,0.5908
4,10,13,0.5958,0.6006,0.5843,0.5847
5,10,16,0.5807,0.5966,0.5854,0.5878
6,10,19,0.55,0.6175,0.5863,0.5678
7,10,22,0.6395,0.5798,0.5927,0.6227
8,10,25,0.6053,0.5919,0.5943,0.6327
9,10,28,0.6052,0.5975,0.6252,0.6227
10,10,31,0.5874,0.6363,0.6108,0.5988
11,10,34,0.6259,0.5666,0.5985,0.6029
12,10,37,0.5837,0.6007,0.6057,0.6213
13,10,40,0.642,0.6099,0.5879,0.603
14,10,43,0.601,0.5948,0.5924,0.6236
15,10,46,0.6,0.59,0.6068,0.6479
16,10,49,0.5868,0.5999,0.5843,0.5809
17,10,52,0.6187,0.6208,0.6149,0.5578
18,10,55,0.5884,0.602,0.605,0.638
19,10,58,0.6027,0.5801,0.5888,0.5932
20,10,61,0.6035,0.5688,0.5837,0.5961
21,10,64,0.6413,0.6106,0.562,0.56
22,10,67,0.5927,0.6309,0.5965,0.5998
23,10,70,0.5897,0.5761,0.5997,0.6002
24,10,73,0.6105,0.6115,0.5868,0.5318
25,10,76,0.5956,0.5698,0.5921,0.5792
26,10,79,0.5908,0.5959,0.5976,0.5932
27,10,82,0.5851,0.6084,0.585,0.5813
28,10,85,0.5816,0.573,0.5699,0.6123
29,10,88,0.5792,0.564,0.579,0.6193
30,10,91,0.5676,0.6294,0.5905,0.5605
31,10,94,0.6053,0.6232,0.6126,0.5937
32,10,97,0.6063,0.6155,0.5813,0.5949
33,10,100,0.5553,0.5224,0.6041,0.5813
34,10,103,0.5893,0.6168,0.5829,0.5806
35,10,106,0.5849,0.5881,0.6365,0.5967
36,10,109,0.5826,0.581,0.6173,0.5958
37,10,112,0.6095,0.6121,0.6036,0.587
38,10,115,0.5556,0.5822,0.5894,0.5958
39,10,118,0.5382,0.6133,0.616,0.602
40,10,121,0.5549,0.6074,0.6112,0.6069
41,10,124,0.5894,0.5643,0.6214,0.6083
42,10,127,0.6112,0.6009,0.607,0.6038
43,10,130,0.5394,0.6212,0.6179,0.5572
44,10,133,0.5563,0.5878,0.5695,0.569
45,10,136,0.5445,0.6044,0.5797,0.5172
46,10,139,0.6286,0.6083,0.6101,0.5652
47,10,142,0.5809,0.5985,0.5822,0.5888
48,10,145,0.5897,0.5721,0.6009,0.5604
49,10,148,0.5544,0.6179,0.5471,0.5937
50,10,151,0.6014,0.5628,0.5803,0.5949
51,10,154,0.5638,0.5825,0.6098,0.5752
52,10,157,0.5999,0.5917,0.5845,0.5855
53,10,160,0.6162,0.5851,0.6032,0.5937
54,10,163,0.5652,0.5801,0.6176,0.5829
55,10,166,0.5978,0.5655,0.5627,0.6066
56,10,169,0.5922,0.5785,0.556,0.5922
57,10,172,0.5991,0.5819,0.5469,0.5747
58,10,175,0.5922,0.5303,0.596,0.5322
59,10,178,0.5762,0.6088,0.5824,0.5716
60,10,181,0.5784,0.5964,0.5553,0.5778
61,10,184,0.5597,0.583,0.6068,0.5869
62,10,187,0.6212,0.5976,0.5707,0.5887
63,10,190,0.5674,0.5856,0.5408,0.5629
64,10,193,0.5902,0.6203,0.5793,0.5787
65,10,196,0.5662,0.5827,0.5439,0.5959
66,10,199,0.571,0.5602,0.6201,0.6179
67,10,202,0.5828,0.5479,0.4962,0.5561
68,10,205,0.5962,0.5228,0.576,0.5963
69,10,208,0.58,0.5697,0.5797,0.5699
70,10,211,0.5216,0.5597,0.5922,0.5728
71,10,214,0.6013,0.4972,0.549,0.6043
72,10,217,0.5756,0.6051,0.5808,0.5671
73,10,220,0.5234,0.5895,0.5891,0.559
74,10,223,0.5898,0.5455,0.5984,0.5935
75,10,226,0.3583,0.5959,0.5709,0.3463
76,10,229,0.4849,0.6019,0.5684,0.563
77,10,232,0.6102,0.4495,0.5729,0.6152
78,10,235,0.5614,0.5743,0.4805,0.4531
79,10,238,0.4335,0.4643,0.5762,0.5768
80,10,241,0.6013,0.4342,0.5771,0.5867
81,10,244,0.5789,0.5663,0.5591,0.5972
82,10,247,0.5904,0.5756,0.581,0.5764
83,10,250,0.5733,0.5915,0.5363,0.562
84,10,253,0.4498,0.6013,0.5758,0.5603
85,10,256,0.5842,0.5821,0.5581,0.6123
86,10,259,0.3467,0.4718,0.5949,0.6086
87,10,262,0.4405,0.5786,0.5548,0.5883
88,10,265,0.5536,0.5695,0.5564,0.5829
89,10,268,0.5715,0.4278,0.5806,0.5702
90,10,271,0.5846,0.5652,0.3328,0.5906
91,10,274,0.5529,0.4636,0.5682,0.6
92,10,277,0.4784,0.4763,0.5624,0.5794
93,10,280,0.5679,0.4699,0.5644,0.3347
94,10,283,0.4707,0.4357,0.4364,0.3512
95,10,286,0.3337,0.5736,0.6107,0.448
96,10,289,0.5692,0.5642,0.5646,0.5648
97,10,292,0.564,0.4278,0.6003,0.5684
98,10,295,0.5739,0.5896,0.5851,0.3355
99,10,298,0.5805,0.4565,0.5675,0.5943
,Dataset#,L,att_1,att_2,att_3,att_4
0,11,1,0.5489,0.5749,0.5996,0.6334
1,11,4,0.6857,0.5826,0.6647,0.6947
2,11,7,0.7591,0.7326,0.8132,0.6547
3,11,10,0.7231,0.7699,0.7598,0.7785
4,11,13,0.7794,0.7126,0.7929,0.7871
5,11,16,0.8214,0.7919,0.7976,0.7967
6,11,19,0.8154,0.7474,0.7947,0.7964
7,11,22,0.8233,0.7911,0.8057,0.776
8,11,25,0.7951,0.7814,0.7827,0.8234
9,11,28,0.808,0.806,0.773,0.7694
10,11,31,0.7871,0.8119,0.7638,0.8016
11,11,34,0.7964,0.8049,0.7828,0.8026
12,11,37,0.7429,0.7798,0.7817,0.7942
13,11,40,0.7815,0.7777,0.8006,0.7793
14,11,43,0.7118,0.8109,0.8186,0.7775
15,11,46,0.783,0.7252,0.7809,0.7808
16,11,49,0.7694,0.807,0.7804,0.7747
17,11,52,0.7896,0.7265,0.7656,0.7817
18,11,55,0.7738,0.7584,0.7861,0.7887
19,11,58,0.7546,0.8016,0.7825,0.7256
20,11,61,0.6322,0.7857,0.7668,0.7184
21,11,64,0.7414,0.6796,0.7035,0.778
22,11,67,0.7064,0.7879,0.6132,0.7988
23,11,70,0.7681,0.7761,0.7286,0.7688
24,11,73,0.7196,0.6773,0.719,0.7159
25,11,76,0.7761,0.7173,0.7234,0.724
26,11,79,0.6781,0.7514,0.7235,0.7142
27,11,82,0.6038,0.7397,0.783,0.7495
28,11,85,0.8112,0.778,0.6672,0.7177
29,11,88,0.6622,0.7449,0.7182,0.7678
30,11,91,0.6787,0.7121,0.6861,0.7081
31,11,94,0.6939,0.6838,0.669,0.6239
32,11,97,0.7241,0.6646,0.5933,0.66
33,11,100,0.7422,0.6865,0.634,0.7133
34,11,103,0.7429,0.6309,0.7241,0.6737
35,11,106,0.6289,0.6673,0.6347,0.729
36,11,109,0.6629,0.7184,0.7077,0.6306
37,11,112,0.7311,0.7416,0.6722,0.6666
38,11,115,0.7324,0.6571,0.7655,0.6597
39,11,118,0.6405,0.7057,0.6107,0.6101
40,11,121,0.7182,0.6624,0.6132,0.6048
41,11,124,0.7097,0.6511,0.6949,0.6441
42,11,127,0.7321,0.669,0.7598,0.7825
43,11,130,0.7242,0.6784,0.6638,0.6808
44,11,133,0.6991,0.6945,0.656,0.5814
45,11,136,0.669,0.7148,0.6753,0.6276
46,11,139,0.6826,0.6737,0.5847,0.6564
47,11,142,0.691,0.731,0.6197,0.6519
48,11,145,0.7623,0.6608,0.7288,0.7003
49,11,148,0.6322,0.6996,0.7257,0.7367
50,11,151,0.6669,0.7348,0.6507,0.6287
51,11,154,0.6585,0.6791,0.6804,0.6905
52,11,157,0.7631,0.6804,0.6665,0.7064
53,11,160,0.6981,0.745,0.7167,0.7031
54,11,163,0.7637,0.6786,0.6189,0.6698
55,11,166,0.7474,0.6519,0.7122,0.6478
56,11,169,0.7544,0.5872,0.6716,0.7188
57,11,172,0.5532,0.5857,0.7,0.7615
58,11,175,0.6897,0.7095,0.5996,0.5897
59,11,178,0.6289,0.6607,0.7104,0.7494
60,11,181,0.774,0.7185,0.6738,0.7133
61,11,184,0.6008,0.7085,0.6139,0.6069
62,11,187,0.6389,0.5762,0.669,0.6246
63,11,190,0.7084,0.6405,0.743,0.6302
64,11,193,0.6718,0.708,0.732,0.6197
65,11,196,0.7168,0.6584,0.6691,0.7318
66,11,199,0.6082,0.5866,0.7104,0.6926
67,11,202,0.6392,0.6546,0.6254,0.6201
68,11,205,0.6711,0.7185,0.6292,0.7206
69,11,208,0.7027,0.6799,0.6945,0.7131
70,11,211,0.6888,0.6633,0.6609,0.7067
71,11,214,0.65,0.6865,0.5919,0.6226
72,11,217,0.6263,0.5897,0.5849,0.6048
73,11,220,0.6114,0.6686,0.6869,0.6147
74,11,223,0.5944,0.654,0.6818,0.7427
75,11,226,0.6244,0.618,0.6136,0.5244
76,11,229,0.6526,0.725,0.6105,0.655
77,11,232,0.6817,0.6909,0.6126,0.5611
78,11,235,0.7284,0.695,0.5967,0.6797
79,11,238,0.6403,0.6289,0.6833,0.6675
80,11,241,0.5972,0.5083,0.6189,0.4879
81,11,244,0.678,0.3534,0.7221,0.7136
82,11,247,0.5052,0.5754,0.5563,0.6629
83,11,250,0.6205,0.5168,0.7284,0.5733
84,11,253,0.5741,0.6985,0.6128,0.4924
85,11,256,0.6955,0.5741,0.5145,0.6504
86,11,259,0.5984,0.5158,0.4146,0.4391
87,11,262,0.7071,0.5115,0.6598,0.4138
88,11,265,0.6039,0.5887,0.5526,0.4181
89,11,268,0.5367,0.4989,0.5858,0.6875
90,11,271,0.66,0.6577,0.6,0.6548
91,11,274,0.5711,0.5344,0.586,0.3569
92,11,277,0.6993,0.4685,0.6178,0.4813
93,11,280,0.6149,0.5462,0.496,0.6904
94,11,283,0.4953,0.6274,0.5147,0.6821
95,11,286,0.3607,0.5144,0.4801,0.4929
96,11,289,0.4699,0.6645,0.554,0.6372
97,11,292,0.6191,0.3931,0.423,0.7127
98,11,295,0.6401,0.4627,0.6596,0.2824
99,11,298,0.4152,0.4302,0.4689,0.5865
,Dataset#,L,att_1,att_2,att_3,att_4
0,12,1,0.7781,0.8882,0.9527,0.8097
1,12,4,1,0.9867,0.9909,0.9796
2,12,7,0.9956,1,0.9953,1
3,12,10,0.9953,0.9909,0.9907,0.9862
4,12,13,1,1,0.9907,0.9953
5,12,16,0.9953,0.9953,0.9953,0.9907
6,12,19,0.9907,0.9953,1,0.9907
7,12,22,0.9956,1,1,0.9909
8,12,25,0.9907,1,0.9907,0.9907
9,12,28,0.9907,0.9953,0.9953,0.9907
10,12,31,0.9909,0.9862,0.9862,0.9909
11,12,34,1,0.9953,0.9907,0.9953
12,12,37,0.9953,1,0.9953,0.9953
13,12,40,0.9953,0.9953,0.9907,0.9907
14,12,43,0.9907,0.9956,0.9862,1
15,12,46,0.9953,1,0.9953,0.9907
16,12,49,0.9907,0.9907,0.9953,1
17,12,52,0.9953,0.9907,0.9953,0.9953
18,12,55,0.9956,1,0.9907,0.9909
19,12,58,0.9953,1,0.9953,0.9956
20,12,61,1,0.9907,1,0.9953
21,12,64,0.9953,0.9956,0.9909,0.9953
22,12,67,0.9909,1,0.9953,0.9953
23,12,70,0.9907,0.986,0.986,0.9909
24,12,73,0.9953,1,0.9953,1
25,12,76,0.9907,0.9907,0.9862,0.9953
26,12,79,0.9956,1,1,0.9907
27,12,82,0.986,0.9956,0.9771,0.9953
28,12,85,1,0.9907,0.9953,0.9953
29,12,88,0.986,0.9953,1,0.9953
30,12,91,0.9953,0.9907,0.9953,0.9862
31,12,94,0.9909,1,0.9953,0.9953
32,12,97,0.9909,0.9767,0.9953,0.8946
33,12,100,1,0.9953,0.889,0.9907
34,12,103,0.9953,0.9953,0.9907,0.9108
35,12,106,1,1,0.9953,0.9953
36,12,109,0.9114,0.8845,0.889,0.9953
37,12,112,0.8924,0.9189,0.986,0.9953
38,12,115,0.9194,0.8936,0.8922,0.9953
39,12,118,0.9907,0.8936,0.8342,0.9075
40,12,121,0.8855,0.9907,0.889,1
41,12,124,0.7836,1,0.9953,0.7753
42,12,127,0.8946,0.986,0.889,0.9862
43,12,130,1,0.9042,0.8922,0.9956
44,12,133,0.7814,0.9907,0.9909,0.9816
45,12,136,0.8968,0.9909,0.9909,0.9953
46,12,139,0.9665,0.889,0.9911,0.9956
47,12,142,0.8811,0.7882,0.9909,0.8799
48,12,145,0.8762,0.9907,1,0.9909
49,12,148,0.89,0.8855,0.8946,0.8807
50,12,151,0.7832,0.889,0.8946,0.7858
51,12,154,0.9907,0.9953,0.9812,0.8902
52,12,157,0.9953,0.89,0.986,0.7868
53,12,160,0.7811,0.9909,0.9953,0.8782
54,12,163,0.9858,0.89,0.9953,0.9816
55,12,166,0.6814,0.9816,0.8892,0.8799
56,12,169,0.9816,0.9953,0.8806,0.9769
57,12,172,0.9953,0.9721,0.8902,0.7892
58,12,175,0.9862,0.9814,0.876,0.8875
59,12,178,0.8851,0.8875,0.89,0.878
60,12,181,0.7791,0.8936,0.9628,0.8946
61,12,184,0.9956,0.8946,0.7774,0.89
62,12,187,0.7826,0.8831,0.7791,1
63,12,190,0.9826,0.8833,0.7892,0.9862
64,12,193,0.8936,0.986,0.89,0.8936
65,12,196,0.7882,0.9862,0.8061,0.9953
66,12,199,0.9953,0.8657,0.9907,0.6645
67,12,202,0.7892,0.8089,0.8841,0.9907
68,12,205,0.9818,0.9767,0.7821,0.8801
69,12,208,0.9909,0.9953,0.9809,0.6756
70,12,211,0.9725,0.8892,0.6709,0.8924
71,12,214,0.8976,0.8653,0.875,0.9818
72,12,217,0.7905,0.7892,0.9771,0.9907
73,12,220,0.9816,0.8946,0.9771,0.7905
74,12,223,0.9862,0.8946,0.9953,0.875
75,12,226,0.5882,1,0.8892,0.8855
76,12,229,0.8809,0.7821,0.8853,0.7858
77,12,232,0.9831,0.8902,0.8902,0.7686
78,12,235,0.8809,0.8708,0.8754,0.9909
79,12,238,0.8735,0.9862,0.6794,0.7915
80,12,241,0.7882,0.7789,0.6,0.8855
81,12,244,0.6946,0.7648,0.5753,0.6845
82,12,247,0.7791,0.5797,0.8827,0.8946
83,12,250,0.89,0.6892,0.849,0.9907
84,12,253,0.6774,0.8518,0.6851,0.9909
85,12,256,0.5741,0.8855,0.8845,0.8782
86,12,259,0.9907,0.7953,0.7862,0.9814
87,12,262,0.7915,0.6794,0.7763,0.6811
88,12,265,0.6968,0.9862,0.7995,0.489
89,12,268,0.9909,0.889,0.689,0.7828
90,12,271,0.5665,0.689,0.8682,0.8754
91,12,274,0.8924,0.6775,0.8,0.8946
92,12,277,0.7953,0.8976,0.9767,0.9907
93,12,280,0.7909,0.7905,0.6815,0.6851
94,12,283,0.9862,0.676,0.6873,0.6845
95,12,286,0.8702,0.5797,0.6804,0.6936
96,12,289,0.8711,0.9953,0.7838,0.7892
97,12,292,0.7771,0.89,0.6851,0.8968
98,12,295,0.8827,0.7836,0.889,0.8855
99,12,298,0.7696,0.8,0.6875,0.5586
,Dataset#,L,att_1,att_2,att_3,att_4
0,13,1,0.3795,0.3795,0.3795,0.3795
1,13,4,0.3795,0.3812,0.3694,0.3889
2,13,7,0.3837,0.3839,0.3828,0.3795
3,13,10,0.3896,0.3893,0.4161,0.3951
4,13,13,0.4304,0.394,0.3839,0.381
5,13,16,0.4157,0.4155,0.3829,0.3795
6,13,19,0.4156,0.4167,0.4161,0.3852
7,13,22,0.4243,0.4302,0.4529,0.4242
8,13,25,0.43,0.4254,0.3748,0.4135
9,13,28,0.423,0.455,0.4005,0.4052
10,13,31,0.4298,0.3795,0.4038,0.4092
11,13,34,0.4321,0.3802,0.4068,0.4197
12,13,37,0.4498,0.373,0.423,0.3781
13,13,40,0.436,0.3955,0.4403,0.4131
14,13,43,0.4093,0.3921,0.4314,0.4122
15,13,46,0.3912,0.4409,0.4119,0.4434
16,13,49,0.4398,0.4049,0.3722,0.3972
17,13,52,0.3927,0.4045,0.437,0.4254
18,13,55,0.4266,0.4277,0.4361,0.4283
19,13,58,0.3951,0.41,0.4259,0.3833
20,13,61,0.4363,0.418,0.4217,0.4319
21,13,64,0.3959,0.4186,0.4007,0.4042
22,13,67,0.4217,0.3786,0.4535,0.4419
23,13,70,0.3725,0.4411,0.4475,0.3811
24,13,73,0.4131,0.4241,0.384,0.4051
25,13,76,0.3919,0.4099,0.3962,0.3965
26,13,79,0.4063,0.4263,0.4146,0.4419
27,13,82,0.4029,0.419,0.4347,0.3741
28,13,85,0.3725,0.392,0.3678,0.4249
29,13,88,0.4257,0.4356,0.392,0.4211
30,13,91,0.3992,0.4276,0.3934,0.3928
31,13,94,0.4127,0.4136,0.4212,0.4305
32,13,97,0.3971,0.3917,0.4169,0.3855
33,13,100,0.3814,0.4437,0.4006,0.3673
34,13,103,0.4179,0.4078,0.3815,0.4419
35,13,106,0.3973,0.4506,0.3954,0.3857
36,13,109,0.443,0.4248,0.445,0.4335
37,13,112,0.3586,0.417,0.4061,0.3843
38,13,115,0.4336,0.439,0.3773,0.4361
39,13,118,0.4239,0.3793,0.4157,0.4316
40,13,121,0.4061,0.411,0.4444,0.4207
41,13,124,0.4038,0.3663,0.3835,0.3969
42,13,127,0.4017,0.4034,0.3797,0.3901
43,13,130,0.2915,0.4376,0.3587,0.4039
44,13,133,0.4264,0.4083,0.3688,0.4039
45,13,136,0.4172,0.3705,0.3555,0.4187
46,13,139,0.4537,0.4016,0.4032,0.2831
47,13,142,0.3826,0.396,0.395,0.4199
48,13,145,0.4234,0.395,0.4544,0.4114
49,13,148,0.3731,0.3956,0.3981,0.387
50,13,151,0.3734,0.3886,0.4178,0.3713
51,13,154,0.4356,0.441,0.3938,0.4034
52,13,157,0.3134,0.2657,0.3391,0.3748
53,13,160,0.4267,0.4088,0.3677,0.4555
54,13,163,0.3725,0.3653,0.3869,0.2941
55,13,166,0.4091,0.3829,0.4124,0.3577
56,13,169,0.3941,0.4089,0.3282,0.4276
57,13,172,0.3124,0.4174,0.3692,0.4129
58,13,175,0.3876,0.2878,0.4338,0.4105
59,13,178,0.3857,0.3727,0.3957,0.415
60,13,181,0.3183,0.3733,0.3774,0.421
61,13,184,0.3409,0.3763,0.2772,0.3034
62,13,187,0.4259,0.297,0.4318,0.2275
63,13,190,0.3117,0.4143,0.44,0.422
64,13,193,0.3562,0.3835,0.361,0.3957
65,13,196,0.428,0.3407,0.4162,0.3996
66,13,199,0.3905,0.3169,0.3347,0.366
67,13,202,0.3644,0.4221,0.4234,0.3293
68,13,205,0.3791,0.3692,0.4362,0.3581
69,13,208,0.4303,0.3447,0.3953,0.415
70,13,211,0.2853,0.3538,0.3465,0.4155
71,13,214,0.311,0.284,0.3149,0.4148
72,13,217,0.3804,0.4141,0.2984,0.4031
73,13,220,0.2811,0.3459,0.4451,0.405
74,13,223,0.3106,0.4643,0.3229,0.3391
75,13,226,0.4329,0.3714,0.2984,0.4384
76,13,229,0.441,0.4315,0.4375,0.4125
77,13,232,0.4001,0.3452,0.321,0.2983
78,13,235,0.2988,0.3923,0.3258,0.3479
79,13,238,0.4084,0.3758,0.3428,0.3794
80,13,241,0.365,0.3303,0.152,0.3815
81,13,244,0.4501,0.3877,0.3946,0.4015
82,13,247,0.403,0.4074,0.2968,0.2207
83,13,250,0.326,0.3056,0.4083,0.4155
84,13,253,0.3047,0.3231,0.4381,0.3611
85,13,256,0.3406,0.1971,0.2704,0.315
86,13,259,0.4043,0.2768,0.285,0.3157
87,13,262,0.3909,0.3442,0.4203,0.3055
88,13,265,0.3248,0.3406,0.2528,0.3278
89,13,268,0.413,0.4307,0.1527,0.3828
90,13,271,0.2896,0.4025,0.353,0.4236
91,13,274,0.4149,0.3103,0.3569,0.3906
92,13,277,0.4256,0.3199,0.3066,0.3861
93,13,280,0.3821,0.363,0.3854,0.3593
94,13,283,0.2681,0.1816,0.3304,0.3536
95,13,286,0.3745,0.3406,0.2507,0.3345
96,13,289,0.2982,0.4268,0.4377,0.2052
97,13,292,0.3907,0.2894,0.3499,0.2231
98,13,295,0.3994,0.152,0.22,0.3972
99,13,298,0.3587,0.3769,0.3057,0.339
,Dataset#,L,att_1,att_2,att_3,att_4
0,14,1,0.1565,0.1565,0.1565,0.1523
1,14,4,0.1547,0.1567,0.1576,0.1563
2,14,7,0.1619,0.1584,0.1626,0.1547
3,14,10,0.159,0.1602,0.1532,0.1569
4,14,13,0.1588,0.1551,0.153,0.1477
5,14,16,0.1642,0.1494,0.1541,0.1565
6,14,19,0.1569,0.1474,0.1586,0.1581
7,14,22,0.151,0.1509,0.1461,0.1583
8,14,25,0.159,0.1568,0.1446,0.1461
9,14,28,0.1597,0.1493,0.1604,0.1372
10,14,31,0.1483,0.1536,0.1539,0.1556
11,14,34,0.1366,0.1595,0.1674,0.1561
12,14,37,0.1491,0.1519,0.1462,0.1581
13,14,40,0.1534,0.1454,0.1469,0.1735
14,14,43,0.1491,0.1328,0.1494,0.1413
15,14,46,0.1663,0.1417,0.1377,0.1505
16,14,49,0.1582,0.1565,0.1602,0.167
17,14,52,0.1624,0.1498,0.1472,0.1462
18,14,55,0.154,0.1535,0.1439,0.1216
19,14,58,0.1384,0.1522,0.1499,0.1416
20,14,61,0.1498,0.1661,0.1302,0.1435
21,14,64,0.1446,0.1554,0.1604,0.1525
22,14,67,0.1582,0.1434,0.1477,0.1444
23,14,70,0.1464,0.1066,0.1633,0.1413
24,14,73,0.1547,0.1413,0.1099,0.1417
25,14,76,0.1639,0.1541,0.1632,0.1303
26,14,79,0.1584,0.1637,0.1261,0.1412
27,14,82,0.1404,0.1457,0.1426,0.1531
28,14,85,0.1491,0.1177,0.1519,0.1728
29,14,88,0.1369,0.1376,0.1722,0.1593
30,14,91,0.1425,0.1672,0.1541,0.1461
31,14,94,0.1523,0.1491,0.1321,0.1425
32,14,97,0.1518,0.1557,0.1209,0.1516
33,14,100,0.1678,0.1498,0.1263,0.1246
34,14,103,0.1349,0.0903,0.1642,0.1397
35,14,106,0.1337,0.1125,0.09956,0.1313
36,14,109,0.1278,0.1405,0.1421,0.1204
37,14,112,0.06326,0.1261,0.1331,0.1135
38,14,115,0.1303,0.147,0.119,0.1677
39,14,118,0.1424,0.1244,0.1332,0.12
40,14,121,0.1447,0.1365,0.1439,0.1521
41,14,124,0.1229,0.1446,0.1133,0.1029
42,14,127,0.1164,0.1109,0.1409,0.1664
43,14,130,0.1454,0.0931,0.1196,0.1565
44,14,133,0.1194,0.1461,0.1363,0.1148
45,14,136,0.1429,0.1602,0.1431,0.1388
46,14,139,0.155,0.145,0.1694,0.09984
47,14,142,0.1659,0.116,0.1539,0.1289
48,14,145,0.1373,0.08054,0.1599,0.1246
49,14,148,0.1563,0.1208,0.1159,0.1162
50,14,151,0.1131,0.08238,0.1161,0.118
51,14,154,0.131,0.08978,0.1444,0.1536
52,14,157,0.1441,0.09632,0.1617,0.1203
53,14,160,0.1208,0.1272,0.1215,0.1348
54,14,163,0.1355,0.1317,0.1303,0.1231
55,14,166,0.1004,0.09554,0.1643,0.08538
56,14,169,0.1462,0.1064,0.1453,0.09712
57,14,172,0.1597,0.09152,0.1171,0.1504
58,14,175,0.1387,0.1525,0.1312,0.1568
59,14,178,0.1542,0.1189,0.0699,0.1051
60,14,181,0.1037,0.119,0.095,0.07134
61,14,184,0.1294,0.1501,0.1339,0.1199
62,14,187,0.13,0.1484,0.1561,0.1261
63,14,190,0.1154,0.09352,0.0875,0.1241
64,14,193,0.0998,0.1451,0.1534,0.04964
65,14,196,0.1249,0.08076,0.1219,0.1063
66,14,199,0.1261,0.09354,0.1442,0.1109
67,14,202,0.1205,0.06538,0.1147,0.1514
68,14,205,0.1219,0.1263,0.09282,0.07712
69,14,208,0.159,0.124,0.1431,0.1224
70,14,211,0.04762,0.1699,0.143,0.1573
71,14,214,0.093,0.1603,0.1193,0.1354
72,14,217,0.161,0.1465,0.128,0.1458
73,14,220,0.07468,0.12,0.1287,0.1449
74,14,223,0.1744,0.1208,0.1247,0.1361
75,14,226,0.1449,0.1118,0.144,0.111
76,14,229,0.09652,0.1397,0.1164,0.09008
77,14,232,0.1625,0.1184,0.1115,0.1338
78,14,235,0.1058,0.151,0.1253,0.1227
79,14,238,0.09402,0.1475,0.1523,0.1278
80,14,241,0.08238,0.1006,0.1123,0.1638
81,14,244,0.1328,0.1271,0.1362,0.09434
82,14,247,0.08054,0.0776,0.07406,0.1201
83,14,250,0.1572,0.1537,0.08654,0.1258
84,14,253,0.1111,0.0957,0.12,0.1607
85,14,256,0.09796,0.1107,0.08856,0.1225
86,14,259,0.1094,0.09936,0.141,0.1315
87,14,262,0.08448,0.08258,0.1116,0.1361
88,14,265,0.1529,0.08142,0.1427,0.1424
89,14,268,0.1517,0.1524,0.1032,0.1466
90,14,271,0.1444,0.1013,0.1139,0.1491
91,14,274,0.1562,0.103,0.109,0.1474
92,14,277,0.1261,0.07918,0.1386,0.1218
93,14,280,0.09504,0.1458,0.1415,0.1527
94,14,283,0.05038,0.08744,0.154,0.1329
95,14,286,0.1433,0.0537,0.1261,0.1385
96,14,289,0.0799,0.1474,0.08966,0.1505
97,14,292,0.08216,0.098,0.1045,0.1195
98,14,295,0.09844,0.1127,0.1594,0.1164
99,14,298,0.1126,0.0992,0.1175,0.07614
,Dataset#,L,att_1,att_2,att_3,att_4
0,15,1,0.2882,0.348,0.3743,0.2978
1,15,4,0.4279,0.3699,0.4259,0.3488
2,15,7,0.3219,0.4234,0.3958,0.3491
3,15,10,0.41,0.3545,0.367,0.4342
4,15,13,0.3711,0.4695,0.4366,0.4069
5,15,16,0.4307,0.4361,0.4284,0.3886
6,15,19,0.3928,0.4269,0.3981,0.46
7,15,22,0.4132,0.4187,0.3801,0.4371
8,15,25,0.4699,0.4062,0.4562,0.4072
9,15,28,0.429,0.4135,0.4248,0.3712
10,15,31,0.3943,0.4373,0.4321,0.4588
11,15,34,0.4437,0.4089,0.4202,0.3905
12,15,37,0.4229,0.4383,0.4091,0.4316
13,15,40,0.4532,0.4093,0.4285,0.481
14,15,43,0.4489,0.409,0.4413,0.4772
15,15,46,0.3931,0.4395,0.46,0.4466
16,15,49,0.4074,0.4059,0.433,0.4072
17,15,52,0.4051,0.4232,0.3565,0.4144
18,15,55,0.4107,0.3588,0.4362,0.3837
19,15,58,0.4285,0.3977,0.4165,0.3702
20,15,61,0.4016,0.4453,0.3997,0.3944
21,15,64,0.4297,0.4333,0.3917,0.3798
22,15,67,0.4556,0.4045,0.4037,0.3833
23,15,70,0.4516,0.4025,0.4423,0.4397
24,15,73,0.4252,0.3873,0.3795,0.3807
25,15,76,0.3632,0.3488,0.3536,0.336
26,15,79,0.3772,0.2966,0.4587,0.421
27,15,82,0.4484,0.3343,0.4247,0.3284
28,15,85,0.3376,0.3747,0.3479,0.406
29,15,88,0.3431,0.3858,0.4356,0.4451
30,15,91,0.3146,0.4283,0.3986,0.4368
31,15,94,0.3638,0.4058,0.4613,0.3346
32,15,97,0.4449,0.4318,0.4022,0.4026
33,15,100,0.407,0.4233,0.3635,0.3853
34,15,103,0.4003,0.4036,0.2886,0.4502
35,15,106,0.4341,0.3701,0.3766,0.369
36,15,109,0.4167,0.3267,0.3961,0.4258
37,15,112,0.3542,0.3945,0.3813,0.4113
38,15,115,0.3484,0.3962,0.3564,0.3315
39,15,118,0.4409,0.3655,0.3678,0.34
40,15,121,0.4376,0.3605,0.3667,0.4498
41,15,124,0.4035,0.4458,0.424,0.3305
42,15,127,0.4233,0.3752,0.4159,0.3555
43,15,130,0.425,0.3538,0.3195,0.415
44,15,133,0.3438,0.4458,0.3791,0.3595
45,15,136,0.3629,0.3718,0.3404,0.4378
46,15,139,0.3362,0.4243,0.3135,0.4058
47,15,142,0.3899,0.3804,0.3969,0.3002
48,15,145,0.3496,0.4617,0.3812,0.3889
49,15,148,0.347,0.3767,0.3816,0.4045
50,15,151,0.3895,0.3948,0.3799,0.4481
51,15,154,0.2977,0.4063,0.3862,0.3671
52,15,157,0.3506,0.328,0.4149,0.3681
53,15,160,0.3994,0.3068,0.3731,0.3773
54,15,163,0.3614,0.3866,0.3512,0.3392
55,15,166,0.3577,0.3628,0.4522,0.4408
56,15,169,0.3209,0.3189,0.4611,0.3452
57,15,172,0.3915,0.3428,0.4087,0.4047
58,15,175,0.4248,0.3431,0.3242,0.3589
59,15,178,0.3677,0.3635,0.3123,0.2976
60,15,181,0.3567,0.3222,0.4683,0.4136
61,15,184,0.347,0.4382,0.3574,0.3985
62,15,187,0.3309,0.3563,0.3602,0.3642
63,15,190,0.4136,0.3669,0.3724,0.3386
64,15,193,0.3932,0.4173,0.4194,0.4061
65,15,196,0.3318,0.3538,0.3608,0.3558
66,15,199,0.3876,0.3807,0.3619,0.3737
67,15,202,0.3852,0.3425,0.3553,0.391
68,15,205,0.4363,0.3197,0.366,0.3827
69,15,208,0.2901,0.3395,0.364,0.3229
70,15,211,0.322,0.3797,0.412,0.362
71,15,214,0.3742,0.4508,0.3136,0.3474
72,15,217,0.356,0.4471,0.2688,0.3602
73,15,220,0.2177,0.35,0.4137,0.3973
74,15,223,0.3226,0.3225,0.2272,0.3653
75,15,226,0.2423,0.3419,0.3674,0.3963
76,15,229,0.3205,0.2741,0.3993,0.3399
77,15,232,0.2713,0.2827,0.3827,0.2663
78,15,235,0.3051,0.394,0.3611,0.4536
79,15,238,0.3187,0.3073,0.2924,0.2825
80,15,241,0.2868,0.2972,0.4488,0.3291
81,15,244,0.292,0.3415,0.3914,0.3299
82,15,247,0.3973,0.3497,0.2058,0.3273
83,15,250,0.3497,0.3767,0.3327,0.3606
84,15,253,0.3796,0.4006,0.3494,0.2331
85,15,256,0.3094,0.3374,0.3165,0.2459
86,15,259,0.2553,0.2631,0.3993,0.2548
87,15,262,0.3387,0.2592,0.36,0.3239
88,15,265,0.3336,0.3446,0.4033,0.3152
89,15,268,0.4401,0.3312,0.3492,0.2787
90,15,271,0.3084,0.2339,0.3646,0.3109
91,15,274,0.304,0.3496,0.2592,0.3809
92,15,277,0.311,0.2067,0.3728,0.3589
93,15,280,0.2644,0.2645,0.3956,0.312
94,15,283,0.264,0.3128,0.362,0.3713
95,15,286,0.256,0.3152,0.2989,0.2971
96,15,289,0.3216,0.3684,0.2763,0.3002
97,15,292,0.2145,0.345,0.2278,0.1762
98,15,295,0.2515,0.2642,0.1523,0.2592
99,15,298,0.2804,0.294,0.2534,0.3084
,Dataset#,L,att_1,att_2,att_3,att_4
0,16,1,0.6204,0.6245,0.6253,0.6407
1,16,4,0.6587,0.6851,0.6901,0.6729
2,16,7,0.7244,0.7664,0.78,0.7027
3,16,10,0.7533,0.7684,0.7804,0.7358
4,16,13,0.7827,0.7752,0.7706,0.7799
5,16,16,0.7635,0.7555,0.7931,0.7819
6,16,19,0.7874,0.7824,0.7924,0.7861
7,16,22,0.7864,0.777,0.7887,0.7785
8,16,25,0.7826,0.7848,0.7899,0.8036
9,16,28,0.7862,0.7794,0.8159,0.779
10,16,31,0.7893,0.7966,0.7849,0.7945
11,16,34,0.7961,0.7861,0.8098,0.7987
12,16,37,0.7874,0.7972,0.8011,0.7946
13,16,40,0.8025,0.7907,0.7887,0.7877
14,16,43,0.7806,0.7918,0.7913,0.7924
15,16,46,0.7822,0.8017,0.797,0.8042
16,16,49,0.8005,0.7959,0.7853,0.7941
17,16,52,0.7837,0.7949,0.7832,0.7802
18,16,55,0.8076,0.7748,0.8025,0.7705
19,16,58,0.7951,0.7849,0.7909,0.8141
20,16,61,0.7816,0.7966,0.8011,0.7819
21,16,64,0.7788,0.8044,0.803,0.7812
22,16,67,0.7945,0.7939,0.7825,0.7841
23,16,70,0.8082,0.8075,0.798,0.7841
24,16,73,0.7921,0.7843,0.8024,0.7916
25,16,76,0.7805,0.75,0.7918,0.7924
26,16,79,0.7932,0.791,0.7746,0.773
27,16,82,0.79,0.7811,0.7793,0.778
28,16,85,0.7868,0.7468,0.7785,0.7985
29,16,88,0.7707,0.7788,0.7401,0.8063
30,16,91,0.7849,0.7515,0.7881,0.7841
31,16,94,0.8022,0.7823,0.7543,0.7844
32,16,97,0.7762,0.6898,0.7837,0.8
33,16,100,0.7856,0.8037,0.8012,0.7906
34,16,103,0.7822,0.7547,0.7452,0.8062
35,16,106,0.7369,0.7987,0.7227,0.7763
36,16,109,0.7836,0.7759,0.7971,0.7901
37,16,112,0.7425,0.7808,0.7459,0.775
38,16,115,0.781,0.8065,0.7448,0.7729
39,16,118,0.7827,0.7953,0.786,0.7902
40,16,121,0.8075,0.7942,0.7908,0.7754
41,16,124,0.7637,0.8,0.7536,0.772
42,16,127,0.7871,0.7517,0.769,0.7807
43,16,130,0.7435,0.7854,0.7844,0.7862
44,16,133,0.8014,0.7572,0.7699,0.7739
45,16,136,0.7845,0.7438,0.7386,0.7688
46,16,139,0.7882,0.6992,0.7365,0.6965
47,16,142,0.7398,0.6806,0.7728,0.6843
48,16,145,0.7343,0.7317,0.7689,0.7957
49,16,148,0.7465,0.7718,0.7296,0.7801
50,16,151,0.7961,0.7062,0.6792,0.7401
51,16,154,0.796,0.7446,0.7858,0.7852
52,16,157,0.7376,0.7365,0.7438,0.801
53,16,160,0.7681,0.709,0.7211,0.6949
54,16,163,0.7776,0.7725,0.7895,0.7166
55,16,166,0.7894,0.7918,0.78,0.7661
56,16,169,0.7073,0.7724,0.6736,0.8067
57,16,172,0.683,0.7405,0.7318,0.7483
58,16,175,0.7052,0.673,0.7397,0.7627
59,16,178,0.7873,0.7797,0.6692,0.7846
60,16,181,0.7651,0.7546,0.7726,0.7553
61,16,184,0.7793,0.7786,0.7746,0.7779
62,16,187,0.7215,0.7746,0.7896,0.7831
63,16,190,0.6826,0.7488,0.7751,0.6894
64,16,193,0.7097,0.693,0.7784,0.5913
65,16,196,0.7831,0.7328,0.7327,0.7808
66,16,199,0.757,0.7763,0.8003,0.7844
67,16,202,0.6337,0.7684,0.6331,0.7032
68,16,205,0.7342,0.7354,0.7763,0.6963
69,16,208,0.7289,0.7864,0.6836,0.7356
70,16,211,0.6796,0.6384,0.7966,0.7848
71,16,214,0.7422,0.6093,0.6864,0.6734
72,16,217,0.7495,0.664,0.7396,0.6964
73,16,220,0.7243,0.7245,0.7954,0.7156
74,16,223,0.7175,0.7099,0.6931,0.624
75,16,226,0.7323,0.7769,0.6145,0.7422
76,16,229,0.7354,0.6258,0.7186,0.6745
77,16,232,0.6731,0.5364,0.5601,0.7651
78,16,235,0.7796,0.5749,0.7229,0.7052
79,16,238,0.5786,0.7294,0.5354,0.7411
80,16,241,0.6942,0.7217,0.5946,0.671
81,16,244,0.7328,0.392,0.7259,0.7803
82,16,247,0.7211,0.69,0.645,0.6435
83,16,250,0.7522,0.7312,0.555,0.6741
84,16,253,0.7261,0.7314,0.7115,0.7323
85,16,256,0.7644,0.719,0.5661,0.6874
86,16,259,0.5595,0.7295,0.5723,0.681
87,16,262,0.378,0.7246,0.7721,0.5629
88,16,265,0.5298,0.4447,0.4391,0.7615
89,16,268,0.4524,0.6193,0.5757,0.7874
90,16,271,0.7337,0.6072,0.7753,0.5933
91,16,274,0.6821,0.6313,0.7709,0.5818
92,16,277,0.6448,0.5601,0.7868,0.6929
93,16,280,0.7111,0.7255,0.5198,0.5722
94,16,283,0.7726,0.6397,0.6854,0.5184
95,16,286,0.6846,0.7833,0.6493,0.7104
96,16,289,0.7283,0.7885,0.7245,0.6199
97,16,292,0.6452,0.529,0.721,0.5725
98,16,295,0.759,0.6265,0.7281,0.7256
99,16,298,0.4646,0.5196,0.7158,0.2616
,Dataset#,L,att_1,att_2,att_3,att_4
0,17,1,0.3688,0.3673,0.3673,0.3747
1,17,4,0.3673,0.3688,0.3734,0.3673
2,17,7,0.37,0.3814,0.3597,0.3673
3,17,10,0.3973,0.3912,0.3881,0.388
4,17,13,0.4073,0.3987,0.4015,0.3886
5,17,16,0.4015,0.4026,0.3845,0.4119
6,17,19,0.4043,0.4108,0.4062,0.4303
7,17,22,0.3846,0.4318,0.4747,0.4578
8,17,25,0.4611,0.4476,0.4174,0.4305
9,17,28,0.43,0.3953,0.4429,0.4425
10,17,31,0.429,0.5057,0.4222,0.4629
11,17,34,0.3884,0.4336,0.4314,0.4625
12,17,37,0.4392,0.4557,0.4482,0.4951
13,17,40,0.4561,0.4398,0.465,0.4565
14,17,43,0.4635,0.4972,0.4911,0.4613
15,17,46,0.4385,0.4247,0.4834,0.4347
16,17,49,0.4492,0.4907,0.4418,0.4641
17,17,52,0.446,0.4249,0.413,0.5051
18,17,55,0.4534,0.4506,0.5183,0.4721
19,17,58,0.4669,0.3874,0.487,0.4477
20,17,61,0.4127,0.4794,0.4844,0.4458
21,17,64,0.425,0.4408,0.4568,0.4896
22,17,67,0.4387,0.4537,0.4449,0.4819
23,17,70,0.4809,0.4638,0.4829,0.4079
24,17,73,0.4724,0.4814,0.4561,0.4546
25,17,76,0.4173,0.4299,0.4668,0.4372
26,17,79,0.44,0.4141,0.4714,0.4331
27,17,82,0.4527,0.5461,0.4685,0.4836
28,17,85,0.4574,0.4248,0.4494,0.3984
29,17,88,0.41,0.4376,0.4842,0.4459
30,17,91,0.4167,0.4819,0.428,0.4251
31,17,94,0.457,0.5011,0.4313,0.4499
32,17,97,0.4379,0.4455,0.448,0.4695
33,17,100,0.4254,0.3933,0.4297,0.4623
34,17,103,0.4387,0.4404,0.4385,0.4303
35,17,106,0.4423,0.4181,0.4368,0.4246
36,17,109,0.4511,0.423,0.4655,0.4436
37,17,112,0.4489,0.467,0.4321,0.438
38,17,115,0.3763,0.4431,0.4151,0.4102
39,17,118,0.4927,0.4334,0.4273,0.4612
40,17,121,0.427,0.4543,0.4578,0.3931
41,17,124,0.4508,0.4632,0.43,0.4695
42,17,127,0.3846,0.4469,0.4691,0.4457
43,17,130,0.3927,0.4432,0.4789,0.4781
44,17,133,0.4127,0.4532,0.424,0.4457
45,17,136,0.4146,0.361,0.4594,0.4397
46,17,139,0.408,0.3779,0.4556,0.3915
47,17,142,0.4466,0.4842,0.4327,0.4126
48,17,145,0.3393,0.4606,0.424,0.3991
49,17,148,0.3672,0.3954,0.4651,0.4125
50,17,151,0.4307,0.4133,0.4389,0.4349
51,17,154,0.4508,0.4651,0.4675,0.4676
52,17,157,0.4162,0.4044,0.4282,0.4227
53,17,160,0.4456,0.4568,0.4206,0.433
54,17,163,0.3772,0.3945,0.3334,0.4848
55,17,166,0.3785,0.4061,0.386,0.4049
56,17,169,0.3704,0.3696,0.3754,0.3988
57,17,172,0.4524,0.4442,0.4117,0.384
58,17,175,0.4412,0.4163,0.4283,0.3825
59,17,178,0.3161,0.3785,0.4265,0.4125
60,17,181,0.4193,0.4534,0.2957,0.4355
61,17,184,0.4161,0.307,0.2623,0.4222
62,17,187,0.3893,0.4184,0.3738,0.4895
63,17,190,0.4945,0.387,0.3879,0.3724
64,17,193,0.3846,0.4352,0.3828,0.4345
65,17,196,0.3845,0.4429,0.4029,0.4077
66,17,199,0.4031,0.4481,0.4762,0.4488
67,17,202,0.3771,0.3633,0.3562,0.3265
68,17,205,0.3243,0.4075,0.3407,0.3711
69,17,208,0.3925,0.4009,0.4246,0.3416
70,17,211,0.2423,0.2385,0.3757,0.4723
71,17,214,0.4159,0.4092,0.4211,0.4033
72,17,217,0.405,0.4266,0.4132,0.3979
73,17,220,0.3928,0.397,0.3563,0.4236
74,17,223,0.3015,0.3353,0.4052,0.4204
75,17,226,0.3674,0.3267,0.3699,0.3375
76,17,229,0.3842,0.232,0.3989,0.4248
77,17,232,0.3206,0.2967,0.3815,0.3724
78,17,235,0.4323,0.3722,0.4414,0.4104
79,17,238,0.3008,0.3397,0.2307,0.3942
80,17,241,0.4736,0.2914,0.4057,0.3315
81,17,244,0.1767,0.2467,0.3548,0.3809
82,17,247,0.3395,0.19,0.3941,0.4191
83,17,250,0.4232,0.4018,0.3003,0.386
84,17,253,0.2344,0.4098,0.2941,0.2653
85,17,256,0.4241,0.3262,0.4156,0.3968
86,17,259,0.3793,0.367,0.4201,0.3065
87,17,262,0.3056,0.2656,0.312,0.4061
88,17,265,0.3836,0.3147,0.3137,0.3903
89,17,268,0.3022,0.3687,0.2364,0.3748
90,17,271,0.2621,0.4346,0.378,0.4035
91,17,274,0.3797,0.3995,0.2957,0.3788
92,17,277,0.3805,0.4521,0.3873,0.3994
93,17,280,0.3372,0.4267,0.4142,0.4295
94,17,283,0.4063,0.386,0.417,0.303
95,17,286,0.4059,0.3253,0.3775,0.3677
96,17,289,0.3878,0.4022,0.3118,0.3911
97,17,292,0.3899,0.4041,0.2582,0.4068
98,17,295,0.451,0.2735,0.3586,0.1671
99,17,298,0.3795,0.3938,0.2965,0.4013
,Dataset#,L,att_1,att_2,att_3,att_4
0,18,1,0.2919,0.2425,0.251,0.2554
1,18,4,0.3404,0.2773,0.2791,0.3191
2,18,7,0.3229,0.2971,0.3875,0.403
3,18,10,0.3718,0.361,0.3978,0.3638
4,18,13,0.3714,0.3429,0.4498,0.3602
5,18,16,0.4329,0.415,0.3636,0.3946
6,18,19,0.4486,0.4181,0.4498,0.4486
7,18,22,0.3699,0.3413,0.365,0.3163
8,18,25,0.3489,0.3776,0.4305,0.386
9,18,28,0.4196,0.4574,0.3997,0.3899
10,18,31,0.4147,0.4536,0.3496,0.397
11,18,34,0.3942,0.4006,0.4437,0.4075
12,18,37,0.4073,0.3794,0.3976,0.399
13,18,40,0.3773,0.4673,0.4307,0.4319
14,18,43,0.3685,0.4256,0.3822,0.4165
15,18,46,0.4057,0.3498,0.3932,0.43
16,18,49,0.4046,0.3891,0.3892,0.3615
17,18,52,0.3961,0.3667,0.3874,0.3504
18,18,55,0.3927,0.4349,0.4681,0.4271
19,18,58,0.3921,0.4141,0.3941,0.4527
20,18,61,0.3837,0.4789,0.3647,0.3825
21,18,64,0.433,0.4412,0.3547,0.4057
22,18,67,0.3966,0.4124,0.4112,0.4139
23,18,70,0.373,0.4252,0.3698,0.4194
24,18,73,0.4841,0.4701,0.4089,0.4215
25,18,76,0.3441,0.3388,0.4409,0.3948
26,18,79,0.4054,0.4093,0.4473,0.3776
27,18,82,0.3857,0.4527,0.3849,0.3869
28,18,85,0.3534,0.4222,0.4435,0.4165
29,18,88,0.3728,0.3511,0.3994,0.3819
30,18,91,0.4287,0.2962,0.3619,0.355
31,18,94,0.3703,0.3518,0.4442,0.3742
32,18,97,0.3816,0.3644,0.391,0.3816
33,18,100,0.4431,0.3719,0.4217,0.4208
34,18,103,0.298,0.4008,0.4066,0.3216
35,18,106,0.2915,0.3752,0.4438,0.3458
36,18,109,0.3249,0.3755,0.3815,0.3326
37,18,112,0.325,0.339,0.3933,0.43
38,18,115,0.3582,0.3564,0.31,0.3269
39,18,118,0.3555,0.3423,0.4263,0.3236
40,18,121,0.379,0.4263,0.3645,0.3519
41,18,124,0.3962,0.3812,0.3083,0.3901
42,18,127,0.3621,0.389,0.38,0.3557
43,18,130,0.3204,0.4602,0.2615,0.4337
44,18,133,0.3986,0.3214,0.3543,0.2297
45,18,136,0.3614,0.392,0.4353,0.2823
46,18,139,0.3082,0.2953,0.423,0.2767
47,18,142,0.4314,0.3105,0.2709,0.3534
48,18,145,0.4362,0.2632,0.3683,0.3429
49,18,148,0.2408,0.3396,0.3273,0.3885
50,18,151,0.3766,0.4105,0.3592,0.3863
51,18,154,0.2605,0.259,0.289,0.1981
52,18,157,0.402,0.3803,0.4541,0.4049
53,18,160,0.2011,0.3391,0.3,0.2983
54,18,163,0.4158,0.402,0.3786,0.2835
55,18,166,0.2846,0.3289,0.2352,0.366
56,18,169,0.4819,0.2827,0.3099,0.3768
57,18,172,0.3413,0.3597,0.3376,0.3304
58,18,175,0.3325,0.234,0.402,0.3086
59,18,178,0.3439,0.2726,0.288,0.3701
60,18,181,0.2902,0.2886,0.4146,0.2105
61,18,184,0.3822,0.3873,0.4123,0.2677
62,18,187,0.4119,0.4101,0.3937,0.3513
63,18,190,0.1723,0.3184,0.3692,0.3691
64,18,193,0.4077,0.4125,0.3082,0.3014
65,18,196,0.4495,0.1946,0.3685,0.216
66,18,199,0.3155,0.3619,0.36,0.3269
67,18,202,0.1673,0.2807,0.2131,0.2891
68,18,205,0.3349,0.2306,0.2266,0.2394
69,18,208,0.3835,0.3176,0.2874,0.2996
70,18,211,0.3831,0.2373,0.3094,0.3196
71,18,214,0.3442,0.3287,0.1097,0.3512
72,18,217,0.2749,0.368,0.361,0.4263
73,18,220,0.1832,0.4321,0.258,0.3111
74,18,223,0.2358,0.1769,0.3661,0.2355
75,18,226,0.3483,0.4405,0.1776,0.3028
76,18,229,0.2539,0.434,0.2894,0.3131
77,18,232,0.3231,0.2855,0.2468,0.3044
78,18,235,0.3547,0.2579,0.2895,0.1673
79,18,238,0.3889,0.2589,0.2282,0.4055
80,18,241,0.3858,0.3219,0.2778,0.1537
81,18,244,0.2986,0.2733,0.2598,0.2883
82,18,247,0.3532,0.2492,0.23,0.2397
83,18,250,0.1902,0.2275,0.2401,0.2552
84,18,253,0.2692,0.2711,0.3977,0.2634
85,18,256,0.437,0.332,0.2847,0.3233
86,18,259,0.3644,0.4067,0.3244,0.361
87,18,262,0.2171,0.1699,0.1988,0.2473
88,18,265,0.3359,0.2349,0.2737,0.2828
89,18,268,0.2848,0.3622,0.456,0.3861
90,18,271,0.246,0.3141,0.3209,0.3867
91,18,274,0.2936,0.2243,0.2789,0.3426
92,18,277,0.2466,0.2859,0.3833,0.3311
93,18,280,0.2999,0.2895,0.2596,0.2668
94,18,283,0.379,0.2525,0.4658,0.09714
95,18,286,0.3544,0.1503,0.2927,0.2093
96,18,289,0.3525,0.3058,0.2459,0.2367
97,18,292,0.3126,0.1373,0.2587,0.2747
98,18,295,0.2667,0.3395,0.2227,0.2787
99,18,298,0.4044,0.1652,0.05648,0.2966
,Dataset#,L,att_1,att_2,att_3,att_4
0,19,1,0.2178,0.2178,0.2181,0.2178
1,19,4,0.2133,0.2178,0.2196,0.2178
2,19,7,0.221,0.2179,0.2219,0.2154
3,19,10,0.2182,0.2196,0.2214,0.2178
4,19,13,0.2205,0.2219,0.2178,0.2177
5,19,16,0.2242,0.2173,0.2171,0.2163
6,19,19,0.2206,0.2187,0.2078,0.2176
7,19,22,0.1943,0.213,0.2053,0.217
8,19,25,0.2026,0.1945,0.2121,0.2156
9,19,28,0.2152,0.2129,0.2132,0.2111
10,19,31,0.2101,0.2152,0.2253,0.2209
11,19,34,0.2178,0.228,0.2197,0.2249
12,19,37,0.226,0.2157,0.2046,0.2142
13,19,40,0.2023,0.2179,0.211,0.2021
14,19,43,0.2199,0.2195,0.2115,0.2101
15,19,46,0.1985,0.2172,0.2186,0.2194
16,19,49,0.2249,0.2218,0.2233,0.2125
17,19,52,0.2185,0.2178,0.22,0.2143
18,19,55,0.217,0.2277,0.2154,0.1948
19,19,58,0.2296,0.2169,0.2267,0.2028
20,19,61,0.2207,0.2039,0.2226,0.2312
21,19,64,0.2355,0.2314,0.2189,0.2245
22,19,67,0.22,0.2037,0.2343,0.22
23,19,70,0.1954,0.2304,0.2121,0.2267
24,19,73,0.2157,0.2197,0.2086,0.2093
25,19,76,0.2125,0.1896,0.2178,0.1944
26,19,79,0.1934,0.205,0.2157,0.2024
27,19,82,0.1928,0.2093,0.2253,0.2189
28,19,85,0.22,0.2153,0.2234,0.2145
29,19,88,0.1812,0.2238,0.208,0.2093
30,19,91,0.2207,0.1995,0.2101,0.2284
31,19,94,0.2006,0.2213,0.1942,0.1865
32,19,97,0.2003,0.2202,0.2202,0.2002
33,19,100,0.2131,0.2153,0.2122,0.2219
34,19,103,0.2264,0.2205,0.2671,0.2257
35,19,106,0.2127,0.2351,0.2174,0.2022
36,19,109,0.2168,0.2161,0.2268,0.19
37,19,112,0.2169,0.1665,0.2106,0.2319
38,19,115,0.2022,0.2116,0.2145,0.2081
39,19,118,0.22,0.2194,0.2116,0.1978
40,19,121,0.1866,0.166,0.204,0.2285
41,19,124,0.1477,0.1965,0.2134,0.1939
42,19,127,0.1677,0.2187,0.2239,0.2103
43,19,130,0.1964,0.1539,0.2264,0.2201
44,19,133,0.1879,0.1307,0.2268,0.1845
45,19,136,0.1928,0.1749,0.1789,0.2098
46,19,139,0.2046,0.2156,0.2104,0.2121
47,19,142,0.2237,0.2208,0.2243,0.224
48,19,145,0.2142,0.2145,0.1931,0.1908
49,19,148,0.1924,0.207,0.235,0.2274
50,19,151,0.1394,0.1473,0.2217,0.209
51,19,154,0.2028,0.1893,0.1933,0.2169
52,19,157,0.228,0.2194,0.1367,0.2153
53,19,160,0.1294,0.09976,0.2137,0.1714
54,19,163,0.2242,0.1751,0.1886,0.1744
55,19,166,0.1926,0.2085,0.1939,0.1561
56,19,169,0.1555,0.2583,0.1803,0.1679
57,19,172,0.2013,0.1301,0.1734,0.2161
58,19,175,0.2012,0.1659,0.1784,0.1216
59,19,178,0.1407,0.192,0.1362,0.2512
60,19,181,0.1998,0.1957,0.1019,0.1711
61,19,184,0.1715,0.2158,0.2269,0.1773
62,19,187,0.1728,0.1465,0.203,0.2341
63,19,190,0.2112,0.1452,0.2068,0.2102
64,19,193,0.1707,0.22,0.2071,0.2026
65,19,196,0.1344,0.2145,0.166,0.1932
66,19,199,0.1758,0.1742,0.2606,0.1884
67,19,202,0.1375,0.1805,0.1397,0.173
68,19,205,0.162,0.2229,0.2228,0.1834
69,19,208,0.1751,0.1731,0.2171,0.2641
70,19,211,0.1772,0.2612,0.2369,0.2087
71,19,214,0.2357,0.1765,0.1401,0.1398
72,19,217,0.1416,0.1494,0.2,0.1742
73,19,220,0.1296,0.1982,0.1796,0.1871
74,19,223,0.2001,0.2213,0.1481,0.2058
75,19,226,0.196,0.1995,0.1773,0.1539
76,19,229,0.1721,0.1768,0.2119,0.1731
77,19,232,0.1952,0.1822,0.2097,0.1992
78,19,235,0.2298,0.1026,0.2267,0.2119
79,19,238,0.2281,0.2171,0.1971,0.1307
80,19,241,0.1289,0.1838,0.2125,0.2114
81,19,244,0.08592,0.2251,0.1988,0.1854
82,19,247,0.1567,0.199,0.1688,0.1913
83,19,250,0.2242,0.223,0.1747,0.05
84,19,253,0.1618,0.2037,0.199,0.2574
85,19,256,0.1478,0.1421,0.2033,0.1836
86,19,259,0.162,0.1654,0.1839,0.08582
87,19,262,0.1856,0.1827,0.1572,0.1893
88,19,265,0.07298,0.195,0.1964,0.1892
89,19,268,0.1883,0.1731,0.1168,0.1662
90,19,271,0.1309,0.1385,0.2019,0.2214
91,19,274,0.1548,0.1787,0.2181,0.2393
92,19,277,0.1708,0.1759,0.1387,0.1993
93,19,280,0.163,0.2248,0.1794,0.1807
94,19,283,0.1072,0.1793,0.111,0.1251
95,19,286,0.1615,0.1982,0.2042,0.1612
96,19,289,0.1356,0.2181,0.1724,0.128
97,19,292,0.2035,0.1324,0.1812,0.1742
98,19,295,0.1716,0.2056,0.2149,0.1402
99,19,298,0.2109,0.1761,0.1847,0.1501
,Dataset#,L,att_1,att_2,att_3,att_4
0,20,1,0.2794,0.2274,0.2825,0.2425
1,20,4,0.3979,0.3832,0.3414,0.3304
2,20,7,0.3041,0.3556,0.3336,0.3637
3,20,10,0.4128,0.3393,0.4051,0.3472
4,20,13,0.4227,0.3501,0.3579,0.3544
5,20,16,0.3974,0.3709,0.4032,0.3853
6,20,19,0.401,0.3782,0.4404,0.4181
7,20,22,0.3825,0.3921,0.4432,0.4107
8,20,25,0.4078,0.4267,0.4055,0.3873
9,20,28,0.4362,0.4032,0.398,0.3649
10,20,31,0.4635,0.4733,0.436,0.3612
11,20,34,0.4171,0.3844,0.4084,0.4315
12,20,37,0.4603,0.3747,0.3684,0.4193
13,20,40,0.3979,0.4219,0.4467,0.4032
14,20,43,0.3822,0.3899,0.4457,0.4354
15,20,46,0.3672,0.435,0.4248,0.4089
16,20,49,0.4417,0.4526,0.4052,0.4133
17,20,52,0.4402,0.4144,0.4333,0.4136
18,20,55,0.3987,0.4209,0.3725,0.3714
19,20,58,0.4153,0.3694,0.4324,0.4057
20,20,61,0.3723,0.4208,0.4052,0.4411
21,20,64,0.3319,0.3826,0.4515,0.3929
22,20,67,0.3791,0.4291,0.3842,0.3344
23,20,70,0.3857,0.4405,0.4286,0.3836
24,20,73,0.3733,0.3916,0.4347,0.4129
25,20,76,0.4163,0.3226,0.418,0.4092
26,20,79,0.4325,0.3653,0.4194,0.3647
27,20,82,0.39,0.3881,0.3785,0.3804
28,20,85,0.4067,0.365,0.358,0.3615
29,20,88,0.464,0.403,0.4761,0.3289
30,20,91,0.3654,0.379,0.4318,0.4355
31,20,94,0.3333,0.4618,0.35,0.4243
32,20,97,0.3769,0.389,0.4062,0.3548
33,20,100,0.446,0.3652,0.3946,0.408
34,20,103,0.4213,0.3628,0.3916,0.393
35,20,106,0.3523,0.3114,0.3676,0.304
36,20,109,0.4573,0.3706,0.3601,0.2833
37,20,112,0.3997,0.431,0.4029,0.4354
38,20,115,0.4331,0.3449,0.3326,0.406
39,20,118,0.3726,0.4071,0.3828,0.4203
40,20,121,0.2562,0.3856,0.3603,0.3816
41,20,124,0.299,0.3478,0.4794,0.335
42,20,127,0.3541,0.3334,0.3461,0.3309
43,20,130,0.2922,0.4061,0.2508,0.3356
44,20,133,0.2937,0.4426,0.4584,0.3881
45,20,136,0.3547,0.3409,0.3754,0.3902
46,20,139,0.3516,0.3682,0.365,0.2997
47,20,142,0.3456,0.361,0.3349,0.4267
48,20,145,0.2883,0.4172,0.2922,0.3629
49,20,148,0.3767,0.4409,0.3939,0.2859
50,20,151,0.289,0.4194,0.4409,0.3108
51,20,154,0.4251,0.2918,0.3484,0.3799
52,20,157,0.3687,0.3613,0.2828,0.4546
53,20,160,0.3384,0.3794,0.3706,0.3341
54,20,163,0.3771,0.4618,0.2694,0.2823
55,20,166,0.3405,0.3933,0.3753,0.3934
56,20,169,0.4115,0.3469,0.3763,0.3753
57,20,172,0.3596,0.3345,0.415,0.3694
58,20,175,0.3952,0.2954,0.3463,0.4143
59,20,178,0.4064,0.3706,0.2715,0.2884
60,20,181,0.3581,0.3627,0.4159,0.2626
61,20,184,0.3401,0.2938,0.3813,0.2065
62,20,187,0.2574,0.3057,0.4424,0.302
63,20,190,0.3381,0.4143,0.4312,0.4995
64,20,193,0.3793,0.3899,0.4184,0.3543
65,20,196,0.222,0.366,0.3664,0.4024
66,20,199,0.2814,0.3542,0.3946,0.2964
67,20,202,0.3092,0.2568,0.3455,0.4305
68,20,205,0.2915,0.3124,0.3726,0.2588
69,20,208,0.3323,0.3109,0.2593,0.3243
70,20,211,0.384,0.3238,0.2921,0.4127
71,20,214,0.2386,0.3791,0.3135,0.281
72,20,217,0.3428,0.3134,0.3464,0.3733
73,20,220,0.416,0.3358,0.2891,0.2023
74,20,223,0.3959,0.1533,0.3012,0.2123
75,20,226,0.2199,0.2748,0.3701,0.3196
76,20,229,0.4209,0.3302,0.3444,0.3406
77,20,232,0.3704,0.2552,0.1903,0.3776
78,20,235,0.3673,0.3095,0.3817,0.2959
79,20,238,0.3197,0.33,0.2589,0.3819
80,20,241,0.1671,0.2812,0.2501,0.3424
81,20,244,0.1994,0.3373,0.3671,0.273
82,20,247,0.3381,0.2608,0.3756,0.3095
83,20,250,0.3492,0.241,0.3278,0.1458
84,20,253,0.2634,0.2971,0.2444,0.4279
85,20,256,0.343,0.3168,0.2287,0.365
86,20,259,0.2382,0.1946,0.1512,0.3682
87,20,262,0.3038,0.1911,0.2968,0.2746
88,20,265,0.3269,0.2583,0.2631,0.3435
89,20,268,0.3471,0.3202,0.3913,0.1727
90,20,271,0.3727,0.2952,0.222,0.3777
91,20,274,0.3696,0.1151,0.2504,0.3343
92,20,277,0.3126,0.3355,0.3529,0.3842
93,20,280,0.2878,0.3002,0.3352,0.2433
94,20,283,0.437,0.2536,0.2678,0.4045
95,20,286,0.3176,0.2377,0.3479,0.2823
96,20,289,0.3276,0.3561,0.2422,0.3543
97,20,292,0.213,0.2182,0.2812,0.2595
98,20,295,0.2557,0.3354,0.3241,0.2849
99,20,298,0.3002,0.302,0.2594,0.1419
,Dataset#,L,att_1,att_2,att_3,att_4
0,21,1,0.5145,0.5235,0.5145,0.529
1,21,4,0.5145,0.5145,0.5348,0.5442
2,21,7,0.539,0.5313,0.5557,0.536
3,21,10,0.5727,0.5497,0.5498,0.5875
4,21,13,0.57,0.5528,0.5983,0.5898
5,21,16,0.6143,0.5785,0.5909,0.5537
6,21,19,0.6083,0.5475,0.5912,0.6241
7,21,22,0.579,0.6153,0.5725,0.6234
8,21,25,0.547,0.6096,0.5765,0.6068
9,21,28,0.5808,0.5847,0.6254,0.6023
10,21,31,0.5889,0.585,0.6135,0.6077
11,21,34,0.5991,0.5747,0.5789,0.6154
12,21,37,0.611,0.5767,0.6063,0.603
13,21,40,0.6228,0.5437,0.594,0.5948
14,21,43,0.6035,0.5981,0.5654,0.5984
15,21,46,0.5628,0.5922,0.6139,0.5756
16,21,49,0.5892,0.5727,0.5858,0.6066
17,21,52,0.5749,0.5751,0.5692,0.6121
18,21,55,0.5787,0.594,0.5985,0.6005
19,21,58,0.5842,0.5265,0.5956,0.6046
20,21,61,0.5773,0.5327,0.5398,0.6215
21,21,64,0.6056,0.5216,0.6075,0.5145
22,21,67,0.6225,0.5658,0.5957,0.6137
23,21,70,0.5437,0.5575,0.5947,0.5717
24,21,73,0.5582,0.5838,0.5271,0.5935
25,21,76,0.5604,0.552,0.5798,0.5397
26,21,79,0.5538,0.6075,0.5928,0.5792
27,21,82,0.5929,0.5501,0.5992,0.5789
28,21,85,0.6337,0.5795,0.5659,0.5837
29,21,88,0.543,0.5536,0.5885,0.547
30,21,91,0.5903,0.6214,0.5796,0.5988
31,21,94,0.6332,0.5517,0.586,0.563
32,21,97,0.5438,0.5713,0.5528,0.5802
33,21,100,0.5412,0.5934,0.5573,0.6103
34,21,103,0.5468,0.5973,0.5447,0.5643
35,21,106,0.588,0.5842,0.5745,0.594
36,21,109,0.5599,0.594,0.5934,0.5942
37,21,112,0.5981,0.5549,0.5629,0.5709
38,21,115,0.5832,0.5857,0.588,0.5675
39,21,118,0.5974,0.5267,0.5639,0.5509
40,21,121,0.5802,0.5651,0.5374,0.5731
41,21,124,0.6028,0.5488,0.5723,0.5676
42,21,127,0.6216,0.5616,0.529,0.6165
43,21,130,0.5844,0.5746,0.5587,0.527
44,21,133,0.5121,0.5376,0.5556,0.5736
45,21,136,0.5391,0.5635,0.5397,0.5599
46,21,139,0.5405,0.5598,0.5743,0.5911
47,21,142,0.5996,0.5793,0.5342,0.5653
48,21,145,0.5967,0.5758,0.5426,0.6277
49,21,148,0.5877,0.5376,0.6094,0.6222
50,21,151,0.5657,0.5432,0.6048,0.5788
51,21,154,0.5528,0.5562,0.5428,0.5816
52,21,157,0.5581,0.5426,0.5518,0.5577
53,21,160,0.5416,0.5444,0.5757,0.5787
54,21,163,0.6008,0.5474,0.5508,0.565
55,21,166,0.5428,0.5501,0.5362,0.5513
56,21,169,0.5352,0.5432,0.5823,0.5761
57,21,172,0.5724,0.5985,0.6039,0.5246
58,21,175,0.5386,0.5815,0.5832,0.5999
59,21,178,0.5289,0.5765,0.5275,0.5605
60,21,181,0.5498,0.5439,0.5684,0.5812
61,21,184,0.5584,0.5692,0.5809,0.5303
62,21,187,0.5828,0.5653,0.5856,0.5331
63,21,190,0.5512,0.5438,0.5715,0.5623
64,21,193,0.5721,0.5999,0.5354,0.5617
65,21,196,0.5801,0.5516,0.5512,0.5637
66,21,199,0.5816,0.5843,0.523,0.5467
67,21,202,0.5698,0.5832,0.5819,0.5749
68,21,205,0.5808,0.5585,0.5553,0.5645
69,21,208,0.5428,0.5145,0.6234,0.5384
70,21,211,0.5732,0.5246,0.5285,0.5931
71,21,214,0.5799,0.584,0.513,0.5966
72,21,217,0.5277,0.527,0.5593,0.5664
73,21,220,0.5823,0.5601,0.5624,0.5512
74,21,223,0.5554,0.4751,0.5487,0.5431
75,21,226,0.5327,0.5428,0.5687,0.5956
76,21,229,0.5289,0.5435,0.5532,0.5844
77,21,232,0.4372,0.5557,0.5751,0.5535
78,21,235,0.5275,0.5457,0.5673,0.5893
79,21,238,0.4743,0.464,0.5603,0.5721
80,21,241,0.5248,0.563,0.4238,0.525
81,21,244,0.6014,0.5698,0.5915,0.5283
82,21,247,0.5605,0.4213,0.5404,0.5521
83,21,250,0.4198,0.4374,0.5463,0.5416
84,21,253,0.544,0.5912,0.3214,0.5365
85,21,256,0.4684,0.5741,0.5644,0.4352
86,21,259,0.4549,0.5224,0.5166,0.6024
87,21,262,0.5381,0.5401,0.5531,0.5358
88,21,265,0.4406,0.4565,0.5468,0.5935
89,21,268,0.4229,0.4261,0.5732,0.334
90,21,271,0.5346,0.5589,0.4441,0.5748
91,21,274,0.4459,0.4314,0.5454,0.5658
92,21,277,0.5859,0.5593,0.5811,0.4182
93,21,280,0.5343,0.4389,0.2996,0.5904
94,21,283,0.545,0.5554,0.4354,0.5944
95,21,286,0.4245,0.5612,0.4323,0.4612
96,21,289,0.3225,0.5748,0.5983,0.5754
97,21,292,0.4875,0.5228,0.5497,0.5748
98,21,295,0.5753,0.5442,0.4232,0.5628
99,21,298,0.5722,0.5535,0.4515,0.5485
,Dataset#,L,att_1,att_2,att_3,att_4
0,22,1,0.2629,0.2628,0.26,0.2664
1,22,4,0.2593,0.2593,0.2781,0.2593
2,22,7,0.2559,0.2714,0.268,0.2631
3,22,10,0.271,0.27,0.2688,0.3039
4,22,13,0.2795,0.2828,0.2598,0.2718
5,22,16,0.3083,0.2905,0.2689,0.2758
6,22,19,0.3173,0.2821,0.3167,0.2756
7,22,22,0.2638,0.2848,0.2447,0.2805
8,22,25,0.2925,0.2894,0.2745,0.2568
9,22,28,0.2523,0.3054,0.2396,0.3093
10,22,31,0.2666,0.3151,0.3032,0.3007
11,22,34,0.2619,0.2819,0.3088,0.2794
12,22,37,0.2885,0.28,0.3185,0.2875
13,22,40,0.2942,0.2638,0.2686,0.2905
14,22,43,0.2592,0.3085,0.3054,0.3156
15,22,46,0.2921,0.2875,0.2903,0.3049
16,22,49,0.2807,0.315,0.2592,0.295
17,22,52,0.2726,0.2833,0.2581,0.2919
18,22,55,0.2676,0.284,0.286,0.2964
19,22,58,0.2687,0.286,0.2749,0.2906
20,22,61,0.2623,0.2919,0.3089,0.291
21,22,64,0.3037,0.2252,0.2648,0.3074
22,22,67,0.2969,0.3016,0.2307,0.2683
23,22,70,0.2648,0.2494,0.3075,0.2569
24,22,73,0.214,0.263,0.2432,0.2924
25,22,76,0.2737,0.2521,0.2969,0.2569
26,22,79,0.2725,0.2521,0.2274,0.2198
27,22,82,0.2898,0.3146,0.2783,0.2967
28,22,85,0.2752,0.2598,0.2789,0.303
29,22,88,0.3087,0.3133,0.2931,0.2964
30,22,91,0.2633,0.277,0.2696,0.2723
31,22,94,0.2489,0.2737,0.2663,0.3206
32,22,97,0.2534,0.302,0.2863,0.2717
33,22,100,0.2731,0.2548,0.3305,0.2854
34,22,103,0.2669,0.2686,0.2664,0.2931
35,22,106,0.2543,0.2181,0.2485,0.2555
36,22,109,0.2735,0.2658,0.2241,0.3017
37,22,112,0.2691,0.2122,0.2927,0.2755
38,22,115,0.226,0.252,0.2111,0.2474
39,22,118,0.2404,0.2476,0.2733,0.2445
40,22,121,0.2344,0.2629,0.2577,0.2651
41,22,124,0.2637,0.2578,0.2786,0.3076
42,22,127,0.2566,0.2621,0.2467,0.2841
43,22,130,0.2545,0.2933,0.2522,0.1572
44,22,133,0.2723,0.3104,0.2587,0.2732
45,22,136,0.2059,0.2548,0.2909,0.3053
46,22,139,0.278,0.2938,0.2133,0.2793
47,22,142,0.2835,0.2777,0.2535,0.2237
48,22,145,0.1587,0.2767,0.3008,0.2466
49,22,148,0.2819,0.2197,0.2433,0.2741
50,22,151,0.2435,0.2086,0.2593,0.2619
51,22,154,0.1437,0.2637,0.2775,0.3061
52,22,157,0.2269,0.267,0.1927,0.2758
53,22,160,0.2406,0.2267,0.2927,0.2813
54,22,163,0.2906,0.2889,0.2593,0.2986
55,22,166,0.2146,0.266,0.2413,0.2293
56,22,169,0.2436,0.2525,0.2671,0.2378
57,22,172,0.2417,0.2689,0.1923,0.2612
58,22,175,0.2182,0.2602,0.2662,0.2078
59,22,178,0.22,0.2853,0.1948,0.268
60,22,181,0.2371,0.2072,0.1719,0.2242
61,22,184,0.2079,0.2215,0.1797,0.304
62,22,187,0.2533,0.2491,0.2322,0.2813
63,22,190,0.2052,0.1897,0.2661,0.2227
64,22,193,0.2579,0.2136,0.2769,0.2127
65,22,196,0.2304,0.2128,0.2808,0.2612
66,22,199,0.2375,0.2297,0.2942,0.2028
67,22,202,0.1969,0.2662,0.2459,0.1683
68,22,205,0.245,0.2059,0.2281,0.2509
69,22,208,0.2684,0.24,0.1982,0.2149
70,22,211,0.2125,0.2722,0.2342,0.2508
71,22,214,0.1749,0.1981,0.0759,0.2335
72,22,217,0.236,0.2501,0.2843,0.2514
73,22,220,0.2062,0.2138,0.2334,0.2296
74,22,223,0.1983,0.2981,0.1916,0.2363
75,22,226,0.2264,0.187,0.1799,0.2116
76,22,229,0.2171,0.2805,0.2343,0.1902
77,22,232,0.264,0.1667,0.2096,0.2222
78,22,235,0.1522,0.153,0.2613,0.2684
79,22,238,0.1425,0.2414,0.2722,0.2106
80,22,241,0.1976,0.2434,0.2522,0.2293
81,22,244,0.1923,0.2529,0.2632,0.2447
82,22,247,0.2826,0.2776,0.2241,0.274
83,22,250,0.272,0.2033,0.2599,0.2891
84,22,253,0.2289,0.206,0.2024,0.2764
85,22,256,0.2401,0.1037,0.1556,0.1803
86,22,259,0.2171,0.1988,0.2067,0.1788
87,22,262,0.206,0.2008,0.2458,0.2601
88,22,265,0.246,0.2119,0.2612,0.1806
89,22,268,0.1276,0.2471,0.189,0.2626
90,22,271,0.2544,0.235,0.254,0.2769
91,22,274,0.1243,0.2479,0.2135,0.2875
92,22,277,0.2485,0.2155,0.2426,0.1729
93,22,280,0.1943,0.2111,0.2533,0.1806
94,22,283,0.2471,0.1893,0.248,0.1792
95,22,286,0.1991,0.3079,0.2669,0.1866
96,22,289,0.2179,0.2028,0.2629,0.2
97,22,292,0.2568,0.2,0.1198,0.2439
98,22,295,0.2011,0.1636,0.1946,0.2625
99,22,298,0.262,0.1497,0.2493,0.268
,Dataset#,L,att_1,att_2,att_3,att_4
0,24,1,0.2374,0.2415,0.2383,0.2374
1,24,4,0.2332,0.2374,0.2397,0.2374
2,24,7,0.238,0.2328,0.2374,0.2324
3,24,10,0.2427,0.2444,0.2411,0.2388
4,24,13,0.2366,0.2383,0.2374,0.2388
5,24,16,0.239,0.2338,0.2363,0.2374
6,24,19,0.2481,0.2443,0.2405,0.2234
7,24,22,0.2325,0.2441,0.2406,0.2326
8,24,25,0.2304,0.2478,0.2216,0.2307
9,24,28,0.2488,0.2376,0.2285,0.238
10,24,31,0.2411,0.2282,0.221,0.2339
11,24,34,0.2426,0.2342,0.2343,0.2405
12,24,37,0.2431,0.2395,0.2493,0.2389
13,24,40,0.234,0.2555,0.2449,0.2216
14,24,43,0.2367,0.2089,0.2344,0.2374
15,24,46,0.2329,0.233,0.2362,0.2293
16,24,49,0.2342,0.2172,0.2699,0.2315
17,24,52,0.2406,0.2702,0.2403,0.2315
18,24,55,0.245,0.2417,0.2378,0.2491
19,24,58,0.214,0.2379,0.2303,0.2316
20,24,61,0.2507,0.2703,0.2553,0.2441
21,24,64,0.2382,0.2563,0.2578,0.2549
22,24,67,0.228,0.2452,0.2243,0.2458
23,24,70,0.2778,0.2726,0.2311,0.2177
24,24,73,0.2333,0.2537,0.2383,0.2598
25,24,76,0.2352,0.2521,0.2384,0.2396
26,24,79,0.2438,0.236,0.2325,0.2477
27,24,82,0.2373,0.2352,0.2226,0.2479
28,24,85,0.23,0.2716,0.253,0.2271
29,24,88,0.2321,0.2739,0.2326,0.2645
30,24,91,0.2188,0.2289,0.2596,0.2262
31,24,94,0.2465,0.2563,0.2401,0.2325
32,24,97,0.2547,0.2474,0.2472,0.2662
33,24,100,0.2307,0.2567,0.2607,0.215
34,24,103,0.262,0.2765,0.2581,0.2287
35,24,106,0.2342,0.2433,0.3157,0.2166
36,24,109,0.2279,0.2247,0.2616,0.2505
37,24,112,0.2315,0.2386,0.2343,0.2313
38,24,115,0.2313,0.2316,0.1996,0.2516
39,24,118,0.2435,0.227,0.2396,0.2237
40,24,121,0.2008,0.3047,0.214,0.2502
41,24,124,0.231,0.1922,0.2544,0.3004
42,24,127,0.2769,0.2405,0.194,0.2618
43,24,130,0.2325,0.2491,0.2036,0.2274
44,24,133,0.2732,0.1964,0.1746,0.1864
45,24,136,0.2353,0.1971,0.243,0.2579
46,24,139,0.231,0.2294,0.214,0.2431
47,24,142,0.2758,0.1988,0.2114,0.2577
48,24,145,0.139,0.231,0.2077,0.208
49,24,148,0.25,0.2505,0.2089,0.234
50,24,151,0.2043,0.24,0.2179,0.2745
51,24,154,0.2481,0.2358,0.2359,0.1786
52,24,157,0.1739,0.235,0.2374,0.2048
53,24,160,0.2174,0.1469,0.2301,0.238
54,24,163,0.286,0.2307,0.1444,0.2312
55,24,166,0.2074,0.09076,0.2558,0.1898
56,24,169,0.2424,0.2412,0.2205,0.2394
57,24,172,0.1976,0.1698,0.235,0.2133
58,24,175,0.2607,0.1652,0.2491,0.2437
59,24,178,0.2385,0.2564,0.1424,0.2403
60,24,181,0.2196,0.1865,0.1812,0.2193
61,24,184,0.2422,0.212,0.2702,0.202
62,24,187,0.2403,0.2338,0.1998,0.2432
63,24,190,0.263,0.2622,0.27,0.1952
64,24,193,0.23,0.1995,0.2057,0.2355
65,24,196,0.2212,0.2334,0.2765,0.1877
66,24,199,0.2408,0.1948,0.255,0.2868
67,24,202,0.1447,0.1982,0.1889,0.2234
68,24,205,0.2182,0.2321,0.1729,0.1566
69,24,208,0.2695,0.2121,0.1729,0.1904
70,24,211,0.2218,0.1904,0.2395,0.1366
71,24,214,0.2656,0.1456,0.1723,0.2261
72,24,217,0.2248,0.1387,0.2525,0.2644
73,24,220,0.2015,0.1897,0.1865,0.3052
74,24,223,0.2485,0.2172,0.2369,0.203
75,24,226,0.1839,0.2012,0.07314,0.1861
76,24,229,0.2227,0.2556,0.2247,0.2349
77,24,232,0.1882,0.2304,0.1767,0.2194
78,24,235,0.1419,0.1407,0.0982,0.2722
79,24,238,0.2455,0.2307,0.1719,0.1431
80,24,241,0.3113,0.2285,0.1418,0.215
81,24,244,0.161,0.242,0.2331,0.2323
82,24,247,0.1841,0.1316,0.303,0.2359
83,24,250,0.2761,0.2473,0.1833,0.2372
84,24,253,0.2756,0.266,0.2638,0.2925
85,24,256,0.2483,0.1904,0.2009,0.2399
86,24,259,0.1359,0.2087,0.2175,0.1441
87,24,262,0.1851,0.2457,0.2693,0.2755
88,24,265,0.1893,0.1414,0.2101,0.2028
89,24,268,0.2313,0.1772,0.2128,0.1076
90,24,271,0.1953,0.2329,0.1709,0.2374
91,24,274,0.1944,0.206,0.187,0.2292
92,24,277,0.139,0.2221,0.1871,0.2196
93,24,280,0.2371,0.2248,0.2302,0.1586
94,24,283,0.1904,0.2379,0.2536,0.2086
95,24,286,0.2906,0.1465,0.2934,0.1661
96,24,289,0.2511,0.093,0.1735,0.244
97,24,292,0.2513,0.1959,0.1995,0.2307
98,24,295,0.2051,0.1433,0.1164,0.09752
99,24,298,0.2586,0.1493,0.09628,0.2355
,Dataset#,L,att_1,att_2,att_3,att_4
0,25,1,0.2343,0.2276,0.2334,0.2298
1,25,4,0.2298,0.2073,0.2266,0.2276
2,25,7,0.2329,0.2283,0.2356,0.2324
3,25,10,0.2409,0.2373,0.2208,0.2222
4,25,13,0.2373,0.2295,0.2276,0.2321
5,25,16,0.2037,0.2331,0.2501,0.2328
6,25,19,0.2059,0.2309,0.2379,0.2375
7,25,22,0.2145,0.2036,0.2277,0.2071
8,25,25,0.2465,0.2316,0.2509,0.2315
9,25,28,0.2426,0.2268,0.2225,0.1904
10,25,31,0.2139,0.2056,0.2532,0.2208
11,25,34,0.2304,0.2095,0.2274,0.229
12,25,37,0.2249,0.2392,0.2205,0.2159
13,25,40,0.2147,0.2462,0.2517,0.239
14,25,43,0.2135,0.2589,0.2474,0.2105
15,25,46,0.24,0.2624,0.1923,0.2459
16,25,49,0.2399,0.2499,0.2095,0.2235
17,25,52,0.2414,0.2323,0.2374,0.2197
18,25,55,0.2291,0.2056,0.2321,0.2452
19,25,58,0.2303,0.2313,0.2361,0.2733
20,25,61,0.2275,0.2713,0.1882,0.2693
21,25,64,0.2276,0.2277,0.2551,0.2316
22,25,67,0.2044,0.2649,0.2367,0.2212
23,25,70,0.2839,0.2751,0.1926,0.2979
24,25,73,0.2314,0.228,0.2788,0.2426
25,25,76,0.2443,0.2422,0.1969,0.2402
26,25,79,0.2445,0.2326,0.2284,0.248
27,25,82,0.2341,0.2216,0.2613,0.2407
28,25,85,0.2064,0.2532,0.2621,0.2341
29,25,88,0.2246,0.2276,0.2546,0.2601
30,25,91,0.2661,0.2454,0.1927,0.232
31,25,94,0.2588,0.2305,0.2643,0.2822
32,25,97,0.2686,0.259,0.2417,0.2321
33,25,100,0.2567,0.2526,0.273,0.3049
34,25,103,0.2225,0.2495,0.2615,0.2471
35,25,106,0.2858,0.1984,0.2367,0.2469
36,25,109,0.2065,0.2644,0.3073,0.2473
37,25,112,0.2507,0.2773,0.1552,0.2557
38,25,115,0.2139,0.23,0.2018,0.2484
39,25,118,0.2438,0.2263,0.2793,0.2329
40,25,121,0.2146,0.2192,0.2679,0.2221
41,25,124,0.226,0.2487,0.273,0.2257
42,25,127,0.2416,0.1857,0.2609,0.1284
43,25,130,0.2329,0.2658,0.2115,0.1969
44,25,133,0.2144,0.1975,0.2602,0.1971
45,25,136,0.2281,0.2415,0.2043,0.2406
46,25,139,0.2527,0.2014,0.2291,0.1658
47,25,142,0.1963,0.2382,0.2205,0.2391
48,25,145,0.2137,0.2328,0.2094,0.2453
49,25,148,0.2351,0.2485,0.1807,0.2277
50,25,151,0.2186,0.1652,0.2364,0.1738
51,25,154,0.1878,0.204,0.2232,0.2475
52,25,157,0.1643,0.2424,0.2292,0.2146
53,25,160,0.2171,0.1761,0.2809,0.2544
54,25,163,0.255,0.241,0.2392,0.2063
55,25,166,0.1619,0.2553,0.211,0.2206
56,25,169,0.2086,0.1854,0.2255,0.1781
57,25,172,0.2362,0.2545,0.2118,0.1777
58,25,175,0.1594,0.2462,0.1731,0.2206
59,25,178,0.1903,0.2147,0.2516,0.1405
60,25,181,0.2227,0.2195,0.2507,0.2081
61,25,184,0.1206,0.24,0.1457,0.213
62,25,187,0.08696,0.2654,0.1965,0.1721
63,25,190,0.2039,0.1256,0.1731,0.2084
64,25,193,0.1121,0.2391,0.2418,0.2109
65,25,196,0.1458,0.1496,0.1415,0.236
66,25,199,0.1671,0.2421,0.1629,0.2008
67,25,202,0.2002,0.1648,0.2708,0.2068
68,25,205,0.1824,0.1842,0.161,0.2142
69,25,208,0.2015,0.2561,0.1792,0.267
70,25,211,0.213,0.2098,0.1933,0.223
71,25,214,0.1717,0.2607,0.2056,0.1278
72,25,217,0.2109,0.2486,0.2162,0.1969
73,25,220,0.2486,0.2365,0.1413,0.1806
74,25,223,0.1396,0.2464,0.1769,0.1773
75,25,226,0.1803,0.1356,0.2176,0.2011
76,25,229,0.2151,0.1528,0.1561,0.217
77,25,232,0.113,0.2025,0.2076,0.1528
78,25,235,0.1851,0.1597,0.1895,0.1932
79,25,238,0.1916,0.2094,0.221,0.2233
80,25,241,0.1866,0.2139,0.1737,0.1687
81,25,244,0.1923,0.208,0.1559,0.1817
82,25,247,0.2379,0.04924,0.133,0.19
83,25,250,0.1488,0.1984,0.2458,0.1266
84,25,253,0.2113,0.2302,0.1663,0.1393
85,25,256,0.1094,0.2438,0.0937,0.2508
86,25,259,0.1761,0.2098,0.1962,0.2448
87,25,262,0.1982,0.2303,0.1825,0.1815
88,25,265,0.1281,0.1846,0.1903,0.1705
89,25,268,0.197,0.2498,0.1763,0.1834
90,25,271,0.1677,0.1858,0.2439,0.2596
91,25,274,0.208,0.1056,0.2038,0.2101
92,25,277,0.2193,0.1666,0.1161,0.2348
93,25,280,0.2046,0.2014,0.2342,0.2669
94,25,283,0.1321,0.2272,0.1453,0.2593
95,25,286,0.1822,0.2004,0.2464,0.1809
96,25,289,0.138,0.2399,0.1774,0.2201
97,25,292,0.1842,0.2294,0.2341,0.1593
98,25,295,0.0691,0.1858,0.1784,0.2339
99,25,298,0.1346,0.2141,0.2212,0.193
,Dataset#,L,att_1,att_2,att_3,att_4
0,26,1,0.5632,0.5632,0.5632,0.5632
1,26,4,0.5628,0.5599,0.5632,0.5632
2,26,7,0.564,0.572,0.5619,0.5712
3,26,10,0.5632,0.5685,0.5719,0.5799
4,26,13,0.5658,0.5745,0.5631,0.5877
5,26,16,0.5734,0.5884,0.5689,0.5715
6,26,19,0.5746,0.5837,0.5883,0.588
7,26,22,0.596,0.5896,0.5865,0.5759
8,26,25,0.5849,0.5862,0.5805,0.5803
9,26,28,0.5751,0.5713,0.583,0.5768
10,26,31,0.5877,0.5896,0.5953,0.5813
11,26,34,0.5734,0.6095,0.5924,0.5989
12,26,37,0.5909,0.5814,0.5882,0.5985
13,26,40,0.5684,0.5856,0.5754,0.6049
14,26,43,0.5739,0.5676,0.5741,0.5845
15,26,46,0.5719,0.6007,0.5818,0.5846
16,26,49,0.5684,0.5886,0.5898,0.6108
17,26,52,0.5828,0.5711,0.5714,0.5929
18,26,55,0.5698,0.5658,0.605,0.587
19,26,58,0.577,0.5938,0.5824,0.5985
20,26,61,0.5922,0.5838,0.5961,0.5755
21,26,64,0.5826,0.5704,0.5857,0.5706
22,26,67,0.5954,0.5643,0.5741,0.5764
23,26,70,0.5667,0.5988,0.5836,0.5698
24,26,73,0.5732,0.5579,0.5851,0.6076
25,26,76,0.5622,0.5838,0.5792,0.5742
26,26,79,0.5792,0.5635,0.584,0.5716
27,26,82,0.5832,0.565,0.5715,0.5796
28,26,85,0.5786,0.5805,0.5929,0.5598
29,26,88,0.5737,0.5768,0.5769,0.5705
30,26,91,0.572,0.5792,0.5746,0.5887
31,26,94,0.5709,0.5653,0.5726,0.5711
32,26,97,0.5695,0.5715,0.5828,0.5785
33,26,100,0.5592,0.5745,0.5793,0.5706
34,26,103,0.5668,0.5945,0.5526,0.5879
35,26,106,0.5896,0.5412,0.5899,0.5721
36,26,109,0.5651,0.5766,0.5677,0.5889
37,26,112,0.5635,0.5649,0.5644,0.5776
38,26,115,0.5857,0.5659,0.5953,0.579
39,26,118,0.5717,0.5596,0.5867,0.5879
40,26,121,0.582,0.564,0.5809,0.5745
41,26,124,0.5493,0.5858,0.5874,0.574
42,26,127,0.5367,0.5667,0.5601,0.5856
43,26,130,0.5887,0.5643,0.5712,0.5812
44,26,133,0.5479,0.574,0.5872,0.5856
45,26,136,0.5825,0.5584,0.5495,0.5714
46,26,139,0.5586,0.564,0.5588,0.5636
47,26,142,0.5677,0.5793,0.5421,0.5663
48,26,145,0.5658,0.5687,0.5831,0.5584
49,26,148,0.568,0.5604,0.5772,0.5732
50,26,151,0.579,0.5726,0.5683,0.5471
51,26,154,0.5819,0.5607,0.5763,0.556
52,26,157,0.5808,0.5675,0.5619,0.5391
53,26,160,0.5602,0.5574,0.5603,0.5627
54,26,163,0.5847,0.5661,0.5795,0.5812
55,26,166,0.5838,0.5581,0.5468,0.5579
56,26,169,0.584,0.57,0.5717,0.5603
57,26,172,0.5752,0.5647,0.5712,0.5724
58,26,175,0.5593,0.5475,0.5759,0.5465
59,26,178,0.5329,0.5447,0.5422,0.5559
60,26,181,0.5599,0.5747,0.5685,0.5759
61,26,184,0.5617,0.5412,0.5607,0.5647
62,26,187,0.5623,0.5544,0.546,0.5749
63,26,190,0.5759,0.5561,0.5679,0.579
64,26,193,0.5511,0.5547,0.5729,0.585
65,26,196,0.5417,0.5647,0.5655,0.4458
66,26,199,0.5592,0.5606,0.5655,0.5704
67,26,202,0.5645,0.5203,0.5813,0.5548
68,26,205,0.5558,0.5802,0.4298,0.5664
69,26,208,0.5635,0.5663,0.5366,0.4614
70,26,211,0.5648,0.5595,0.5651,0.5636
71,26,214,0.5695,0.5634,0.4713,0.5691
72,26,217,0.4447,0.5672,0.5589,0.5728
73,26,220,0.5756,0.4506,0.569,0.5693
74,26,223,0.5723,0.5683,0.5756,0.5564
75,26,226,0.5641,0.5679,0.572,0.554
76,26,229,0.5589,0.4218,0.5842,0.5619
77,26,232,0.5702,0.5697,0.5782,0.5722
78,26,235,0.5616,0.453,0.5599,0.5458
79,26,238,0.429,0.455,0.4455,0.5639
80,26,241,0.5531,0.4368,0.572,0.5701
81,26,244,0.5655,0.5383,0.3076,0.5649
82,26,247,0.5644,0.5581,0.5893,0.4758
83,26,250,0.5531,0.4199,0.5587,0.4573
84,26,253,0.5505,0.5625,0.5725,0.5535
85,26,256,0.4811,0.5794,0.5485,0.5673
86,26,259,0.3506,0.4584,0.5435,0.5682
87,26,262,0.5796,0.4544,0.5579,0.5695
88,26,265,0.4558,0.5831,0.562,0.5635
89,26,268,0.3231,0.5755,0.5677,0.5658
90,26,271,0.5645,0.5444,0.5578,0.4551
91,26,274,0.5795,0.5714,0.4347,0.5716
92,26,277,0.5583,0.4532,0.5672,0.5603
93,26,280,0.5711,0.4594,0.5699,0.4624
94,26,283,0.5515,0.4413,0.5293,0.5553
95,26,286,0.5574,0.5558,0.4462,0.4496
96,26,289,0.4493,0.5739,0.4296,0.5474
97,26,292,0.5549,0.5748,0.5714,0.4504
98,26,295,0.5652,0.456,0.548,0.5803
99,26,298,0.5747,0.5797,0.4559,0.5565
,Dataset#,L,att_1,att_2,att_3,att_4
0,27,1,0.5826,0.5848,0.5041,0.6129
1,27,4,0.6801,0.727,0.6588,0.6488
2,27,7,0.7018,0.6833,0.7733,0.7227
3,27,10,0.7739,0.7522,0.7851,0.8005
4,27,13,0.7617,0.7687,0.801,0.7659
5,27,16,0.7995,0.7744,0.7743,0.7977
6,27,19,0.7841,0.8201,0.7952,0.8162
7,27,22,0.8145,0.7908,0.8222,0.8451
8,27,25,0.786,0.8186,0.8277,0.8544
9,27,28,0.7949,0.7894,0.8166,0.8101
10,27,31,0.8118,0.8185,0.8371,0.835
11,27,34,0.8202,0.8099,0.843,0.8116
12,27,37,0.821,0.825,0.872,0.8558
13,27,40,0.8368,0.8116,0.8355,0.8323
14,27,43,0.8034,0.8318,0.8252,0.8298
15,27,46,0.8661,0.8085,0.8058,0.821
16,27,49,0.8037,0.819,0.852,0.8076
17,27,52,0.8252,0.7671,0.8327,0.8639
18,27,55,0.8539,0.8456,0.8019,0.8437
19,27,58,0.8308,0.8079,0.8535,0.838
20,27,61,0.7992,0.8545,0.8473,0.8094
21,27,64,0.8102,0.8054,0.8582,0.7934
22,27,67,0.8277,0.8408,0.8194,0.8787
23,27,70,0.8236,0.7859,0.7784,0.8495
24,27,73,0.7307,0.8207,0.8481,0.8451
25,27,76,0.8317,0.8027,0.7348,0.8133
26,27,79,0.856,0.8094,0.8105,0.7822
27,27,82,0.8471,0.8141,0.8398,0.8576
28,27,85,0.8349,0.8526,0.8041,0.8501
29,27,88,0.7654,0.7944,0.825,0.7676
30,27,91,0.8055,0.8311,0.8108,0.8675
31,27,94,0.8639,0.7902,0.8289,0.8158
32,27,97,0.8151,0.8147,0.7844,0.6837
33,27,100,0.8347,0.7619,0.7082,0.8486
34,27,103,0.7603,0.8199,0.7897,0.8474
35,27,106,0.7375,0.662,0.8017,0.8397
36,27,109,0.8549,0.8083,0.7769,0.83
37,27,112,0.8586,0.7336,0.8053,0.7976
38,27,115,0.8169,0.7416,0.7884,0.8432
39,27,118,0.6884,0.8026,0.7288,0.8002
40,27,121,0.853,0.8541,0.79,0.8333
41,27,124,0.7555,0.8318,0.7059,0.8306
42,27,127,0.664,0.7177,0.653,0.7685
43,27,130,0.8608,0.8353,0.7569,0.7102
44,27,133,0.8323,0.7975,0.7584,0.6713
45,27,136,0.7956,0.795,0.7215,0.8394
46,27,139,0.8076,0.8658,0.8362,0.8668
47,27,142,0.8159,0.847,0.6438,0.6617
48,27,145,0.8307,0.7457,0.8105,0.7959
49,27,148,0.8058,0.7193,0.7018,0.8421
50,27,151,0.8581,0.7694,0.7312,0.7135
51,27,154,0.8596,0.7962,0.8524,0.66
52,27,157,0.7852,0.7545,0.8401,0.7819
53,27,160,0.7082,0.7437,0.7754,0.7224
54,27,163,0.8279,0.8016,0.6996,0.7672
55,27,166,0.8431,0.7445,0.8412,0.5577
56,27,169,0.7811,0.7848,0.7638,0.7074
57,27,172,0.6033,0.8419,0.7144,0.7093
58,27,175,0.7792,0.5139,0.6477,0.6135
59,27,178,0.7679,0.7861,0.7204,0.5427
60,27,181,0.7371,0.8495,0.8157,0.7701
61,27,184,0.8653,0.776,0.8031,0.7649
62,27,187,0.7176,0.7127,0.8511,0.7236
63,27,190,0.8011,0.7305,0.7991,0.5084
64,27,193,0.7979,0.774,0.615,0.7989
65,27,196,0.8258,0.8224,0.8692,0.7859
66,27,199,0.785,0.7594,0.6731,0.7179
67,27,202,0.5238,0.6137,0.7234,0.7572
68,27,205,0.6572,0.7606,0.6611,0.4678
69,27,208,0.5961,0.6978,0.6009,0.7801
70,27,211,0.7517,0.6445,0.8277,0.8357
71,27,214,0.5694,0.6107,0.8061,0.7973
72,27,217,0.6407,0.5735,0.6665,0.6162
73,27,220,0.7433,0.6227,0.5942,0.692
74,27,223,0.8603,0.7303,0.638,0.7559
75,27,226,0.7341,0.8088,0.7622,0.6755
76,27,229,0.8448,0.7117,0.7062,0.318
77,27,232,0.6781,0.7555,0.8385,0.655
78,27,235,0.7047,0.5267,0.6372,0.5097
79,27,238,0.6649,0.6906,0.5913,0.7172
80,27,241,0.6697,0.8184,0.7507,0.7554
81,27,244,0.3901,0.7241,0.7458,0.6422
82,27,247,0.5767,0.4458,0.6697,0.7467
83,27,250,0.7887,0.7137,0.5909,0.7894
84,27,253,0.4101,0.4428,0.8002,0.5428
85,27,256,0.4916,0.5498,0.842,0.5884
86,27,259,0.291,0.7039,0.542,0.425
87,27,262,0.6877,0.675,0.4914,0.7079
88,27,265,0.6259,0.8354,0.3549,0.7178
89,27,268,0.8189,0.3998,0.3799,0.4119
90,27,271,0.661,0.6623,0.6579,0.6256
91,27,274,0.6857,0.3868,0.7057,0.5204
92,27,277,0.6458,0.4936,0.6242,0.6351
93,27,280,0.4771,0.7977,0.6735,0.3866
94,27,283,0.8216,0.6618,0.6539,0.6363
95,27,286,0.4842,0.6792,0.6444,0.6101
96,27,289,0.6826,0.6499,0.2776,0.3996
97,27,292,0.6475,0.5744,0.8408,0.5337
98,27,295,0.3818,0.8688,0.6729,0.5773
99,27,298,0.4221,0.6482,0.4917,0.3907
,Dataset#,L,att_1,att_2,att_3,att_4
0,28,1,0.2095,0.2233,0.2293,0.1805
1,28,4,0.2926,0.2502,0.2574,0.2606
2,28,7,0.2733,0.3262,0.3307,0.2846
3,28,10,0.2989,0.3176,0.3298,0.3486
4,28,13,0.3406,0.3299,0.3239,0.3108
5,28,16,0.3109,0.34,0.308,0.3332
6,28,19,0.3271,0.3249,0.3241,0.3328
7,28,22,0.3415,0.3382,0.3071,0.335
8,28,25,0.3249,0.3556,0.335,0.3308
9,28,28,0.3215,0.346,0.3415,0.3453
10,28,31,0.2995,0.3254,0.3252,0.3325
11,28,34,0.3285,0.3546,0.3058,0.333
12,28,37,0.3158,0.3274,0.3643,0.2803
13,28,40,0.3576,0.3026,0.3362,0.337
14,28,43,0.3097,0.2898,0.3432,0.3244
15,28,46,0.3115,0.2956,0.3185,0.3334
16,28,49,0.3601,0.3006,0.3062,0.3175
17,28,52,0.358,0.337,0.3189,0.3374
18,28,55,0.2879,0.3019,0.3178,0.3115
19,28,58,0.2843,0.3067,0.2983,0.2571
20,28,61,0.3312,0.317,0.3255,0.3813
21,28,64,0.274,0.2853,0.3394,0.297
22,28,67,0.3185,0.2962,0.3204,0.3041
23,28,70,0.2717,0.3238,0.2578,0.1864
24,28,73,0.2496,0.2175,0.3282,0.2799
25,28,76,0.3142,0.2475,0.2992,0.2578
26,28,79,0.3096,0.2575,0.276,0.307
27,28,82,0.241,0.2896,0.2721,0.3194
28,28,85,0.3003,0.275,0.2548,0.3511
29,28,88,0.2429,0.2719,0.2486,0.2739
30,28,91,0.3534,0.2413,0.3107,0.3224
31,28,94,0.238,0.266,0.3034,0.313
32,28,97,0.3578,0.2987,0.2455,0.315
33,28,100,0.2282,0.2801,0.2983,0.3091
34,28,103,0.3375,0.3497,0.2645,0.2293
35,28,106,0.209,0.2371,0.2503,0.2766
36,28,109,0.2518,0.1969,0.3351,0.2475
37,28,112,0.241,0.2043,0.2406,0.3258
38,28,115,0.1997,0.2697,0.2701,0.2857
39,28,118,0.2909,0.2175,0.2793,0.3337
40,28,121,0.2827,0.2926,0.2568,0.2678
41,28,124,0.2652,0.254,0.2676,0.2997
42,28,127,0.2802,0.2505,0.2437,0.2312
43,28,130,0.1448,0.1839,0.3154,0.2565
44,28,133,0.1944,0.3045,0.3232,0.2028
45,28,136,0.2387,0.2369,0.2143,0.2294
46,28,139,0.2466,0.194,0.3023,0.2323
47,28,142,0.1991,0.3029,0.2676,0.2546
48,28,145,0.2599,0.2757,0.2663,0.2178
49,28,148,0.2322,0.2357,0.2475,0.2726
50,28,151,0.2853,0.199,0.2839,0.1656
51,28,154,0.2362,0.2696,0.2127,0.2687
52,28,157,0.1903,0.2325,0.2673,0.2205
53,28,160,0.2569,0.2578,0.3183,0.2137
54,28,163,0.1841,0.3519,0.165,0.3004
55,28,166,0.3378,0.2741,0.2221,0.1828
56,28,169,0.2363,0.2707,0.2159,0.2001
57,28,172,0.2835,0.2593,0.1633,0.09302
58,28,175,0.1665,0.2228,0.1103,0.2001
59,28,178,0.1869,0.1953,0.09822,0.1695
60,28,181,0.2065,0.1776,0.2619,0.1645
61,28,184,0.1635,0.2413,0.2506,0.2866
62,28,187,0.3003,0.1914,0.197,0.2391
63,28,190,0.2161,0.2134,0.2242,0.2277
64,28,193,0.2199,0.3251,0.2545,0.3021
65,28,196,0.2299,0.3122,0.182,0.2806
66,28,199,0.1343,0.3061,0.167,0.1936
67,28,202,0.1495,0.2661,0.2738,0.11
68,28,205,0.2212,0.2179,0.1179,0.1633
69,28,208,0.182,0.2155,0.2513,0.2265
70,28,211,0.1178,0.1822,0.1944,0.1917
71,28,214,0.2112,0.2154,0.2075,0.2672
72,28,217,0.2125,0.2374,0.2031,0.2566
73,28,220,0.1815,0.1817,0.1333,0.217
74,28,223,0.2365,0.2632,0.2989,0.1109
75,28,226,0.1291,0.1773,0.2466,0.2361
76,28,229,0.1784,0.175,0.164,0.2147
77,28,232,0.1743,0.1869,0.1623,0.1988
78,28,235,0.2535,0.2179,0.2609,0.2064
79,28,238,0.2473,0.222,0.1903,0.2766
80,28,241,0.2482,0.2325,0.1375,0.2042
81,28,244,0.1259,0.2676,0.2242,0.2232
82,28,247,0.2425,0.2207,0.2306,0.1538
83,28,250,0.1,0.1404,0.1748,0.06544
84,28,253,0.3461,0.2337,0.1886,0.2407
85,28,256,0.1983,0.2731,0.2402,0.2684
86,28,259,0.2307,0.1707,0.2192,0.1716
87,28,262,0.1356,0.1861,0.1606,0.1754
88,28,265,0.1594,0.1543,0.2259,0.2069
89,28,268,0.2069,0.1294,0.1754,0.1232
90,28,271,0.1399,0.1302,0.1602,0.3159
91,28,274,0.2096,0.1198,0.1836,0.2199
92,28,277,0.1226,0.2367,0.1149,0.2815
93,28,280,0.2165,0.2123,0.1658,0.1689
94,28,283,0.1902,0.2089,0.1816,0.2067
95,28,286,0.1586,0.2145,0.2221,0.1758
96,28,289,0.1787,0.2135,0.168,0.1492
97,28,292,0.1964,0.1987,0.3012,0.1889
98,28,295,0.162,0.1936,0.2293,0.1895
99,28,298,0.1232,0.1629,0.2477,0.1863
,Dataset#,L,att_1,att_2,att_3,att_4
0,29,1,0.4663,0.4553,0.5643,0.4828
1,29,4,0.5872,0.5105,0.5629,0.4933
2,29,7,0.5128,0.5488,0.5435,0.5442
3,29,10,0.5769,0.5695,0.4949,0.5869
4,29,13,0.6011,0.5932,0.5587,0.5336
5,29,16,0.6094,0.609,0.6142,0.5433
6,29,19,0.5967,0.5853,0.56,0.5695
7,29,22,0.578,0.5284,0.5602,0.5875
8,29,25,0.5042,0.5668,0.5809,0.552
9,29,28,0.5282,0.5789,0.5774,0.5455
10,29,31,0.5324,0.4526,0.5345,0.5097
11,29,34,0.4679,0.5971,0.5651,0.5841
12,29,37,0.5413,0.5228,0.4603,0.4563
13,29,40,0.4995,0.5225,0.5215,0.5685
14,29,43,0.572,0.5323,0.5653,0.5222
15,29,46,0.5418,0.472,0.4647,0.5197
16,29,49,0.5104,0.5549,0.4936,0.4708
17,29,52,0.5448,0.4853,0.5472,0.5514
18,29,55,0.5397,0.548,0.4106,0.5266
19,29,58,0.4295,0.5675,0.5277,0.3984
20,29,61,0.5398,0.5644,0.5738,0.5152
21,29,64,0.5739,0.432,0.3861,0.5691
22,29,67,0.4983,0.5275,0.4679,0.4647
23,29,70,0.4563,0.5535,0.4865,0.5261
24,29,73,0.3909,0.4877,0.5084,0.5975
25,29,76,0.5407,0.5635,0.5598,0.4858
26,29,79,0.5264,0.524,0.5337,0.5478
27,29,82,0.5351,0.3904,0.3598,0.482
28,29,85,0.5194,0.4645,0.502,0.545
29,29,88,0.5445,0.5677,0.5513,0.4155
30,29,91,0.4463,0.4612,0.4961,0.5426
31,29,94,0.4535,0.5305,0.5066,0.5314
32,29,97,0.5441,0.5891,0.5598,0.4213
33,29,100,0.5287,0.4849,0.4696,0.5648
34,29,103,0.4311,0.4678,0.5911,0.5223
35,29,106,0.5124,0.514,0.3815,0.5718
36,29,109,0.6147,0.5599,0.5039,0.5867
37,29,112,0.557,0.5178,0.4205,0.4505
38,29,115,0.4872,0.4702,0.3928,0.4189
39,29,118,0.4847,0.5575,0.5121,0.5358
40,29,121,0.508,0.5008,0.5796,0.5584
41,29,124,0.5012,0.5009,0.5578,0.5344
42,29,127,0.5335,0.4461,0.4802,0.4779
43,29,130,0.5632,0.3837,0.3797,0.5203
44,29,133,0.5382,0.5152,0.3933,0.5642
45,29,136,0.5626,0.3909,0.4854,0.4495
46,29,139,0.3959,0.5008,0.5601,0.5087
47,29,142,0.4968,0.5318,0.4516,0.6058
48,29,145,0.3509,0.5517,0.5451,0.3811
49,29,148,0.5233,0.432,0.5204,0.4342
50,29,151,0.528,0.3885,0.4688,0.55
51,29,154,0.5365,0.4742,0.512,0.572
52,29,157,0.5296,0.4825,0.5088,0.4781
53,29,160,0.5922,0.5183,0.57,0.5325
54,29,163,0.4685,0.3861,0.5401,0.4858
55,29,166,0.4502,0.5249,0.4964,0.5407
56,29,169,0.5141,0.4797,0.4274,0.3885
57,29,172,0.4831,0.615,0.5267,0.4283
58,29,175,0.5043,0.4551,0.5156,0.5811
59,29,178,0.4344,0.4947,0.4271,0.5028
60,29,181,0.5827,0.5214,0.5446,0.527
61,29,184,0.4587,0.5234,0.5266,0.3402
62,29,187,0.5643,0.5091,0.6024,0.404
63,29,190,0.4782,0.5112,0.6051,0.4555
64,29,193,0.5851,0.4734,0.5365,0.5451
65,29,196,0.4105,0.4519,0.5265,0.5246
66,29,199,0.4849,0.4257,0.459,0.4039
67,29,202,0.5008,0.5335,0.4631,0.5707
68,29,205,0.576,0.5331,0.5976,0.586
69,29,208,0.4574,0.5733,0.4871,0.5253
70,29,211,0.5167,0.4867,0.4983,0.5009
71,29,214,0.4844,0.4899,0.4462,0.568
72,29,217,0.4199,0.4749,0.4448,0.46
73,29,220,0.3339,0.5666,0.5402,0.5886
74,29,223,0.5301,0.3878,0.5259,0.5208
75,29,226,0.4965,0.4434,0.4907,0.3904
76,29,229,0.4339,0.5148,0.5694,0.5953
77,29,232,0.4761,0.4903,0.4018,0.4853
78,29,235,0.4564,0.5376,0.3609,0.503
79,29,238,0.5186,0.3978,0.5278,0.5326
80,29,241,0.3974,0.4378,0.511,0.458
81,29,244,0.4278,0.4767,0.5409,0.3184
82,29,247,0.4155,0.4258,0.441,0.393
83,29,250,0.4533,0.5062,0.4798,0.4091
84,29,253,0.2816,0.574,0.5183,0.4006
85,29,256,0.4964,0.4013,0.3553,0.4739
86,29,259,0.3497,0.4288,0.4619,0.4112
87,29,262,0.4477,0.3869,0.5543,0.5834
88,29,265,0.494,0.4438,0.5202,0.5639
89,29,268,0.3153,0.4824,0.5407,0.3619
90,29,271,0.3523,0.3998,0.4493,0.4322
91,29,274,0.3141,0.3323,0.5247,0.4707
92,29,277,0.4936,0.5358,0.3261,0.5179
93,29,280,0.3037,0.5853,0.3957,0.4179
94,29,283,0.3418,0.4573,0.4015,0.4217
95,29,286,0.5815,0.415,0.4606,0.4423
96,29,289,0.4598,0.4823,0.4038,0.4799
97,29,292,0.4769,0.492,0.5785,0.3282
98,29,295,0.4426,0.4648,0.3317,0.3261
99,29,298,0.3434,0.2213,0.5429,0.3877
,Dataset#,L,att_1,att_2,att_3,att_4
0,30,1,0.4986,0.4771,0.4748,0.5439
1,30,4,0.5956,0.608,0.5552,0.5542
2,30,7,0.6826,0.6254,0.6515,0.6053
3,30,10,0.6553,0.6727,0.6347,0.6367
4,30,13,0.6674,0.703,0.6336,0.6186
5,30,16,0.6433,0.6638,0.6984,0.6514
6,30,19,0.6843,0.6651,0.6501,0.6666
7,30,22,0.6637,0.6639,0.6417,0.684
8,30,25,0.6818,0.6907,0.6858,0.64
9,30,28,0.688,0.6799,0.6716,0.6499
10,30,31,0.6732,0.6485,0.71,0.6733
11,30,34,0.6935,0.6733,0.6769,0.7169
12,30,37,0.683,0.6755,0.668,0.709
13,30,40,0.6589,0.7284,0.6916,0.6987
14,30,43,0.6838,0.663,0.6456,0.6899
15,30,46,0.6859,0.6778,0.6844,0.723
16,30,49,0.6857,0.6791,0.7167,0.7315
17,30,52,0.7115,0.6923,0.6837,0.6925
18,30,55,0.7301,0.681,0.6751,0.6603
19,30,58,0.6715,0.7104,0.6739,0.6881
20,30,61,0.7294,0.673,0.6784,0.7232
21,30,64,0.6453,0.7073,0.6923,0.7167
22,30,67,0.6688,0.7164,0.7038,0.6941
23,30,70,0.7387,0.6994,0.7348,0.7381
24,30,73,0.6793,0.7437,0.6655,0.7136
25,30,76,0.683,0.7302,0.7062,0.6959
26,30,79,0.6797,0.722,0.7305,0.7089
27,30,82,0.7301,0.7205,0.7134,0.7076
28,30,85,0.7009,0.7033,0.7146,0.748
29,30,88,0.7413,0.7009,0.7095,0.7405
30,30,91,0.741,0.7044,0.7225,0.7091
31,30,94,0.7266,0.6627,0.7531,0.7573
32,30,97,0.7364,0.6463,0.7211,0.7288
33,30,100,0.5557,0.761,0.5417,0.6991
34,30,103,0.7274,0.6935,0.7189,0.7437
35,30,106,0.7501,0.7259,0.6958,0.7017
36,30,109,0.7137,0.7184,0.7792,0.6914
37,30,112,0.576,0.7399,0.7266,0.7361
38,30,115,0.7129,0.7347,0.5576,0.7133
39,30,118,0.727,0.7278,0.7674,0.7349
40,30,121,0.6073,0.74,0.679,0.731
41,30,124,0.6808,0.7267,0.6019,0.6623
42,30,127,0.5858,0.7558,0.6341,0.5852
43,30,130,0.7267,0.729,0.6835,0.7402
44,30,133,0.6688,0.4426,0.6284,0.7093
45,30,136,0.583,0.697,0.56,0.6963
46,30,139,0.6957,0.7187,0.7426,0.7044
47,30,142,0.7404,0.7077,0.7353,0.7337
48,30,145,0.5717,0.5271,0.7389,0.7575
49,30,148,0.7465,0.6658,0.5872,0.7145
50,30,151,0.5791,0.4672,0.5639,0.7167
51,30,154,0.6574,0.4242,0.4612,0.5904
52,30,157,0.7257,0.7238,0.7615,0.6859
53,30,160,0.7059,0.7345,0.4258,0.7211
54,30,163,0.6984,0.5512,0.5798,0.6211
55,30,166,0.7562,0.575,0.3838,0.5798
56,30,169,0.7678,0.4382,0.619,0.4451
57,30,172,0.2543,0.7321,0.6781,0.4105
58,30,175,0.7229,0.7179,0.4469,0.7037
59,30,178,0.5963,0.6009,0.6838,0.5839
60,30,181,0.7171,0.5671,0.5751,0.7278
61,30,184,0.5519,0.4629,0.7161,0.4568
62,30,187,0.5848,0.6256,0.4552,0.6684
63,30,190,0.5679,0.6747,0.4526,0.7351
64,30,193,0.6196,0.4806,0.58,0.2505
65,30,196,0.4118,0.7216,0.2833,0.4371
66,30,199,0.7414,0.7191,0.5579,0.6312
67,30,202,0.5699,0.6899,0.5888,0.7499
68,30,205,0.4371,0.5587,0.5605,0.6445
69,30,208,0.4468,0.4234,0.5687,0.562
70,30,211,0.7351,0.4517,0.632,0.7137
71,30,214,0.5776,0.7307,0.6277,0.4923
72,30,217,0.5955,0.5325,0.4388,0.4641
73,30,220,0.7349,0.7012,0.6067,0.4337
74,30,223,0.7484,0.4179,0.606,0.6223
75,30,226,0.7025,0.4411,0.5844,0.3753
76,30,229,0.5959,0.5381,0.5633,0.5596
77,30,232,0.5866,0.7428,0.2486,0.585
78,30,235,0.6478,0.4128,0.5438,0.604
79,30,238,0.466,0.7253,0.6485,0.7091
80,30,241,0.4605,0.4243,0.4526,0.7582
81,30,244,0.7709,0.6299,0.6028,0.2825
82,30,247,0.4545,0.5563,0.607,0.753
83,30,250,0.7522,0.5474,0.7457,0.7299
84,30,253,0.4782,0.4289,0.7445,0.1333
85,30,256,0.7288,0.3264,0.4011,0.5714
86,30,259,0.7196,0.4367,0.6125,0.4183
87,30,262,0.4886,0.5819,0.602,0.7511
88,30,265,0.5903,0.7468,0.4348,0.719
89,30,268,0.6922,0.7148,0.6177,0.6448
90,30,271,0.7485,0.5791,0.4439,0.54
91,30,274,0.694,0.567,0.1333,0.4627
92,30,277,0.5002,0.6021,0.7063,0.5805
93,30,280,0.4691,0.5834,0.4051,0.7554
94,30,283,0.4249,0.6475,0.2712,0.4161
95,30,286,0.6111,0.5639,0.4864,0.4093
96,30,289,0.5591,0.5867,0.4446,0.3441
97,30,292,0.5419,0.5967,0.2921,0.6087
98,30,295,0.4389,0.409,0.4956,0.7321
99,30,298,0.7272,0.6288,0.6059,0.2854
,Dataset#,L,att_1,att_2,att_3,att_4
0,31,1,0.261,0.2394,0.2344,0.1995
1,31,4,0.303,0.3664,0.3433,0.3068
2,31,7,0.4026,0.3619,0.3518,0.3731
3,31,10,0.4059,0.4013,0.3957,0.424
4,31,13,0.3831,0.4049,0.4228,0.4091
5,31,16,0.4194,0.449,0.4247,0.4303
6,31,19,0.3984,0.4581,0.3855,0.4547
7,31,22,0.382,0.4569,0.4815,0.4074
8,31,25,0.4555,0.4324,0.4172,0.4479
9,31,28,0.4589,0.4462,0.3528,0.4365
10,31,31,0.3889,0.3943,0.4526,0.3724
11,31,34,0.4248,0.3978,0.4065,0.4297
12,31,37,0.4771,0.4471,0.4004,0.3499
13,31,40,0.4207,0.4358,0.4114,0.3861
14,31,43,0.4279,0.3773,0.4652,0.3633
15,31,46,0.4334,0.3944,0.4055,0.3851
16,31,49,0.4124,0.4584,0.4348,0.4214
17,31,52,0.3971,0.3856,0.4816,0.3978
18,31,55,0.3938,0.3674,0.4184,0.4418
19,31,58,0.3775,0.4035,0.4325,0.4067
20,31,61,0.4326,0.4621,0.3691,0.4114
21,31,64,0.3445,0.3618,0.4134,0.4485
22,31,67,0.3287,0.4695,0.4569,0.4372
23,31,70,0.4055,0.4022,0.4165,0.445
24,31,73,0.4167,0.4077,0.3505,0.3872
25,31,76,0.4398,0.4488,0.3801,0.3866
26,31,79,0.3726,0.3715,0.4294,0.3291
27,31,82,0.4333,0.3789,0.3947,0.4021
28,31,85,0.327,0.3864,0.3154,0.3695
29,31,88,0.3629,0.3482,0.3237,0.4127
30,31,91,0.3711,0.3635,0.406,0.3473
31,31,94,0.3515,0.3639,0.3426,0.3623
32,31,97,0.3806,0.4404,0.3534,0.3974
33,31,100,0.3486,0.3072,0.397,0.3742
34,31,103,0.2401,0.3822,0.4211,0.3017
35,31,106,0.3378,0.2846,0.346,0.3759
36,31,109,0.3413,0.4037,0.299,0.2964
37,31,112,0.3577,0.3967,0.3421,0.3543
38,31,115,0.2671,0.3205,0.4264,0.3055
39,31,118,0.3875,0.3941,0.2476,0.2496
40,31,121,0.4051,0.4494,0.3654,0.3186
41,31,124,0.3344,0.322,0.3626,0.3471
42,31,127,0.351,0.3092,0.3814,0.3221
43,31,130,0.3054,0.2269,0.3448,0.304
44,31,133,0.3087,0.358,0.3386,0.3988
45,31,136,0.4015,0.3422,0.2396,0.3104
46,31,139,0.3877,0.2911,0.3332,0.2751
47,31,142,0.3673,0.3408,0.2628,0.2428
48,31,145,0.3883,0.3608,0.4136,0.3085
49,31,148,0.3495,0.373,0.2796,0.3304
50,31,151,0.3913,0.3055,0.2213,0.2961
51,31,154,0.316,0.2826,0.2828,0.359
52,31,157,0.2005,0.3388,0.2821,0.2966
53,31,160,0.3899,0.2919,0.2955,0.3037
54,31,163,0.291,0.2599,0.391,0.3892
55,31,166,0.2889,0.3289,0.2408,0.1905
56,31,169,0.2396,0.3801,0.3024,0.2031
57,31,172,0.3503,0.2463,0.3302,0.3169
58,31,175,0.287,0.2134,0.2046,0.3213
59,31,178,0.2431,0.2391,0.283,0.2629
60,31,181,0.349,0.245,0.3397,0.2553
61,31,184,0.3166,0.3128,0.2968,0.2359
62,31,187,0.2937,0.3535,0.2056,0.331
63,31,190,0.3228,0.3489,0.2648,0.2882
64,31,193,0.289,0.3123,0.3129,0.3523
65,31,196,0.2212,0.2514,0.2137,0.3715
66,31,199,0.4126,0.273,0.2483,0.3329
67,31,202,0.2315,0.3306,0.1882,0.2328
68,31,205,0.2534,0.1978,0.3487,0.2688
69,31,208,0.2832,0.2192,0.3559,0.2539
70,31,211,0.2105,0.3235,0.2203,0.1917
71,31,214,0.3793,0.2942,0.3748,0.2668
72,31,217,0.2827,0.4086,0.3068,0.1778
73,31,220,0.2432,0.3086,0.2107,0.3815
74,31,223,0.2404,0.3427,0.2654,0.2784
75,31,226,0.3195,0.3149,0.2633,0.2483
76,31,229,0.1912,0.222,0.2476,0.2124
77,31,232,0.3065,0.2163,0.1555,0.1253
78,31,235,0.396,0.2744,0.2803,0.2197
79,31,238,0.1836,0.2288,0.3179,0.2377
80,31,241,0.2853,0.2279,0.2999,0.2201
81,31,244,0.2592,0.2926,0.1758,0.2486
82,31,247,0.1734,0.2403,0.179,0.2322
83,31,250,0.1694,0.1944,0.243,0.3188
84,31,253,0.3177,0.2502,0.3146,0.239
85,31,256,0.2398,0.2668,0.2057,0.2934
86,31,259,0.232,0.1395,0.2756,0.2967
87,31,262,0.2207,0.2552,0.2392,0.3396
88,31,265,0.1909,0.1848,0.2648,0.309
89,31,268,0.1647,0.2892,0.2565,0.2353
90,31,271,0.2568,0.219,0.2185,0.2524
91,31,274,0.2734,0.3136,0.2604,0.1903
92,31,277,0.1743,0.3076,0.3064,0.2503
93,31,280,0.08272,0.262,0.1593,0.2911
94,31,283,0.351,0.1609,0.2402,0.1316
95,31,286,0.2684,0.1671,0.2254,0.2289
96,31,289,0.2926,0.3765,0.1544,0.2405
97,31,292,0.2838,0.2974,0.1766,0.2562
98,31,295,0.3507,0.2539,0.174,0.2044
99,31,298,0.2639,0.2242,0.2095,0.2176
,Dataset#,L,att_1,att_2,att_3,att_4
0,32,1,0.2754,0.2644,0.2871,0.2524
1,32,4,0.2504,0.3047,0.2929,0.3298
2,32,7,0.3365,0.3372,0.3348,0.2871
3,32,10,0.3059,0.2955,0.355,0.3243
4,32,13,0.2504,0.32,0.3001,0.3802
5,32,16,0.3742,0.3309,0.3496,0.3599
6,32,19,0.3589,0.3231,0.3739,0.3871
7,32,22,0.2971,0.374,0.3514,0.3753
8,32,25,0.3211,0.3289,0.3453,0.373
9,32,28,0.3297,0.3647,0.3016,0.3618
10,32,31,0.3826,0.2843,0.3565,0.405
11,32,34,0.3125,0.2996,0.3167,0.3643
12,32,37,0.3332,0.3348,0.2804,0.2852
13,32,40,0.2963,0.3621,0.3469,0.331
14,32,43,0.3688,0.3127,0.3453,0.3211
15,32,46,0.3024,0.384,0.3559,0.3223
16,32,49,0.3217,0.278,0.289,0.2558
17,32,52,0.3136,0.3604,0.3076,0.3642
18,32,55,0.3496,0.2856,0.373,0.3475
19,32,58,0.2667,0.3361,0.4039,0.257
20,32,61,0.2804,0.3414,0.3312,0.3282
21,32,64,0.2629,0.2916,0.3235,0.4037
22,32,67,0.331,0.3265,0.2746,0.3126
23,32,70,0.2593,0.3171,0.3239,0.3294
24,32,73,0.3594,0.2724,0.3449,0.291
25,32,76,0.2704,0.3305,0.3118,0.2947
26,32,79,0.3271,0.3808,0.3205,0.3784
27,32,82,0.3763,0.3133,0.2596,0.2947
28,32,85,0.312,0.3076,0.2704,0.2712
29,32,88,0.3154,0.3061,0.2994,0.2283
30,32,91,0.3087,0.2649,0.2628,0.2755
31,32,94,0.275,0.2261,0.3479,0.3003
32,32,97,0.2562,0.2363,0.2464,0.2534
33,32,100,0.2971,0.2554,0.3155,0.3186
34,32,103,0.2721,0.3566,0.2855,0.2705
35,32,106,0.27,0.263,0.2842,0.3837
36,32,109,0.3301,0.3137,0.2481,0.2818
37,32,112,0.3602,0.2607,0.3525,0.2831
38,32,115,0.2807,0.2423,0.2582,0.2641
39,32,118,0.2604,0.2367,0.2664,0.3469
40,32,121,0.2533,0.2993,0.2262,0.2326
41,32,124,0.2304,0.3082,0.3336,0.2414
42,32,127,0.3295,0.3186,0.312,0.3052
43,32,130,0.255,0.2418,0.2421,0.2606
44,32,133,0.261,0.3021,0.2639,0.2752
45,32,136,0.3952,0.2232,0.3205,0.3022
46,32,139,0.3385,0.2431,0.3487,0.2385
47,32,142,0.2872,0.2545,0.3742,0.295
48,32,145,0.3383,0.2881,0.2692,0.3279
49,32,148,0.2562,0.2495,0.2865,0.2659
50,32,151,0.2922,0.3126,0.2317,0.3576
51,32,154,0.2932,0.2878,0.2587,0.2988
52,32,157,0.2703,0.3097,0.2414,0.2639
53,32,160,0.2853,0.3937,0.283,0.3245
54,32,163,0.3735,0.2962,0.2908,0.2429
55,32,166,0.2821,0.25,0.3252,0.3221
56,32,169,0.2463,0.2418,0.293,0.2771
57,32,172,0.3013,0.231,0.2686,0.2493
58,32,175,0.241,0.313,0.3462,0.2448
59,32,178,0.3077,0.2954,0.3379,0.2806
60,32,181,0.2466,0.2661,0.3418,0.2946
61,32,184,0.2863,0.282,0.2646,0.3436
62,32,187,0.3363,0.2535,0.3276,0.2547
63,32,190,0.2815,0.2336,0.2959,0.3498
64,32,193,0.2959,0.3291,0.3149,0.2239
65,32,196,0.3285,0.2958,0.3195,0.2784
66,32,199,0.2867,0.3315,0.3149,0.3075
67,32,202,0.2957,0.2319,0.3227,0.2699
68,32,205,0.2893,0.2615,0.2614,0.2242
69,32,208,0.3139,0.2937,0.2734,0.2815
70,32,211,0.3277,0.2326,0.3134,0.3508
71,32,214,0.3313,0.3575,0.2293,0.2619
72,32,217,0.2783,0.2803,0.2608,0.2748
73,32,220,0.2945,0.2961,0.3641,0.2504
74,32,223,0.2721,0.3161,0.3168,0.2865
75,32,226,0.3694,0.2709,0.2811,0.2485
76,32,229,0.3697,0.2773,0.2981,0.2847
77,32,232,0.1959,0.3454,0.2926,0.3085
78,32,235,0.2899,0.3169,0.2813,0.2733
79,32,238,0.2822,0.2862,0.2791,0.339
80,32,241,0.2428,0.3572,0.3023,0.3565
81,32,244,0.3211,0.3426,0.2793,0.2467
82,32,247,0.273,0.2431,0.3438,0.1749
83,32,250,0.2032,0.3357,0.3266,0.2724
84,32,253,0.2429,0.2667,0.3202,0.283
85,32,256,0.2508,0.2366,0.2842,0.3373
86,32,259,0.2071,0.2359,0.2432,0.3152
87,32,262,0.2439,0.2852,0.2334,0.2559
88,32,265,0.2949,0.2163,0.1733,0.2631
89,32,268,0.291,0.2973,0.2489,0.277
90,32,271,0.2913,0.2956,0.2475,0.3283
91,32,274,0.2823,0.294,0.2077,0.1976
92,32,277,0.2575,0.292,0.3039,0.3236
93,32,280,0.2834,0.221,0.2845,0.2283
94,32,283,0.302,0.2924,0.3043,0.3692
95,32,286,0.3252,0.2302,0.2277,0.3675
96,32,289,0.2921,0.3282,0.2508,0.2235
97,32,292,0.1835,0.2465,0.2824,0.2351
98,32,295,0.2857,0.2783,0.3398,0.3074
99,32,298,0.2271,0.1615,0.2523,0.2
,Dataset#,L,att_1,att_2,att_3,att_4
0,33,1,0.4633,0.462,0.5059,0.4308
1,33,4,0.5799,0.5594,0.5549,0.5587
2,33,7,0.5642,0.5663,0.568,0.5879
3,33,10,0.6073,0.6066,0.6085,0.6376
4,33,13,0.6752,0.6555,0.6546,0.6569
5,33,16,0.6812,0.6432,0.656,0.6229
6,33,19,0.6342,0.6558,0.6953,0.7094
7,33,22,0.6685,0.6493,0.6681,0.6848
8,33,25,0.6674,0.6578,0.7183,0.6522
9,33,28,0.7004,0.7233,0.6262,0.6845
10,33,31,0.669,0.707,0.7272,0.6595
11,33,34,0.6807,0.6344,0.7072,0.7139
12,33,37,0.7083,0.6983,0.7338,0.7055
13,33,40,0.6899,0.7103,0.7058,0.694
14,33,43,0.661,0.6953,0.7035,0.7244
15,33,46,0.7216,0.6769,0.713,0.7069
16,33,49,0.6937,0.6388,0.7458,0.6587
17,33,52,0.648,0.6533,0.673,0.6539
18,33,55,0.7267,0.7043,0.6712,0.7244
19,33,58,0.6611,0.7451,0.6997,0.6708
20,33,61,0.6537,0.6944,0.6468,0.7032
21,33,64,0.7,0.701,0.6756,0.7574
22,33,67,0.7099,0.703,0.685,0.6735
23,33,70,0.6762,0.7227,0.6742,0.6553
24,33,73,0.6698,0.6665,0.6839,0.6662
25,33,76,0.6613,0.7064,0.7159,0.7166
26,33,79,0.6723,0.6051,0.7174,0.689
27,33,82,0.6514,0.6698,0.6859,0.7257
28,33,85,0.6313,0.7116,0.604,0.7039
29,33,88,0.6929,0.6513,0.6552,0.6953
30,33,91,0.6465,0.7082,0.6247,0.6625
31,33,94,0.6734,0.6888,0.6806,0.6659
32,33,97,0.6787,0.6689,0.6376,0.7102
33,33,100,0.7055,0.645,0.7071,0.7325
34,33,103,0.6946,0.7269,0.6387,0.6794
35,33,106,0.6832,0.6763,0.6972,0.6524
36,33,109,0.6264,0.6918,0.6717,0.6873
37,33,112,0.6358,0.6156,0.65,0.6634
38,33,115,0.5988,0.6306,0.735,0.6615
39,33,118,0.7176,0.6965,0.6926,0.6442
40,33,121,0.6879,0.5754,0.6974,0.6886
41,33,124,0.6337,0.6652,0.625,0.6031
42,33,127,0.543,0.6197,0.4749,0.6793
43,33,130,0.6427,0.7009,0.5986,0.6906
44,33,133,0.6658,0.6038,0.6737,0.6448
45,33,136,0.6789,0.6597,0.6099,0.6373
46,33,139,0.6373,0.6301,0.732,0.6367
47,33,142,0.6092,0.6732,0.4274,0.5909
48,33,145,0.7354,0.6496,0.6668,0.6981
49,33,148,0.5857,0.67,0.6476,0.6506
50,33,151,0.6969,0.5933,0.5054,0.6792
51,33,154,0.5317,0.6018,0.4218,0.6313
52,33,157,0.7033,0.5042,0.503,0.6777
53,33,160,0.5184,0.639,0.6744,0.6505
54,33,163,0.7171,0.6761,0.6282,0.5617
55,33,166,0.5823,0.584,0.5698,0.5464
56,33,169,0.6993,0.5888,0.5411,0.5744
57,33,172,0.5831,0.6144,0.658,0.6666
58,33,175,0.5836,0.478,0.6102,0.6253
59,33,178,0.6743,0.5855,0.6803,0.5184
60,33,181,0.6866,0.6003,0.5378,0.6565
61,33,184,0.6485,0.7122,0.6552,0.5029
62,33,187,0.5441,0.6007,0.5511,0.6626
63,33,190,0.6728,0.62,0.5379,0.5844
64,33,193,0.6255,0.5643,0.7196,0.432
65,33,196,0.6194,0.5146,0.5305,0.588
66,33,199,0.6603,0.6392,0.4503,0.6708
67,33,202,0.2437,0.5507,0.5039,0.6825
68,33,205,0.5039,0.5697,0.4657,0.6496
69,33,208,0.6457,0.5046,0.5585,0.5143
70,33,211,0.581,0.7042,0.4796,0.5147
71,33,214,0.6382,0.7125,0.4667,0.3823
72,33,217,0.6096,0.5855,0.6486,0.6581
73,33,220,0.5499,0.4875,0.6105,0.5802
74,33,223,0.4215,0.5414,0.5776,0.5868
75,33,226,0.3834,0.5682,0.5938,0.5837
76,33,229,0.3922,0.4683,0.5101,0.6319
77,33,232,0.2856,0.5989,0.562,0.5928
78,33,235,0.659,0.606,0.5445,0.5579
79,33,238,0.5906,0.4423,0.6251,0.3732
80,33,241,0.5554,0.6156,0.4673,0.573
81,33,244,0.5794,0.4963,0.5883,0.4781
82,33,247,0.5073,0.3459,0.5635,0.3309
83,33,250,0.6478,0.5798,0.4453,0.6375
84,33,253,0.5854,0.4927,0.3095,0.4348
85,33,256,0.4384,0.4291,0.3646,0.5705
86,33,259,0.638,0.5371,0.6187,0.3308
87,33,262,0.5493,0.304,0.6152,0.4714
88,33,265,0.5562,0.7093,0.6099,0.6607
89,33,268,0.2777,0.4787,0.4463,0.5495
90,33,271,0.6678,0.6003,0.528,0.5361
91,33,274,0.5076,0.4139,0.4689,0.3776
92,33,277,0.5272,0.6594,0.5809,0.5868
93,33,280,0.5904,0.506,0.4126,0.5244
94,33,283,0.613,0.4824,0.2684,0.2707
95,33,286,0.5954,0.632,0.2657,0.544
96,33,289,0.619,0.5022,0.6233,0.5259
97,33,292,0.4785,0.5422,0.4603,0.6604
98,33,295,0.6535,0.5852,0.608,0.551
99,33,298,0.4145,0.4834,0.4312,0.415
,Dataset#,L,att_1,att_2,att_3,att_4
0,34,1,0.7123,0.8872,0.6714,0.6374
1,34,4,0.8627,0.9199,0.919,0.9255
2,34,7,0.9539,0.9621,0.9689,0.9527
3,34,10,0.9534,0.9464,0.9452,0.9584
4,34,13,0.9529,0.9636,0.9409,0.9638
5,34,16,0.9611,0.9549,0.9442,0.9529
6,34,19,0.9549,0.9518,0.9528,0.9544
7,34,22,0.9521,0.9519,0.9657,0.9606
8,34,25,0.955,0.9524,0.9607,0.9548
9,34,28,0.9567,0.9632,0.9581,0.9551
10,34,31,0.9602,0.9576,0.9498,0.9555
11,34,34,0.9606,0.9498,0.9578,0.9596
12,34,37,0.9527,0.9523,0.9495,0.9654
13,34,40,0.9573,0.9531,0.9682,0.9658
14,34,43,0.9496,0.8852,0.8761,0.9621
15,34,46,0.8736,0.8813,0.9654,0.8709
16,34,49,0.957,0.8723,0.8861,0.8717
17,34,52,0.8761,0.8686,0.9159,0.9552
18,34,55,0.9654,0.8886,0.9552,0.8782
19,34,58,0.8814,0.9555,0.9503,0.942
20,34,61,0.8807,0.7952,0.9525,0.9626
21,34,64,0.8683,0.8799,0.9577,0.9626
22,34,67,0.8954,0.7916,0.8858,0.7963
23,34,70,0.9574,0.8739,0.8885,0.7968
24,34,73,0.8627,0.9626,0.8822,0.9633
25,34,76,0.8696,0.963,0.8773,0.9584
26,34,79,0.7961,0.8747,0.9571,0.9602
27,34,82,0.9529,0.707,0.8759,0.9562
28,34,85,0.8664,0.9498,0.881,0.8756
29,34,88,0.9549,0.784,0.961,0.7843
30,34,91,0.9452,0.791,0.86,0.9631
31,34,94,0.8651,0.8771,0.8786,0.9654
32,34,97,0.9658,0.8718,0.8028,0.8728
33,34,100,0.8909,0.8693,0.8716,0.8776
34,34,103,0.8909,0.8711,0.9602,0.9628
35,34,106,0.7935,0.7979,0.9604,0.7047
36,34,109,0.7819,0.8789,0.8713,0.8684
37,34,112,0.8795,0.9582,0.8732,0.8695
38,34,115,0.8657,0.6328,0.7911,0.7834
39,34,118,0.7878,0.8648,0.7078,0.9521
40,34,121,0.7846,0.9583,0.8773,0.953
41,34,124,0.7184,0.8599,0.7991,0.8753
42,34,127,0.9556,0.7853,0.9564,0.8662
43,34,130,0.886,0.8763,0.8735,0.8681
44,34,133,0.7853,0.9633,0.8077,0.8817
45,34,136,0.9597,0.961,0.8801,0.8672
46,34,139,0.9657,0.9582,0.8664,0.7827
47,34,142,0.874,0.6236,0.8741,0.8769
48,34,145,0.7955,0.898,0.9733,0.7839
49,34,148,0.9537,0.8767,0.8794,0.9554
50,34,151,0.792,0.8745,0.9635,0.8721
51,34,154,0.953,0.867,0.8772,0.8674
52,34,157,0.8783,0.8788,0.9554,0.8007
53,34,160,0.7171,0.8699,0.8789,0.8789
54,34,163,0.8719,0.9498,0.7946,0.8077
55,34,166,0.8773,0.9498,0.7864,0.7153
56,34,169,0.8762,0.8721,0.9626,0.7954
57,34,172,0.8703,0.7178,0.9624,0.8677
58,34,175,0.8698,0.9534,0.8878,0.8908
59,34,178,0.8007,0.7849,0.7937,0.8703
60,34,181,0.9488,0.88,0.8861,0.7811
61,34,184,0.8745,0.8773,0.8076,0.8628
62,34,187,0.8762,0.6975,0.7977,0.9604
63,34,190,0.8814,0.9577,0.8683,0.7051
64,34,193,0.9499,0.9681,0.8766,0.8026
65,34,196,0.8732,0.9554,0.8595,0.8727
66,34,199,0.8747,0.9534,0.9679,0.8837
67,34,202,0.864,0.7855,0.9534,0.6213
68,34,205,0.8933,0.782,0.707,0.8704
69,34,208,0.8617,0.703,0.8753,0.8612
70,34,211,0.8765,0.8813,0.9589,0.9548
71,34,214,0.7866,0.7912,0.9559,0.9511
72,34,217,0.7963,0.9635,0.9529,0.8805
73,34,220,0.8741,0.9537,0.703,0.784
74,34,223,0.8665,0.7887,0.793,0.6989
75,34,226,0.8053,0.9479,0.8077,0.8656
76,34,229,0.8763,0.87,0.8784,0.6225
77,34,232,0.7663,0.7032,0.6031,0.689
78,34,235,0.7839,0.8759,0.8705,0.7924
79,34,238,0.7609,0.9608,0.8643,0.8607
80,34,241,0.7822,0.7602,0.6822,0.8572
81,34,244,0.6634,0.6812,0.8652,0.7914
82,34,247,0.9631,0.8711,0.6907,0.7877
83,34,250,0.9514,0.6053,0.7864,0.7763
84,34,253,0.863,0.9596,0.9634,0.803
85,34,256,0.681,0.9631,0.6976,0.5965
86,34,259,0.7103,0.8599,0.8012,0.8018
87,34,262,0.6248,0.7965,0.7916,0.7888
88,34,265,0.7864,0.5935,0.7566,0.6878
89,34,268,0.6879,0.4911,0.9513,0.677
90,34,271,0.784,0.9512,0.8681,0.8721
91,34,274,0.7552,0.868,0.6883,0.8711
92,34,277,0.7093,0.6813,0.8027,0.8601
93,34,280,0.7161,0.9436,0.7986,0.9494
94,34,283,0.6793,0.7993,0.7761,0.8837
95,34,286,0.803,0.5883,0.7897,0.4862
96,34,289,0.6989,0.7032,0.6238,0.7098
97,34,292,0.8584,0.5939,0.762,0.8741
98,34,295,0.5058,0.4062,0.4738,0.5907
99,34,298,0.9415,0.8556,0.8814,0.8834
,Dataset#,L,att_1,att_2,att_3,att_4
0,35,1,0.4574,0.4588,0.4596,0.4457
1,35,4,0.4543,0.4649,0.4605,0.4681
2,35,7,0.4866,0.4627,0.4939,0.4914
3,35,10,0.4881,0.4966,0.514,0.507
4,35,13,0.502,0.5062,0.5308,0.5025
5,35,16,0.5041,0.5338,0.5319,0.4964
6,35,19,0.5118,0.5388,0.5467,0.5359
7,35,22,0.5436,0.5161,0.5244,0.5396
8,35,25,0.5358,0.5383,0.54,0.5315
9,35,28,0.5404,0.5176,0.5532,0.54
10,35,31,0.5304,0.5315,0.5445,0.5373
11,35,34,0.5288,0.5469,0.5455,0.5425
12,35,37,0.5473,0.5634,0.5232,0.5349
13,35,40,0.5487,0.5436,0.5352,0.5426
14,35,43,0.5552,0.5623,0.5452,0.5312
15,35,46,0.5574,0.5626,0.5569,0.5559
16,35,49,0.5222,0.5438,0.5632,0.5393
17,35,52,0.5495,0.5388,0.5608,0.5508
18,35,55,0.5557,0.5401,0.5603,0.5485
19,35,58,0.5437,0.5332,0.5294,0.552
20,35,61,0.5448,0.5435,0.5626,0.5237
21,35,64,0.5517,0.557,0.5097,0.4987
22,35,67,0.5211,0.5351,0.5383,0.5483
23,35,70,0.533,0.5537,0.5369,0.532
24,35,73,0.5634,0.5322,0.5314,0.5321
25,35,76,0.5409,0.5296,0.5354,0.5574
26,35,79,0.5082,0.5114,0.5278,0.5402
27,35,82,0.5219,0.558,0.543,0.5374
28,35,85,0.5026,0.5436,0.5599,0.5362
29,35,88,0.5319,0.5055,0.5203,0.5352
30,35,91,0.4891,0.5335,0.5277,0.5476
31,35,94,0.5199,0.5461,0.5561,0.5675
32,35,97,0.528,0.5524,0.5471,0.5214
33,35,100,0.5341,0.5302,0.5405,0.5496
34,35,103,0.5276,0.5175,0.5318,0.5087
35,35,106,0.5377,0.5584,0.5238,0.5439
36,35,109,0.5193,0.5448,0.5231,0.5496
37,35,112,0.5407,0.5269,0.5303,0.5283
38,35,115,0.5071,0.5242,0.512,0.5313
39,35,118,0.5131,0.5508,0.4891,0.4123
40,35,121,0.5136,0.5422,0.4969,0.5206
41,35,124,0.5467,0.5199,0.5472,0.5445
42,35,127,0.5287,0.5218,0.4857,0.5151
43,35,130,0.5208,0.5356,0.5219,0.5318
44,35,133,0.5097,0.5272,0.5331,0.5101
45,35,136,0.5036,0.4894,0.5072,0.4942
46,35,139,0.5094,0.5467,0.5391,0.4101
47,35,142,0.5141,0.5281,0.5226,0.527
48,35,145,0.5438,0.5359,0.4894,0.5323
49,35,148,0.5373,0.5251,0.5363,0.5258
50,35,151,0.5621,0.5369,0.4035,0.3504
51,35,154,0.5479,0.3102,0.5538,0.54
52,35,157,0.5229,0.5374,0.4186,0.5223
53,35,160,0.5037,0.5308,0.2925,0.5072
54,35,163,0.4146,0.3446,0.5278,0.5123
55,35,166,0.5491,0.5397,0.4257,0.5397
56,35,169,0.5485,0.4991,0.5144,0.5033
57,35,172,0.5049,0.5052,0.5392,0.5339
58,35,175,0.4404,0.5259,0.3543,0.5008
59,35,178,0.522,0.5496,0.4111,0.5385
60,35,181,0.55,0.4711,0.4884,0.412
61,35,184,0.4988,0.5464,0.4426,0.5086
62,35,187,0.5082,0.5225,0.5201,0.5185
63,35,190,0.5338,0.5392,0.5223,0.5483
64,35,193,0.3937,0.5165,0.4258,0.5436
65,35,196,0.5509,0.5103,0.4514,0.486
66,35,199,0.3999,0.5315,0.5249,0.547
67,35,202,0.529,0.4626,0.5403,0.4056
68,35,205,0.5158,0.3971,0.4966,0.4808
69,35,208,0.5586,0.3895,0.4283,0.5058
70,35,211,0.4092,0.4979,0.5064,0.5008
71,35,214,0.3951,0.4363,0.3608,0.4024
72,35,217,0.5383,0.3897,0.4539,0.5252
73,35,220,0.5147,0.3858,0.4547,0.436
74,35,223,0.5327,0.3804,0.4997,0.2858
75,35,226,0.1923,0.4171,0.4909,0.5226
76,35,229,0.5159,0.4044,0.4154,0.5301
77,35,232,0.5174,0.4112,0.5335,0.3939
78,35,235,0.3746,0.3255,0.4117,0.4425
79,35,238,0.4748,0.5106,0.2754,0.5269
80,35,241,0.4331,0.5306,0.4896,0.4967
81,35,244,0.5319,0.5179,0.4961,0.3386
82,35,247,0.534,0.4299,0.3981,0.4197
83,35,250,0.5024,0.4178,0.5327,0.5322
84,35,253,0.4431,0.4945,0.4839,0.4955
85,35,256,0.5033,0.4663,0.512,0.2986
86,35,259,0.5393,0.5048,0.5108,0.397
87,35,262,0.4141,0.4461,0.4903,0.4961
88,35,265,0.5399,0.3913,0.4066,0.4295
89,35,268,0.4315,0.2652,0.3886,0.3015
90,35,271,0.5249,0.311,0.4499,0.4379
91,35,274,0.267,0.3113,0.5099,0.4818
92,35,277,0.3976,0.5374,0.5244,0.5259
93,35,280,0.3255,0.4785,0.4121,0.4002
94,35,283,0.497,0.2921,0.403,0.4012
95,35,286,0.2872,0.3057,0.3075,0.5313
96,35,289,0.5202,0.3583,0.406,0.4056
97,35,292,0.4712,0.4118,0.3412,0.3849
98,35,295,0.3925,0.5013,0.4068,0.4992
99,35,298,0.4493,0.5276,0.2874,0.413
,Dataset#,L,att_1,att_2,att_3,att_4
0,36,1,0.6375,0.7778,0.6439,0.689
1,36,4,0.786,0.7992,0.7224,0.8046
2,36,7,0.8254,0.8318,0.7978,0.7959
3,36,10,0.818,0.8215,0.8043,0.8228
4,36,13,0.8229,0.8059,0.828,0.832
5,36,16,0.8218,0.8139,0.8201,0.8188
6,36,19,0.8361,0.8253,0.8309,0.8325
7,36,22,0.8318,0.8114,0.8278,0.8173
8,36,25,0.8322,0.8308,0.8311,0.8276
9,36,28,0.8306,0.8302,0.823,0.8214
10,36,31,0.8128,0.8303,0.8114,0.8288
11,36,34,0.8243,0.8105,0.8397,0.8367
12,36,37,0.8217,0.8199,0.819,0.8296
13,36,40,0.8279,0.8374,0.8248,0.8261
14,36,43,0.8211,0.8365,0.828,0.8206
15,36,46,0.8197,0.833,0.8247,0.8316
16,36,49,0.8243,0.8378,0.8189,0.8267
17,36,52,0.8339,0.8222,0.8293,0.829
18,36,55,0.8371,0.8168,0.8214,0.8276
19,36,58,0.8273,0.819,0.8197,0.8287
20,36,61,0.8378,0.8295,0.82,0.8306
21,36,64,0.8261,0.8188,0.8343,0.8304
22,36,67,0.8214,0.8296,0.8302,0.8299
23,36,70,0.8208,0.8241,0.8126,0.8347
24,36,73,0.8296,0.826,0.8289,0.8205
25,36,76,0.8266,0.8225,0.8275,0.8046
26,36,79,0.8259,0.8356,0.8269,0.8284
27,36,82,0.8348,0.8277,0.8103,0.8116
28,36,85,0.83,0.8242,0.8092,0.8195
29,36,88,0.848,0.7,0.8187,0.8237
30,36,91,0.8296,0.8168,0.8244,0.8337
31,36,94,0.8341,0.8183,0.8087,0.8271
32,36,97,0.8183,0.8331,0.8325,0.7748
33,36,100,0.8253,0.8148,0.8194,0.8354
34,36,103,0.8223,0.8373,0.8217,0.8181
35,36,106,0.8013,0.8224,0.8375,0.7642
36,36,109,0.7672,0.8163,0.8237,0.8406
37,36,112,0.8209,0.8374,0.8331,0.8329
38,36,115,0.8339,0.7057,0.8249,0.8211
39,36,118,0.8295,0.8165,0.7035,0.7486
40,36,121,0.7452,0.8332,0.8164,0.7885
41,36,124,0.8171,0.8236,0.7551,0.8098
42,36,127,0.829,0.764,0.8372,0.8109
43,36,130,0.8213,0.8052,0.8356,0.7635
44,36,133,0.749,0.8184,0.7369,0.8348
45,36,136,0.7581,0.8183,0.8229,0.7574
46,36,139,0.7601,0.8375,0.8208,0.7553
47,36,142,0.7566,0.6752,0.826,0.822
48,36,145,0.816,0.8223,0.7564,0.7592
49,36,148,0.8363,0.7546,0.7533,0.6249
50,36,151,0.8319,0.7417,0.821,0.6847
51,36,154,0.833,0.7413,0.7494,0.8148
52,36,157,0.8097,0.8222,0.7633,0.8177
53,36,160,0.8053,0.8064,0.8191,0.8308
54,36,163,0.8261,0.6859,0.8185,0.8138
55,36,166,0.7675,0.6888,0.6655,0.8192
56,36,169,0.6855,0.7033,0.8124,0.707
57,36,172,0.8122,0.7558,0.7195,0.702
58,36,175,0.6749,0.741,0.8302,0.6819
59,36,178,0.6082,0.7538,0.6971,0.7476
60,36,181,0.8311,0.8154,0.8252,0.695
61,36,184,0.7437,0.6107,0.8287,0.819
62,36,187,0.7583,0.818,0.8252,0.7597
63,36,190,0.7515,0.7464,0.7687,0.7616
64,36,193,0.8136,0.8191,0.6795,0.7168
65,36,196,0.8045,0.7597,0.7678,0.8343
66,36,199,0.6282,0.8088,0.7524,0.7814
67,36,202,0.8163,0.748,0.8151,0.8007
68,36,205,0.8261,0.7471,0.7449,0.6291
69,36,208,0.8278,0.7471,0.8077,0.8178
70,36,211,0.8163,0.7482,0.755,0.7377
71,36,214,0.7982,0.7411,0.7586,0.758
72,36,217,0.7552,0.7431,0.6743,0.7218
73,36,220,0.6559,0.8157,0.6834,0.643
74,36,223,0.6292,0.7667,0.7455,0.8175
75,36,226,0.8385,0.5833,0.5997,0.7019
76,36,229,0.5144,0.6918,0.8141,0.7625
77,36,232,0.5286,0.8157,0.7687,0.8147
78,36,235,0.6038,0.6842,0.4846,0.5778
79,36,238,0.6657,0.7485,0.5811,0.8183
80,36,241,0.7438,0.7307,0.6281,0.7477
81,36,244,0.6354,0.5844,0.694,0.734
82,36,247,0.7383,0.7486,0.7556,0.752
83,36,250,0.7422,0.8204,0.7642,0.7517
84,36,253,0.7927,0.8263,0.694,0.3715
85,36,256,0.7957,0.5697,0.4626,0.7587
86,36,259,0.7447,0.6812,0.8255,0.8207
87,36,262,0.4422,0.7343,0.5919,0.8062
88,36,265,0.5902,0.6092,0.743,0.6537
89,36,268,0.6299,0.7471,0.672,0.7531
90,36,271,0.6902,0.6378,0.6486,0.6224
91,36,274,0.755,0.5673,0.5479,0.6648
92,36,277,0.791,0.6741,0.7935,0.4953
93,36,280,0.7553,0.6741,0.566,0.5076
94,36,283,0.7519,0.7484,0.6856,0.3553
95,36,286,0.5173,0.694,0.6954,0.8073
96,36,289,0.8052,0.428,0.3206,0.4323
97,36,292,0.83,0.4814,0.7998,0.6725
98,36,295,0.8083,0.6992,0.3996,0.5764
99,36,298,0.6283,0.5965,0.6861,0.7396
,Dataset#,L,att_1,att_2,att_3,att_4
0,37,1,0.9293,0.8027,0.9702,0.7579
1,37,4,0.9905,1,0.9905,0.9905
2,37,7,1,1,1,1
3,37,10,1,1,1,1
4,37,13,1,1,1,1
5,37,16,1,1,1,1
6,37,19,1,1,1,1
7,37,22,1,1,1,1
8,37,25,1,1,1,1
9,37,28,1,1,1,1
10,37,31,1,1,1,1
11,37,34,1,1,1,1
12,37,37,1,1,1,1
13,37,40,1,1,1,1
14,37,43,1,1,1,1
15,37,46,1,1,1,1
16,37,49,1,1,1,1
17,37,52,1,1,1,1
18,37,55,1,1,1,1
19,37,58,1,1,1,1
20,37,61,1,1,1,1
21,37,64,1,1,1,1
22,37,67,1,1,1,1
23,37,70,1,1,1,1
24,37,73,1,1,1,1
25,37,76,1,1,1,1
26,37,79,1,1,1,1
27,37,82,1,1,1,1
28,37,85,1,1,1,1
29,37,88,1,1,1,1
30,37,91,1,1,1,1
31,37,94,1,1,1,1
32,37,97,1,1,1,1
33,37,100,1,1,1,1
34,37,103,1,1,1,1
35,37,106,1,1,1,1
36,37,109,1,1,1,1
37,37,112,1,1,1,1
38,37,115,1,1,1,1
39,37,118,1,1,1,1
40,37,121,1,1,1,1
41,37,124,1,1,1,1
42,37,127,1,1,1,1
43,37,130,1,1,1,0.8571
44,37,133,1,1,0.8571,1
45,37,136,1,1,1,1
46,37,139,1,1,0.8571,1
47,37,142,1,0.8571,1,1
48,37,145,1,1,1,1
49,37,148,1,1,0.8571,0.8571
50,37,151,0.8571,1,1,1
51,37,154,1,1,1,1
52,37,157,1,0.8571,1,1
53,37,160,1,0.8571,1,0.8571
54,37,163,1,0.892,1,0.8571
55,37,166,1,1,0.8571,1
56,37,169,1,1,1,1
57,37,172,0.7143,1,1,1
58,37,175,0.7143,0.8571,1,1
59,37,178,0.8571,1,0.8571,1
60,37,181,1,1,1,0.8571
61,37,184,0.8571,0.8571,1,1
62,37,187,1,0.8571,0.7143,0.9949
63,37,190,0.8571,1,0.5714,0.7143
64,37,193,1,1,0.7143,1
65,37,196,1,0.8571,1,0.8571
66,37,199,1,1,1,0.5714
67,37,202,1,0.8571,0.7143,0.8571
68,37,205,0.8571,1,1,1
69,37,208,1,1,1,0.8571
70,37,211,0.8571,1,1,0.8
71,37,214,1,1,1,0.8571
72,37,217,1,1,1,0.8571
73,37,220,0.8571,0.6319,0.8571,0.6571
74,37,223,1,1,1,0.8571
75,37,226,1,0.7143,0.8571,0.8571
76,37,229,1,1,0.8571,0.6032
77,37,232,0.5714,0.7143,0.8,0.8571
78,37,235,0.8,0.5714,1,0.8
79,37,238,1,0.9949,0.8571,0.864
80,37,241,1,1,0.8571,1
81,37,244,0.8571,0.8571,1,0.5143
82,37,247,0.6,1,1,1
83,37,250,1,0.8,1,0.8571
84,37,253,1,0.8571,1,0.6571
85,37,256,0.8571,0.8,0.8571,0.5714
86,37,259,0.8571,0.8,0.6571,1
87,37,262,0.8,1,0.8,1
88,37,265,0.8,0.6,0.6,0.6571
89,37,268,0.8571,1,0.8,1
90,37,271,0.4237,1,1,0.7143
91,37,274,0.8571,0.8571,1,1
92,37,277,0.6523,0.6571,0.4571,0.8
93,37,280,0.8571,1,0.6,0.8571
94,37,283,1,0.8571,0.7949,0.8
95,37,286,0.8571,0.5714,0.8571,1
96,37,289,1,1,0.8,0.5143
97,37,292,0.3143,0.8571,0.8,0.6571
98,37,295,0.8523,0.6571,1,0.7143
99,37,298,0.8571,0.8571,0.8,1
,Dataset#,L,att_1,att_2,att_3,att_4
0,38,1,0.579,0.6919,0.6693,0.593
1,38,4,0.6532,0.7627,0.7016,0.6198
2,38,7,0.5842,0.6854,0.7961,0.8107
3,38,10,0.7621,0.7773,0.7735,0.7936
4,38,13,0.8083,0.8566,0.8451,0.8458
5,38,16,0.7914,0.8233,0.786,0.8576
6,38,19,0.7695,0.8208,0.7812,0.8068
7,38,22,0.8344,0.7503,0.8374,0.8432
8,38,25,0.8634,0.8141,0.8292,0.801
9,38,28,0.8435,0.8503,0.834,0.8351
10,38,31,0.8638,0.8418,0.8238,0.8407
11,38,34,0.8003,0.7677,0.8603,0.8453
12,38,37,0.7988,0.8501,0.8219,0.8529
13,38,40,0.7448,0.8337,0.8383,0.7574
14,38,43,0.716,0.8447,0.8347,0.7807
15,38,46,0.7664,0.7606,0.811,0.8461
16,38,49,0.8267,0.8394,0.8521,0.8078
17,38,52,0.8589,0.7894,0.7717,0.713
18,38,55,0.7306,0.7697,0.8349,0.74
19,38,58,0.7931,0.8528,0.8441,0.8334
20,38,61,0.8407,0.7986,0.837,0.679
21,38,64,0.824,0.7649,0.7584,0.8354
22,38,67,0.716,0.8469,0.7848,0.7032
23,38,70,0.7078,0.7352,0.8077,0.7231
24,38,73,0.7162,0.7932,0.8325,0.6646
25,38,76,0.8443,0.6992,0.8191,0.7977
26,38,79,0.7031,0.8276,0.8204,0.7897
27,38,82,0.7843,0.8259,0.6817,0.8356
28,38,85,0.6955,0.8395,0.8176,0.8127
29,38,88,0.643,0.7527,0.703,0.7722
30,38,91,0.8078,0.7707,0.7092,0.6388
31,38,94,0.7829,0.6214,0.7508,0.717
32,38,97,0.7899,0.7479,0.8162,0.8126
33,38,100,0.7512,0.7753,0.8014,0.7492
34,38,103,0.8205,0.8156,0.6386,0.7543
35,38,106,0.8036,0.7641,0.7985,0.6612
36,38,109,0.8287,0.8483,0.7094,0.7753
37,38,112,0.8289,0.8246,0.6567,0.75
38,38,115,0.6964,0.7497,0.7557,0.7437
39,38,118,0.7575,0.7249,0.7572,0.7249
40,38,121,0.7552,0.7973,0.7637,0.8091
41,38,124,0.819,0.7167,0.7758,0.7659
42,38,127,0.7758,0.7787,0.6538,0.8209
43,38,130,0.8472,0.6521,0.8349,0.6492
44,38,133,0.7496,0.6931,0.8199,0.7244
45,38,136,0.7551,0.7543,0.6496,0.7161
46,38,139,0.7826,0.7929,0.771,0.7355
47,38,142,0.7441,0.8083,0.6258,0.7831
48,38,145,0.5657,0.6386,0.7572,0.8425
49,38,148,0.7805,0.7726,0.6472,0.627
50,38,151,0.6515,0.7626,0.7239,0.8084
51,38,154,0.7565,0.7546,0.7444,0.715
52,38,157,0.6376,0.6424,0.6803,0.4562
53,38,160,0.5827,0.722,0.7295,0.7055
54,38,163,0.7267,0.6264,0.7347,0.8046
55,38,166,0.7452,0.5613,0.5351,0.6875
56,38,169,0.6578,0.7025,0.7051,0.6714
57,38,172,0.7101,0.5458,0.7442,0.8328
58,38,175,0.7523,0.5624,0.7935,0.5446
59,38,178,0.7244,0.6909,0.7713,0.6501
60,38,181,0.6137,0.6437,0.5969,0.7855
61,38,184,0.5892,0.761,0.7675,0.7266
62,38,187,0.6448,0.7501,0.5283,0.6285
63,38,190,0.731,0.5719,0.5638,0.7937
64,38,193,0.7531,0.7964,0.6182,0.6084
65,38,196,0.6938,0.5544,0.4612,0.731
66,38,199,0.7046,0.7792,0.7275,0.5336
67,38,202,0.6989,0.6228,0.6213,0.5922
68,38,205,0.771,0.7757,0.6703,0.5247
69,38,208,0.5841,0.6727,0.7011,0.7002
70,38,211,0.7494,0.6982,0.4307,0.5513
71,38,214,0.37,0.7223,0.5386,0.7916
72,38,217,0.6278,0.7368,0.5895,0.8103
73,38,220,0.5245,0.4343,0.6033,0.6463
74,38,223,0.7765,0.7228,0.7366,0.7524
75,38,226,0.4848,0.684,0.6173,0.7738
76,38,229,0.5443,0.536,0.7199,0.5439
77,38,232,0.7223,0.6586,0.7008,0.5613
78,38,235,0.6834,0.7547,0.5807,0.7306
79,38,238,0.69,0.6708,0.5415,0.7119
80,38,241,0.6333,0.605,0.7131,0.7502
81,38,244,0.4702,0.5872,0.7439,0.519
82,38,247,0.1574,0.7066,0.7354,0.6755
83,38,250,0.758,0.7109,0.6916,0.5272
84,38,253,0.6351,0.7955,0.5195,0.3762
85,38,256,0.7293,0.6917,0.7639,0.3738
86,38,259,0.6268,0.632,0.5591,0.6413
87,38,262,0.7589,0.6329,0.6747,0.7192
88,38,265,0.6418,0.7355,0.7057,0.5419
89,38,268,0.7513,0.7548,0.7057,0.7322
90,38,271,0.7799,0.4163,0.6803,0.5667
91,38,274,0.5679,0.5389,0.6897,0.6494
92,38,277,0.5951,0.5457,0.5196,0.4059
93,38,280,0.6794,0.69,0.7041,0.5755
94,38,283,0.5532,0.5969,0.413,0.6538
95,38,286,0.6067,0.7586,0.791,0.6618
96,38,289,0.6585,0.8108,0.5843,0.4047
97,38,292,0.5593,0.7844,0.4727,0.4213
98,38,295,0.7379,0.6851,0.6588,0.6565
99,38,298,0.4855,0.7882,0.6947,0.3927
,Dataset#,L,att_1,att_2,att_3,att_4
0,39,1,0.5003,0.5119,0.5051,0.4977
1,39,4,0.5043,0.5327,0.5363,0.5382
2,39,7,0.6003,0.5974,0.5953,0.6188
3,39,10,0.5639,0.5872,0.5983,0.5823
4,39,13,0.5885,0.5947,0.5927,0.581
5,39,16,0.6368,0.613,0.5745,0.5481
6,39,19,0.6472,0.6442,0.5933,0.5135
7,39,22,0.6076,0.6453,0.5502,0.5818
8,39,25,0.5752,0.6572,0.5669,0.5762
9,39,28,0.634,0.6645,0.5861,0.586
10,39,31,0.6572,0.6138,0.6353,0.5677
11,39,34,0.5808,0.6175,0.5939,0.6414
12,39,37,0.5942,0.5263,0.6226,0.5824
13,39,40,0.6125,0.5519,0.6241,0.6204
14,39,43,0.5536,0.6248,0.5942,0.6548
15,39,46,0.5831,0.5885,0.5767,0.5672
16,39,49,0.571,0.5896,0.5984,0.5958
17,39,52,0.6572,0.5635,0.579,0.5872
18,39,55,0.5888,0.5599,0.6551,0.6214
19,39,58,0.6448,0.5893,0.6009,0.6218
20,39,61,0.5704,0.5869,0.6325,0.5889
21,39,64,0.6028,0.5717,0.6273,0.5777
22,39,67,0.5793,0.623,0.6347,0.6283
23,39,70,0.5805,0.5412,0.6217,0.6098
24,39,73,0.6116,0.5426,0.6148,0.6585
25,39,76,0.5975,0.5849,0.5179,0.6187
26,39,79,0.6315,0.5695,0.5802,0.5723
27,39,82,0.5618,0.6017,0.6037,0.6204
28,39,85,0.6389,0.5946,0.6199,0.5143
29,39,88,0.6228,0.66,0.5955,0.5413
30,39,91,0.5645,0.5654,0.5173,0.6464
31,39,94,0.6259,0.5832,0.6346,0.6431
32,39,97,0.6265,0.5604,0.629,0.6219
33,39,100,0.6346,0.5605,0.5591,0.5934
34,39,103,0.5842,0.5858,0.6083,0.5807
35,39,106,0.6062,0.6512,0.6317,0.6343
36,39,109,0.6137,0.6385,0.5976,0.6078
37,39,112,0.6366,0.5594,0.6371,0.5547
38,39,115,0.6014,0.5673,0.5782,0.6253
39,39,118,0.6332,0.5802,0.5729,0.5025
40,39,121,0.5747,0.5826,0.5797,0.6671
41,39,124,0.6335,0.5406,0.614,0.4815
42,39,127,0.6106,0.5571,0.5888,0.5817
43,39,130,0.5717,0.606,0.5381,0.6184
44,39,133,0.5462,0.5803,0.5807,0.6553
45,39,136,0.5586,0.611,0.5986,0.5631
46,39,139,0.585,0.6496,0.5447,0.5224
47,39,142,0.6283,0.5519,0.6127,0.6172
48,39,145,0.6279,0.5555,0.5966,0.573
49,39,148,0.5293,0.6303,0.5824,0.6055
50,39,151,0.6458,0.5957,0.5563,0.572
51,39,154,0.5937,0.6121,0.6133,0.6232
52,39,157,0.6274,0.6476,0.5482,0.602
53,39,160,0.6002,0.6042,0.5431,0.578
54,39,163,0.6571,0.6245,0.5657,0.5684
55,39,166,0.5998,0.6372,0.5498,0.6024
56,39,169,0.6191,0.5753,0.629,0.6335
57,39,172,0.5247,0.5726,0.5294,0.6381
58,39,175,0.5522,0.557,0.5431,0.5971
59,39,178,0.6062,0.6032,0.5699,0.6151
60,39,181,0.5656,0.574,0.5216,0.533
61,39,184,0.5461,0.6108,0.5669,0.6417
62,39,187,0.6179,0.506,0.6483,0.5248
63,39,190,0.634,0.5307,0.6001,0.5353
64,39,193,0.6193,0.5897,0.5838,0.658
65,39,196,0.5675,0.5816,0.5571,0.6096
66,39,199,0.6221,0.5937,0.508,0.6194
67,39,202,0.6231,0.5627,0.6571,0.5586
68,39,205,0.5493,0.5729,0.5892,0.556
69,39,208,0.5234,0.5817,0.5834,0.5534
70,39,211,0.6345,0.5281,0.5812,0.5637
71,39,214,0.6071,0.5842,0.5575,0.5776
72,39,217,0.5403,0.5414,0.5149,0.5262
73,39,220,0.5951,0.546,0.5836,0.5755
74,39,223,0.6073,0.6155,0.5338,0.5855
75,39,226,0.5262,0.5952,0.5495,0.5777
76,39,229,0.5603,0.586,0.6343,0.5135
77,39,232,0.4501,0.3691,0.5441,0.5746
78,39,235,0.4423,0.5394,0.5511,0.5696
79,39,238,0.5768,0.557,0.5403,0.5912
80,39,241,0.6034,0.5475,0.355,0.6025
81,39,244,0.6101,0.5906,0.5966,0.5428
82,39,247,0.6384,0.5497,0.6204,0.3213
83,39,250,0.456,0.3836,0.4657,0.4353
84,39,253,0.4131,0.4902,0.5871,0.4386
85,39,256,0.4211,0.5395,0.5615,0.5526
86,39,259,0.5741,0.5813,0.5557,0.4828
87,39,262,0.5358,0.5974,0.4313,0.6159
88,39,265,0.547,0.5326,0.5771,0.5587
89,39,268,0.4969,0.4288,0.5684,0.4389
90,39,271,0.5733,0.5712,0.5977,0.6021
91,39,274,0.4319,0.5961,0.5484,0.3593
92,39,277,0.4823,0.5914,0.4583,0.5385
93,39,280,0.5138,0.5482,0.3528,0.5093
94,39,283,0.3931,0.4804,0.5784,0.5763
95,39,286,0.5234,0.5848,0.4684,0.4571
96,39,289,0.476,0.3812,0.5346,0.4465
97,39,292,0.5745,0.6193,0.4243,0.324
98,39,295,0.4446,0.4244,0.5621,0.5569
99,39,298,0.4544,0.4441,0.594,0.4635
,Dataset#,L,att_1,att_2,att_3,att_4
0,40,1,0.2295,0.2794,0.2397,0.1828
1,40,4,0.3403,0.3236,0.2835,0.2796
2,40,7,0.3753,0.3557,0.3315,0.3312
3,40,10,0.3207,0.3285,0.3647,0.3871
4,40,13,0.3737,0.3248,0.376,0.4305
5,40,16,0.4571,0.4532,0.4416,0.4201
6,40,19,0.3853,0.3902,0.3304,0.4386
7,40,22,0.4462,0.4546,0.3532,0.3266
8,40,25,0.4483,0.4352,0.4092,0.4253
9,40,28,0.403,0.4199,0.3397,0.4032
10,40,31,0.3409,0.3961,0.4104,0.3889
11,40,34,0.3953,0.407,0.3875,0.4216
12,40,37,0.4413,0.3963,0.4342,0.4293
13,40,40,0.4382,0.3673,0.3892,0.3955
14,40,43,0.4621,0.4204,0.4933,0.4038
15,40,46,0.429,0.3956,0.4374,0.3138
16,40,49,0.44,0.3835,0.3641,0.4378
17,40,52,0.3959,0.3968,0.3641,0.4169
18,40,55,0.4165,0.4261,0.3653,0.4048
19,40,58,0.4037,0.3856,0.3711,0.3779
20,40,61,0.4598,0.3527,0.3963,0.4549
21,40,64,0.3828,0.4299,0.4425,0.4008
22,40,67,0.3524,0.4658,0.4036,0.3697
23,40,70,0.3803,0.3444,0.3717,0.4213
24,40,73,0.4092,0.4504,0.3255,0.3738
25,40,76,0.46,0.3986,0.3998,0.3936
26,40,79,0.4295,0.4698,0.3923,0.3667
27,40,82,0.4431,0.48,0.3724,0.4208
28,40,85,0.4314,0.4162,0.3954,0.416
29,40,88,0.3869,0.4654,0.3964,0.3916
30,40,91,0.4147,0.353,0.4203,0.3791
31,40,94,0.3991,0.4472,0.4253,0.3821
32,40,97,0.4296,0.4002,0.3425,0.3776
33,40,100,0.4035,0.361,0.3908,0.4218
34,40,103,0.3867,0.4039,0.4208,0.299
35,40,106,0.4045,0.4014,0.3423,0.3623
36,40,109,0.353,0.4249,0.3823,0.4152
37,40,112,0.3811,0.4323,0.4259,0.4006
38,40,115,0.4225,0.4403,0.4529,0.444
39,40,118,0.4153,0.3656,0.4255,0.3779
40,40,121,0.4348,0.3892,0.3482,0.3739
41,40,124,0.3332,0.3778,0.414,0.411
42,40,127,0.4316,0.4273,0.3695,0.3483
43,40,130,0.3565,0.3191,0.2646,0.382
44,40,133,0.3167,0.3066,0.342,0.2923
45,40,136,0.4478,0.3894,0.4229,0.3893
46,40,139,0.4039,0.3047,0.4042,0.3914
47,40,142,0.3679,0.4587,0.4215,0.3124
48,40,145,0.3361,0.2846,0.4506,0.366
49,40,148,0.3786,0.3727,0.3906,0.3971
50,40,151,0.4241,0.4541,0.4768,0.3534
51,40,154,0.2822,0.3557,0.3079,0.2885
52,40,157,0.4643,0.3081,0.292,0.3699
53,40,160,0.3911,0.4092,0.4392,0.3445
54,40,163,0.2655,0.3421,0.3491,0.3576
55,40,166,0.4506,0.4429,0.3689,0.2084
56,40,169,0.448,0.3576,0.3655,0.2674
57,40,172,0.3306,0.4,0.3993,0.2643
58,40,175,0.3626,0.4684,0.3488,0.1967
59,40,178,0.1659,0.3615,0.2889,0.3639
60,40,181,0.3104,0.389,0.1454,0.3905
61,40,184,0.3037,0.3671,0.3232,0.2506
62,40,187,0.35,0.4091,0.3606,0.4419
63,40,190,0.3349,0.4205,0.3534,0.4243
64,40,193,0.351,0.3116,0.3902,0.332
65,40,196,0.3319,0.4391,0.439,0.3073
66,40,199,0.3917,0.4181,0.3365,0.4154
67,40,202,0.3238,0.2932,0.3439,0.3044
68,40,205,0.3526,0.2819,0.3,0.3758
69,40,208,0.329,0.4529,0.3708,0.2852
70,40,211,0.245,0.3234,0.2764,0.3107
71,40,214,0.291,0.4529,0.407,0.289
72,40,217,0.2737,0.3529,0.2223,0.3062
73,40,220,0.2667,0.3069,0.2391,0.3776
74,40,223,0.3898,0.3113,0.3282,0.3456
75,40,226,0.1779,0.3503,0.1371,0.3349
76,40,229,0.2657,0.3254,0.3823,0.2051
77,40,232,0.3679,0.3262,0.3323,0.3527
78,40,235,0.3499,0.3837,0.3414,0.4119
79,40,238,0.4435,0.4464,0.3821,0.1702
80,40,241,0.2006,0.3676,0.3577,0.3232
81,40,244,0.3437,0.3006,0.3111,0.2153
82,40,247,0.4083,0.4075,0.3589,0.3462
83,40,250,0.3799,0.3534,0.4416,0.3047
84,40,253,0.3384,0.3889,0.333,0.3221
85,40,256,0.2438,0.4037,0.2742,0.4077
86,40,259,0.1949,0.1944,0.3975,0.2564
87,40,262,0.4397,0.2161,0.4069,0.2864
88,40,265,0.2718,0.188,0.17,0.508
89,40,268,0.3305,0.4133,0.2801,0.4068
90,40,271,0.412,0.301,0.214,0.3574
91,40,274,0.3408,0.3014,0.3012,0.2881
92,40,277,0.368,0.3764,0.3165,0.2269
93,40,280,0.309,0.2908,0.2602,0.2676
94,40,283,0.3974,0.2718,0.2971,0.2846
95,40,286,0.3436,0.2856,0.4026,0.3494
96,40,289,0.3676,0.3411,0.2553,0.2115
97,40,292,0.26,0.279,0.2744,0.3125
98,40,295,0.2815,0.152,0.3411,0.2114
99,40,298,0.272,0.2798,0.2994,0.2182
,Dataset#,L,att_1,att_2,att_3,att_4
0,41,1,0.2736,0.2343,0.3002,0.2541
1,41,4,0.355,0.3333,0.3328,0.357
2,41,7,0.3689,0.3504,0.3458,0.3254
3,41,10,0.3351,0.3397,0.3195,0.3497
4,41,13,0.3544,0.3314,0.3433,0.3464
5,41,16,0.3784,0.3445,0.334,0.3113
6,41,19,0.3114,0.3157,0.3566,0.2945
7,41,22,0.3705,0.3219,0.3563,0.3511
8,41,25,0.3067,0.3366,0.3654,0.3328
9,41,28,0.3337,0.3285,0.3686,0.3421
10,41,31,0.3654,0.297,0.3014,0.3075
11,41,34,0.3343,0.3106,0.3317,0.3102
12,41,37,0.3408,0.3877,0.334,0.3433
13,41,40,0.3732,0.3807,0.3425,0.3546
14,41,43,0.3025,0.3381,0.3106,0.3502
15,41,46,0.3557,0.3698,0.3452,0.3573
16,41,49,0.3609,0.3181,0.3601,0.3925
17,41,52,0.355,0.4064,0.3145,0.3139
18,41,55,0.3477,0.4079,0.3471,0.362
19,41,58,0.3581,0.3395,0.333,0.3348
20,41,61,0.3694,0.3009,0.3234,0.2972
21,41,64,0.3182,0.3337,0.3328,0.345
22,41,67,0.3516,0.3541,0.3437,0.392
23,41,70,0.249,0.3487,0.3463,0.3399
24,41,73,0.3357,0.3585,0.3638,0.362
25,41,76,0.3519,0.4027,0.3271,0.3108
26,41,79,0.3043,0.3515,0.3701,0.3041
27,41,82,0.3357,0.3407,0.3889,0.3602
28,41,85,0.3445,0.3459,0.3388,0.3729
29,41,88,0.3284,0.3585,0.3678,0.3507
30,41,91,0.3398,0.2864,0.3706,0.3298
31,41,94,0.3374,0.3134,0.3199,0.3054
32,41,97,0.3782,0.3123,0.2954,0.2994
33,41,100,0.3508,0.3416,0.3519,0.3477
34,41,103,0.3798,0.3205,0.2708,0.3296
35,41,106,0.2929,0.3585,0.3194,0.3616
36,41,109,0.2385,0.2721,0.2835,0.3645
37,41,112,0.3298,0.3116,0.3676,0.2567
38,41,115,0.3065,0.314,0.2987,0.302
39,41,118,0.3058,0.3733,0.3281,0.4043
40,41,121,0.3837,0.3682,0.359,0.2757
41,41,124,0.3372,0.3162,0.2827,0.3426
42,41,127,0.2392,0.3464,0.2871,0.3725
43,41,130,0.3169,0.3619,0.3586,0.3394
44,41,133,0.277,0.339,0.3616,0.2503
45,41,136,0.3087,0.2654,0.2788,0.3452
46,41,139,0.36,0.3299,0.2161,0.3631
47,41,142,0.249,0.3645,0.3391,0.2351
48,41,145,0.2664,0.344,0.1868,0.2862
49,41,148,0.3371,0.3435,0.3064,0.314
50,41,151,0.2504,0.2945,0.2773,0.3658
51,41,154,0.1963,0.3174,0.2432,0.3657
52,41,157,0.3325,0.2795,0.3179,0.3537
53,41,160,0.365,0.3375,0.2793,0.3058
54,41,163,0.2824,0.3692,0.2015,0.2396
55,41,166,0.321,0.1997,0.2278,0.3324
56,41,169,0.2749,0.3596,0.3464,0.2738
57,41,172,0.3469,0.3312,0.3287,0.3657
58,41,175,0.3464,0.3002,0.2894,0.28
59,41,178,0.2766,0.2447,0.2069,0.3133
60,41,181,0.2484,0.3706,0.3153,0.4092
61,41,184,0.286,0.3559,0.2119,0.3349
62,41,187,0.354,0.2002,0.2959,0.2897
63,41,190,0.3073,0.205,0.3052,0.3181
64,41,193,0.1695,0.2288,0.3744,0.2548
65,41,196,0.2268,0.288,0.2811,0.2457
66,41,199,0.2746,0.292,0.1986,0.3679
67,41,202,0.2949,0.3151,0.1415,0.3153
68,41,205,0.2756,0.3218,0.3434,0.2341
69,41,208,0.3108,0.3571,0.2338,0.2615
70,41,211,0.2903,0.3403,0.3024,0.3138
71,41,214,0.1246,0.3207,0.3816,0.3235
72,41,217,0.2448,0.2834,0.3757,0.3428
73,41,220,0.3065,0.243,0.2313,0.2578
74,41,223,0.339,0.2707,0.2071,0.2445
75,41,226,0.3588,0.2363,0.2409,0.3433
76,41,229,0.2661,0.3521,0.2819,0.252
77,41,232,0.3399,0.3314,0.2898,0.3233
78,41,235,0.3336,0.2669,0.2989,0.3334
79,41,238,0.171,0.3063,0.3215,0.3192
80,41,241,0.2581,0.1647,0.3119,0.3086
81,41,244,0.2134,0.2938,0.3435,0.2238
82,41,247,0.2826,0.2504,0.3727,0.2141
83,41,250,0.2394,0.2267,0.2845,0.326
84,41,253,0.3275,0.3034,0.3006,0.2705
85,41,256,0.3459,0.3029,0.1821,0.2611
86,41,259,0.1167,0.2969,0.2669,0.1906
87,41,262,0.1577,0.2313,0.2187,0.2416
88,41,265,0.3329,0.1867,0.2092,0.3436
89,41,268,0.2836,0.3238,0.315,0.2726
90,41,271,0.2274,0.2005,0.3306,0.227
91,41,274,0.06486,0.2983,0.2691,0.3233
92,41,277,0.2194,0.2982,0.2476,0.2504
93,41,280,0.2064,0.3292,0.228,0.1667
94,41,283,0.2103,0.3534,0.2473,0.2572
95,41,286,0.2705,0.2857,0.237,0.2756
96,41,289,0.1891,0.3663,0.274,0.1543
97,41,292,0.2991,0.2451,0.3025,0.3676
98,41,295,0.3388,0.1128,0.1494,0.3595
99,41,298,0.1942,0.2311,0.1856,0.1721
,Dataset#,L,att_1,att_2,att_3,att_4
0,42,1,0.8715,0.77,0.7813,0.9454
1,42,4,0.8657,0.8725,0.9515,0.8069
2,42,7,0.9475,0.9445,0.9524,0.938
3,42,10,0.943,0.9512,0.938,0.9415
4,42,13,0.9415,0.9492,0.9385,0.9461
5,42,16,0.9412,0.9455,0.9489,0.9457
6,42,19,0.9512,0.9513,0.9472,0.951
7,42,22,0.9406,0.9491,0.9407,0.9477
8,42,25,0.9371,0.9477,0.9516,0.9424
9,42,28,0.9497,0.9461,0.9403,0.9479
10,42,31,0.9424,0.9452,0.9403,0.9502
11,42,34,0.9419,0.9346,0.947,0.9437
12,42,37,0.8639,0.9448,0.9415,0.9469
13,42,40,0.9492,0.8583,0.8639,0.8595
14,42,43,0.9395,0.7765,0.8617,0.8595
15,42,46,0.9449,0.7782,0.868,0.6818
16,42,49,0.8617,0.9395,0.9438,0.8495
17,42,52,0.6061,0.8601,0.7813,0.8562
18,42,55,0.7753,0.7718,0.7644,0.9435
19,42,58,0.9494,0.6866,0.9439,0.9375
20,42,61,0.5184,0.859,0.9434,0.8595
21,42,64,0.8647,0.8639,0.852,0.7701
22,42,67,0.86,0.7855,0.8681,0.7671
23,42,70,0.7693,0.8648,0.7628,0.7749
24,42,73,0.8558,0.9451,0.692,0.7883
25,42,76,0.6774,0.7662,0.7726,0.8561
26,42,79,0.7813,0.952,0.8462,0.7691
27,42,82,0.8545,0.8537,0.6918,0.7763
28,42,85,0.8658,0.8635,0.598,0.7774
29,42,88,0.6061,0.7714,0.7649,0.6849
30,42,91,0.7684,0.8662,0.8537,0.8476
31,42,94,0.7003,0.7663,0.7815,0.6944
32,42,97,0.8671,0.8523,0.694,0.5999
33,42,100,0.9476,0.7688,0.6032,0.6807
34,42,103,0.7628,0.6908,0.8581,0.8478
35,42,106,0.7775,0.7748,0.8577,0.7804
36,42,109,0.683,0.682,0.7792,0.6032
37,42,112,0.9536,0.5959,0.855,0.9332
38,42,115,0.8662,0.8562,0.6885,0.7765
39,42,118,0.6896,0.7624,0.7683,0.6872
40,42,121,0.5999,0.8512,0.6866,0.7642
41,42,124,0.7651,0.7698,0.9375,0.7602
42,42,127,0.6893,0.776,0.7788,0.7749
43,42,130,0.7628,0.8562,0.8571,0.9349
44,42,133,0.7685,0.8586,0.7786,0.7727
45,42,136,0.7709,0.7663,0.6034,0.6083
46,42,139,0.944,0.8617,0.8641,0.858
47,42,142,0.8641,0.9399,0.8643,0.6041
48,42,145,0.7746,0.7693,0.7715,0.7773
49,42,148,0.7746,0.7715,0.8626,0.8643
50,42,151,0.8553,0.8639,0.8665,0.8562
51,42,154,0.9429,0.8599,0.7715,0.7624
52,42,157,0.5981,0.8414,0.7785,0.8603
53,42,160,0.7685,0.7664,0.6859,0.8461
54,42,163,0.86,0.6776,0.7764,0.7784
55,42,166,0.7727,0.8619,0.6888,0.6892
56,42,169,0.7733,0.688,0.6784,0.8572
57,42,172,0.7833,0.9441,0.7772,0.8729
58,42,175,0.7618,0.9375,0.6881,0.7816
59,42,178,0.8645,0.7715,0.7721,0.8562
60,42,181,0.8576,0.7665,0.6782,0.7678
61,42,184,0.7727,0.7682,0.8507,0.6918
62,42,187,0.7788,0.8601,0.7743,0.8623
63,42,190,0.7726,0.7835,0.7701,0.7733
64,42,193,0.7713,0.7709,0.6038,0.933
65,42,196,0.773,0.8508,0.7754,0.8544
66,42,199,0.9372,0.8479,0.7671,0.6923
67,42,202,0.7721,0.9435,0.5999,0.6999
68,42,205,0.7694,0.6962,0.8409,0.604
69,42,208,0.856,0.7688,0.9454,0.6942
70,42,211,0.6021,0.8543,0.6625,0.8578
71,42,214,0.8577,0.8584,0.8521,0.7729
72,42,217,0.847,0.6814,0.8559,0.6889
73,42,220,0.771,0.7744,0.8552,0.6891
74,42,223,0.4994,0.6599,0.7743,0.6889
75,42,226,0.7515,0.6853,0.8593,0.9393
76,42,229,0.7765,0.6931,0.5826,0.5843
77,42,232,0.5023,0.8516,0.6676,0.5184
78,42,235,0.7683,0.6019,0.8535,0.6911
79,42,238,0.7663,0.6683,0.7688,0.6792
80,42,241,0.745,0.8584,0.5865,0.8508
81,42,244,0.7671,0.6908,0.8326,0.7732
82,42,247,0.5747,0.8497,0.6038,0.6889
83,42,250,0.381,0.7643,0.6731,0.6692
84,42,253,0.8606,0.9358,0.7769,0.6765
85,42,256,0.7544,0.7681,0.6955,0.8533
86,42,259,0.6883,0.6918,0.8487,0.7669
87,42,262,0.5852,0.5872,0.6938,0.6938
88,42,265,0.6895,0.8463,0.3959,0.8425
89,42,268,0.7749,0.6851,0.7705,0.6792
90,42,271,0.7724,0.8689,0.6665,0.7747
91,42,274,0.5786,0.5184,0.5003,0.861
92,42,277,0.6711,0.6041,0.6021,0.5999
93,42,280,0.5813,0.5848,0.6794,0.6879
94,42,283,0.8597,0.7673,0.4849,0.6797
95,42,286,0.6933,0.8669,0.8633,0.7704
96,42,289,0.7523,0.7583,0.5828,0.4942
97,42,292,0.6917,0.6085,0.5725,0.5852
98,42,295,0.9414,0.9328,0.5,0.2887
99,42,298,0.5747,0.7765,0.5649,0.9412
,Dataset#,L,att_1,att_2,att_3,att_4
0,43,1,0.2539,0.3434,0.3175,0.2732
1,43,4,0.3089,0.3575,0.367,0.3216
2,43,7,0.3801,0.3362,0.3272,0.315
3,43,10,0.3231,0.3014,0.3339,0.317
4,43,13,0.3332,0.335,0.3279,0.309
5,43,16,0.2974,0.3095,0.3335,0.3022
6,43,19,0.3417,0.303,0.3487,0.3284
7,43,22,0.3389,0.3076,0.3091,0.2952
8,43,25,0.3236,0.3168,0.3404,0.3362
9,43,28,0.3513,0.355,0.3458,0.3505
10,43,31,0.3534,0.3287,0.3532,0.3554
11,43,34,0.3298,0.3337,0.35,0.4016
12,43,37,0.3669,0.3153,0.3672,0.3104
13,43,40,0.3461,0.3819,0.3016,0.3126
14,43,43,0.3099,0.3072,0.3401,0.2843
15,43,46,0.3063,0.3439,0.3552,0.3363
16,43,49,0.3078,0.3622,0.3172,0.3202
17,43,52,0.3328,0.3234,0.3054,0.3192
18,43,55,0.3091,0.354,0.3702,0.3857
19,43,58,0.3381,0.3663,0.3333,0.3411
20,43,61,0.3205,0.3405,0.3546,0.3165
21,43,64,0.3432,0.3795,0.3682,0.3252
22,43,67,0.3456,0.3729,0.3409,0.3437
23,43,70,0.3365,0.3189,0.3442,0.3022
24,43,73,0.3321,0.3625,0.3402,0.353
25,43,76,0.3293,0.3172,0.3581,0.3323
26,43,79,0.3499,0.3574,0.3477,0.3238
27,43,82,0.3653,0.3162,0.3131,0.3465
28,43,85,0.378,0.3623,0.3763,0.3121
29,43,88,0.31,0.3582,0.3632,0.36
30,43,91,0.3035,0.331,0.3798,0.3323
31,43,94,0.3412,0.3313,0.37,0.3285
32,43,97,0.3636,0.3444,0.3114,0.2759
33,43,100,0.3422,0.3788,0.357,0.2302
34,43,103,0.326,0.3476,0.328,0.3645
35,43,106,0.2717,0.3451,0.3733,0.3537
36,43,109,0.3073,0.318,0.3045,0.3182
37,43,112,0.3283,0.3126,0.2753,0.3318
38,43,115,0.3393,0.2297,0.3144,0.3481
39,43,118,0.3004,0.3144,0.373,0.3449
40,43,121,0.3519,0.3159,0.2653,0.37
41,43,124,0.3343,0.3433,0.2815,0.3114
42,43,127,0.3003,0.2652,0.3047,0.2996
43,43,130,0.2757,0.3243,0.3859,0.3115
44,43,133,0.16,0.3195,0.3744,0.3464
45,43,136,0.3762,0.3449,0.2769,0.2456
46,43,139,0.2373,0.2828,0.2824,0.3646
47,43,142,0.3783,0.3109,0.3507,0.3372
48,43,145,0.2591,0.2581,0.2083,0.295
49,43,148,0.2367,0.3161,0.2876,0.323
50,43,151,0.3663,0.3518,0.2736,0.3526
51,43,154,0.3263,0.2788,0.234,0.2678
52,43,157,0.2866,0.2604,0.2742,0.3909
53,43,160,0.2707,0.3731,0.2843,0.2553
54,43,163,0.161,0.3248,0.3234,0.2271
55,43,166,0.3292,0.3123,0.1719,0.2607
56,43,169,0.3639,0.3026,0.4133,0.3172
57,43,172,0.2808,0.2766,0.2521,0.2177
58,43,175,0.3102,0.2461,0.3478,0.3205
59,43,178,0.2584,0.3063,0.236,0.2499
60,43,181,0.2133,0.2826,0.3251,0.2511
61,43,184,0.301,0.3146,0.3686,0.2716
62,43,187,0.3298,0.3511,0.3008,0.3045
63,43,190,0.3308,0.3001,0.3079,0.2266
64,43,193,0.274,0.2581,0.3767,0.3583
65,43,196,0.3784,0.3334,0.1871,0.3461
66,43,199,0.3419,0.3082,0.4,0.435
67,43,202,0.3831,0.3271,0.03334,0.3108
68,43,205,0.3166,0.2231,0.2859,0.3356
69,43,208,0.3126,0.2614,0.2996,0.2992
70,43,211,0.1889,0.268,0.09756,0.2593
71,43,214,0.2524,0.3889,0.2527,0.3455
72,43,217,0.1905,0.3623,0.2473,0.3705
73,43,220,0.2044,0.2202,0.2076,0.321
74,43,223,0.3385,0.1572,0.2464,0.2311
75,43,226,0.2429,0.3317,0.2291,0.3112
76,43,229,0.3076,0.27,0.2789,0.2333
77,43,232,0.2862,0.3028,0.2242,0.151
78,43,235,0.3188,0.2859,0.2232,0.2928
79,43,238,0.2831,0.3106,0.275,0.179
80,43,241,0.2269,0.2772,0.213,0.1614
81,43,244,0.2361,0.3626,0.2248,0.1603
82,43,247,0.2922,0.3393,0.1959,0.3293
83,43,250,0.3231,0.2415,0.2564,0.3797
84,43,253,0.3067,0.2743,0.3016,0.2886
85,43,256,0.378,0.1515,0.1759,0.313
86,43,259,0.1568,0.2509,0.1221,0.2432
87,43,262,0.3368,0.217,0.2479,0.2286
88,43,265,0.2759,0.05218,0.303,0.1733
89,43,268,0.2573,0.116,0.1818,0.1457
90,43,271,0.3278,0.2872,0.352,0.3104
91,43,274,0.1381,0.3199,0.1154,0.2444
92,43,277,0.2866,0.1827,0.2589,0.3111
93,43,280,0.2529,0.2242,0.2168,0.2324
94,43,283,0.2885,0.06286,0.3278,0.2475
95,43,286,0.196,0.2183,0.1605,0.1985
96,43,289,0.3374,0.2503,0.1577,0.2675
97,43,292,0.3532,0.2715,0.2022,0.2202
98,43,295,0.1804,0.2721,0.1065,0.234
99,43,298,0.2919,0.2477,0.334,0.3564
,Dataset#,L,att_1,att_2,att_3,att_4
0,44,1,0.3918,0.4067,0.3977,0.3844
1,44,4,0.4019,0.4151,0.4051,0.4054
2,44,7,0.402,0.4289,0.4177,0.471
3,44,10,0.4384,0.4184,0.4339,0.4399
4,44,13,0.462,0.4384,0.4212,0.3938
5,44,16,0.463,0.4212,0.4281,0.4491
6,44,19,0.4687,0.5031,0.4369,0.4442
7,44,22,0.4823,0.4323,0.4748,0.4079
8,44,25,0.4147,0.4533,0.4263,0.4648
9,44,28,0.474,0.4475,0.4695,0.4784
10,44,31,0.4291,0.4634,0.496,0.4156
11,44,34,0.4179,0.4988,0.4155,0.4893
12,44,37,0.4824,0.4097,0.4584,0.4112
13,44,40,0.4785,0.4907,0.4308,0.4213
14,44,43,0.4829,0.4844,0.4582,0.465
15,44,46,0.4737,0.4811,0.4462,0.4189
16,44,49,0.4736,0.4467,0.4579,0.4722
17,44,52,0.4444,0.4021,0.4215,0.4487
18,44,55,0.4654,0.4642,0.4696,0.4877
19,44,58,0.4528,0.4149,0.4428,0.4449
20,44,61,0.4465,0.4569,0.4934,0.4687
21,44,64,0.4798,0.4956,0.4751,0.4787
22,44,67,0.407,0.4937,0.4835,0.4276
23,44,70,0.4188,0.41,0.453,0.4887
24,44,73,0.3844,0.4616,0.425,0.4871
25,44,76,0.4269,0.3945,0.422,0.4276
26,44,79,0.4717,0.463,0.4709,0.4413
27,44,82,0.4831,0.4694,0.4429,0.4807
28,44,85,0.414,0.4786,0.4397,0.4655
29,44,88,0.4503,0.4721,0.4271,0.4499
30,44,91,0.4673,0.4264,0.4614,0.4617
31,44,94,0.4834,0.4231,0.4121,0.4483
32,44,97,0.4733,0.4668,0.4462,0.4135
33,44,100,0.4361,0.447,0.4355,0.4751
34,44,103,0.488,0.4824,0.4558,0.4468
35,44,106,0.4798,0.4184,0.4081,0.4405
36,44,109,0.4449,0.4888,0.4703,0.452
37,44,112,0.4561,0.3978,0.4353,0.4313
38,44,115,0.4442,0.4158,0.4566,0.4811
39,44,118,0.4442,0.3818,0.4773,0.4407
40,44,121,0.4464,0.4262,0.4211,0.4857
41,44,124,0.4696,0.4366,0.4859,0.4486
42,44,127,0.3785,0.4735,0.4031,0.4332
43,44,130,0.4368,0.4073,0.4245,0.4288
44,44,133,0.4141,0.4697,0.4421,0.4732
45,44,136,0.3241,0.4598,0.427,0.4822
46,44,139,0.4763,0.463,0.3925,0.4736
47,44,142,0.3893,0.4167,0.4726,0.4331
48,44,145,0.4394,0.4589,0.3596,0.5011
49,44,148,0.4536,0.4519,0.4471,0.446
50,44,151,0.4185,0.4618,0.3546,0.4466
51,44,154,0.4196,0.4701,0.3887,0.3844
52,44,157,0.4191,0.4702,0.3953,0.4503
53,44,160,0.3358,0.4397,0.4383,0.4125
54,44,163,0.4454,0.3283,0.4744,0.4364
55,44,166,0.4197,0.4155,0.4421,0.3757
56,44,169,0.4217,0.3698,0.4806,0.4185
57,44,172,0.3781,0.4477,0.4639,0.4525
58,44,175,0.3074,0.4225,0.4415,0.4274
59,44,178,0.4464,0.466,0.4217,0.3917
60,44,181,0.3529,0.4513,0.4791,0.4145
61,44,184,0.4615,0.4455,0.438,0.4317
62,44,187,0.4115,0.459,0.4058,0.4575
63,44,190,0.4075,0.351,0.4675,0.4246
64,44,193,0.458,0.3606,0.4857,0.4611
65,44,196,0.4489,0.4129,0.4447,0.4556
66,44,199,0.449,0.4433,0.4489,0.3946
67,44,202,0.3878,0.4643,0.4014,0.4773
68,44,205,0.307,0.3147,0.397,0.3986
69,44,208,0.3758,0.4177,0.4478,0.2296
70,44,211,0.4357,0.3788,0.3813,0.3505
71,44,214,0.3364,0.4282,0.4273,0.3844
72,44,217,0.3293,0.3444,0.4486,0.3546
73,44,220,0.4047,0.3425,0.3272,0.3731
74,44,223,0.4077,0.4625,0.3998,0.4614
75,44,226,0.3448,0.4384,0.4614,0.4352
76,44,229,0.4604,0.4948,0.4267,0.398
77,44,232,0.373,0.3587,0.3931,0.4382
78,44,235,0.2544,0.44,0.4319,0.407
79,44,238,0.4041,0.307,0.4225,0.3345
80,44,241,0.3831,0.322,0.3651,0.4141
81,44,244,0.4327,0.3682,0.3577,0.3938
82,44,247,0.4121,0.387,0.3995,0.2416
83,44,250,0.4267,0.4097,0.4273,0.4515
84,44,253,0.4429,0.4127,0.4116,0.4372
85,44,256,0.4584,0.4412,0.4444,0.3115
86,44,259,0.4175,0.4546,0.4203,0.3322
87,44,262,0.4277,0.3364,0.4719,0.3951
88,44,265,0.3309,0.3506,0.3838,0.3341
89,44,268,0.4736,0.2923,0.4018,0.4328
90,44,271,0.4044,0.4255,0.4484,0.4263
91,44,274,0.4342,0.3113,0.4571,0.4319
92,44,277,0.44,0.2704,0.1729,0.3685
93,44,280,0.3626,0.2372,0.333,0.4087
94,44,283,0.3811,0.2484,0.2787,0.3844
95,44,286,0.3323,0.4375,0.3925,0.2353
96,44,289,0.455,0.3161,0.3748,0.3508
97,44,292,0.404,0.3541,0.4426,0.3208
98,44,295,0.3497,0.2833,0.4592,0.39
99,44,298,0.3214,0.3375,0.4002,0.4037
,Dataset#,L,att_1,att_2,att_3,att_4
0,45,1,0.5174,0.5174,0.5324,0.5257
1,45,4,0.5462,0.5564,0.593,0.5474
2,45,7,0.6053,0.5174,0.5698,0.5179
3,45,10,0.6153,0.5783,0.5885,0.6646
4,45,13,0.5759,0.6129,0.6215,0.5822
5,45,16,0.6101,0.6089,0.5659,0.6002
6,45,19,0.5595,0.5527,0.5854,0.5665
7,45,22,0.6263,0.5717,0.5877,0.6107
8,45,25,0.6453,0.6501,0.5492,0.6007
9,45,28,0.6069,0.6157,0.6348,0.613
10,45,31,0.5672,0.638,0.5373,0.6259
11,45,34,0.5759,0.5834,0.6466,0.5985
12,45,37,0.5698,0.6018,0.6016,0.6266
13,45,40,0.606,0.586,0.5363,0.5986
14,45,43,0.5861,0.6462,0.6238,0.5557
15,45,46,0.5905,0.6339,0.6416,0.612
16,45,49,0.6181,0.5761,0.5764,0.5969
17,45,52,0.6108,0.6359,0.6447,0.5919
18,45,55,0.6083,0.5964,0.5874,0.5492
19,45,58,0.6014,0.5656,0.6199,0.6531
20,45,61,0.6072,0.6215,0.6352,0.643
21,45,64,0.6048,0.5643,0.5775,0.6235
22,45,67,0.5547,0.5528,0.5868,0.6016
23,45,70,0.5957,0.6045,0.6262,0.6281
24,45,73,0.6351,0.5603,0.5931,0.6502
25,45,76,0.5849,0.5991,0.5357,0.5342
26,45,79,0.5729,0.5953,0.6368,0.6606
27,45,82,0.5974,0.6119,0.5659,0.5676
28,45,85,0.613,0.6156,0.6081,0.5692
29,45,88,0.6494,0.6328,0.6321,0.6246
30,45,91,0.6432,0.6159,0.6256,0.6051
31,45,94,0.6362,0.5634,0.618,0.623
32,45,97,0.6214,0.6218,0.5478,0.6278
33,45,100,0.6265,0.6196,0.5372,0.6169
34,45,103,0.5947,0.5914,0.6288,0.6423
35,45,106,0.6255,0.5984,0.6105,0.6447
36,45,109,0.6344,0.6581,0.5862,0.5961
37,45,112,0.5815,0.6338,0.6551,0.5557
38,45,115,0.6041,0.5944,0.6464,0.5753
39,45,118,0.6516,0.5867,0.5945,0.6112
40,45,121,0.6115,0.618,0.6129,0.6319
41,45,124,0.6032,0.5469,0.5923,0.6539
42,45,127,0.6211,0.5605,0.5672,0.6167
43,45,130,0.5598,0.5938,0.6065,0.5897
44,45,133,0.6079,0.5891,0.576,0.6225
45,45,136,0.6429,0.5423,0.5958,0.6215
46,45,139,0.5784,0.628,0.6105,0.5704
47,45,142,0.5985,0.5409,0.572,0.6141
48,45,145,0.5847,0.5951,0.5994,0.606
49,45,148,0.6144,0.5808,0.584,0.6078
50,45,151,0.5755,0.6307,0.6184,0.5857
51,45,154,0.6046,0.5795,0.6181,0.6398
52,45,157,0.6497,0.5788,0.6019,0.5834
53,45,160,0.5624,0.572,0.6034,0.6128
54,45,163,0.5408,0.6359,0.6027,0.5913
55,45,166,0.6131,0.6044,0.6011,0.6061
56,45,169,0.5711,0.5689,0.6146,0.6067
57,45,172,0.5915,0.5764,0.5561,0.589
58,45,175,0.5853,0.6286,0.607,0.5677
59,45,178,0.5746,0.6128,0.6267,0.5993
60,45,181,0.5753,0.5573,0.6087,0.6031
61,45,184,0.6346,0.5405,0.5922,0.6049
62,45,187,0.6409,0.6346,0.5983,0.5954
63,45,190,0.6425,0.5969,0.5842,0.5568
64,45,193,0.5948,0.5387,0.6402,0.5632
65,45,196,0.6391,0.5808,0.5768,0.5941
66,45,199,0.6328,0.5842,0.6157,0.5893
67,45,202,0.6062,0.5682,0.6072,0.5906
68,45,205,0.6058,0.6154,0.6066,0.5877
69,45,208,0.5707,0.5869,0.5899,0.583
70,45,211,0.5971,0.5547,0.6087,0.5448
71,45,214,0.5829,0.5882,0.5944,0.5308
72,45,217,0.6008,0.6142,0.5802,0.4623
73,45,220,0.623,0.597,0.5603,0.6363
74,45,223,0.5534,0.5847,0.6552,0.6005
75,45,226,0.5749,0.6208,0.5506,0.5511
76,45,229,0.6136,0.5955,0.5745,0.6111
77,45,232,0.5779,0.5875,0.5861,0.5807
78,45,235,0.5327,0.5686,0.628,0.5228
79,45,238,0.5897,0.6142,0.5373,0.6024
80,45,241,0.5699,0.5663,0.5872,0.571
81,45,244,0.5695,0.5992,0.5456,0.6202
82,45,247,0.5385,0.5893,0.5399,0.648
83,45,250,0.6187,0.5958,0.6237,0.611
84,45,253,0.5838,0.639,0.3375,0.6284
85,45,256,0.5537,0.5959,0.6225,0.5841
86,45,259,0.5683,0.5593,0.3493,0.5709
87,45,262,0.5095,0.5323,0.4944,0.5735
88,45,265,0.6582,0.448,0.4249,0.5709
89,45,268,0.6107,0.3532,0.5159,0.4448
90,45,271,0.6041,0.6079,0.4958,0.5639
91,45,274,0.5881,0.6102,0.5653,0.4519
92,45,277,0.5385,0.6023,0.5863,0.6106
93,45,280,0.582,0.5449,0.6335,0.4616
94,45,283,0.4575,0.5501,0.5991,0.4763
95,45,286,0.35,0.5939,0.5458,0.624
96,45,289,0.5538,0.3306,0.5939,0.5413
97,45,292,0.5387,0.5051,0.5717,0.6193
98,45,295,0.4768,0.5505,0.6195,0.5505
99,45,298,0.5688,0.4615,0.3492,0.4639
,Dataset#,L,att_1,att_2,att_3,att_4
0,46,1,0.3256,0.3256,0.3256,0.3256
1,46,4,0.3256,0.3256,0.3256,0.3242
2,46,7,0.3256,0.3245,0.3256,0.3256
3,46,10,0.3299,0.3281,0.3256,0.3274
4,46,13,0.3226,0.3245,0.3256,0.3287
5,46,16,0.3256,0.3235,0.3256,0.3274
6,46,19,0.3256,0.3238,0.3256,0.3185
7,46,22,0.3274,0.3262,0.3256,0.3256
8,46,25,0.3257,0.3281,0.3215,0.3293
9,46,28,0.3249,0.3202,0.3347,0.3231
10,46,31,0.3277,0.332,0.3172,0.3229
11,46,34,0.3316,0.3241,0.3288,0.3256
12,46,37,0.3179,0.3154,0.3298,0.3208
13,46,40,0.3289,0.3246,0.3272,0.3256
14,46,43,0.3253,0.3287,0.3249,0.3256
15,46,46,0.316,0.3321,0.3258,0.3224
16,46,49,0.3234,0.3274,0.3303,0.3261
17,46,52,0.3282,0.3301,0.3253,0.3252
18,46,55,0.3186,0.3213,0.3271,0.3129
19,46,58,0.3279,0.3273,0.3239,0.3262
20,46,61,0.3279,0.3298,0.3079,0.3194
21,46,64,0.3182,0.3261,0.3135,0.3277
22,46,67,0.3282,0.3112,0.312,0.3197
23,46,70,0.3246,0.3274,0.3215,0.3194
24,46,73,0.3252,0.3233,0.3273,0.3233
25,46,76,0.3205,0.3257,0.3229,0.3276
26,46,79,0.3244,0.3237,0.3261,0.3188
27,46,82,0.3304,0.3242,0.3263,0.3231
28,46,85,0.3233,0.3325,0.3306,0.3186
29,46,88,0.3206,0.3245,0.3284,0.3262
30,46,91,0.3182,0.3241,0.3317,0.3246
31,46,94,0.3155,0.3376,0.3229,0.3232
32,46,97,0.3328,0.3143,0.3038,0.3281
33,46,100,0.3316,0.3185,0.3013,0.2881
34,46,103,0.2987,0.3222,0.3276,0.3198
35,46,106,0.3233,0.3333,0.3121,0.3031
36,46,109,0.315,0.3131,0.3364,0.3169
37,46,112,0.3256,0.3263,0.3244,0.323
38,46,115,0.3189,0.3225,0.3269,0.3153
39,46,118,0.3121,0.2525,0.3111,0.2982
40,46,121,0.3298,0.3046,0.3182,0.3302
41,46,124,0.3149,0.3217,0.295,0.3198
42,46,127,0.3126,0.3161,0.3054,0.3348
43,46,130,0.3182,0.2472,0.3249,0.328
44,46,133,0.3276,0.3256,0.3179,0.3281
45,46,136,0.3109,0.3255,0.3174,0.3432
46,46,139,0.3106,0.3279,0.316,0.2201
47,46,142,0.2593,0.3189,0.3266,0.3168
48,46,145,0.3222,0.3267,0.3227,0.3089
49,46,148,0.3159,0.321,0.3184,0.2431
50,46,151,0.2461,0.3278,0.3155,0.259
51,46,154,0.3294,0.3203,0.3263,0.3323
52,46,157,0.327,0.3095,0.3276,0.3148
53,46,160,0.3198,0.3321,0.2564,0.3239
54,46,163,0.2953,0.2494,0.317,0.2441
55,46,166,0.3239,0.2745,0.3163,0.3228
56,46,169,0.2499,0.3128,0.3125,0.3215
57,46,172,0.2627,0.3231,0.3255,0.2588
58,46,175,0.324,0.2959,0.1302,0.33
59,46,178,0.3332,0.3166,0.3179,0.2529
60,46,181,0.3081,0.3074,0.3278,0.2633
61,46,184,0.2247,0.3274,0.318,0.2567
62,46,187,0.2633,0.3165,0.2744,0.1942
63,46,190,0.3262,0.2038,0.261,0.3105
64,46,193,0.3109,0.3214,0.3235,0.3059
65,46,196,0.3165,0.262,0.3328,0.3219
66,46,199,0.3122,0.1213,0.3251,0.2599
67,46,202,0.3202,0.3147,0.3215,0.2705
68,46,205,0.3235,0.3267,0.3126,0.3193
69,46,208,0.2608,0.3243,0.3188,0.3268
70,46,211,0.3223,0.2588,0.193,0.3109
71,46,214,0.3305,0.2599,0.3189,0.2451
72,46,217,0.3176,0.2607,0.3244,0.195
73,46,220,0.2567,0.2572,0.3288,0.3334
74,46,223,0.2601,0.3221,0.1889,0.2647
75,46,226,0.2595,0.3261,0.316,0.3334
76,46,229,0.3066,0.3109,0.257,0.2574
77,46,232,0.3324,0.2557,0.2527,0.3278
78,46,235,0.3282,0.313,0.3247,0.3055
79,46,238,0.2552,0.2526,0.3193,0.2416
80,46,241,0.2654,0.2521,0.2473,0.1807
81,46,244,0.2607,0.3192,0.3291,0.3288
82,46,247,0.3113,0.1921,0.3089,0.3065
83,46,250,0.3009,0.2314,0.3051,0.2541
84,46,253,0.3144,0.2626,0.3117,0.1221
85,46,256,0.3217,0.3347,0.322,0.2506
86,46,259,0.3301,0.3214,0.3242,0.2659
87,46,262,0.2652,0.3002,0.3091,0.3221
88,46,265,0.3135,0.1827,0.3071,0.2433
89,46,268,0.2539,0.2541,0.2628,0.2522
90,46,271,0.3274,0.3335,0.3211,0.2513
91,46,274,0.3349,0.2593,0.3024,0.1867
92,46,277,0.3234,0.2933,0.324,0.3028
93,46,280,0.2664,0.3202,0.3254,0.3072
94,46,283,0.3306,0.3256,0.2451,0.3303
95,46,286,0.2576,0.26,0.175,0.1812
96,46,289,0.2579,0.3191,0.2525,0.249
97,46,292,0.2623,0.2482,0.2585,0.2406
98,46,295,0.256,0.1882,0.3241,0.3193
99,46,298,0.2493,0.2431,0.1321,0.1951
,Dataset#,L,att_1,att_2,att_3,att_4
0,47,1,0.3744,0.3744,0.3744,0.3744
1,47,4,0.3755,0.3744,0.3744,0.3744
2,47,7,0.3744,0.3744,0.3744,0.3744
3,47,10,0.3744,0.3764,0.3738,0.3765
4,47,13,0.3745,0.378,0.3747,0.3761
5,47,16,0.3854,0.3744,0.3766,0.3754
6,47,19,0.3759,0.3759,0.3848,0.3829
7,47,22,0.3769,0.3707,0.3745,0.3887
8,47,25,0.3755,0.3711,0.38,0.3771
9,47,28,0.375,0.3815,0.3867,0.3765
10,47,31,0.3741,0.3945,0.3833,0.3842
11,47,34,0.382,0.3893,0.3976,0.3893
12,47,37,0.3629,0.3864,0.3879,0.3944
13,47,40,0.3737,0.3907,0.3967,0.3931
14,47,43,0.3909,0.3768,0.3752,0.3787
15,47,46,0.3758,0.346,0.3787,0.3869
16,47,49,0.3903,0.3802,0.3872,0.3943
17,47,52,0.3743,0.3812,0.3882,0.3735
18,47,55,0.3875,0.3753,0.3986,0.3711
19,47,58,0.3346,0.3369,0.3807,0.3826
20,47,61,0.3994,0.3937,0.3859,0.3857
21,47,64,0.3829,0.3809,0.3484,0.404
22,47,67,0.3803,0.3867,0.3834,0.3694
23,47,70,0.3615,0.3912,0.3844,0.3335
24,47,73,0.3733,0.3607,0.3794,0.3787
25,47,76,0.3925,0.3451,0.3846,0.3845
26,47,79,0.3722,0.4025,0.3746,0.3173
27,47,82,0.3906,0.3779,0.3841,0.3805
28,47,85,0.3719,0.3852,0.3746,0.3922
29,47,88,0.3696,0.3728,0.364,0.3501
30,47,91,0.3658,0.3766,0.3436,0.3929
31,47,94,0.3461,0.3779,0.3774,0.3669
32,47,97,0.3871,0.3516,0.3455,0.3756
33,47,100,0.3916,0.3773,0.3686,0.3836
34,47,103,0.3569,0.3465,0.3691,0.3655
35,47,106,0.37,0.3413,0.3653,0.3724
36,47,109,0.3827,0.3906,0.4008,0.3691
37,47,112,0.4172,0.3948,0.4016,0.3836
38,47,115,0.3805,0.3868,0.3577,0.3956
39,47,118,0.3232,0.3637,0.378,0.3807
40,47,121,0.3966,0.3598,0.3581,0.3847
41,47,124,0.3816,0.3822,0.3225,0.3661
42,47,127,0.3609,0.308,0.3716,0.3364
43,47,130,0.3435,0.329,0.3213,0.3388
44,47,133,0.3524,0.3802,0.3529,0.3974
45,47,136,0.3414,0.3731,0.3407,0.3911
46,47,139,0.3814,0.3254,0.3544,0.3576
47,47,142,0.3212,0.3969,0.3478,0.3826
48,47,145,0.3251,0.4037,0.383,0.3645
49,47,148,0.3755,0.3846,0.3851,0.3379
50,47,151,0.3568,0.3584,0.3784,0.3589
51,47,154,0.3373,0.3888,0.3886,0.3934
52,47,157,0.3724,0.3823,0.3737,0.3901
53,47,160,0.3849,0.3755,0.3761,0.396
54,47,163,0.3972,0.3777,0.3577,0.3717
55,47,166,0.3107,0.3472,0.3824,0.3293
56,47,169,0.3357,0.361,0.3913,0.3601
57,47,172,0.3267,0.4057,0.347,0.3599
58,47,175,0.399,0.3578,0.3226,0.3957
59,47,178,0.395,0.3767,0.2891,0.3682
60,47,181,0.3587,0.3985,0.3848,0.387
61,47,184,0.3397,0.3671,0.3725,0.3754
62,47,187,0.3501,0.3927,0.3796,0.3435
63,47,190,0.3189,0.3111,0.41,0.396
64,47,193,0.3486,0.3477,0.3381,0.3167
65,47,196,0.3737,0.3768,0.3323,0.3574
66,47,199,0.335,0.2548,0.3587,0.3952
67,47,202,0.2976,0.2851,0.3262,0.3559
68,47,205,0.2867,0.3542,0.4053,0.2879
69,47,208,0.3814,0.3276,0.3647,0.3832
70,47,211,0.312,0.3508,0.3758,0.3375
71,47,214,0.3245,0.3165,0.3425,0.3103
72,47,217,0.367,0.3917,0.3492,0.3724
73,47,220,0.3339,0.3091,0.3044,0.3475
74,47,223,0.3822,0.401,0.387,0.2866
75,47,226,0.3761,0.3962,0.3497,0.3358
76,47,229,0.3679,0.3788,0.3447,0.3546
77,47,232,0.2672,0.3269,0.3871,0.3538
78,47,235,0.3065,0.3169,0.3549,0.3791
79,47,238,0.3779,0.379,0.3799,0.3126
80,47,241,0.277,0.3909,0.3068,0.358
81,47,244,0.2824,0.4004,0.3864,0.3793
82,47,247,0.3939,0.3237,0.3725,0.3485
83,47,250,0.3675,0.3229,0.2987,0.3724
84,47,253,0.234,0.2967,0.375,0.3854
85,47,256,0.3803,0.3904,0.3562,0.2334
86,47,259,0.3172,0.3744,0.3508,0.32
87,47,262,0.3744,0.2663,0.3575,0.3712
88,47,265,0.2756,0.366,0.3858,0.2088
89,47,268,0.3922,0.2903,0.3319,0.3636
90,47,271,0.271,0.3969,0.3707,0.3788
91,47,274,0.3664,0.3751,0.2961,0.3252
92,47,277,0.3104,0.3448,0.375,0.2563
93,47,280,0.3369,0.3833,0.15,0.3151
94,47,283,0.3463,0.3792,0.3932,0.3864
95,47,286,0.2654,0.2994,0.3702,0.3215
96,47,289,0.3404,0.3335,0.2623,0.3032
97,47,292,0.3125,0.1572,0.3391,0.2727
98,47,295,0.3715,0.3914,0.2862,0.3316
99,47,298,0.385,0.3757,0.2602,0.2616
,Dataset#,L,att_1,att_2,att_3,att_4
0,48,1,0.7657,0.9084,0.9687,0.9697
1,48,4,0.8934,0.9406,0.9846,0.9878
2,48,7,0.9969,0.9923,0.9924,0.9954
3,48,10,0.9938,0.9969,0.9984,0.9954
4,48,13,0.9937,0.9968,0.9969,0.9969
5,48,16,0.9984,0.9969,0.9938,0.9984
6,48,19,0.9954,0.9968,0.9937,0.9954
7,48,22,0.9953,0.9953,0.9969,0.9969
8,48,25,0.9954,0.9922,0.9969,0.9969
9,48,28,0.9969,0.9938,0.9953,0.9953
10,48,31,0.9969,0.9984,0.9969,0.9984
11,48,34,0.9969,0.9953,0.9937,0.9937
12,48,37,0.9969,0.9953,0.9938,0.9953
13,48,40,0.9969,0.9969,0.9953,0.9922
14,48,43,0.9938,0.9953,0.9937,0.9921
15,48,46,0.9984,0.9969,0.9938,0.9969
16,48,49,0.9969,0.9953,0.9969,0.9953
17,48,52,0.9953,0.9953,0.9969,0.9984
18,48,55,0.9953,0.9969,0.9968,0.9969
19,48,58,0.9922,0.9922,0.9953,0.9968
20,48,61,0.9922,0.9938,0.9938,0.9953
21,48,64,0.9953,0.9969,0.9953,0.9954
22,48,67,0.9953,0.9891,0.9969,0.9954
23,48,70,0.9969,0.9954,0.9969,0.9953
24,48,73,0.9954,0.9906,0.9937,0.9937
25,48,76,0.9984,0.9954,0.9984,0.9953
26,48,79,0.9953,0.9937,0.9906,0.9953
27,48,82,0.9969,0.9954,0.9922,0.9953
28,48,85,0.9922,0.9937,0.9938,0.9938
29,48,88,0.989,0.9937,0.9921,0.9907
30,48,91,1,0.9969,0.9953,0.9969
31,48,94,0.9937,0.9968,0.9969,0.9906
32,48,97,0.9938,0.9922,0.9969,0.9969
33,48,100,0.9938,0.9984,0.9969,0.9923
34,48,103,0.9953,0.9906,0.9906,0.9922
35,48,106,0.9969,0.9953,0.9938,0.9953
36,48,109,0.9937,0.9937,0.9938,0.9906
37,48,112,0.9937,0.9968,0.9954,0.9954
38,48,115,0.9969,0.9922,0.9953,0.9984
39,48,118,0.9907,0.9984,0.9937,0.9922
40,48,121,0.9922,0.9969,0.9906,0.9953
41,48,124,0.9922,0.9891,0.9953,0.9922
42,48,127,0.9921,0.9937,0.9969,0.9953
43,48,130,0.9906,0.9937,0.9953,0.9906
44,48,133,0.9969,0.9953,0.9891,0.9953
45,48,136,0.9954,0.9969,0.9968,0.9953
46,48,139,0.9953,0.9954,0.9892,0.9938
47,48,142,0.9937,0.9937,0.9953,0.9969
48,48,145,0.9968,0.9984,0.9906,0.9922
49,48,148,0.9969,0.9907,0.9953,0.9922
50,48,151,0.9938,0.9953,0.9905,0.9953
51,48,154,0.9937,0.9906,0.8998,0.9028
52,48,157,0.9922,0.9937,0.9968,0.9859
53,48,160,0.9816,0.9906,0.9937,0.9876
54,48,163,0.9938,0.9938,0.9953,0.9968
55,48,166,0.9891,0.989,0.9984,0.9921
56,48,169,0.9952,0.9937,0.9938,0.9968
57,48,172,0.9907,0.9874,0.9874,0.9827
58,48,175,0.9922,0.9891,0.9922,0.9984
59,48,178,0.9907,0.9921,0.9937,0.9969
60,48,181,0.9906,0.9103,0.9875,0.9907
61,48,184,0.8445,0.9969,0.9922,0.9087
62,48,187,0.9953,0.8982,0.9906,0.9953
63,48,190,0.9937,0.9875,0.9905,0.9921
64,48,193,0.8982,0.9875,0.9937,0.9906
65,48,196,0.9906,0.9953,0.989,0.9052
66,48,199,0.9891,0.9617,0.8982,0.9922
67,48,202,0.9844,0.9013,0.989,0.9029
68,48,205,0.9938,0.9936,0.8138,0.9874
69,48,208,0.7906,0.9923,0.8151,0.9907
70,48,211,0.9922,0.9954,0.9922,0.9891
71,48,214,0.9938,0.9921,0.9937,0.9044
72,48,217,0.895,0.989,0.9906,0.9953
73,48,220,0.9014,0.9908,0.9005,0.9937
74,48,223,0.9844,0.9905,0.9937,0.9024
75,48,226,0.9906,0.9937,0.9922,0.9922
76,48,229,0.5954,0.7007,0.9891,0.8982
77,48,232,0.906,0.7891,0.7936,0.989
78,48,235,0.9087,0.8965,0.9923,0.6174
79,48,238,0.9953,0.7984,0.8966,0.7953
80,48,241,0.7937,0.9891,0.9891,0.9984
81,48,244,0.8997,0.8147,0.5936,0.9921
82,48,247,0.6159,0.9953,0.6991,0.9035
83,48,250,0.9922,0.6997,0.9921,0.7068
84,48,253,0.8144,0.8096,0.9859,0.8103
85,48,256,0.5044,0.9953,0.9922,0.8166
86,48,259,0.7937,0.7051,0.9891,0.7938
87,48,262,0.7261,0.9035,0.9922,0.8951
88,48,265,0.9013,0.9937,0.9938,0.9075
89,48,268,0.9907,0.7906,0.706,0.9036
90,48,271,0.9044,0.5905,0.7072,0.7874
91,48,274,0.7984,0.5891,0.7969,0.9013
92,48,277,0.8088,0.9921,0.7028,0.8103
93,48,280,0.7921,0.8966,0.9905,0.9907
94,48,283,0.902,0.9052,0.7044,0.906
95,48,286,0.6143,0.7891,0.7906,0.5968
96,48,289,0.5953,0.9937,0.9907,0.5907
97,48,292,0.9905,0.8965,0.7921,0.706
98,48,295,0.7937,0.9044,0.7888,0.9013
99,48,298,0.5083,0.8982,0.7906,0.5953
,Dataset#,L,att_1,att_2,att_3,att_4
0,49,1,0.499,0.5439,0.5404,0.5703
1,49,4,0.6596,0.7564,0.817,0.7034
2,49,7,0.819,0.8096,0.8528,0.8066
3,49,10,0.8694,0.849,0.8428,0.8662
4,49,13,0.8676,0.8535,0.8702,0.8566
5,49,16,0.8552,0.8559,0.8891,0.88
6,49,19,0.867,0.8914,0.8811,0.8788
7,49,22,0.8726,0.8738,0.8836,0.8844
8,49,25,0.8819,0.8768,0.8819,0.8686
9,49,28,0.8775,0.7624,0.8745,0.8749
10,49,31,0.8601,0.898,0.8852,0.893
11,49,34,0.8635,0.8754,0.8801,0.8758
12,49,37,0.8626,0.8739,0.8939,0.8728
13,49,40,0.8724,0.8801,0.8612,0.8579
14,49,43,0.8884,0.8657,0.8986,0.8619
15,49,46,0.7977,0.8801,0.8627,0.9029
16,49,49,0.8732,0.8642,0.8821,0.894
17,49,52,0.8743,0.8778,0.8926,0.8526
18,49,55,0.8906,0.8693,0.7757,0.8956
19,49,58,0.8691,0.8947,0.8689,0.8918
20,49,61,0.8373,0.8947,0.8631,0.8922
21,49,64,0.871,0.8742,0.8664,0.8796
22,49,67,0.871,0.8695,0.9033,0.7947
23,49,70,0.8812,0.8757,0.8894,0.8731
24,49,73,0.8431,0.9006,0.8574,0.8707
25,49,76,0.8695,0.8459,0.8577,0.8896
26,49,79,0.8512,0.8536,0.8725,0.7415
27,49,82,0.844,0.8479,0.8652,0.8639
28,49,85,0.8835,0.8753,0.8737,0.8631
29,49,88,0.8686,0.8691,0.8696,0.869
30,49,91,0.877,0.8814,0.8832,0.878
31,49,94,0.8562,0.8823,0.8649,0.8679
32,49,97,0.8757,0.8819,0.7981,0.8628
33,49,100,0.8714,0.8818,0.8763,0.8614
34,49,103,0.8725,0.8735,0.8633,0.8782
35,49,106,0.8742,0.8758,0.8614,0.861
36,49,109,0.8522,0.8778,0.8374,0.8522
37,49,112,0.8651,0.8728,0.858,0.8704
38,49,115,0.8615,0.8679,0.88,0.8638
39,49,118,0.8699,0.84,0.8411,0.8417
40,49,121,0.8762,0.8842,0.8392,0.8723
41,49,124,0.848,0.8573,0.8764,0.8738
42,49,127,0.8652,0.8876,0.8464,0.763
43,49,130,0.8555,0.8572,0.7993,0.8519
44,49,133,0.8463,0.8509,0.8562,0.8427
45,49,136,0.867,0.8686,0.8897,0.8682
46,49,139,0.8775,0.8724,0.8742,0.858
47,49,142,0.848,0.7031,0.8497,0.8063
48,49,145,0.6906,0.7699,0.8582,0.868
49,49,148,0.846,0.8859,0.8574,0.6936
50,49,151,0.8527,0.8464,0.8589,0.8366
51,49,154,0.8772,0.852,0.6999,0.8744
52,49,157,0.8722,0.6558,0.8123,0.8441
53,49,160,0.8851,0.8691,0.8387,0.8293
54,49,163,0.7611,0.8589,0.8476,0.8572
55,49,166,0.675,0.8618,0.8344,0.8686
56,49,169,0.7963,0.8803,0.6922,0.8417
57,49,172,0.7933,0.8882,0.7999,0.8327
58,49,175,0.746,0.8547,0.7401,0.7642
59,49,178,0.8608,0.8802,0.6939,0.6262
60,49,181,0.8701,0.8535,0.6571,0.8568
61,49,184,0.855,0.8563,0.8503,0.8483
62,49,187,0.7833,0.8128,0.5122,0.8665
63,49,190,0.8589,0.7594,0.8503,0.7025
64,49,193,0.8402,0.8018,0.8678,0.8198
65,49,196,0.8297,0.7413,0.8379,0.5011
66,49,199,0.8697,0.8469,0.8432,0.8352
67,49,202,0.8554,0.5107,0.7866,0.6859
68,49,205,0.8517,0.6892,0.877,0.8563
69,49,208,0.6919,0.872,0.5106,0.7968
70,49,211,0.6994,0.7591,0.7963,0.8734
71,49,214,0.755,0.8463,0.6897,0.662
72,49,217,0.6735,0.8767,0.8282,0.8404
73,49,220,0.6783,0.8579,0.7667,0.6877
74,49,223,0.8293,0.7949,0.8232,0.8452
75,49,226,0.6391,0.5401,0.645,0.7939
76,49,229,0.5216,0.7142,0.8244,0.849
77,49,232,0.6513,0.5817,0.7603,0.5095
78,49,235,0.4615,0.6684,0.7271,0.7629
79,49,238,0.5551,0.6964,0.82,0.7027
80,49,241,0.8555,0.5891,0.4635,0.8525
81,49,244,0.6192,0.8429,0.8256,0.8068
82,49,247,0.7845,0.8302,0.7779,0.8538
83,49,250,0.7634,0.8361,0.5643,0.5092
84,49,253,0.6874,0.8387,0.5115,0.8192
85,49,256,0.6373,0.7299,0.6961,0.662
86,49,259,0.8171,0.5252,0.7982,0.5774
87,49,262,0.5679,0.7513,0.4343,0.7574
88,49,265,0.7503,0.5863,0.7656,0.8407
89,49,268,0.7414,0.8358,0.8477,0.68
90,49,271,0.6286,0.8446,0.7653,0.5625
91,49,274,0.8414,0.8154,0.6967,0.7466
92,49,277,0.833,0.6805,0.8031,0.4753
93,49,280,0.8422,0.6524,0.6753,0.7139
94,49,283,0.7597,0.6018,0.683,0.7672
95,49,286,0.5768,0.5671,0.5264,0.6846
96,49,289,0.4838,0.7625,0.8242,0.8257
97,49,292,0.6285,0.6401,0.6887,0.8008
98,49,295,0.7963,0.796,0.6841,0.5735
99,49,298,0.845,0.5375,0.8483,0.7022
,Dataset#,L,att_1,att_2,att_3,att_4
0,50,1,0.5147,0.5147,0.5147,0.5147
1,50,4,0.5147,0.5147,0.5147,0.5147
2,50,7,0.5147,0.5159,0.5147,0.5212
3,50,10,0.514,0.5147,0.5147,0.5152
4,50,13,0.5147,0.5147,0.5147,0.514
5,50,16,0.5128,0.5148,0.5136,0.514
6,50,19,0.5128,0.5144,0.519,0.5147
7,50,22,0.5147,0.5159,0.5141,0.5147
8,50,25,0.5147,0.5151,0.5147,0.5174
9,50,28,0.5226,0.5196,0.5189,0.5147
10,50,31,0.5177,0.5162,0.5147,0.5152
11,50,34,0.5199,0.5148,0.5124,0.5108
12,50,37,0.5147,0.5172,0.5142,0.5187
13,50,40,0.521,0.5198,0.5214,0.5147
14,50,43,0.5247,0.5206,0.5158,0.5213
15,50,46,0.5169,0.5178,0.5181,0.5237
16,50,49,0.5169,0.5114,0.5161,0.518
17,50,52,0.5176,0.5136,0.5112,0.5171
18,50,55,0.5196,0.5166,0.5206,0.5292
19,50,58,0.5204,0.5286,0.5324,0.5308
20,50,61,0.5214,0.5185,0.5206,0.5199
21,50,64,0.5286,0.516,0.5162,0.5242
22,50,67,0.5285,0.5155,0.5225,0.5172
23,50,70,0.5266,0.5162,0.5185,0.5236
24,50,73,0.515,0.5243,0.5126,0.5066
25,50,76,0.5075,0.5117,0.5213,0.5097
26,50,79,0.513,0.5346,0.5223,0.5171
27,50,82,0.5221,0.5166,0.5194,0.5175
28,50,85,0.5138,0.5193,0.5128,0.5187
29,50,88,0.5117,0.5106,0.5128,0.5132
30,50,91,0.5247,0.5218,0.5074,0.5173
31,50,94,0.5191,0.5157,0.5149,0.5177
32,50,97,0.5203,0.5082,0.518,0.5189
33,50,100,0.5204,0.516,0.5086,0.5144
34,50,103,0.5142,0.5225,0.4959,0.5173
35,50,106,0.5278,0.5259,0.516,0.5178
36,50,109,0.5183,0.5203,0.515,0.4988
37,50,112,0.5077,0.5205,0.5233,0.5309
38,50,115,0.5274,0.5208,0.5225,0.5097
39,50,118,0.5053,0.5158,0.5279,0.5258
40,50,121,0.5185,0.5241,0.5181,0.5138
41,50,124,0.5203,0.516,0.5092,0.523
42,50,127,0.5238,0.524,0.5117,0.5282
43,50,130,0.5207,0.524,0.5147,0.5169
44,50,133,0.5163,0.5054,0.5332,0.5252
45,50,136,0.5212,0.512,0.5034,0.5131
46,50,139,0.5287,0.5231,0.5201,0.5137
47,50,142,0.5245,0.517,0.5194,0.5161
48,50,145,0.5142,0.5197,0.4996,0.5229
49,50,148,0.5026,0.5296,0.5366,0.5316
50,50,151,0.5176,0.5261,0.513,0.5133
51,50,154,0.5182,0.5176,0.5197,0.5053
52,50,157,0.5186,0.5173,0.5117,0.5149
53,50,160,0.4984,0.5135,0.5235,0.5169
54,50,163,0.5034,0.516,0.5192,0.5166
55,50,166,0.5172,0.5121,0.5158,0.5284
56,50,169,0.5151,0.5168,0.5092,0.5173
57,50,172,0.5111,0.514,0.5163,0.5122
58,50,175,0.5121,0.5168,0.5147,0.5023
59,50,178,0.4996,0.5098,0.5121,0.5231
60,50,181,0.5082,0.5108,0.5222,0.5115
61,50,184,0.5127,0.5242,0.4985,0.5107
62,50,187,0.5084,0.5273,0.5119,0.5225
63,50,190,0.5202,0.5236,0.5225,0.4999
64,50,193,0.5066,0.5224,0.5222,0.5145
65,50,196,0.5246,0.5131,0.5197,0.5205
66,50,199,0.5213,0.4951,0.5196,0.5112
67,50,202,0.5002,0.5153,0.5089,0.5173
68,50,205,0.5189,0.501,0.5177,0.5158
69,50,208,0.5051,0.5136,0.5024,0.5145
70,50,211,0.516,0.5236,0.5082,0.5215
71,50,214,0.5273,0.5157,0.527,0.4771
72,50,217,0.5163,0.4216,0.5169,0.5115
73,50,220,0.5103,0.5067,0.5196,0.5216
74,50,223,0.5151,0.5002,0.5155,0.5055
75,50,226,0.5184,0.5164,0.4116,0.5238
76,50,229,0.509,0.5261,0.4911,0.5112
77,50,232,0.5056,0.5018,0.5208,0.5072
78,50,235,0.5196,0.5143,0.4117,0.5092
79,50,238,0.5117,0.5179,0.4148,0.5244
80,50,241,0.5197,0.494,0.5151,0.5049
81,50,244,0.4088,0.4063,0.4974,0.5263
82,50,247,0.3115,0.4094,0.4977,0.5132
83,50,250,0.5039,0.5111,0.5208,0.5046
84,50,253,0.5158,0.4159,0.5153,0.5159
85,50,256,0.5217,0.5066,0.5118,0.5147
86,50,259,0.4035,0.5094,0.3169,0.5112
87,50,262,0.3063,0.521,0.407,0.5146
88,50,265,0.5168,0.4187,0.3106,0.4067
89,50,268,0.4131,0.4151,0.5188,0.5147
90,50,271,0.4029,0.5047,0.312,0.5006
91,50,274,0.516,0.5244,0.5147,0.5166
92,50,277,0.5241,0.3093,0.5141,0.4972
93,50,280,0.5112,0.5183,0.413,0.4148
94,50,283,0.5069,0.5202,0.4112,0.4081
95,50,286,0.5199,0.5196,0.5167,0.5218
96,50,289,0.4006,0.3882,0.4116,0.5208
97,50,292,0.4132,0.5232,0.4075,0.5075
98,50,295,0.5184,0.4076,0.4072,0.4929
99,50,298,0.5111,0.1967,0.2045,0.5237
,Dataset#,L,att_1,att_2,att_3,att_4
0,51,1,0.7163,0.7102,0.788,0.7797
1,51,4,0.8811,0.8611,0.7949,0.8747
2,51,7,0.8802,0.885,0.8912,0.877
3,51,10,0.8851,0.885,0.8819,0.884
4,51,13,0.8956,0.8868,0.886,0.8821
5,51,16,0.8907,0.8856,0.893,0.8959
6,51,19,0.8923,0.8859,0.8904,0.8961
7,51,22,0.8907,0.8914,0.8962,0.8815
8,51,25,0.8824,0.8926,0.8901,0.891
9,51,28,0.8917,0.8889,0.8859,0.886
10,51,31,0.8841,0.8835,0.8965,0.8936
11,51,34,0.8902,0.8822,0.8892,0.8882
12,51,37,0.884,0.8926,0.8913,0.886
13,51,40,0.8795,0.8929,0.8908,0.8831
14,51,43,0.8882,0.8958,0.8916,0.8932
15,51,46,0.8821,0.8882,0.8907,0.8939
16,51,49,0.8923,0.8944,0.8888,0.8928
17,51,52,0.8164,0.891,0.8923,0.8945
18,51,55,0.893,0.8934,0.8896,0.8872
19,51,58,0.889,0.8826,0.8926,0.8882
20,51,61,0.8811,0.8924,0.814,0.881
21,51,64,0.8206,0.89,0.8908,0.896
22,51,67,0.8943,0.8213,0.892,0.891
23,51,70,0.8895,0.8054,0.8832,0.8911
24,51,73,0.8885,0.8958,0.8891,0.8913
25,51,76,0.8181,0.8926,0.8955,0.8942
26,51,79,0.8844,0.8991,0.8899,0.8863
27,51,82,0.8882,0.8839,0.8922,0.8088
28,51,85,0.8929,0.8203,0.7449,0.7486
29,51,88,0.8971,0.8939,0.8898,0.8937
30,51,91,0.8891,0.893,0.8225,0.8235
31,51,94,0.8212,0.8904,0.7423,0.8262
32,51,97,0.8872,0.8953,0.7348,0.8933
33,51,100,0.8982,0.8215,0.8156,0.8763
34,51,103,0.8969,0.824,0.8208,0.892
35,51,106,0.8102,0.885,0.8841,0.8133
36,51,109,0.8227,0.8843,0.8265,0.8178
37,51,112,0.6741,0.8068,0.8242,0.7537
38,51,115,0.8962,0.8205,0.8855,0.8776
39,51,118,0.8907,0.8971,0.8206,0.7453
40,51,121,0.8785,0.8242,0.8188,0.8918
41,51,124,0.8066,0.755,0.8895,0.8912
42,51,127,0.8302,0.8144,0.8814,0.886
43,51,130,0.8827,0.8833,0.7442,0.7506
44,51,133,0.8872,0.8993,0.8902,0.8165
45,51,136,0.8172,0.8172,0.8864,0.892
46,51,139,0.818,0.8946,0.8132,0.7497
47,51,142,0.8121,0.8059,0.8914,0.8173
48,51,145,0.7469,0.8142,0.8253,0.7383
49,51,148,0.8934,0.8263,0.8168,0.8157
50,51,151,0.7372,0.7478,0.8863,0.8146
51,51,154,0.8193,0.8267,0.8769,0.885
52,51,157,0.6622,0.8844,0.8762,0.8181
53,51,160,0.8897,0.8828,0.8131,0.7487
54,51,163,0.8873,0.7515,0.8877,0.8964
55,51,166,0.8827,0.8922,0.8784,0.8156
56,51,169,0.8259,0.8737,0.7458,0.7405
57,51,172,0.5303,0.7436,0.8023,0.7426
58,51,175,0.8126,0.8215,0.8188,0.8162
59,51,178,0.8904,0.8071,0.8904,0.7376
60,51,181,0.7441,0.8767,0.7471,0.888
61,51,184,0.8925,0.8858,0.8802,0.8221
62,51,187,0.8773,0.8247,0.8171,0.886
63,51,190,0.8911,0.7426,0.8236,0.8274
64,51,193,0.8956,0.6775,0.8871,0.8943
65,51,196,0.8949,0.8802,0.751,0.8909
66,51,199,0.7456,0.6801,0.8926,0.8195
67,51,202,0.7474,0.8067,0.8728,0.8575
68,51,205,0.8177,0.8108,0.8856,0.8056
69,51,208,0.8884,0.7373,0.8893,0.7436
70,51,211,0.8121,0.7406,0.7411,0.8218
71,51,214,0.8834,0.8873,0.6402,0.7976
72,51,217,0.6386,0.8248,0.876,0.8941
73,51,220,0.8244,0.8159,0.8975,0.8875
74,51,223,0.8085,0.8133,0.8255,0.6749
75,51,226,0.807,0.7409,0.7092,0.804
76,51,229,0.8847,0.7351,0.8199,0.7431
77,51,232,0.8203,0.8849,0.7043,0.8204
78,51,235,0.8193,0.739,0.8082,0.8149
79,51,238,0.8836,0.8858,0.8225,0.7061
80,51,241,0.8884,0.8106,0.6348,0.8166
81,51,244,0.8279,0.8169,0.8128,0.7948
82,51,247,0.5642,0.4919,0.7523,0.5637
83,51,250,0.7461,0.8797,0.7078,0.8142
84,51,253,0.7383,0.6302,0.7391,0.7528
85,51,256,0.7961,0.7569,0.7552,0.6363
86,51,259,0.8063,0.8878,0.64,0.8851
87,51,262,0.8247,0.8856,0.7043,0.7462
88,51,265,0.8848,0.8817,0.7462,0.8051
89,51,268,0.6404,0.816,0.75,0.353
90,51,271,0.8018,0.7389,0.5309,0.4637
91,51,274,0.8249,0.7087,0.71,0.8222
92,51,277,0.4601,0.7013,0.7448,0.8882
93,51,280,0.8121,0.8924,0.8858,0.7035
94,51,283,0.6314,0.7535,0.738,0.5448
95,51,286,0.7467,0.8735,0.534,0.5264
96,51,289,0.8018,0.8168,0.6393,0.5687
97,51,292,0.8932,0.8077,0.4574,0.6427
98,51,295,0.5475,0.7042,0.6938,0.7403
99,51,298,0.8,0.889,0.8795,0.6282
,Dataset#,L,att_1,att_2,att_3,att_4
0,52,1,0.5047,0.5165,0.4973,0.4973
1,52,4,0.5729,0.5198,0.5413,0.5512
2,52,7,0.6082,0.5368,0.6216,0.6355
3,52,10,0.6402,0.5412,0.6585,0.6472
4,52,13,0.6433,0.6724,0.6273,0.6651
5,52,16,0.6718,0.6754,0.6518,0.6774
6,52,19,0.6974,0.635,0.6634,0.6543
7,52,22,0.663,0.6339,0.679,0.6781
8,52,25,0.6781,0.6822,0.6896,0.6788
9,52,28,0.6868,0.6686,0.6861,0.6698
10,52,31,0.6834,0.6547,0.6384,0.6773
11,52,34,0.67,0.6864,0.6886,0.6873
12,52,37,0.6605,0.6918,0.6967,0.6981
13,52,40,0.6936,0.6792,0.6872,0.6584
14,52,43,0.6854,0.6829,0.6681,0.6397
15,52,46,0.6939,0.6819,0.666,0.6958
16,52,49,0.681,0.6851,0.6864,0.6646
17,52,52,0.6784,0.6813,0.6775,0.6921
18,52,55,0.6931,0.6772,0.6858,0.6901
19,52,58,0.6722,0.6805,0.6751,0.6781
20,52,61,0.6835,0.6474,0.6641,0.6791
21,52,64,0.6633,0.6831,0.6513,0.6822
22,52,67,0.6793,0.6832,0.6753,0.6843
23,52,70,0.6315,0.6824,0.6776,0.6666
24,52,73,0.6683,0.6836,0.6784,0.6826
25,52,76,0.6734,0.6576,0.6749,0.6768
26,52,79,0.6732,0.6801,0.6678,0.6398
27,52,82,0.6524,0.6708,0.6531,0.657
28,52,85,0.66,0.6627,0.6808,0.6737
29,52,88,0.6662,0.6562,0.6713,0.6519
30,52,91,0.6709,0.6594,0.6626,0.6744
31,52,94,0.6791,0.6785,0.6636,0.684
32,52,97,0.6169,0.654,0.6755,0.6787
33,52,100,0.6717,0.6522,0.6613,0.6631
34,52,103,0.6678,0.6636,0.6556,0.6656
35,52,106,0.6668,0.6708,0.6524,0.6589
36,52,109,0.6797,0.6769,0.6793,0.6873
37,52,112,0.6702,0.6544,0.6766,0.6482
38,52,115,0.68,0.6658,0.6627,0.6718
39,52,118,0.6512,0.6774,0.6701,0.6723
40,52,121,0.653,0.6034,0.6607,0.6628
41,52,124,0.6361,0.6268,0.6624,0.6712
42,52,127,0.6532,0.6655,0.6744,0.6796
43,52,130,0.6525,0.6413,0.6665,0.6656
44,52,133,0.6381,0.6675,0.6211,0.6685
45,52,136,0.6222,0.6476,0.6572,0.6353
46,52,139,0.623,0.6549,0.6481,0.6857
47,52,142,0.6681,0.6366,0.6157,0.655
48,52,145,0.7029,0.6369,0.6473,0.6712
49,52,148,0.6565,0.6562,0.6493,0.6348
50,52,151,0.6602,0.6475,0.6525,0.6748
51,52,154,0.6301,0.6443,0.6162,0.6842
52,52,157,0.6219,0.5789,0.6308,0.6457
53,52,160,0.6347,0.6062,0.6582,0.6316
54,52,163,0.6759,0.6063,0.6789,0.6368
55,52,166,0.6706,0.6423,0.6101,0.6394
56,52,169,0.6477,0.6605,0.6095,0.6429
57,52,172,0.6837,0.662,0.6554,0.6453
58,52,175,0.6297,0.6121,0.6709,0.6306
59,52,178,0.6311,0.6203,0.655,0.598
60,52,181,0.6176,0.6418,0.6511,0.6305
61,52,184,0.6368,0.6589,0.6474,0.6648
62,52,187,0.6161,0.628,0.6332,0.6406
63,52,190,0.5106,0.6149,0.6545,0.6412
64,52,193,0.6201,0.6228,0.6391,0.6173
65,52,196,0.6343,0.6157,0.6796,0.6403
66,52,199,0.6502,0.4931,0.581,0.624
67,52,202,0.5758,0.6693,0.6222,0.6069
68,52,205,0.6163,0.6127,0.6488,0.6442
69,52,208,0.5306,0.6277,0.6133,0.6057
70,52,211,0.5958,0.6235,0.4768,0.6051
71,52,214,0.6172,0.6281,0.6688,0.6341
72,52,217,0.4405,0.6444,0.4923,0.6367
73,52,220,0.6425,0.615,0.5218,0.6545
74,52,223,0.6682,0.6173,0.5667,0.6443
75,52,226,0.6061,0.6459,0.6227,0.6602
76,52,229,0.6059,0.5943,0.4653,0.5944
77,52,232,0.6186,0.6406,0.6326,0.6306
78,52,235,0.5865,0.5969,0.6572,0.6173
79,52,238,0.613,0.4074,0.5983,0.4967
80,52,241,0.4998,0.6209,0.3673,0.4599
81,52,244,0.6007,0.5734,0.6087,0.6065
82,52,247,0.6075,0.5947,0.6461,0.6245
83,52,250,0.6255,0.5281,0.606,0.4811
84,52,253,0.4657,0.6041,0.6166,0.6129
85,52,256,0.5771,0.5361,0.3854,0.5957
86,52,259,0.5991,0.3575,0.607,0.354
87,52,262,0.582,0.4918,0.5875,0.5992
88,52,265,0.6197,0.6084,0.5386,0.5957
89,52,268,0.4615,0.5087,0.591,0.3501
90,52,271,0.4532,0.5139,0.5509,0.6121
91,52,274,0.525,0.6504,0.6678,0.6089
92,52,277,0.4831,0.4822,0.3511,0.4979
93,52,280,0.6248,0.6152,0.6294,0.5005
94,52,283,0.4871,0.5135,0.4623,0.472
95,52,286,0.6206,0.4799,0.5965,0.6241
96,52,289,0.6197,0.5575,0.5776,0.3684
97,52,292,0.3588,0.6059,0.4944,0.3323
98,52,295,0.561,0.503,0.448,0.5481
99,52,298,0.6081,0.6348,0.2299,0.3436
,Dataset#,L,att_1,att_2,att_3,att_4
0,53,1,0.5081,0.3796,0.4491,0.4493
1,53,4,0.6341,0.6201,0.603,0.6519
2,53,7,0.6998,0.6844,0.6772,0.6758
3,53,10,0.6964,0.7075,0.6818,0.717
4,53,13,0.7143,0.6846,0.7258,0.6877
5,53,16,0.6988,0.7027,0.7097,0.7193
6,53,19,0.6754,0.704,0.7013,0.7287
7,53,22,0.7134,0.7195,0.7207,0.6716
8,53,25,0.7037,0.7031,0.7003,0.7348
9,53,28,0.7295,0.7326,0.6991,0.6953
10,53,31,0.7566,0.7318,0.7162,0.6993
11,53,34,0.7062,0.7331,0.7278,0.7475
12,53,37,0.7527,0.7302,0.7542,0.7255
13,53,40,0.7386,0.7257,0.6983,0.743
14,53,43,0.7362,0.6928,0.7439,0.7134
15,53,46,0.7296,0.7001,0.7517,0.7617
16,53,49,0.7233,0.6843,0.759,0.7559
17,53,52,0.7685,0.7595,0.7168,0.762
18,53,55,0.6929,0.7687,0.6571,0.7778
19,53,58,0.7098,0.7533,0.7632,0.7651
20,53,61,0.7368,0.7275,0.7181,0.6942
21,53,64,0.7882,0.7064,0.7624,0.7216
22,53,67,0.7376,0.7581,0.7913,0.7929
23,53,70,0.7831,0.7393,0.7065,0.7432
24,53,73,0.7571,0.8037,0.6856,0.7728
25,53,76,0.7543,0.7121,0.7051,0.7357
26,53,79,0.673,0.7578,0.7504,0.7362
27,53,82,0.7071,0.6578,0.6441,0.7433
28,53,85,0.6743,0.7362,0.7559,0.7448
29,53,88,0.6485,0.71,0.7251,0.742
30,53,91,0.781,0.7448,0.7089,0.5925
31,53,94,0.7761,0.6846,0.7911,0.717
32,53,97,0.6784,0.7189,0.5999,0.8056
33,53,100,0.7759,0.7526,0.6879,0.7649
34,53,103,0.68,0.7287,0.6878,0.6731
35,53,106,0.7043,0.7491,0.7394,0.7604
36,53,109,0.7384,0.7314,0.6914,0.6484
37,53,112,0.6318,0.7975,0.7213,0.645
38,53,115,0.746,0.7038,0.6537,0.6414
39,53,118,0.8139,0.6114,0.8069,0.7322
40,53,121,0.6306,0.6889,0.742,0.7468
41,53,124,0.7368,0.7708,0.7177,0.7224
42,53,127,0.6197,0.7859,0.7593,0.6692
43,53,130,0.7481,0.7855,0.4888,0.7281
44,53,133,0.7463,0.6936,0.6568,0.7849
45,53,136,0.7113,0.5938,0.7143,0.71
46,53,139,0.7348,0.719,0.584,0.7822
47,53,142,0.8193,0.7272,0.7721,0.7546
48,53,145,0.6397,0.6358,0.7061,0.5891
49,53,148,0.6314,0.6325,0.5951,0.6687
50,53,151,0.7207,0.7906,0.4054,0.5108
51,53,154,0.7895,0.728,0.6223,0.7461
52,53,157,0.7815,0.7434,0.5476,0.74
53,53,160,0.6163,0.6383,0.6185,0.7385
54,53,163,0.6991,0.6325,0.7274,0.7461
55,53,166,0.6054,0.5362,0.657,0.6958
56,53,169,0.691,0.5641,0.571,0.6455
57,53,172,0.7673,0.7661,0.7502,0.4909
58,53,175,0.575,0.7344,0.4143,0.7486
59,53,178,0.6358,0.5659,0.708,0.3552
60,53,181,0.6801,0.7241,0.7465,0.581
61,53,184,0.6206,0.5926,0.7622,0.4891
62,53,187,0.5893,0.5393,0.7672,0.584
63,53,190,0.7702,0.3929,0.7907,0.5144
64,53,193,0.5421,0.6669,0.5544,0.697
65,53,196,0.6441,0.7468,0.6051,0.6779
66,53,199,0.5209,0.6956,0.7202,0.3063
67,53,202,0.6573,0.7655,0.7083,0.4365
68,53,205,0.653,0.5314,0.6081,0.3462
69,53,208,0.3485,0.6807,0.691,0.624
70,53,211,0.676,0.4661,0.5865,0.4894
71,53,214,0.7552,0.6934,0.5558,0.6035
72,53,217,0.6934,0.7094,0.563,0.4556
73,53,220,0.4483,0.5726,0.6091,0.4994
74,53,223,0.6972,0.7381,0.5077,0.6469
75,53,226,0.4578,0.3039,0.6924,0.5839
76,53,229,0.6653,0.33,0.2921,0.4911
77,53,232,0.6474,0.2479,0.3764,0.6584
78,53,235,0.509,0.3425,0.4901,0.7199
79,53,238,0.4842,0.343,0.6016,0.4551
80,53,241,0.5321,0.4887,0.7775,0.5775
81,53,244,0.4946,0.5075,0.5468,0.7234
82,53,247,0.1986,0.7091,0.414,0.431
83,53,250,0.3222,0.6069,0.4493,0.5013
84,53,253,0.5257,0.3394,0.3597,0.5081
85,53,256,0.4618,0.4686,0.3908,0.3547
86,53,259,0.4385,0.6186,0.7541,0.731
87,53,262,0.7371,0.4159,0.4636,0.5781
88,53,265,0.4672,0.3428,0.341,0.5786
89,53,268,0.3586,0.3652,0.5553,0.7267
90,53,271,0.4174,0.344,0.447,0.6377
91,53,274,0.4968,0.5374,0.8006,0.3286
92,53,277,0.2889,0.4504,0.3333,0.5454
93,53,280,0.6894,0.503,0.5861,0.3344
94,53,283,0.4341,0.5953,0.487,0.38
95,53,286,0.6372,0.4458,0.4978,0.5482
96,53,289,0.6157,0.4717,0.4772,0.4242
97,53,292,0.5758,0.5729,0.319,0.4577
98,53,295,0.4013,0.5928,0.3777,0.5808
99,53,298,0.2861,0.4334,0.4005,0.4318
,Dataset#,L,att_1,att_2,att_3,att_4
0,54,1,0.4615,0.4796,0.47,0.4622
1,54,4,0.4622,0.4848,0.5011,0.4892
2,54,7,0.478,0.5157,0.5192,0.4619
3,54,10,0.5371,0.4938,0.494,0.5306
4,54,13,0.4931,0.512,0.5244,0.5659
5,54,16,0.5589,0.5088,0.554,0.5193
6,54,19,0.5373,0.4819,0.523,0.5497
7,54,22,0.5407,0.5069,0.5013,0.5474
8,54,25,0.5412,0.547,0.5209,0.5543
9,54,28,0.4979,0.5667,0.512,0.5224
10,54,31,0.5702,0.5554,0.554,0.5785
11,54,34,0.5853,0.5315,0.5779,0.5218
12,54,37,0.5611,0.5648,0.5409,0.5144
13,54,40,0.5601,0.5533,0.5114,0.5446
14,54,43,0.5062,0.5375,0.5801,0.5351
15,54,46,0.5709,0.5708,0.524,0.5535
16,54,49,0.5408,0.5527,0.5159,0.5274
17,54,52,0.5632,0.5342,0.5399,0.5349
18,54,55,0.5509,0.5841,0.555,0.5284
19,54,58,0.586,0.5198,0.5642,0.5701
20,54,61,0.5414,0.5509,0.5744,0.5856
21,54,64,0.5644,0.5627,0.5534,0.5648
22,54,67,0.5152,0.5371,0.5722,0.5762
23,54,70,0.5503,0.5458,0.576,0.537
24,54,73,0.5501,0.5153,0.5349,0.5835
25,54,76,0.512,0.534,0.5303,0.5579
26,54,79,0.5372,0.5165,0.5372,0.5858
27,54,82,0.5437,0.501,0.5223,0.5758
28,54,85,0.5213,0.526,0.5333,0.548
29,54,88,0.5397,0.549,0.5142,0.5394
30,54,91,0.555,0.5126,0.5498,0.5165
31,54,94,0.5217,0.5339,0.5529,0.5378
32,54,97,0.5662,0.5263,0.5012,0.5342
33,54,100,0.5195,0.5419,0.5661,0.5801
34,54,103,0.5135,0.5367,0.5384,0.5689
35,54,106,0.5617,0.5546,0.5758,0.5717
36,54,109,0.5428,0.5168,0.5233,0.5553
37,54,112,0.5073,0.5029,0.5206,0.5445
38,54,115,0.5319,0.5366,0.5045,0.5247
39,54,118,0.5836,0.5189,0.5547,0.5566
40,54,121,0.5583,0.5191,0.5399,0.5048
41,54,124,0.5247,0.5465,0.5352,0.5653
42,54,127,0.5191,0.505,0.4995,0.5177
43,54,130,0.5323,0.5108,0.494,0.4937
44,54,133,0.5012,0.5217,0.5008,0.5276
45,54,136,0.498,0.5487,0.5762,0.4943
46,54,139,0.5238,0.535,0.5103,0.5138
47,54,142,0.5052,0.4975,0.5351,0.5533
48,54,145,0.5024,0.5325,0.5574,0.5184
49,54,148,0.5039,0.5276,0.5395,0.5365
50,54,151,0.5501,0.5002,0.5333,0.4982
51,54,154,0.5176,0.4996,0.5117,0.4894
52,54,157,0.521,0.5506,0.4999,0.5295
53,54,160,0.5243,0.5,0.5093,0.5404
54,54,163,0.5393,0.5413,0.5276,0.4811
55,54,166,0.5282,0.5481,0.5076,0.4998
56,54,169,0.5344,0.497,0.531,0.5461
57,54,172,0.5195,0.476,0.481,0.4913
58,54,175,0.5069,0.5371,0.5009,0.5467
59,54,178,0.5059,0.5233,0.5312,0.5489
60,54,181,0.5491,0.5653,0.5199,0.5595
61,54,184,0.4968,0.4832,0.563,0.5859
62,54,187,0.5258,0.5121,0.4925,0.5169
63,54,190,0.51,0.5238,0.5118,0.5165
64,54,193,0.4932,0.5125,0.5491,0.5386
65,54,196,0.51,0.5039,0.5167,0.5545
66,54,199,0.5118,0.5069,0.4968,0.4701
67,54,202,0.5548,0.5037,0.5399,0.5229
68,54,205,0.5104,0.5697,0.5304,0.5139
69,54,208,0.5645,0.5005,0.5199,0.4918
70,54,211,0.508,0.5284,0.5176,0.5046
71,54,214,0.528,0.5771,0.4969,0.4751
72,54,217,0.5424,0.5018,0.526,0.5261
73,54,220,0.5173,0.5502,0.5331,0.4738
74,54,223,0.5287,0.5179,0.4696,0.4091
75,54,226,0.4126,0.5193,0.5074,0.5315
76,54,229,0.499,0.4939,0.5499,0.5269
77,54,232,0.548,0.5129,0.5214,0.4813
78,54,235,0.4346,0.4974,0.5047,0.4895
79,54,238,0.5564,0.4717,0.3907,0.52
80,54,241,0.4088,0.5028,0.5352,0.423
81,54,244,0.5192,0.507,0.4894,0.5083
82,54,247,0.3941,0.5126,0.4884,0.3988
83,54,250,0.4329,0.5186,0.5066,0.5697
84,54,253,0.3874,0.5131,0.4181,0.3845
85,54,256,0.5459,0.5146,0.5357,0.5019
86,54,259,0.3947,0.5233,0.4087,0.5277
87,54,262,0.3881,0.5444,0.2827,0.5009
88,54,265,0.5172,0.5202,0.528,0.501
89,54,268,0.5092,0.506,0.4737,0.5419
90,54,271,0.4927,0.4079,0.4188,0.5202
91,54,274,0.5187,0.3189,0.5331,0.5231
92,54,277,0.5359,0.3727,0.4655,0.523
93,54,280,0.4057,0.3958,0.5052,0.5372
94,54,283,0.5525,0.4983,0.5064,0.5211
95,54,286,0.5452,0.5197,0.3974,0.5146
96,54,289,0.4857,0.4783,0.3642,0.5226
97,54,292,0.4961,0.4224,0.2108,0.5163
98,54,295,0.3809,0.5359,0.5185,0.4147
99,54,298,0.5471,0.4659,0.4549,0.5249
,Dataset#,L,att_1,att_2,att_3,att_4
0,55,1,0.4114,0.4134,0.4114,0.4114
1,55,4,0.4114,0.4114,0.4155,0.4125
2,55,7,0.4115,0.4118,0.4148,0.4124
3,55,10,0.4231,0.414,0.414,0.4065
4,55,13,0.4211,0.4129,0.4346,0.4166
5,55,16,0.4306,0.4171,0.4177,0.4074
6,55,19,0.399,0.422,0.4164,0.4273
7,55,22,0.4074,0.4223,0.4218,0.4295
8,55,25,0.4114,0.4134,0.3976,0.4325
9,55,28,0.4228,0.4206,0.4377,0.4258
10,55,31,0.4063,0.4291,0.4091,0.4373
11,55,34,0.4081,0.4081,0.4183,0.4233
12,55,37,0.4429,0.4215,0.425,0.4252
13,55,40,0.417,0.4121,0.4275,0.4125
14,55,43,0.4192,0.4293,0.4165,0.4099
15,55,46,0.4228,0.4476,0.4333,0.418
16,55,49,0.4316,0.4384,0.4223,0.4384
17,55,52,0.4241,0.4143,0.4137,0.4178
18,55,55,0.4122,0.413,0.4088,0.4264
19,55,58,0.4052,0.4237,0.4264,0.4152
20,55,61,0.4157,0.4175,0.3976,0.4215
21,55,64,0.415,0.4323,0.414,0.3952
22,55,67,0.414,0.393,0.3994,0.4078
23,55,70,0.4243,0.4225,0.427,0.4167
24,55,73,0.4123,0.4086,0.4113,0.4213
25,55,76,0.4125,0.4077,0.4073,0.406
26,55,79,0.4178,0.4293,0.4152,0.4194
27,55,82,0.4153,0.4222,0.409,0.4048
28,55,85,0.4188,0.4509,0.4162,0.4052
29,55,88,0.4156,0.3921,0.4221,0.3928
30,55,91,0.4378,0.4308,0.4149,0.4153
31,55,94,0.4377,0.4045,0.4365,0.4329
32,55,97,0.403,0.4111,0.4411,0.4203
33,55,100,0.4024,0.4193,0.4305,0.3933
34,55,103,0.3986,0.3974,0.4153,0.4478
35,55,106,0.4098,0.4211,0.4197,0.4208
36,55,109,0.411,0.4221,0.4255,0.4212
37,55,112,0.4064,0.4363,0.4153,0.4279
38,55,115,0.4189,0.4046,0.4181,0.4279
39,55,118,0.4371,0.4239,0.4231,0.4135
40,55,121,0.4243,0.4285,0.4199,0.4219
41,55,124,0.4073,0.4464,0.4392,0.3957
42,55,127,0.4166,0.4114,0.3912,0.399
43,55,130,0.4119,0.4238,0.4067,0.4101
44,55,133,0.4096,0.4134,0.4076,0.4214
45,55,136,0.3944,0.4119,0.4134,0.4105
46,55,139,0.4433,0.4291,0.4143,0.4137
47,55,142,0.4229,0.4131,0.3896,0.4226
48,55,145,0.4134,0.4152,0.4127,0.4167
49,55,148,0.4333,0.4116,0.4116,0.4161
50,55,151,0.4199,0.4307,0.4096,0.4312
51,55,154,0.4165,0.4145,0.4205,0.3986
52,55,157,0.4014,0.4103,0.4175,0.3926
53,55,160,0.4154,0.4151,0.4237,0.3991
54,55,163,0.4061,0.4283,0.4189,0.4251
55,55,166,0.4384,0.3989,0.4362,0.4091
56,55,169,0.3937,0.4105,0.4152,0.4268
57,55,172,0.4087,0.4124,0.4186,0.4201
58,55,175,0.4144,0.4131,0.4164,0.3938
59,55,178,0.3889,0.433,0.4036,0.4171
60,55,181,0.4111,0.4148,0.398,0.4018
61,55,184,0.3894,0.4091,0.4122,0.4289
62,55,187,0.4081,0.4202,0.4079,0.4134
63,55,190,0.4216,0.3325,0.4214,0.4184
64,55,193,0.4048,0.34,0.3891,0.4117
65,55,196,0.3978,0.4141,0.4255,0.3837
66,55,199,0.3456,0.4078,0.3884,0.4097
67,55,202,0.3901,0.431,0.4095,0.3999
68,55,205,0.4098,0.392,0.3926,0.4208
69,55,208,0.4019,0.4275,0.4076,0.4369
70,55,211,0.335,0.4263,0.4261,0.4319
71,55,214,0.4085,0.4258,0.4436,0.4114
72,55,217,0.4146,0.4176,0.4336,0.4178
73,55,220,0.4124,0.4065,0.4361,0.3871
74,55,223,0.4317,0.3998,0.4146,0.4018
75,55,226,0.4196,0.4019,0.4333,0.3999
76,55,229,0.3379,0.4302,0.4085,0.4067
77,55,232,0.3356,0.3961,0.4065,0.4227
78,55,235,0.3402,0.4204,0.4224,0.4075
79,55,238,0.4186,0.4359,0.414,0.3971
80,55,241,0.4275,0.4386,0.4325,0.4034
81,55,244,0.4041,0.3394,0.4238,0.4155
82,55,247,0.3542,0.4269,0.4158,0.3161
83,55,250,0.4057,0.3276,0.3559,0.4094
84,55,253,0.4221,0.4143,0.3428,0.4125
85,55,256,0.4222,0.4359,0.3084,0.3911
86,55,259,0.4059,0.4114,0.4301,0.4215
87,55,262,0.3396,0.4144,0.4164,0.3396
88,55,265,0.3312,0.4266,0.4249,0.4253
89,55,268,0.3959,0.3025,0.4375,0.4159
90,55,271,0.2568,0.4193,0.3206,0.411
91,55,274,0.3857,0.2339,0.3925,0.4128
92,55,277,0.4142,0.3439,0.4147,0.2624
93,55,280,0.3532,0.4094,0.3151,0.3296
94,55,283,0.429,0.33,0.2353,0.2454
95,55,286,0.4214,0.3384,0.3836,0.3095
96,55,289,0.3404,0.419,0.4357,0.326
97,55,292,0.3385,0.3747,0.4224,0.328
98,55,295,0.3421,0.4297,0.3241,0.4266
99,55,298,0.3262,0.4159,0.3987,0.2569
,Dataset#,L,att_1,att_2,att_3,att_4
0,56,1,0.3707,0.3775,0.3486,0.3117
1,56,4,0.3987,0.3932,0.4352,0.4018
2,56,7,0.4072,0.4144,0.4248,0.4121
3,56,10,0.4025,0.4272,0.4399,0.4124
4,56,13,0.4315,0.4344,0.4234,0.4373
5,56,16,0.4134,0.4139,0.4311,0.4005
6,56,19,0.4441,0.4391,0.4396,0.4448
7,56,22,0.4145,0.437,0.4201,0.4043
8,56,25,0.4146,0.4186,0.4319,0.4242
9,56,28,0.4232,0.4301,0.4194,0.4193
10,56,31,0.4243,0.4039,0.4376,0.4396
11,56,34,0.4324,0.4383,0.4252,0.4273
12,56,37,0.4312,0.4204,0.4363,0.431
13,56,40,0.4227,0.439,0.4394,0.4154
14,56,43,0.4108,0.4507,0.4025,0.4294
15,56,46,0.4181,0.4122,0.4186,0.3931
16,56,49,0.4388,0.4171,0.4186,0.419
17,56,52,0.4099,0.4115,0.406,0.4128
18,56,55,0.4167,0.3964,0.4287,0.4069
19,56,58,0.4075,0.4364,0.407,0.4286
20,56,61,0.4279,0.3987,0.4352,0.4147
21,56,64,0.4047,0.4354,0.434,0.4155
22,56,67,0.4265,0.402,0.4265,0.4171
23,56,70,0.4377,0.4173,0.4465,0.4227
24,56,73,0.4333,0.4138,0.3815,0.4387
25,56,76,0.4089,0.428,0.3989,0.4035
26,56,79,0.414,0.4059,0.4374,0.43
27,56,82,0.4233,0.4116,0.4199,0.4054
28,56,85,0.3987,0.4338,0.4132,0.3838
29,56,88,0.3893,0.4253,0.4406,0.3965
30,56,91,0.4135,0.4075,0.4251,0.4106
31,56,94,0.4326,0.4078,0.4063,0.3922
32,56,97,0.4348,0.4077,0.3998,0.3788
33,56,100,0.4101,0.4133,0.4454,0.413
34,56,103,0.4236,0.4239,0.4237,0.4108
35,56,106,0.3914,0.4041,0.4065,0.4091
36,56,109,0.425,0.4094,0.3998,0.4076
37,56,112,0.4171,0.4228,0.4083,0.3978
38,56,115,0.427,0.4039,0.3897,0.4081
39,56,118,0.4154,0.4116,0.4141,0.4197
40,56,121,0.3349,0.3901,0.4139,0.3933
41,56,124,0.4067,0.4206,0.3907,0.4152
42,56,127,0.4055,0.4247,0.4274,0.4256
43,56,130,0.4152,0.3957,0.4405,0.3591
44,56,133,0.4084,0.4225,0.3825,0.4158
45,56,136,0.4095,0.4013,0.3919,0.3909
46,56,139,0.4138,0.3951,0.4153,0.4134
47,56,142,0.4351,0.4131,0.3605,0.4206
48,56,145,0.4065,0.3192,0.3975,0.4376
49,56,148,0.3062,0.2846,0.3978,0.4109
50,56,151,0.4135,0.3999,0.3608,0.4256
51,56,154,0.3997,0.3633,0.3899,0.4183
52,56,157,0.4173,0.3251,0.3791,0.4102
53,56,160,0.414,0.4327,0.3901,0.3702
54,56,163,0.3372,0.3831,0.3996,0.4022
55,56,166,0.4328,0.4151,0.4043,0.4041
56,56,169,0.4168,0.4097,0.4319,0.4186
57,56,172,0.3003,0.3059,0.2824,0.307
58,56,175,0.3364,0.3837,0.3394,0.2073
59,56,178,0.4265,0.4179,0.3835,0.4097
60,56,181,0.3183,0.4059,0.3526,0.3891
61,56,184,0.4075,0.4116,0.3299,0.3245
62,56,187,0.431,0.4182,0.4081,0.3854
63,56,190,0.313,0.3515,0.4033,0.2518
64,56,193,0.3011,0.4108,0.3201,0.3351
65,56,196,0.4225,0.3835,0.2961,0.3972
66,56,199,0.421,0.3562,0.3969,0.3898
67,56,202,0.3922,0.3147,0.3871,0.4004
68,56,205,0.3907,0.3319,0.4131,0.4065
69,56,208,0.405,0.3338,0.4275,0.3508
70,56,211,0.303,0.3002,0.3857,0.3869
71,56,214,0.4049,0.336,0.4339,0.2794
72,56,217,0.4027,0.3872,0.3362,0.2113
73,56,220,0.3271,0.3153,0.3902,0.3932
74,56,223,0.3421,0.4202,0.2431,0.2891
75,56,226,0.4197,0.3063,0.2865,0.438
76,56,229,0.3904,0.3158,0.4312,0.356
77,56,232,0.2937,0.256,0.4045,0.4199
78,56,235,0.3173,0.3257,0.3784,0.3389
79,56,238,0.3164,0.22,0.3771,0.3804
80,56,241,0.3137,0.3741,0.3341,0.1807
81,56,244,0.262,0.3818,0.4143,0.2941
82,56,247,0.3136,0.3249,0.3141,0.3086
83,56,250,0.3705,0.3583,0.2919,0.2807
84,56,253,0.4025,0.3646,0.4207,0.2489
85,56,256,0.2548,0.3323,0.386,0.3942
86,56,259,0.3516,0.3563,0.3301,0.4135
87,56,262,0.3105,0.3547,0.4135,0.272
88,56,265,0.3901,0.3475,0.3554,0.3192
89,56,268,0.3108,0.2905,0.3487,0.3222
90,56,271,0.4024,0.3652,0.267,0.2579
91,56,274,0.2804,0.2529,0.3748,0.3176
92,56,277,0.4154,0.3728,0.2033,0.4109
93,56,280,0.2917,0.3562,0.4117,0.3909
94,56,283,0.2039,0.3926,0.2855,0.3491
95,56,286,0.3756,0.3266,0.2771,0.2915
96,56,289,0.3518,0.3134,0.3816,0.4221
97,56,292,0.3068,0.3754,0.3283,0.3419
98,56,295,0.3842,0.3508,0.3294,0.3687
99,56,298,0.409,0.2183,0.2649,0.3747
,Dataset#,L,att_1,att_2,att_3,att_4
0,57,1,0.5579,0.5477,0.6051,0.5988
1,57,4,0.6817,0.6716,0.6294,0.6855
2,57,7,0.7289,0.72,0.6938,0.7196
3,57,10,0.7546,0.7521,0.7263,0.7262
4,57,13,0.75,0.7149,0.746,0.7542
5,57,16,0.7704,0.75,0.7534,0.7411
6,57,19,0.7645,0.7564,0.7656,0.7664
7,57,22,0.7638,0.7579,0.7689,0.7596
8,57,25,0.7686,0.7651,0.769,0.7683
9,57,28,0.7654,0.7656,0.76,0.7647
10,57,31,0.7655,0.7673,0.7561,0.7678
11,57,34,0.7711,0.7646,0.7671,0.7623
12,57,37,0.7732,0.7779,0.7815,0.7587
13,57,40,0.7685,0.7648,0.768,0.7675
14,57,43,0.7746,0.7771,0.7683,0.7659
15,57,46,0.7638,0.7668,0.7574,0.7767
16,57,49,0.7633,0.7672,0.763,0.7662
17,57,52,0.7643,0.7702,0.764,0.7542
18,57,55,0.7588,0.774,0.7653,0.7691
19,57,58,0.7619,0.7628,0.7694,0.7656
20,57,61,0.7641,0.7733,0.7589,0.7712
21,57,64,0.7698,0.7612,0.756,0.7643
22,57,67,0.7733,0.762,0.7773,0.768
23,57,70,0.7757,0.7694,0.7717,0.7519
24,57,73,0.7594,0.764,0.7805,0.7668
25,57,76,0.768,0.7781,0.7674,0.7671
26,57,79,0.7835,0.7746,0.771,0.7715
27,57,82,0.7703,0.7657,0.776,0.7665
28,57,85,0.78,0.7649,0.7833,0.7751
29,57,88,0.7576,0.7649,0.7732,0.7674
30,57,91,0.7746,0.773,0.7556,0.7667
31,57,94,0.7699,0.7709,0.7618,0.7698
32,57,97,0.7747,0.7749,0.773,0.7628
33,57,100,0.7727,0.7691,0.7586,0.7711
34,57,103,0.7608,0.7695,0.7706,0.7565
35,57,106,0.756,0.767,0.7612,0.7656
36,57,109,0.7615,0.7585,0.7641,0.765
37,57,112,0.7642,0.7774,0.77,0.7613
38,57,115,0.7717,0.7655,0.7697,0.7537
39,57,118,0.7669,0.7824,0.7661,0.7607
40,57,121,0.7518,0.7669,0.7555,0.7722
41,57,124,0.763,0.7672,0.7575,0.7658
42,57,127,0.761,0.599,0.6159,0.769
43,57,130,0.7714,0.759,0.7402,0.7626
44,57,133,0.7754,0.7768,0.7762,0.7632
45,57,136,0.6156,0.7652,0.7756,0.7515
46,57,139,0.7614,0.7572,0.7638,0.7642
47,57,142,0.7811,0.755,0.7651,0.7605
48,57,145,0.7687,0.6302,0.7385,0.7544
49,57,148,0.7647,0.7607,0.606,0.7702
50,57,151,0.7512,0.757,0.755,0.7685
51,57,154,0.7529,0.4817,0.6107,0.7587
52,57,157,0.759,0.7682,0.7481,0.7697
53,57,160,0.7603,0.7718,0.761,0.7689
54,57,163,0.7608,0.7757,0.7792,0.754
55,57,166,0.781,0.6162,0.7677,0.6034
56,57,169,0.7703,0.6399,0.6042,0.7573
57,57,172,0.6129,0.6237,0.761,0.7464
58,57,175,0.7691,0.6171,0.7619,0.7609
59,57,178,0.7591,0.6212,0.7715,0.768
60,57,181,0.774,0.7609,0.7679,0.7639
61,57,184,0.7637,0.7695,0.6094,0.7709
62,57,187,0.7385,0.7726,0.7642,0.7693
63,57,190,0.766,0.764,0.5974,0.7498
64,57,193,0.7594,0.7598,0.6086,0.6029
65,57,196,0.7588,0.7606,0.7629,0.7695
66,57,199,0.6102,0.7607,0.7637,0.7538
67,57,202,0.7657,0.749,0.7597,0.7734
68,57,205,0.7547,0.7634,0.7715,0.7829
69,57,208,0.6235,0.7694,0.7607,0.7543
70,57,211,0.7446,0.7561,0.7753,0.6236
71,57,214,0.7536,0.7745,0.6026,0.6022
72,57,217,0.5866,0.7529,0.7601,0.76
73,57,220,0.7733,0.7508,0.7535,0.6054
74,57,223,0.7602,0.7603,0.6071,0.7572
75,57,226,0.7665,0.7532,0.7584,0.7504
76,57,229,0.6165,0.7567,0.6012,0.4534
77,57,232,0.7343,0.6064,0.6046,0.6079
78,57,235,0.7548,0.7735,0.7458,0.4404
79,57,238,0.4627,0.7614,0.4605,0.7491
80,57,241,0.7782,0.7697,0.7513,0.7634
81,57,244,0.4425,0.6013,0.7489,0.7572
82,57,247,0.7229,0.6003,0.7549,0.609
83,57,250,0.301,0.5969,0.6138,0.6085
84,57,253,0.7596,0.7152,0.5951,0.6015
85,57,256,0.6068,0.753,0.6022,0.6152
86,57,259,0.6092,0.7623,0.7613,0.766
87,57,262,0.5665,0.6109,0.7769,0.772
88,57,265,0.606,0.7564,0.7792,0.7449
89,57,268,0.7645,0.7574,0.7645,0.7716
90,57,271,0.7542,0.6188,0.3064,0.7506
91,57,274,0.6059,0.7638,0.5821,0.6152
92,57,277,0.7637,0.5979,0.6092,0.6078
93,57,280,0.5491,0.4523,0.4621,0.5939
94,57,283,0.7716,0.7749,0.761,0.5878
95,57,286,0.6067,0.5986,0.5983,0.6148
96,57,289,0.4545,0.607,0.6233,0.7416
97,57,292,0.7684,0.7405,0.4608,0.5807
98,57,295,0.6124,0.7593,0.6051,0.466
99,57,298,0.4551,0.5614,0.5844,0.548
,Dataset#,L,att_1,att_2,att_3,att_4
0,58,1,0.3474,0.3107,0.3291,0.2952
1,58,4,0.3358,0.3742,0.3616,0.3448
2,58,7,0.3715,0.3825,0.379,0.4045
3,58,10,0.425,0.449,0.4189,0.4248
4,58,13,0.4379,0.4189,0.4089,0.4366
5,58,16,0.4277,0.4507,0.4176,0.4483
6,58,19,0.3948,0.3954,0.4273,0.4506
7,58,22,0.4484,0.423,0.4325,0.4362
8,58,25,0.4502,0.4231,0.4306,0.4514
9,58,28,0.4467,0.4345,0.4255,0.4346
10,58,31,0.4341,0.4311,0.4619,0.4115
11,58,34,0.3897,0.4601,0.46,0.442
12,58,37,0.4201,0.4443,0.4481,0.3897
13,58,40,0.4316,0.382,0.4168,0.4558
14,58,43,0.4077,0.4435,0.4373,0.4395
15,58,46,0.436,0.4103,0.387,0.439
16,58,49,0.4145,0.4302,0.4608,0.4355
17,58,52,0.4257,0.4167,0.4583,0.4496
18,58,55,0.4336,0.4128,0.3851,0.4218
19,58,58,0.409,0.4589,0.4139,0.4103
20,58,61,0.4195,0.4506,0.42,0.3963
21,58,64,0.3798,0.4689,0.3983,0.4342
22,58,67,0.4393,0.3919,0.4223,0.3973
23,58,70,0.3767,0.4193,0.3903,0.395
24,58,73,0.4047,0.3913,0.4176,0.457
25,58,76,0.4143,0.4538,0.3837,0.4612
26,58,79,0.4528,0.4189,0.41,0.3767
27,58,82,0.4471,0.4525,0.3777,0.3809
28,58,85,0.451,0.3576,0.4111,0.398
29,58,88,0.3997,0.4492,0.4086,0.4038
30,58,91,0.3921,0.4599,0.4119,0.4258
31,58,94,0.361,0.4455,0.417,0.379
32,58,97,0.3954,0.4061,0.391,0.3618
33,58,100,0.4103,0.432,0.4084,0.4186
34,58,103,0.3723,0.4441,0.4455,0.4003
35,58,106,0.4088,0.3958,0.4461,0.3963
36,58,109,0.394,0.3849,0.43,0.3805
37,58,112,0.4227,0.4055,0.4242,0.4082
38,58,115,0.4038,0.3912,0.417,0.3849
39,58,118,0.3925,0.3829,0.4057,0.3734
40,58,121,0.371,0.3994,0.3935,0.4621
41,58,124,0.3938,0.4614,0.403,0.4148
42,58,127,0.3865,0.4073,0.3945,0.3767
43,58,130,0.3949,0.3703,0.4089,0.3892
44,58,133,0.4097,0.3534,0.3992,0.4396
45,58,136,0.4058,0.4479,0.3867,0.4542
46,58,139,0.4083,0.4,0.4195,0.3861
47,58,142,0.4238,0.4204,0.3873,0.3323
48,58,145,0.2768,0.4144,0.4089,0.4201
49,58,148,0.3983,0.3472,0.3006,0.3512
50,58,151,0.4506,0.398,0.3795,0.4291
51,58,154,0.3669,0.372,0.2796,0.3735
52,58,157,0.4117,0.2353,0.2877,0.4434
53,58,160,0.3716,0.3947,0.3799,0.4125
54,58,163,0.4421,0.4539,0.4021,0.3563
55,58,166,0.3882,0.3791,0.3401,0.3286
56,58,169,0.3617,0.3916,0.4122,0.338
57,58,172,0.3711,0.3921,0.3808,0.3553
58,58,175,0.4343,0.3916,0.4046,0.3468
59,58,178,0.3772,0.3219,0.2905,0.2035
60,58,181,0.3945,0.383,0.4205,0.3916
61,58,184,0.3964,0.3803,0.338,0.2425
62,58,187,0.3026,0.3754,0.3973,0.3506
63,58,190,0.3764,0.3832,0.3797,0.3427
64,58,193,0.4142,0.4533,0.2948,0.371
65,58,196,0.3613,0.4291,0.3947,0.3615
66,58,199,0.3209,0.3815,0.3091,0.2881
67,58,202,0.4014,0.3955,0.3998,0.4174
68,58,205,0.3782,0.3057,0.372,0.3855
69,58,208,0.3485,0.3647,0.3241,0.3833
70,58,211,0.343,0.3645,0.3264,0.2677
71,58,214,0.3826,0.3918,0.2852,0.391
72,58,217,0.2529,0.3615,0.4001,0.2871
73,58,220,0.3186,0.3305,0.323,0.3265
74,58,223,0.3821,0.37,0.3352,0.3303
75,58,226,0.3971,0.1277,0.4052,0.3301
76,58,229,0.3599,0.3524,0.3202,0.4116
77,58,232,0.3048,0.28,0.3731,0.306
78,58,235,0.326,0.2838,0.2838,0.2661
79,58,238,0.2507,0.3594,0.3364,0.2467
80,58,241,0.3514,0.2899,0.3887,0.4013
81,58,244,0.4289,0.327,0.312,0.3876
82,58,247,0.3014,0.3796,0.3594,0.3329
83,58,250,0.4076,0.3765,0.372,0.363
84,58,253,0.3409,0.3799,0.3904,0.3412
85,58,256,0.2652,0.1983,0.2728,0.3756
86,58,259,0.3116,0.3937,0.3607,0.2434
87,58,262,0.2664,0.303,0.278,0.4095
88,58,265,0.3633,0.4064,0.2854,0.2614
89,58,268,0.3397,0.2223,0.3091,0.2821
90,58,271,0.2145,0.3256,0.3126,0.3623
91,58,274,0.3191,0.3908,0.2116,0.3003
92,58,277,0.3513,0.3648,0.3628,0.4288
93,58,280,0.2449,0.3597,0.4046,0.3396
94,58,283,0.2488,0.2304,0.3763,0.2855
95,58,286,0.3852,0.3691,0.3586,0.2949
96,58,289,0.2617,0.2703,0.2539,0.3276
97,58,292,0.2589,0.3025,0.3022,0.2793
98,58,295,0.2735,0.2995,0.2328,0.2783
99,58,298,0.4382,0.3527,0.3888,0.3074
,Dataset#,L,att_1,att_2,att_3,att_4
0,59,1,0.64,0.7941,0.5822,0.773
1,59,4,0.8533,0.7688,0.8377,0.8083
2,59,7,0.8756,0.9272,0.8967,0.8879
3,59,10,0.9249,0.9186,0.9246,0.9113
4,59,13,0.926,0.9187,0.9327,0.9242
5,59,16,0.9102,0.9322,0.9304,0.9201
6,59,19,0.9411,0.9215,0.9247,0.9371
7,59,22,0.9447,0.9316,0.9322,0.9274
8,59,25,0.9218,0.9167,0.9389,0.927
9,59,28,0.9407,0.9333,0.948,0.9405
10,59,31,0.8396,0.9256,0.9293,0.9209
11,59,34,0.9292,0.9377,0.8377,0.9287
12,59,37,0.9421,0.9221,0.9461,0.927
13,59,40,0.9243,0.9449,0.8406,0.7518
14,59,43,0.924,0.6559,0.6641,0.8379
15,59,46,0.7357,0.8329,0.8518,0.6762
16,59,49,0.9241,0.9256,0.8387,0.855
17,59,52,0.8519,0.833,0.8395,0.9068
18,59,55,0.847,0.7633,0.7645,0.8335
19,59,58,0.8434,0.8372,0.9438,0.6681
20,59,61,0.8155,0.8569,0.7435,0.8394
21,59,64,0.7525,0.8322,0.7514,0.942
22,59,67,0.7474,0.8446,0.9295,0.8434
23,59,70,0.9284,0.6712,0.8495,0.9154
24,59,73,0.9389,0.9338,0.8676,0.8401
25,59,76,0.8282,0.8408,0.937,0.851
26,59,79,0.8148,0.8161,0.8289,0.8484
27,59,82,0.8447,0.8369,0.841,0.9292
28,59,85,0.8288,0.7585,0.6693,0.679
29,59,88,0.8205,0.7446,0.9057,0.9416
30,59,91,0.9223,0.6691,0.9373,0.9178
31,59,94,0.84,0.7588,0.8616,0.8521
32,59,97,0.7584,0.8473,0.8397,0.8534
33,59,100,0.8183,0.7323,0.8172,0.7561
34,59,103,0.9442,0.8222,0.9043,0.9254
35,59,106,0.7567,0.946,0.8352,0.828
36,59,109,0.8304,0.9356,0.9052,0.8586
37,59,112,0.8587,0.9389,0.9153,0.838
38,59,115,0.7639,0.7194,0.7726,0.846
39,59,118,0.9272,0.7537,0.7577,0.8115
40,59,121,0.7685,0.7525,0.8163,0.7593
41,59,124,0.8467,0.763,0.753,0.7585
42,59,127,0.843,0.8561,0.6722,0.7342
43,59,130,0.863,0.8672,0.748,0.8572
44,59,133,0.6804,0.8345,0.7629,0.9347
45,59,136,0.9485,0.7598,0.9487,0.84
46,59,139,0.8316,0.7565,0.669,0.755
47,59,142,0.7467,0.6785,0.7527,0.7658
48,59,145,0.7719,0.7778,0.9094,0.6773
49,59,148,0.9117,0.7733,0.862,0.8517
50,59,151,0.8518,0.8473,0.6725,0.8357
51,59,154,0.9405,0.8225,0.9306,0.7502
52,59,157,0.6707,0.7356,0.9393,0.9526
53,59,160,0.4894,0.8254,0.7757,0.8466
54,59,163,0.8583,0.9126,0.5656,0.85
55,59,166,0.8596,0.6744,0.8531,0.9545
56,59,169,0.7758,0.8141,0.9402,0.7474
57,59,172,0.8689,0.6766,0.8384,0.7555
58,59,175,0.7669,0.8316,0.652,0.8482
59,59,178,0.8557,0.7634,0.6597,0.925
60,59,181,0.8646,0.8544,0.7392,0.9327
61,59,184,0.9422,0.775,0.8491,0.7556
62,59,187,0.77,0.7691,0.7517,0.7373
63,59,190,0.7753,0.7551,0.6818,0.8381
64,59,193,0.8068,0.8489,0.9433,0.6717
65,59,196,0.8386,0.9187,0.7709,0.6673
66,59,199,0.9254,0.7601,0.9251,0.7566
67,59,202,0.8227,0.7603,0.9336,0.7508
68,59,205,0.9264,0.9238,0.8933,0.9123
69,59,208,0.93,0.6776,0.644,0.7594
70,59,211,0.673,0.8182,0.9432,0.7369
71,59,214,0.849,0.9049,0.8404,0.8226
72,59,217,0.6548,0.8481,0.5596,0.7407
73,59,220,0.9402,0.7671,0.6762,0.632
74,59,223,0.8426,0.7659,0.9267,0.6325
75,59,226,0.8587,0.8169,0.7477,0.7937
76,59,229,0.7302,0.7266,0.9528,0.7698
77,59,232,0.3873,0.7371,0.7716,0.8614
78,59,235,0.7606,0.9422,0.9407,0.758
79,59,238,0.9444,0.9559,0.6503,0.6742
80,59,241,0.8479,0.6546,0.8405,0.6674
81,59,244,0.6731,0.8437,0.6385,0.666
82,59,247,0.8065,0.7433,0.9204,0.7572
83,59,250,0.7649,0.7624,0.6584,0.9097
84,59,253,0.754,0.5686,0.8321,0.7396
85,59,256,0.6707,0.7216,0.9545,0.8257
86,59,259,0.7368,0.6397,0.6401,0.7582
87,59,262,0.7501,0.7471,0.8673,0.8406
88,59,265,0.8944,0.5788,0.8406,0.756
89,59,268,0.741,0.7349,0.8478,0.4501
90,59,271,0.5717,0.5547,0.5643,0.7401
91,59,274,0.7284,0.6702,0.5533,0.4813
92,59,277,0.4507,0.7385,0.6581,0.5853
93,59,280,0.7651,0.7661,0.7728,0.7664
94,59,283,0.6354,0.5588,0.4712,0.6594
95,59,286,0.7897,0.6335,0.7602,0.6521
96,59,289,0.924,0.6462,0.6586,0.7097
97,59,292,0.8504,0.4645,0.9142,0.6078
98,59,295,0.7701,0.8658,0.483,0.6398
99,59,298,0.4818,0.5729,0.748,0.5808
,Dataset#,L,att_1,att_2,att_3,att_4
0,60,1,0.3612,0.3876,0.4018,0.3422
1,60,4,0.4275,0.3992,0.4037,0.4087
2,60,7,0.4404,0.4332,0.4194,0.4108
3,60,10,0.4287,0.4289,0.4345,0.4307
4,60,13,0.4308,0.4368,0.4292,0.4314
5,60,16,0.4165,0.425,0.4352,0.4255
6,60,19,0.4249,0.4388,0.4332,0.4422
7,60,22,0.4257,0.428,0.4424,0.4441
8,60,25,0.4316,0.4235,0.4416,0.4275
9,60,28,0.4435,0.4453,0.4447,0.4288
10,60,31,0.4108,0.4501,0.4269,0.433
11,60,34,0.433,0.4326,0.4399,0.4304
12,60,37,0.4404,0.4217,0.4223,0.4268
13,60,40,0.4365,0.4257,0.4352,0.4439
14,60,43,0.4553,0.4232,0.459,0.432
15,60,46,0.4411,0.43,0.4264,0.4518
16,60,49,0.4172,0.4456,0.4206,0.4247
17,60,52,0.423,0.4523,0.4411,0.4431
18,60,55,0.4433,0.4217,0.4518,0.4252
19,60,58,0.4415,0.4262,0.4368,0.4356
20,60,61,0.4272,0.4349,0.4382,0.4333
21,60,64,0.427,0.4241,0.4273,0.4285
22,60,67,0.4307,0.4196,0.4387,0.436
23,60,70,0.425,0.4266,0.418,0.4319
24,60,73,0.4069,0.4139,0.4342,0.4356
25,60,76,0.4415,0.4273,0.4435,0.4332
26,60,79,0.4156,0.425,0.4318,0.4204
27,60,82,0.4243,0.4393,0.4397,0.4282
28,60,85,0.4312,0.4217,0.4438,0.4448
29,60,88,0.4538,0.4322,0.4252,0.431
30,60,91,0.4133,0.4367,0.4434,0.4272
31,60,94,0.4429,0.4223,0.4317,0.4248
32,60,97,0.4093,0.4094,0.4195,0.4337
33,60,100,0.4257,0.4295,0.4207,0.4282
34,60,103,0.4319,0.4041,0.4355,0.4262
35,60,106,0.4335,0.4447,0.4277,0.4394
36,60,109,0.4473,0.4087,0.4373,0.4279
37,60,112,0.438,0.4357,0.4334,0.435
38,60,115,0.4182,0.4226,0.431,0.4354
39,60,118,0.4177,0.3673,0.3935,0.4187
40,60,121,0.4324,0.3985,0.3505,0.4435
41,60,124,0.415,0.4454,0.4289,0.4377
42,60,127,0.3292,0.4223,0.4134,0.45
43,60,130,0.407,0.4201,0.4027,0.4277
44,60,133,0.412,0.4199,0.4241,0.428
45,60,136,0.4165,0.3636,0.4254,0.3241
46,60,139,0.4179,0.411,0.3455,0.4312
47,60,142,0.2872,0.4296,0.4228,0.3956
48,60,145,0.4423,0.3349,0.4361,0.4153
49,60,148,0.4163,0.4569,0.3332,0.4316
50,60,151,0.4042,0.4261,0.4166,0.3388
51,60,154,0.4258,0.4091,0.3809,0.3409
52,60,157,0.4336,0.3177,0.3839,0.4224
53,60,160,0.4273,0.431,0.44,0.3517
54,60,163,0.3254,0.3501,0.3181,0.3174
55,60,166,0.4133,0.3467,0.4227,0.4502
56,60,169,0.4101,0.3862,0.3545,0.3197
57,60,172,0.4013,0.428,0.4288,0.4288
58,60,175,0.3759,0.4326,0.3285,0.2729
59,60,178,0.3678,0.4259,0.3318,0.4255
60,60,181,0.3416,0.3197,0.4063,0.2843
61,60,184,0.4093,0.4296,0.4025,0.4256
62,60,187,0.4343,0.4285,0.3994,0.4033
63,60,190,0.3219,0.381,0.1951,0.4177
64,60,193,0.4242,0.3919,0.3679,0.4454
65,60,196,0.3434,0.4054,0.4246,0.3472
66,60,199,0.2435,0.3749,0.4382,0.4245
67,60,202,0.2561,0.351,0.3503,0.3444
68,60,205,0.4163,0.4017,0.3467,0.3783
69,60,208,0.3114,0.3149,0.3575,0.2497
70,60,211,0.3348,0.3365,0.4023,0.4382
71,60,214,0.4124,0.3943,0.3238,0.2117
72,60,217,0.4126,0.4232,0.3692,0.3165
73,60,220,0.3218,0.4188,0.4226,0.3346
74,60,223,0.3945,0.331,0.2275,0.3226
75,60,226,0.4034,0.4186,0.4243,0.3313
76,60,229,0.3497,0.3407,0.3999,0.3837
77,60,232,0.3931,0.3132,0.3398,0.4003
78,60,235,0.2985,0.3693,0.2983,0.3262
79,60,238,0.3793,0.3303,0.1577,0.423
80,60,241,0.4109,0.4201,0.3129,0.3783
81,60,244,0.3837,0.3731,0.3498,0.4097
82,60,247,0.3502,0.3862,0.1673,0.3354
83,60,250,0.4243,0.4198,0.414,0.2764
84,60,253,0.3431,0.3997,0.4053,0.3247
85,60,256,0.3122,0.3344,0.4128,0.4125
86,60,259,0.3997,0.4313,0.3732,0.328
87,60,262,0.2971,0.28,0.4313,0.2789
88,60,265,0.2998,0.343,0.2306,0.353
89,60,268,0.3747,0.4022,0.3128,0.3712
90,60,271,0.4266,0.3724,0.353,0.409
91,60,274,0.4327,0.2762,0.3346,0.2267
92,60,277,0.342,0.436,0.4006,0.3714
93,60,280,0.3589,0.258,0.3182,0.3738
94,60,283,0.2153,0.2452,0.3321,0.336
95,60,286,0.4141,0.3271,0.3613,0.3948
96,60,289,0.355,0.3918,0.2512,0.286
97,60,292,0.3443,0.2723,0.3424,0.4227
98,60,295,0.3658,0.2376,0.3305,0.2501
99,60,298,0.358,0.3687,0.2444,0.3386
,Dataset#,L,att_1,att_2,att_3,att_4
0,61,1,0.233,0.2363,0.2398,0.2748
1,61,4,0.2422,0.2737,0.2146,0.2626
2,61,7,0.2803,0.2855,0.261,0.2719
3,61,10,0.2485,0.2468,0.2749,0.2561
4,61,13,0.2653,0.242,0.3012,0.3031
5,61,16,0.2826,0.2581,0.2907,0.2654
6,61,19,0.2982,0.2637,0.2869,0.2798
7,61,22,0.2535,0.3029,0.2772,0.2928
8,61,25,0.2597,0.2639,0.3193,0.2645
9,61,28,0.2908,0.2683,0.2786,0.2532
10,61,31,0.2752,0.2859,0.2665,0.2786
11,61,34,0.2434,0.2462,0.2619,0.2455
12,61,37,0.2722,0.2734,0.2928,0.1879
13,61,40,0.3074,0.2719,0.3191,0.2356
14,61,43,0.2308,0.3022,0.2307,0.2172
15,61,46,0.2499,0.208,0.2721,0.2398
16,61,49,0.2577,0.2325,0.2593,0.2715
17,61,52,0.2757,0.2929,0.2587,0.2674
18,61,55,0.2232,0.1473,0.2279,0.2274
19,61,58,0.2912,0.2797,0.2235,0.2424
20,61,61,0.2897,0.2699,0.2038,0.2697
21,61,64,0.2715,0.2431,0.2207,0.2415
22,61,67,0.3116,0.3037,0.285,0.1871
23,61,70,0.2267,0.2453,0.3347,0.3088
24,61,73,0.2813,0.2678,0.2309,0.2693
25,61,76,0.2252,0.2686,0.2184,0.2609
26,61,79,0.2586,0.1926,0.2354,0.1887
27,61,82,0.2579,0.2545,0.2828,0.2049
28,61,85,0.2135,0.1936,0.2382,0.1792
29,61,88,0.2627,0.1705,0.243,0.2014
30,61,91,0.2558,0.2146,0.2097,0.2237
31,61,94,0.2941,0.2392,0.1872,0.2658
32,61,97,0.2122,0.1987,0.2197,0.2694
33,61,100,0.2123,0.2592,0.1763,0.1545
34,61,103,0.2677,0.2602,0.2346,0.2173
35,61,106,0.2751,0.1645,0.279,0.2339
36,61,109,0.2578,0.2512,0.2395,0.2267
37,61,112,0.2096,0.2219,0.2841,0.2095
38,61,115,0.1536,0.2134,0.2069,0.2047
39,61,118,0.2237,0.2526,0.2722,0.1797
40,61,121,0.2683,0.2104,0.302,0.2414
41,61,124,0.2721,0.2816,0.2366,0.1926
42,61,127,0.2495,0.1555,0.1791,0.2774
43,61,130,0.2523,0.2039,0.2289,0.1987
44,61,133,0.2512,0.2893,0.2847,0.249
45,61,136,0.1803,0.2088,0.1681,0.2775
46,61,139,0.2333,0.2279,0.1975,0.3318
47,61,142,0.1693,0.1995,0.258,0.2011
48,61,145,0.2609,0.2302,0.2618,0.2044
49,61,148,0.2334,0.1786,0.2151,0.3153
50,61,151,0.2376,0.1668,0.1995,0.2671
51,61,154,0.2419,0.2326,0.205,0.2024
52,61,157,0.2972,0.2796,0.2449,0.223
53,61,160,0.2258,0.1505,0.243,0.1946
54,61,163,0.191,0.1776,0.2006,0.2094
55,61,166,0.2276,0.224,0.2444,0.2729
56,61,169,0.1432,0.2146,0.2305,0.2089
57,61,172,0.2915,0.2319,0.2762,0.1674
58,61,175,0.1938,0.2103,0.2141,0.2918
59,61,178,0.1875,0.2146,0.2291,0.2508
60,61,181,0.2798,0.2716,0.2541,0.2626
61,61,184,0.2506,0.2637,0.238,0.2928
62,61,187,0.2647,0.208,0.238,0.2008
63,61,190,0.162,0.3222,0.2485,0.2109
64,61,193,0.1754,0.2562,0.2173,0.2135
65,61,196,0.2314,0.2164,0.2553,0.2427
66,61,199,0.2353,0.19,0.2278,0.2185
67,61,202,0.2636,0.241,0.2375,0.2219
68,61,205,0.2301,0.295,0.1796,0.1806
69,61,208,0.197,0.2454,0.3129,0.1836
70,61,211,0.1826,0.1861,0.1962,0.2011
71,61,214,0.1748,0.2311,0.2678,0.1894
72,61,217,0.1867,0.1973,0.2571,0.2103
73,61,220,0.2041,0.219,0.2951,0.2604
74,61,223,0.2397,0.1792,0.2456,0.1942
75,61,226,0.1903,0.1664,0.2132,0.2485
76,61,229,0.2061,0.2027,0.2051,0.242
77,61,232,0.2175,0.1423,0.209,0.1166
78,61,235,0.1804,0.257,0.3075,0.09102
79,61,238,0.2635,0.2561,0.1689,0.2471
80,61,241,0.1802,0.144,0.2004,0.3002
81,61,244,0.2033,0.2572,0.1457,0.1605
82,61,247,0.143,0.2237,0.1598,0.1623
83,61,250,0.2563,0.1916,0.1873,0.265
84,61,253,0.1265,0.1705,0.1866,0.1291
85,61,256,0.1682,0.162,0.2471,0.2427
86,61,259,0.2769,0.09994,0.2702,0.2429
87,61,262,0.2077,0.1865,0.1432,0.1349
88,61,265,0.09276,0.2362,0.1718,0.1465
89,61,268,0.2862,0.1315,0.1969,0.1932
90,61,271,0.2349,0.1502,0.2085,0.1416
91,61,274,0.2639,0.1789,0.2069,0.1514
92,61,277,0.1056,0.1242,0.1683,0.1138
93,61,280,0.2749,0.1607,0.2734,0.2038
94,61,283,0.2216,0.1168,0.1762,0.1459
95,61,286,0.2715,0.2335,0.1683,0.2392
96,61,289,0.1458,0.269,0.1775,0.1569
97,61,292,0.1838,0.2877,0.2152,0.2552
98,61,295,0.1497,0.1391,0.2489,0.1125
99,61,298,0.2042,0.2009,0.1853,0.125
,Dataset#,L,att_1,att_2,att_3,att_4
0,62,1,0.5285,0.5496,0.5527,0.4764
1,62,4,0.6708,0.6254,0.702,0.4489
2,62,7,0.6752,0.6776,0.5836,0.603
3,62,10,0.7246,0.6938,0.747,0.7585
4,62,13,0.7535,0.7486,0.751,0.7448
5,62,16,0.7544,0.6859,0.7021,0.755
6,62,19,0.7547,0.6861,0.7569,0.586
7,62,22,0.6598,0.7533,0.7048,0.7331
8,62,25,0.7515,0.7588,0.6236,0.7546
9,62,28,0.6704,0.675,0.6777,0.6798
10,62,31,0.6752,0.7054,0.5867,0.5982
11,62,34,0.6728,0.6095,0.6847,0.6851
12,62,37,0.7457,0.6798,0.5116,0.6673
13,62,40,0.7545,0.592,0.6747,0.5842
14,62,43,0.5276,0.673,0.5096,0.675
15,62,46,0.7533,0.5967,0.529,0.7532
16,62,49,0.512,0.6705,0.6793,0.5057
17,62,52,0.5879,0.7559,0.6821,0.7392
18,62,55,0.75,0.4454,0.5037,0.6894
19,62,58,0.6618,0.506,0.604,0.5273
20,62,61,0.5948,0.5892,0.6671,0.5076
21,62,64,0.6813,0.6436,0.5886,0.5257
22,62,67,0.5945,0.6099,0.567,0.7514
23,62,70,0.5903,0.5973,0.5246,0.6682
24,62,73,0.7281,0.5439,0.5841,0.7533
25,62,76,0.528,0.6779,0.5965,0.5741
26,62,79,0.6112,0.6024,0.6025,0.5903
27,62,82,0.7504,0.6736,0.5727,0.5317
28,62,85,0.669,0.5562,0.6047,0.7577
29,62,88,0.599,0.6842,0.668,0.5084
30,62,91,0.565,0.5924,0.6729,0.6524
31,62,94,0.6044,0.5922,0.564,0.5924
32,62,97,0.7533,0.3626,0.6049,0.5884
33,62,100,0.4712,0.6734,0.5148,0.6088
34,62,103,0.6024,0.6707,0.6293,0.5537
35,62,106,0.6272,0.6968,0.5344,0.5827
36,62,109,0.5935,0.7107,0.6676,0.5296
37,62,112,0.6669,0.5245,0.3626,0.5886
38,62,115,0.5888,0.5649,0.5483,0.7421
39,62,118,0.6851,0.4902,0.5912,0.6639
40,62,121,0.5306,0.6027,0.4636,0.5572
41,62,124,0.5574,0.6591,0.6247,0.607
42,62,127,0.6452,0.5788,0.5571,0.7004
43,62,130,0.5946,0.669,0.7483,0.5271
44,62,133,0.5706,0.5616,0.5083,0.5946
45,62,136,0.5535,0.673,0.5878,0.6602
46,62,139,0.5988,0.5833,0.597,0.6726
47,62,142,0.7216,0.56,0.6728,0.6383
48,62,145,0.5946,0.6666,0.712,0.5924
49,62,148,0.7018,0.5909,0.5948,0.6548
50,62,151,0.4743,0.4669,0.4401,0.528
51,62,154,0.4952,0.5948,0.6154,0.6081
52,62,157,0.6268,0.6875,0.4556,0.4683
53,62,160,0.5245,0.4227,0.595,0.6885
54,62,163,0.4805,0.3626,0.5946,0.4452
55,62,166,0.5119,0.6738,0.5343,0.581
56,62,169,0.5405,0.6285,0.6702,0.6151
57,62,172,0.5893,0.3031,0.5257,0.4923
58,62,175,0.5296,0.5922,0.6928,0.7077
59,62,178,0.5222,0.4587,0.4625,0.403
60,62,181,0.4452,0.3274,0.4397,0.5167
61,62,184,0.5887,0.6313,0.5129,0.3626
62,62,187,0.4747,0.6089,0.7158,0.7504
63,62,190,0.635,0.5522,0.5096,0.3729
64,62,193,0.5741,0.4412,0.7361,0.7574
65,62,196,0.684,0.5283,0.4864,0.6205
66,62,199,0.4419,0.4292,0.5604,0.6704
67,62,202,0.6756,0.6315,0.6206,0.5205
68,62,205,0.6601,0.5296,0.6035,0.5354
69,62,208,0.6074,0.5456,0.4713,0.5988
70,62,211,0.4456,0.5886,0.6734,0.5322
71,62,214,0.6612,0.4442,0.6899,0.5857
72,62,217,0.4496,0.4394,0.376,0.539
73,62,220,0.4013,0.6668,0.488,0.5466
74,62,223,0.5556,0.4975,0.4599,0.5911
75,62,226,0.6826,0.5916,0.5247,0.4788
76,62,229,0.5308,0.6249,0.6543,0.5903
77,62,232,0.6404,0.4553,0.6514,0.5323
78,62,235,0.3105,0.5126,0.5252,0.5284
79,62,238,0.5034,0.7626,0.5667,0.4452
80,62,241,0.54,0.5451,0.7532,0.6737
81,62,244,0.6113,0.4458,0.7597,0.4798
82,62,247,0.5249,0.5984,0.232,0.4974
83,62,250,0.372,0.5574,0.6312,0.5176
84,62,253,0.6225,0.6591,0.4452,0.3928
85,62,256,0.5717,0.399,0.4634,0.5304
86,62,259,0.55,0.4772,0.5245,0.5469
87,62,262,0.5686,0.6095,0.6618,0.601
88,62,265,0.4425,0.6783,0.515,0.385
89,62,268,0.5409,0.71,0.4609,0.3828
90,62,271,0.2123,0.523,0.2575,0.5489
91,62,274,0.2111,0.4166,0.4034,0.6421
92,62,277,0.3361,0.2806,0.607,0.4657
93,62,280,0.5931,0.506,0.5047,0.3647
94,62,283,0.4641,0.6738,0.4668,0.3357
95,62,286,0.3969,0.5864,0.6872,0.3849
96,62,289,0.4121,0.3944,0.3871,0.42
97,62,292,0.3729,0.4394,0.506,0.6323
98,62,295,0.5074,0.4084,0.5342,0.4723
99,62,298,0.3647,0.5018,0.4591,0.5967
,Dataset#,L,att_1,att_2,att_3,att_4
0,63,1,0.4758,0.4919,0.5159,0.5128
1,63,4,0.5677,0.5813,0.5813,0.5326
2,63,7,0.5931,0.6242,0.6156,0.5908
3,63,10,0.5852,0.594,0.6093,0.6476
4,63,13,0.6458,0.6054,0.6346,0.6312
5,63,16,0.6705,0.6592,0.6501,0.6373
6,63,19,0.6529,0.6245,0.6683,0.6488
7,63,22,0.6573,0.6608,0.6495,0.654
8,63,25,0.6654,0.6745,0.6433,0.6286
9,63,28,0.6738,0.6609,0.6833,0.6578
10,63,31,0.6618,0.6793,0.6831,0.656
11,63,34,0.6588,0.6222,0.6354,0.6689
12,63,37,0.6578,0.685,0.6795,0.6563
13,63,40,0.6447,0.3718,0.6468,0.6469
14,63,43,0.5755,0.6847,0.6709,0.6155
15,63,46,0.6322,0.6415,0.541,0.5615
16,63,49,0.5542,0.6668,0.536,0.6405
17,63,52,0.6361,0.6376,0.6513,0.6727
18,63,55,0.5534,0.5903,0.5474,0.6576
19,63,58,0.4745,0.6566,0.6589,0.5597
20,63,61,0.6746,0.5842,0.4869,0.642
21,63,64,0.3645,0.5838,0.6364,0.6461
22,63,67,0.5978,0.4872,0.658,0.6561
23,63,70,0.5736,0.6232,0.5566,0.4786
24,63,73,0.64,0.445,0.4434,0.6451
25,63,76,0.6493,0.6831,0.549,0.6723
26,63,79,0.6472,0.5643,0.5469,0.642
27,63,82,0.4303,0.6567,0.4464,0.6735
28,63,85,0.5981,0.377,0.6533,0.5933
29,63,88,0.6446,0.3724,0.5404,0.6777
30,63,91,0.56,0.5671,0.4749,0.5554
31,63,94,0.5906,0.5577,0.5572,0.5678
32,63,97,0.6676,0.5673,0.4452,0.5483
33,63,100,0.6978,0.5639,0.5257,0.6369
34,63,103,0.5714,0.4599,0.5589,0.5455
35,63,106,0.5554,0.452,0.6595,0.5736
36,63,109,0.6748,0.6664,0.661,0.5675
37,63,112,0.554,0.6493,0.3781,0.5817
38,63,115,0.635,0.3743,0.6767,0.3573
39,63,118,0.3612,0.4431,0.4803,0.3445
40,63,121,0.4317,0.662,0.4754,0.6631
41,63,124,0.5483,0.4723,0.5631,0.6025
42,63,127,0.5517,0.489,0.4639,0.3408
43,63,130,0.4422,0.3246,0.5749,0.4553
44,63,133,0.4878,0.3666,0.4667,0.5372
45,63,136,0.4643,0.3794,0.6377,0.5335
46,63,139,0.5445,0.4753,0.4544,0.5416
47,63,142,0.3348,0.5522,0.494,0.4504
48,63,145,0.5551,0.5687,0.3581,0.5417
49,63,148,0.3397,0.6391,0.675,0.4565
50,63,151,0.5414,0.6539,0.6709,0.4768
51,63,154,0.6009,0.6343,0.58,0.4308
52,63,157,0.3822,0.5612,0.4601,0.638
53,63,160,0.5764,0.4933,0.6091,0.5699
54,63,163,0.2441,0.6654,0.4405,0.6449
55,63,166,0.353,0.5693,0.4578,0.668
56,63,169,0.5719,0.4325,0.5244,0.6381
57,63,172,0.2678,0.5464,0.6506,0.5266
58,63,175,0.3585,0.526,0.5191,0.5759
59,63,178,0.4214,0.5417,0.57,0.6441
60,63,181,0.4708,0.6518,0.4597,0.5578
61,63,184,0.5395,0.461,0.6581,0.3475
62,63,187,0.5007,0.4572,0.6618,0.5627
63,63,190,0.6542,0.5365,0.6541,0.568
64,63,193,0.5681,0.6483,0.5844,0.5446
65,63,196,0.4875,0.5308,0.657,0.5302
66,63,199,0.4403,0.5624,0.4342,0.4689
67,63,202,0.4955,0.4427,0.4455,0.4281
68,63,205,0.6277,0.4488,0.551,0.4704
69,63,208,0.3667,0.4111,0.3747,0.5734
70,63,211,0.6407,0.5718,0.5649,0.5526
71,63,214,0.4369,0.4594,0.6733,0.5544
72,63,217,0.6801,0.6359,0.6575,0.4519
73,63,220,0.4972,0.4877,0.5231,0.4698
74,63,223,0.5474,0.5397,0.6593,0.4582
75,63,226,0.3992,0.3502,0.5527,0.5033
76,63,229,0.466,0.5624,0.5649,0.6503
77,63,232,0.4336,0.4631,0.4354,0.5354
78,63,235,0.4163,0.5402,0.5565,0.5568
79,63,238,0.5853,0.3465,0.5702,0.4558
80,63,241,0.5635,0.6225,0.5219,0.5548
81,63,244,0.6408,0.5338,0.44,0.531
82,63,247,0.336,0.5339,0.3569,0.6605
83,63,250,0.3843,0.5638,0.2465,0.4191
84,63,253,0.4454,0.2644,0.5114,0.3091
85,63,256,0.5849,0.6512,0.4206,0.6327
86,63,259,0.4494,0.4231,0.4051,0.2895
87,63,262,0.4586,0.3424,0.3937,0.3219
88,63,265,0.4271,0.5248,0.3476,0.5243
89,63,268,0.6447,0.3618,0.5645,0.2179
90,63,271,0.2652,0.5019,0.5649,0.4486
91,63,274,0.3105,0.5544,0.3864,0.5371
92,63,277,0.2714,0.4509,0.4548,0.3719
93,63,280,0.2705,0.3153,0.3399,0.3312
94,63,283,0.5763,0.4895,0.4279,0.1835
95,63,286,0.179,0.4104,0.3732,0.299
96,63,289,0.3504,0.3475,0.5365,0.6699
97,63,292,0.3039,0.3063,0.3553,0.4353
98,63,295,0.4295,0.3671,0.2095,0.3392
99,63,298,0.3723,0.446,0.5138,0.4457
,Dataset#,L,att_1,att_2,att_3,att_4
0,64,1,0.5857,0.5623,0.5422,0.6011
1,64,4,0.7124,0.7192,0.7297,0.8198
2,64,7,0.9666,0.8043,0.8962,0.9475
3,64,10,0.9902,0.9983,0.9404,0.9933
4,64,13,0.9888,0.8728,0.9033,1
5,64,16,1,1,1,0.9902
6,64,19,0.9967,1,1,1
7,64,22,1,1,1,0.9917
8,64,25,0.9967,0.9965,1,0.9983
9,64,28,0.9983,1,1,1
10,64,31,1,1,0.8718,1
11,64,34,1,1,1,0.9983
12,64,37,1,0.9983,1,1
13,64,40,0.9983,1,0.9983,1
14,64,43,0.9983,0.9983,1,1
15,64,46,1,1,1,1
16,64,49,0.9983,0.9948,1,0.9983
17,64,52,1,1,1,0.9983
18,64,55,1,1,1,1
19,64,58,0.9947,1,1,1
20,64,61,1,0.9983,1,1
21,64,64,0.9948,1,0.9983,0.9947
22,64,67,0.9983,1,0.9983,1
23,64,70,1,0.9966,0.9983,0.9966
24,64,73,1,1,1,1
25,64,76,1,1,1,0.9966
26,64,79,0.9983,1,1,0.9983
27,64,82,0.9929,1,1,0.9983
28,64,85,0.9983,0.9913,0.9983,0.98
29,64,88,1,0.9947,1,1
30,64,91,1,0.9983,0.9966,1
31,64,94,0.9912,1,1,1
32,64,97,0.9983,1,0.9983,0.9947
33,64,100,0.9947,0.9767,1,1
34,64,103,1,1,1,1
35,64,106,1,0.7447,0.8711,0.9983
36,64,109,0.9811,0.9983,1,0.9983
37,64,112,0.9744,0.8693,1,0.9947
38,64,115,0.7447,1,0.9966,1
39,64,118,1,0.8728,0.8595,1
40,64,121,0.993,0.9662,1,1
41,64,124,1,0.9947,1,1
42,64,127,0.9983,0.9433,0.9947,0.9016
43,64,130,0.9929,1,0.9983,0.8703
44,64,133,1,0.9966,0.9966,0.8728
45,64,136,0.8728,0.9948,1,0.9286
46,64,139,0.9827,0.9386,0.7447,0.8557
47,64,142,0.8363,1,0.9605,0.7449
48,64,145,0.9893,0.9966,0.8711,0.8728
49,64,148,0.8711,0.8661,0.8611,1
50,64,151,0.9965,0.9389,0.8657,0.8703
51,64,154,1,0.8557,0.9256,0.8499
52,64,157,0.8728,0.8675,0.839,0.8718
53,64,160,1,0.872,0.993,0.9572
54,64,163,0.9322,0.9983,0.8711,0.8542
55,64,166,1,0.8434,0.8408,0.9983
56,64,169,1,0.87,1,0.7522
57,64,172,1,0.8718,0.9949,0.7429
58,64,175,0.8728,0.984,0.865,0.9947
59,64,178,0.9488,0.872,0.7998,0.8021
60,64,181,0.9102,0.8228,0.7303,0.8728
61,64,184,0.872,0.5771,0.9983,0.9386
62,64,187,0.9966,0.9451,0.7227,0.993
63,64,190,0.7293,0.8067,0.8728,0.9671
64,64,193,0.8269,1,0.9965,0.9278
65,64,196,0.9983,1,0.8022,1
66,64,199,0.8711,0.9983,0.8572,0.8718
67,64,202,0.8995,0.8728,0.818,0.8255
68,64,205,0.8443,0.9169,0.942,0.6509
69,64,208,0.9983,0.8675,0.9862,0.9831
70,64,211,0.9651,0.6728,0.9541,0.8458
71,64,214,0.9966,0.991,0.9947,0.993
72,64,217,0.9983,0.9261,0.9983,0.9474
73,64,220,0.8348,0.8728,0.9319,0.7447
74,64,223,0.948,1,0.8711,0.9966
75,64,226,0.9491,0.743,0.8728,0.8276
76,64,229,0.9983,0.9966,0.7439,0.9449
77,64,232,0.8701,0.8,0.7439,0.8703
78,64,235,0.808,0.8353,0.7947,0.6718
79,64,238,0.9624,0.9636,0.9318,0.8398
80,64,241,0.9656,0.8164,0.7983,0.7092
81,64,244,0.872,0.8675,0.7439,0.7492
82,64,247,0.8701,0.8728,0.8728,0.6718
83,64,250,0.9661,0.647,0.7983,0.8857
84,64,253,0.8728,0.8711,0.8587,0.4201
85,64,256,0.9189,0.8675,0.9683,0.7983
86,64,259,0.7901,0.9929,0.8711,0.6728
87,64,262,0.8701,0.8712,0.818,0.8728
88,64,265,0.6466,0.7755,0.9895,0.9386
89,64,268,0.8728,0.8662,0.9983,0.6042
90,64,271,0.743,0.8,0.8651,0.8623
91,64,274,0.9559,0.8292,0.9983,0.8079
92,64,277,0.9356,0.6701,0.8,1
93,64,280,0.759,0.672,1,0.9983
94,64,283,0.872,0.901,0.7244,0.9966
95,64,286,0.7422,0.7062,1,0.872
96,64,289,0.9525,0.4011,0.8684,0.8072
97,64,292,0.8701,0.9949,0.6686,0.7915
98,64,295,0.7863,0.9828,0.9316,0.8
99,64,298,0.672,0.8158,0.8439,0.7983
,Dataset#,L,att_1,att_2,att_3,att_4
0,65,1,0.4127,0.4049,0.4124,0.3977
1,65,4,0.4829,0.4658,0.4683,0.4971
2,65,7,0.5366,0.5412,0.5062,0.5228
3,65,10,0.5277,0.5047,0.5472,0.5236
4,65,13,0.5275,0.5389,0.5115,0.5274
5,65,16,0.5017,0.5432,0.5307,0.5225
6,65,19,0.5316,0.5169,0.5621,0.5192
7,65,22,0.5175,0.5213,0.5459,0.5538
8,65,25,0.5377,0.5428,0.5379,0.5028
9,65,28,0.5385,0.5205,0.528,0.534
10,65,31,0.5481,0.5249,0.5247,0.5318
11,65,34,0.517,0.521,0.5404,0.5391
12,65,37,0.5198,0.5349,0.5155,0.5351
13,65,40,0.5276,0.5555,0.5179,0.5145
14,65,43,0.5279,0.5255,0.5208,0.5379
15,65,46,0.5501,0.5415,0.5053,0.5293
16,65,49,0.5308,0.5084,0.5224,0.5179
17,65,52,0.5504,0.5347,0.5073,0.5121
18,65,55,0.5118,0.5369,0.5214,0.5043
19,65,58,0.5247,0.5154,0.5402,0.5377
20,65,61,0.5356,0.5108,0.522,0.5239
21,65,64,0.5208,0.5213,0.5233,0.5214
22,65,67,0.5548,0.527,0.5314,0.5345
23,65,70,0.5277,0.5322,0.5419,0.5248
24,65,73,0.5363,0.5278,0.527,0.5003
25,65,76,0.5253,0.5458,0.5479,0.5038
26,65,79,0.5038,0.5372,0.5462,0.5541
27,65,82,0.5321,0.5194,0.5584,0.5517
28,65,85,0.5422,0.5327,0.5395,0.5346
29,65,88,0.5574,0.5349,0.5022,0.5393
30,65,91,0.5186,0.526,0.4971,0.4108
31,65,94,0.5157,0.5282,0.5263,0.5447
32,65,97,0.4579,0.5355,0.5382,0.5351
33,65,100,0.5265,0.5388,0.5225,0.5437
34,65,103,0.4974,0.5015,0.2964,0.5018
35,65,106,0.517,0.5505,0.5485,0.5385
36,65,109,0.4812,0.5059,0.5143,0.4668
37,65,112,0.5197,0.5283,0.5323,0.5365
38,65,115,0.525,0.5183,0.5279,0.5426
39,65,118,0.5189,0.516,0.4184,0.5405
40,65,121,0.5393,0.5207,0.5106,0.5334
41,65,124,0.4544,0.4337,0.5506,0.5142
42,65,127,0.5031,0.5427,0.5221,0.4096
43,65,130,0.4098,0.5461,0.5267,0.4308
44,65,133,0.53,0.5374,0.4546,0.5121
45,65,136,0.4177,0.5206,0.5166,0.5324
46,65,139,0.5067,0.5283,0.5304,0.5441
47,65,142,0.4229,0.5347,0.5061,0.5382
48,65,145,0.4255,0.4135,0.4114,0.4037
49,65,148,0.5387,0.3504,0.5289,0.5232
50,65,151,0.3889,0.5271,0.5209,0.4832
51,65,154,0.299,0.5032,0.405,0.3924
52,65,157,0.5316,0.2963,0.4156,0.5223
53,65,160,0.4938,0.503,0.5269,0.5081
54,65,163,0.2856,0.5132,0.5203,0.3818
55,65,166,0.4293,0.517,0.3816,0.4155
56,65,169,0.4323,0.4384,0.4122,0.2904
57,65,172,0.4808,0.544,0.4444,0.476
58,65,175,0.4577,0.389,0.4108,0.5113
59,65,178,0.3179,0.4215,0.4295,0.4954
60,65,181,0.4108,0.5126,0.3912,0.2208
61,65,184,0.4149,0.5148,0.4297,0.4477
62,65,187,0.4867,0.2007,0.4285,0.1955
63,65,190,0.5613,0.5218,0.4461,0.5651
64,65,193,0.4757,0.4112,0.4222,0.416
65,65,196,0.488,0.5294,0.4635,0.3204
66,65,199,0.4693,0.5147,0.3439,0.4673
67,65,202,0.2998,0.3269,0.5419,0.4031
68,65,205,0.4382,0.425,0.2844,0.3664
69,65,208,0.5143,0.4569,0.4348,0.5457
70,65,211,0.4953,0.3793,0.4095,0.459
71,65,214,0.4128,0.298,0.5174,0.2668
72,65,217,0.4299,0.4147,0.4022,0.5034
73,65,220,0.5293,0.4827,0.4246,0.5193
74,65,223,0.3893,0.5447,0.2977,0.3558
75,65,226,0.283,0.5078,0.4331,0.4784
76,65,229,0.4332,0.5219,0.3361,0.1302
77,65,232,0.4237,0.5088,0.546,0.4981
78,65,235,0.4395,0.3189,0.4597,0.5342
79,65,238,0.302,0.4243,0.2923,0.2122
80,65,241,0.3933,0.4066,0.556,0.3851
81,65,244,0.2481,0.4083,0.5553,0.4024
82,65,247,0.2589,0.4281,0.3065,0.3381
83,65,250,0.5375,0.2062,0.5325,0.4362
84,65,253,0.5058,0.4138,0.2358,0.4157
85,65,256,0.3276,0.5346,0.5017,0.5457
86,65,259,0.3697,0.3283,0.3923,0.3495
87,65,262,0.4218,0.5086,0.3093,0.2596
88,65,265,0.3207,0.4503,0.4487,0.538
89,65,268,0.2765,0.3085,0.4396,0.5166
90,65,271,0.3345,0.2068,0.4583,0.4749
91,65,274,0.2769,0.2497,0.3536,0.3754
92,65,277,0.419,0.415,0.4934,0.2908
93,65,280,0.3975,0.4655,0.3955,0.4502
94,65,283,0.3575,0.4178,0.3774,0.3184
95,65,286,0.5057,0.5292,0.2989,0.4503
96,65,289,0.4653,0.2431,0.3216,0.2279
97,65,292,0.5219,0.4536,0.4453,0.524
98,65,295,0.4332,0.5058,0.5273,0.169
99,65,298,0.5074,0.4337,0.4094,0.3072
,Dataset#,L,att_1,att_2,att_3,att_4
0,66,1,0.3338,0.3556,0.3444,0.3578
1,66,4,0.4065,0.4172,0.4135,0.3931
2,66,7,0.4232,0.4087,0.4145,0.4304
3,66,10,0.4164,0.4216,0.409,0.4236
4,66,13,0.4239,0.4101,0.4272,0.4201
5,66,16,0.4143,0.4287,0.4153,0.4181
6,66,19,0.4187,0.4219,0.4101,0.4212
7,66,22,0.4157,0.4311,0.408,0.4246
8,66,25,0.4141,0.3841,0.4158,0.4298
9,66,28,0.4067,0.3917,0.4176,0.4368
10,66,31,0.441,0.4187,0.4314,0.4224
11,66,34,0.4357,0.412,0.4093,0.4223
12,66,37,0.4243,0.4117,0.4118,0.4389
13,66,40,0.4216,0.4082,0.4431,0.4338
14,66,43,0.4329,0.4197,0.4177,0.4298
15,66,46,0.4129,0.4002,0.4094,0.4252
16,66,49,0.4142,0.4327,0.4093,0.4307
17,66,52,0.4217,0.4161,0.4301,0.4176
18,66,55,0.417,0.4286,0.4264,0.4199
19,66,58,0.4178,0.4198,0.4279,0.4347
20,66,61,0.4287,0.4113,0.4002,0.4126
21,66,64,0.4135,0.4141,0.4379,0.4212
22,66,67,0.4007,0.4313,0.4086,0.4229
23,66,70,0.4045,0.4295,0.4411,0.4125
24,66,73,0.4256,0.4283,0.4312,0.4344
25,66,76,0.4354,0.4,0.4252,0.418
26,66,79,0.4122,0.4352,0.4038,0.4398
27,66,82,0.4383,0.4142,0.4439,0.386
28,66,85,0.4238,0.4108,0.4071,0.3983
29,66,88,0.4134,0.4155,0.4309,0.4096
30,66,91,0.4041,0.4312,0.4308,0.4118
31,66,94,0.3988,0.3996,0.4316,0.4407
32,66,97,0.4069,0.424,0.4033,0.4216
33,66,100,0.4241,0.4058,0.4166,0.4059
34,66,103,0.3988,0.4187,0.4014,0.4164
35,66,106,0.4074,0.4313,0.3995,0.4086
36,66,109,0.4071,0.3866,0.4111,0.4158
37,66,112,0.4063,0.433,0.3948,0.4213
38,66,115,0.4134,0.434,0.4377,0.42
39,66,118,0.4201,0.4195,0.3931,0.4141
40,66,121,0.4138,0.4313,0.4037,0.4076
41,66,124,0.4257,0.4092,0.4335,0.3643
42,66,127,0.4063,0.4074,0.4143,0.3974
43,66,130,0.4192,0.333,0.3365,0.4249
44,66,133,0.4008,0.4204,0.3264,0.4123
45,66,136,0.4081,0.4008,0.3973,0.4187
46,66,139,0.3491,0.3714,0.3211,0.3885
47,66,142,0.416,0.3317,0.3715,0.3824
48,66,145,0.4103,0.4191,0.3884,0.4331
49,66,148,0.4003,0.4105,0.3989,0.4292
50,66,151,0.4246,0.3878,0.4314,0.4069
51,66,154,0.4027,0.409,0.4086,0.3081
52,66,157,0.4069,0.4181,0.2688,0.3962
53,66,160,0.4044,0.3358,0.4206,0.4026
54,66,163,0.4114,0.4118,0.2866,0.4009
55,66,166,0.3872,0.38,0.4126,0.414
56,66,169,0.3404,0.3441,0.4215,0.3614
57,66,172,0.4195,0.4101,0.3674,0.2577
58,66,175,0.394,0.4208,0.2232,0.4095
59,66,178,0.3686,0.2936,0.3988,0.4119
60,66,181,0.4105,0.421,0.4049,0.3454
61,66,184,0.3062,0.4115,0.4115,0.4027
62,66,187,0.2663,0.3366,0.3542,0.3295
63,66,190,0.4135,0.3032,0.4252,0.2393
64,66,193,0.367,0.3898,0.2808,0.3433
65,66,196,0.3216,0.3531,0.3522,0.4259
66,66,199,0.4272,0.3616,0.314,0.4153
67,66,202,0.2139,0.3795,0.3592,0.3091
68,66,205,0.3702,0.3927,0.2731,0.4432
69,66,208,0.3168,0.3968,0.4026,0.4178
70,66,211,0.3173,0.3375,0.319,0.4018
71,66,214,0.2447,0.392,0.3374,0.4223
72,66,217,0.2991,0.379,0.3514,0.3436
73,66,220,0.2765,0.2587,0.1803,0.2766
74,66,223,0.433,0.4017,0.2999,0.3147
75,66,226,0.3378,0.2241,0.339,0.2961
76,66,229,0.4123,0.3503,0.3336,0.3794
77,66,232,0.3598,0.3786,0.3679,0.3145
78,66,235,0.416,0.4036,0.2556,0.3211
79,66,238,0.3592,0.3625,0.3205,0.3201
80,66,241,0.3741,0.426,0.3928,0.4317
81,66,244,0.4023,0.3313,0.3341,0.2685
82,66,247,0.2788,0.3175,0.2938,0.3243
83,66,250,0.3698,0.4049,0.3562,0.3628
84,66,253,0.3184,0.3782,0.4163,0.3703
85,66,256,0.397,0.373,0.2931,0.2125
86,66,259,0.3152,0.3368,0.3079,0.2904
87,66,262,0.2455,0.3229,0.3403,0.3335
88,66,265,0.3075,0.2443,0.3451,0.3596
89,66,268,0.3537,0.3162,0.3213,0.2796
90,66,271,0.436,0.3658,0.3075,0.4133
91,66,274,0.2993,0.3832,0.4068,0.2777
92,66,277,0.322,0.4041,0.392,0.2358
93,66,280,0.2636,0.3148,0.4059,0.3091
94,66,283,0.3811,0.3729,0.3179,0.3078
95,66,286,0.3109,0.3825,0.1573,0.3822
96,66,289,0.3273,0.3218,0.3948,0.2729
97,66,292,0.3657,0.3018,0.347,0.3149
98,66,295,0.239,0.267,0.3295,0.2335
99,66,298,0.2611,0.3483,0.3465,0.2969
,Dataset#,L,att_1,att_2,att_3,att_4
0,67,1,0.4612,0.4905,0.4629,0.4623
1,67,4,0.5137,0.4884,0.485,0.4933
2,67,7,0.4919,0.4903,0.5184,0.4888
3,67,10,0.5056,0.5066,0.5187,0.5023
4,67,13,0.5246,0.5859,0.4964,0.4967
5,67,16,0.5175,0.4776,0.5038,0.5788
6,67,19,0.5844,0.5601,0.5175,0.5474
7,67,22,0.5303,0.4629,0.5133,0.5684
8,67,25,0.5493,0.5285,0.5769,0.5372
9,67,28,0.5296,0.5552,0.5498,0.5274
10,67,31,0.6041,0.5796,0.5587,0.5895
11,67,34,0.5175,0.4922,0.5351,0.5544
12,67,37,0.5334,0.5954,0.5603,0.5669
13,67,40,0.5536,0.4808,0.537,0.5819
14,67,43,0.5762,0.5011,0.535,0.5385
15,67,46,0.5901,0.566,0.5069,0.5296
16,67,49,0.513,0.6034,0.5605,0.5291
17,67,52,0.6161,0.5854,0.4962,0.4939
18,67,55,0.6036,0.5175,0.6315,0.559
19,67,58,0.5622,0.5919,0.55,0.5823
20,67,61,0.574,0.5363,0.5743,0.5264
21,67,64,0.5644,0.5853,0.5218,0.6187
22,67,67,0.597,0.5986,0.5038,0.5599
23,67,70,0.5641,0.5701,0.5608,0.6063
24,67,73,0.5467,0.6263,0.541,0.5475
25,67,76,0.5302,0.605,0.5431,0.5765
26,67,79,0.5349,0.5625,0.539,0.5556
27,67,82,0.5533,0.6032,0.5507,0.5717
28,67,85,0.5494,0.541,0.5414,0.509
29,67,88,0.5594,0.598,0.6011,0.5892
30,67,91,0.5679,0.5828,0.5553,0.6286
31,67,94,0.5902,0.5272,0.5302,0.5377
32,67,97,0.5845,0.5326,0.4904,0.5584
33,67,100,0.5227,0.5444,0.5236,0.5897
34,67,103,0.5327,0.5419,0.5436,0.5866
35,67,106,0.5468,0.5241,0.5764,0.5291
36,67,109,0.517,0.5657,0.5423,0.4764
37,67,112,0.5069,0.5414,0.5791,0.515
38,67,115,0.5849,0.6223,0.5822,0.5009
39,67,118,0.5574,0.5315,0.6046,0.5186
40,67,121,0.5133,0.5187,0.4341,0.5904
41,67,124,0.5852,0.536,0.5893,0.4918
42,67,127,0.569,0.5506,0.5455,0.5984
43,67,130,0.5432,0.5851,0.6101,0.526
44,67,133,0.527,0.5464,0.5203,0.5737
45,67,136,0.5583,0.4314,0.5313,0.6029
46,67,139,0.4378,0.4248,0.4983,0.5768
47,67,142,0.5784,0.4331,0.5449,0.5527
48,67,145,0.5102,0.5311,0.5347,0.57
49,67,148,0.4113,0.5241,0.5453,0.5361
50,67,151,0.5899,0.4088,0.5179,0.4037
51,67,154,0.5454,0.3852,0.5438,0.5535
52,67,157,0.5229,0.4824,0.5417,0.5181
53,67,160,0.5887,0.5013,0.5607,0.5177
54,67,163,0.5483,0.5936,0.4165,0.5343
55,67,166,0.5294,0.5886,0.559,0.4426
56,67,169,0.5266,0.5466,0.5635,0.4859
57,67,172,0.5728,0.5983,0.5828,0.5024
58,67,175,0.4792,0.5665,0.3771,0.5454
59,67,178,0.5406,0.5107,0.5541,0.5468
60,67,181,0.4246,0.5399,0.5663,0.3768
61,67,184,0.4447,0.4766,0.4425,0.4033
62,67,187,0.4615,0.4494,0.4842,0.4468
63,67,190,0.414,0.6092,0.4883,0.4074
64,67,193,0.5484,0.5809,0.5281,0.4962
65,67,196,0.5507,0.4477,0.4472,0.4084
66,67,199,0.4179,0.5188,0.3311,0.4654
67,67,202,0.5573,0.4985,0.51,0.4967
68,67,205,0.4546,0.5392,0.5147,0.4913
69,67,208,0.5262,0.4068,0.5212,0.5807
70,67,211,0.622,0.3897,0.4509,0.5627
71,67,214,0.5029,0.3849,0.3157,0.4542
72,67,217,0.5349,0.5149,0.3924,0.2816
73,67,220,0.6204,0.4918,0.4749,0.3829
74,67,223,0.4412,0.4864,0.5303,0.4372
75,67,226,0.4776,0.4996,0.421,0.5315
76,67,229,0.615,0.5394,0.4799,0.5547
77,67,232,0.5298,0.6179,0.5487,0.397
78,67,235,0.4394,0.5427,0.3812,0.5644
79,67,238,0.4494,0.4903,0.3694,0.4654
80,67,241,0.511,0.3865,0.5173,0.4212
81,67,244,0.4284,0.3886,0.495,0.5459
82,67,247,0.4214,0.4687,0.4245,0.3515
83,67,250,0.5103,0.5053,0.5799,0.3165
84,67,253,0.5684,0.4982,0.5227,0.5814
85,67,256,0.499,0.3566,0.4675,0.4979
86,67,259,0.4155,0.3226,0.1938,0.5247
87,67,262,0.417,0.4069,0.4294,0.5946
88,67,265,0.3832,0.3506,0.501,0.5676
89,67,268,0.5785,0.3034,0.4995,0.1297
90,67,271,0.5468,0.3934,0.4871,0.4991
91,67,274,0.5632,0.4509,0.5479,0.5225
92,67,277,0.384,0.5407,0.4074,0.5993
93,67,280,0.5183,0.5046,0.6255,0.3785
94,67,283,0.4697,0.4002,0.5866,0.5463
95,67,286,0.3817,0.5028,0.4929,0.3509
96,67,289,0.4377,0.42,0.3123,0.5847
97,67,292,0.3143,0.2006,0.4282,0.3919
98,67,295,0.466,0.5325,0.5444,0.4479
99,67,298,0.4092,0.4784,0.4072,0.4917
,Dataset#,L,att_1,att_2,att_3,att_4
0,68,1,0.8263,0.7536,0.8319,0.6736
1,68,4,0.9147,0.9147,0.9134,0.914
2,68,7,0.9147,0.9126,0.914,0.9147
3,68,10,0.914,0.9181,0.916,0.9134
4,68,13,0.916,0.9191,0.9193,0.9247
5,68,16,0.9402,0.9281,0.9333,0.9309
6,68,19,0.9279,0.9294,0.9227,0.9407
7,68,22,0.9278,0.9245,0.9298,0.9319
8,68,25,0.9373,0.93,0.9429,0.9381
9,68,28,0.9227,0.9387,0.937,0.9407
10,68,31,0.9342,0.9458,0.941,0.9367
11,68,34,0.934,0.9247,0.9258,0.9214
12,68,37,0.9407,0.9301,0.9383,0.9256
13,68,40,0.9244,0.9218,0.9372,0.9172
14,68,43,0.9445,0.9384,0.9393,0.9324
15,68,46,0.9358,0.9372,0.9265,0.9322
16,68,49,0.9415,0.9498,0.9261,0.9203
17,68,52,0.9292,0.9174,0.9376,0.9396
18,68,55,0.9181,0.925,0.9477,0.951
19,68,58,0.9064,0.9154,0.9098,0.9436
20,68,61,0.926,0.9326,0.9364,0.9331
21,68,64,0.9412,0.925,0.9309,0.9351
22,68,67,0.9308,0.9295,0.9296,0.9299
23,68,70,0.9243,0.9386,0.9297,0.9443
24,68,73,0.9243,0.9029,0.9129,0.8938
25,68,76,0.9487,0.926,0.9373,0.9212
26,68,79,0.938,0.9309,0.9047,0.9487
27,68,82,0.9015,0.9294,0.8997,0.9255
28,68,85,0.9299,0.9386,0.926,0.921
29,68,88,0.9158,0.9376,0.9523,0.8959
30,68,91,0.9236,0.9316,0.9373,0.9104
31,68,94,0.9413,0.9065,0.9233,0.9217
32,68,97,0.925,0.8712,0.9284,0.9478
33,68,100,0.9292,0.9204,0.9304,0.9047
34,68,103,0.9138,0.9015,0.8278,0.9385
35,68,106,0.921,0.9284,0.9403,0.8742
36,68,109,0.9127,0.9252,0.9022,0.9064
37,68,112,0.9133,0.8808,0.9005,0.8891
38,68,115,0.8864,0.8951,0.9222,0.9126
39,68,118,0.9086,0.9235,0.9219,0.9167
40,68,121,0.915,0.8258,0.9071,0.9058
41,68,124,0.9186,0.8766,0.8107,0.9417
42,68,127,0.9164,0.9173,0.8816,0.9001
43,68,130,0.9211,0.9251,0.9329,0.8934
44,68,133,0.9101,0.8691,0.898,0.9474
45,68,136,0.9054,0.9193,0.8955,0.9013
46,68,139,0.9377,0.9004,0.9047,0.8905
47,68,142,0.9237,0.9127,0.9211,0.9239
48,68,145,0.9181,0.9224,0.9309,0.8729
49,68,148,0.891,0.9275,0.9445,0.9152
50,68,151,0.9118,0.8829,0.9423,0.8376
51,68,154,0.9246,0.9069,0.9089,0.9346
52,68,157,0.8812,0.8781,0.8504,0.8838
53,68,160,0.8412,0.9174,0.9131,0.8805
54,68,163,0.867,0.913,0.928,0.8888
55,68,166,0.9006,0.913,0.9041,0.8705
56,68,169,0.8627,0.8829,0.877,0.8682
57,68,172,0.8917,0.8772,0.8929,0.9143
58,68,175,0.9036,0.8916,0.7703,0.9067
59,68,178,0.9059,0.8985,0.8432,0.8573
60,68,181,0.8428,0.9221,0.9172,0.8525
61,68,184,0.8826,0.9143,0.758,0.8995
62,68,187,0.8519,0.8871,0.7476,0.8992
63,68,190,0.9231,0.8238,0.923,0.928
64,68,193,0.9022,0.8442,0.7689,0.9125
65,68,196,0.907,0.8541,0.9176,0.863
66,68,199,0.9164,0.8069,0.8953,0.9133
67,68,202,0.9085,0.7697,0.914,0.8109
68,68,205,0.8918,0.903,0.8723,0.8975
69,68,208,0.8809,0.9023,0.8665,0.8663
70,68,211,0.7748,0.9203,0.8509,0.8984
71,68,214,0.9058,0.8607,0.9015,0.8526
72,68,217,0.9047,0.9259,0.9219,0.8211
73,68,220,0.8419,0.7125,0.8404,0.8965
74,68,223,0.9088,0.8766,0.8446,0.9091
75,68,226,0.9124,0.7264,0.7657,0.8535
76,68,229,0.8382,0.8888,0.6986,0.8041
77,68,232,0.9127,0.8485,0.832,0.8756
78,68,235,0.9282,0.7749,0.8563,0.9298
79,68,238,0.9079,0.9022,0.8718,0.7975
80,68,241,0.8377,0.5554,0.7165,0.8302
81,68,244,0.7225,0.8374,0.8627,0.8602
82,68,247,0.8622,0.4668,0.9167,0.9272
83,68,250,0.9298,0.8999,0.9085,0.8586
84,68,253,0.9058,0.7779,0.8749,0.8909
85,68,256,0.7557,0.7044,0.9071,0.849
86,68,259,0.8887,0.647,0.809,0.9136
87,68,262,0.7131,0.7781,0.8931,0.9045
88,68,265,0.5552,0.7886,0.8868,0.709
89,68,268,0.704,0.89,0.8314,0.5016
90,68,271,0.6733,0.8134,0.8994,0.8841
91,68,274,0.7593,0.9081,0.8196,0.7369
92,68,277,0.8148,0.7244,0.8398,0.7354
93,68,280,0.708,0.8943,0.8828,0.8543
94,68,283,0.6401,0.8434,0.7658,0.8483
95,68,286,0.9209,0.8382,0.6475,0.8222
96,68,289,0.8287,0.8881,0.726,0.581
97,68,292,0.8131,0.6,0.7969,0.5317
98,68,295,0.8317,0.7,0.8854,0.8187
99,68,298,0.7803,0.6455,0.757,0.8996
,Dataset#,L,att_1,att_2,att_3,att_4
0,69,1,0.5286,0.7483,0.4024,0.6709
1,69,4,0.7651,0.9715,0.8264,0.7957
2,69,7,0.9924,0.9924,0.8486,0.7827
3,69,10,0.7857,0.7903,0.9924,0.8343
4,69,13,0.9129,0.8292,0.9023,0.9924
5,69,16,0.839,0.9924,0.7495,0.9924
6,69,19,0.6676,0.9924,0.8069,0.5082
7,69,22,0.9924,0.7085,0.9924,0.669
8,69,25,0.9924,0.9924,0.8313,0.9924
9,69,28,0.7378,0.8287,0.8699,0.9924
10,69,31,0.8287,0.6676,0.7063,0.6676
11,69,34,0.8287,0.8345,0.8389,0.8287
12,69,37,0.8313,0.5065,0.8287,0.8313
13,69,40,0.6702,0.8318,0.9924,0.8325
14,69,43,0.6351,0.8313,0.8287,0.9924
15,69,46,0.5145,0.8351,0.5924,0.4676
16,69,49,0.7949,0.6394,0.3429,0.8287
17,69,52,0.6676,0.5103,0.6342,0.8287
18,69,55,0.6405,0.9924,0.4733,0.3085
19,69,58,0.8313,0.7949,0.8287,0.9924
20,69,61,0.7924,0.6313,0.2363,0.4364
21,69,64,0.5975,0.7949,0.6366,0.6338
22,69,67,0.4676,0.504,0.6414,0.6676
23,69,70,0.504,0.5065,0.8351,0.8287
24,69,73,0.6313,0.6287,0.4676,0.7453
25,69,76,0.6313,0.6287,0.5277,0.6287
26,69,79,0.7977,0.9763,0.4676,0.8287
27,69,82,0.7924,0.8287,0.6358,0.4723
28,69,85,0.4676,0.6676,0.4037,0.6341
29,69,88,0.3091,0.6313,0.4313,0.7924
30,69,91,0.3454,0.6313,0.6676,0.4722
31,69,94,0.2775,0.4338,0.6287,0.08348
32,69,97,0.6074,0.4721,0.3454,0.8287
33,69,100,0.504,0.6034,0.2385,0.3065
34,69,103,0.642,0.4435,0.4095,0.3091
35,69,106,0.5065,0.433,0.2418,0.6334
36,69,109,0.3995,0.3429,0.4676,0.4439
37,69,112,0.8313,0.3977,0.9924,0.2702
38,69,115,0.4733,0.5969,0.2891,0.6313
39,69,118,0.8313,0.4702,0.4313,0.8287
40,69,121,0.6676,0.4779,0.7986,0.6287
41,69,124,0.2095,0.1999,0.504,0.6676
42,69,127,0.4338,0.243,0.4338,0.4702
43,69,130,0.2702,0.4702,0.6313,0.4676
44,69,133,0.3454,0.7969,0.6651,0.4766
45,69,136,0.4391,0.5065,0.4334,0.2338
46,69,139,0.6287,0.2401,0.6414,0.6313
47,69,142,0.4096,0.1536,0.2748,0.4676
48,69,145,0.2385,0.2423,0.3995,0.3118
49,69,148,0.9924,0.4702,0.4363,0.9924
50,69,151,0.2745,0.2702,0.5065,0.7924
51,69,154,0.4727,0.3975,0.2422,0.3993
52,69,157,0.8026,0.6313,0.6676,0.4029
53,69,160,0.4423,0.5065,0.6313,0.4676
54,69,163,0.4338,0.4431,0.03872,0.2338
55,69,166,0.4412,0.6358,0.6338,0.6313
56,69,169,0.2702,0.1115,0.2702,0.277
57,69,172,0.4338,0.6377,0.4384,0.4338
58,69,175,0.2338,0.3971,0.2727,0.4676
59,69,178,0.2727,0.4676,0.8031,0.8287
60,69,181,0.2702,0.8313,0.07496,0.2023
61,69,184,0.6313,0.5924,0.1091,0.5949
62,69,187,0.111,0.6676,0.5949,0.4012
63,69,190,0.2407,0.2423,0.6313,0.4364
64,69,193,0.6313,0.3065,0.4396,0.1993
65,69,196,0.5949,0.7967,0.5091,0.4723
66,69,199,0.4775,0.6676,0.1127,0.2379
67,69,202,0.242,0.2383,0.597,0.3997
68,69,205,0.2118,0.8313,0.6702,0.236
69,69,208,0.4001,0.5973,0.6313,0.4356
70,69,211,0.4702,0.2028,0.4438,0.4362
71,69,214,0.4676,0.6338,0.3142,0.4338
72,69,217,0.5973,0.4014,0.2368,0.3975
73,69,220,0.4749,0.08226,0.6313,0.2021
74,69,223,0.3065,0.6338,0.4356,0.2374
75,69,226,0.6338,0.4676,0.4741,0.4676
76,69,229,0.4338,0.2364,0.2338,0.3429
77,69,232,0.5924,0.4676,0.2354,0.2374
78,69,235,0.2702,0.4423,0.242,0.4676
79,69,238,0.6338,0.236,0.2727,0.5949
80,69,241,0.07272,0.5924,0.3975,0.1454
81,69,244,0.4364,0.4676,0.3975,0.5924
82,69,247,0.4702,0.273,0.5949,0.5065
83,69,250,0.1489,0.2364,0.2743,0.4702
84,69,253,0.7924,0.4722,0.2338,0.5949
85,69,256,0.207,0.4338,0.2702,0.3065
86,69,259,0.07862,0.5949,0.5975,0.3991
87,69,262,0.205,0.5924,0.6313,0.4338
88,69,265,0.4381,0.4702,0.3949,0.8313
89,69,268,0.9924,0.4313,0.2355,0.3975
90,69,271,0.3091,0.7924,0.5949,0.2727
91,69,274,0.4676,0.6313,0.3065,0.2412
92,69,277,0.03636,0.4676,0.238,0.03636
93,69,280,0.4702,0.4047,0.2727,0.3949
94,69,283,0.6313,0.3041,0.2338,0.6338
95,69,286,0.2702,0.2439,0.4364,0.5971
96,69,289,0.2338,0.3429,0.1818,0.4042
97,69,292,0.2702,0.07272,0.4356,0.1975
98,69,295,0.3995,0.3975,0.3083,0.5091
99,69,298,0.2412,0.3065,0.2752,0.3065
,Dataset#,L,att_1,att_2,att_3,att_4
0,70,1,0.9451,0.9524,0.956,0.9122
1,70,4,0.9711,0.9924,0.9744,0.9899
2,70,7,0.9924,0.9875,0.9778,0.9924
3,70,10,0.9925,0.9924,0.9899,0.9901
4,70,13,0.9924,0.9924,0.9899,0.9925
5,70,16,0.9925,0.9925,0.9925,0.9899
6,70,19,0.9924,0.9899,0.9924,0.9899
7,70,22,0.9899,0.9924,0.9924,0.9925
8,70,25,0.9949,0.9923,0.9924,0.9899
9,70,28,0.9899,0.9949,0.9949,0.9924
10,70,31,0.9925,0.9899,0.9923,0.9975
11,70,34,0.9923,0.9924,0.9924,0.9924
12,70,37,0.9899,0.9899,0.995,0.9899
13,70,40,0.9925,0.9924,0.9899,0.9924
14,70,43,0.9949,0.9949,0.9899,0.9924
15,70,46,0.9899,0.9949,0.9925,0.9873
16,70,49,0.9924,0.9923,0.995,0.9924
17,70,52,0.9924,0.9924,0.9949,0.9923
18,70,55,0.9899,0.9924,0.995,0.9899
19,70,58,0.9923,0.9925,0.9926,0.9849
20,70,61,0.9924,0.9949,0.9924,0.9924
21,70,64,0.9899,0.9925,0.99,0.9899
22,70,67,0.9848,0.9949,0.9949,0.9924
23,70,70,0.9924,0.9924,0.99,0.9924
24,70,73,0.9874,0.9924,0.9924,0.9949
25,70,76,0.9949,0.9949,0.9975,0.9899
26,70,79,0.9923,0.9924,0.9949,0.9849
27,70,82,0.9875,0.9949,0.9924,0.9975
28,70,85,0.9924,0.9975,0.9899,0.9949
29,70,88,0.9898,0.995,0.9924,0.9975
30,70,91,0.99,0.9925,0.9874,0.9899
31,70,94,0.9926,0.99,0.99,0.995
32,70,97,0.9899,0.9799,0.9924,0.9925
33,70,100,0.9925,0.9873,0.9949,0.9949
34,70,103,0.9899,0.9949,0.9899,0.9923
35,70,106,0.99,0.995,0.99,0.9899
36,70,109,0.9876,0.9872,0.9873,0.9899
37,70,112,0.9923,0.9876,0.9899,0.9873
38,70,115,0.9949,0.9876,0.9876,0.9926
39,70,118,0.9949,0.9898,0.9949,0.9898
40,70,121,0.9899,0.9901,0.9848,0.9899
41,70,124,0.9925,0.9925,0.7949,0.9849
42,70,127,0.9872,0.9924,0.9899,0.9926
43,70,130,0.9848,0.9875,0.9875,0.99
44,70,133,0.9924,0.9824,0.9923,0.9898
45,70,136,0.7949,0.9899,0.9772,0.7923
46,70,139,0.9872,0.9924,0.7949,0.9899
47,70,142,0.9822,0.9899,0.9874,0.9823
48,70,145,0.9975,0.9899,0.7925,0.9925
49,70,148,0.9924,0.9898,0.9875,0.7898
50,70,151,0.9873,0.9872,0.9949,0.9925
51,70,154,0.9923,0.9923,0.9923,0.9799
52,70,157,0.9923,0.7949,0.9845,0.9925
53,70,160,0.9898,0.9899,0.9849,0.7898
54,70,163,0.9852,0.5975,0.9949,0.6
55,70,166,0.9925,0.9874,0.9923,0.7949
56,70,169,0.7924,0.9874,0.7924,0.7925
57,70,172,0.9899,0.7949,0.9824,0.7873
58,70,175,0.7949,0.99,0.7873,0.5949
59,70,178,0.7923,0.9849,0.7901,0.9873
60,70,181,0.9899,0.9874,0.9824,0.7848
61,70,184,0.9899,0.9873,0.9822,0.5899
62,70,187,0.785,0.7851,0.7924,0.5949
63,70,190,0.5899,0.5949,0.5925,0.99
64,70,193,0.9899,0.9899,0.9872,0.5975
65,70,196,0.785,0.9875,0.9875,0.9925
66,70,199,0.9899,0.9774,0.7925,0.7949
67,70,202,0.7949,0.5898,0.9848,0.7748
68,70,205,0.985,0.5873,0.9647,0.9901
69,70,208,0.785,0.9847,0.7873,0.9949
70,70,211,0.7821,0.795,0.4363,0.99
71,70,214,0.9848,0.7797,0.9925,0.9873
72,70,217,0.3949,0.7851,0.9924,0.9873
73,70,220,0.595,0.9876,0.9875,0.9899
74,70,223,0.9875,0.9875,0.7798,0.9899
75,70,226,0.7923,0.7949,0.7229,0.9822
76,70,229,0.9849,0.7873,0.9823,0.9874
77,70,232,0.9875,0.5898,0.7898,0.6287
78,70,235,0.9925,0.5949,0.5898,0.9685
79,70,238,0.9849,0.7872,0.7925,0.7923
80,70,241,0.9822,0.8262,0.9873,0.9923
81,70,244,0.6677,0.5924,0.7874,0.7823
82,70,247,0.5873,0.995,0.7823,0.9925
83,70,250,0.9873,0.7901,0.9825,0.9898
84,70,253,0.7925,0.6492,0.9873,0.8238
85,70,256,0.7898,0.7873,0.8238,0.9873
86,70,259,0.7924,0.7773,0.9899,0.6338
87,70,262,0.6314,0.7899,0.8214,0.6214
88,70,265,0.9873,0.5899,0.9822,0.5975
89,70,268,0.7832,0.7875,0.7799,0.9847
90,70,271,0.9899,0.59,0.5901,0.9875
91,70,274,0.6573,0.9849,0.7898,0.7925
92,70,277,0.7925,0.7949,0.9823,0.7899
93,70,280,0.6238,0.7898,0.5923,0.5923
94,70,283,0.5899,0.7849,0.9872,0.7874
95,70,286,0.395,0.5949,0.4747,0.7949
96,70,289,0.9847,0.8338,0.5949,0.79
97,70,292,0.7852,0.7925,0.6212,0.9875
98,70,295,0.236,0.9848,0.7926,0.4
99,70,298,0.5949,0.9824,0.7774,0.6081
,Dataset#,L,att_1,att_2,att_3,att_4
0,71,1,0.8823,0.9366,0.8829,0.902
1,71,4,0.9537,0.9516,0.9341,0.9412
2,71,7,0.964,0.9711,0.9825,0.9639
3,71,10,0.971,0.9756,0.9757,0.9733
4,71,13,0.98,0.9728,0.9849,0.9709
5,71,16,0.9874,0.98,0.9849,0.9824
6,71,19,0.9848,0.9899,0.9873,0.9849
7,71,22,0.9875,0.9873,0.9824,0.9824
8,71,25,0.9848,0.9823,0.9799,0.9824
9,71,28,0.9874,0.9923,0.9899,0.9849
10,71,31,0.9873,0.9822,0.9898,0.9898
11,71,34,0.9873,0.9873,0.9873,0.9898
12,71,37,0.9873,0.9801,0.9872,0.9849
13,71,40,0.9923,0.9873,0.9848,0.9898
14,71,43,0.9898,0.9898,0.9923,0.9873
15,71,46,0.9898,0.9873,0.9873,0.9873
16,71,49,0.9899,0.9873,0.9849,0.9898
17,71,52,0.9873,0.9847,0.9847,0.9898
18,71,55,0.9873,0.9873,0.9848,0.9924
19,71,58,0.9873,0.9872,0.9873,0.9923
20,71,61,0.9873,0.9847,0.9798,0.9873
21,71,64,0.9898,0.9873,0.9923,0.9822
22,71,67,0.9924,0.9873,0.9873,0.9898
23,71,70,0.9898,0.9899,0.9847,0.9821
24,71,73,0.9923,0.9873,0.9873,0.9873
25,71,76,0.9873,0.9873,0.9873,0.9847
26,71,79,0.9872,0.9898,0.9874,0.9848
27,71,82,0.9874,0.9847,0.9798,0.9923
28,71,85,0.9873,0.9923,0.9847,0.9873
29,71,88,0.9923,0.9845,0.9822,0.9873
30,71,91,0.9848,0.9923,0.9898,0.7924
31,71,94,0.9873,0.9822,0.9848,0.9825
32,71,97,0.9873,0.9899,0.5898,0.5922
33,71,100,0.5949,0.5898,0.7923,0.9873
34,71,103,0.9849,0.9848,0.7925,0.7899
35,71,106,0.7923,0.9873,0.9873,0.7899
36,71,109,0.7923,0.9898,0.9823,0.9898
37,71,112,0.9848,0.9873,0.9898,0.9848
38,71,115,0.7899,0.7898,0.9849,0.7898
39,71,118,0.9821,0.5924,0.9923,0.7949
40,71,121,0.7848,0.9898,0.9874,0.9845
41,71,124,0.7848,0.9898,0.7872,0.9872
42,71,127,0.9781,0.7873,0.9873,0.9873
43,71,130,0.9873,0.9847,0.7923,0.9847
44,71,133,0.7949,0.5949,0.7873,0.7898
45,71,136,0.5923,0.9873,0.7924,0.9923
46,71,139,0.9847,0.7898,0.9873,0.7899
47,71,142,0.5897,0.9899,0.9873,0.9874
48,71,145,0.7899,0.7897,0.7873,0.9824
49,71,148,0.7898,0.7949,0.7847,0.9898
50,71,151,0.7949,0.7897,0.9795,0.9898
51,71,154,0.9898,0.3949,0.5848,0.9849
52,71,157,0.9899,0.5949,0.9797,0.7875
53,71,160,0.7822,0.5975,0.795,0.7873
54,71,163,0.5923,0.7871,0.5949,0.9847
55,71,166,0.5873,0.7899,0.9923,0.5975
56,71,169,0.9899,0.9923,0.9798,0.9847
57,71,172,0.9873,0.7924,0.9846,0.9923
58,71,175,0.9848,0.9849,0.5873,0.7848
59,71,178,0.5949,0.9874,0.5897,0.9899
60,71,181,0.9873,0.9825,0.9873,0.9821
61,71,184,0.795,0.9873,0.9873,0.795
62,71,187,0.7823,0.5872,0.7899,0.9899
63,71,190,0.7848,0.3925,0.5949,0.7898
64,71,193,0.7873,0.9873,0.9821,0.7949
65,71,196,0.9847,0.7873,0.7925,0.3923
66,71,199,0.7899,0.7823,0.595,0.7899
67,71,202,0.9822,0.9899,0.5949,0.7898
68,71,205,0.7848,0.5823,0.1975,0.5899
69,71,208,0.5899,0.9898,0.9775,0.7823
70,71,211,0.5975,0.79,0.7923,0.5925
71,71,214,0.7949,0.3925,0.3923,0.9899
72,71,217,0.5823,0.5847,0.7924,0.5899
73,71,220,0.7871,0.7923,0.5923,0.7847
74,71,223,0.795,0.1975,0.9849,0.9847
75,71,226,0.9773,0.5848,0.79,0.7873
76,71,229,0.7822,0.7848,0.9823,0.5872
77,71,232,0.7847,0.9925,0.7924,0.9873
78,71,235,0.5875,0.5949,0.9796,0.7924
79,71,238,0.7825,0.7949,0.5924,0.9849
80,71,241,0.7873,0.3949,0.9874,0.5949
81,71,244,0.7898,0.5924,0.7949,0.5923
82,71,247,0.9772,0.5975,0.5925,0.9873
83,71,250,0.9778,0.7923,0.5901,0.5925
84,71,253,0.7823,0.395,0.9899,0.9924
85,71,256,0.7926,0.5825,0.5975,0.5898
86,71,259,0.9873,0.2,0.7898,0.79
87,71,262,0.595,0.5899,0.7873,0.7949
88,71,265,0.9873,0.9898,0.5949,0.7924
89,71,268,0.7876,0.5821,0.6288,0.3975
90,71,271,0.7874,0.5923,0.595,0.7949
91,71,274,0.9873,0.5897,0.9898,0.7899
92,71,277,0.7873,0.3926,0.9847,0.9797
93,71,280,0.3975,0.7975,0.9823,0.595
94,71,283,0.5924,0.5924,0.7875,0.6661
95,71,286,0.795,0.7849,0.395,0.7823
96,71,289,0.7899,0.9849,0.5923,0.5949
97,71,292,0.5899,0.3975,0.59,0.5899
98,71,295,0.7898,0.3949,0.9873,0.395
99,71,298,0.5873,0.7801,0.7925,0.9847
,Dataset#,L,att_1,att_2,att_3,att_4
0,72,1,0.8868,0.8688,0.8455,0.7407
1,72,4,0.9468,0.8995,0.8864,0.8459
2,72,7,0.9184,0.9428,0.9581,0.933
3,72,10,0.9584,0.9565,0.9523,0.945
4,72,13,0.958,0.9673,0.9722,0.9557
5,72,16,0.9561,0.965,0.9721,0.9699
6,72,19,0.9698,0.9627,0.9604,0.9695
7,72,22,0.9672,0.9647,0.9649,0.9698
8,72,25,0.9695,0.9692,0.9746,0.9676
9,72,28,0.9695,0.9695,0.9697,0.9745
10,72,31,0.9702,0.9722,0.9697,0.9695
11,72,34,0.965,0.972,0.9624,0.9722
12,72,37,0.9719,0.9747,0.9652,0.9695
13,72,40,0.9746,0.9719,0.9672,0.9719
14,72,43,0.9695,0.9597,0.9719,0.9698
15,72,46,0.9746,0.9647,0.9722,0.9695
16,72,49,0.9719,0.9719,0.972,0.9719
17,72,52,0.9721,0.9772,0.9719,0.9672
18,72,55,0.972,0.9695,0.9746,0.9698
19,72,58,0.9672,0.9644,0.9719,0.9719
20,72,61,0.9719,0.9647,0.9695,0.9671
21,72,64,0.9624,0.9719,0.9695,0.9698
22,72,67,0.9674,0.9746,0.9719,0.9722
23,72,70,0.9672,0.9695,0.9719,0.9695
24,72,73,0.9771,0.9722,0.9746,0.9745
25,72,76,0.9746,0.9719,0.9647,0.9722
26,72,79,0.9671,0.9695,0.9695,0.9671
27,72,82,0.9695,0.9672,0.9672,0.9695
28,72,85,0.9697,0.9613,0.9719,0.9725
29,72,88,0.9746,0.9645,0.9746,0.9719
30,72,91,0.9719,0.9699,0.9746,0.9695
31,72,94,0.9695,0.9646,0.9749,0.9719
32,72,97,0.9722,0.9721,0.9623,0.9671
33,72,100,0.9699,0.9671,0.9719,0.9695
34,72,103,0.9746,0.9746,0.9719,0.8184
35,72,106,0.9722,0.9698,0.9673,0.9672
36,72,109,0.9719,0.9723,0.8161,0.8159
37,72,112,0.9695,0.9746,0.9695,0.9722
38,72,115,0.9721,0.9722,0.9695,0.9746
39,72,118,0.9695,0.9647,0.9672,0.9672
40,72,121,0.9695,0.9745,0.8063,0.9695
41,72,124,0.9719,0.8136,0.9671,0.9695
42,72,127,0.8014,0.9719,0.8184,0.6545
43,72,130,0.9721,0.9698,0.8091,0.9772
44,72,133,0.9721,0.9719,0.9695,0.9695
45,72,136,0.8135,0.9695,0.9674,0.9719
46,72,139,0.9622,0.8161,0.8134,0.9574
47,72,142,0.9524,0.9745,0.9646,0.8058
48,72,145,0.9671,0.8137,0.9672,0.9772
49,72,148,0.9647,0.8062,0.9719,0.967
50,72,151,0.6497,0.967,0.9672,0.9695
51,72,154,0.967,0.811,0.8187,0.9647
52,72,157,0.9719,0.9695,0.9695,0.6498
53,72,160,0.9719,0.9719,0.9651,0.9647
54,72,163,0.655,0.8161,0.9746,0.967
55,72,166,0.645,0.9723,0.9693,0.9719
56,72,169,0.9695,0.9622,0.8308,0.9671
57,72,172,0.9696,0.9746,0.8058,0.8133
58,72,175,0.8185,0.9745,0.9719,0.8159
59,72,178,0.8161,0.9746,0.9722,0.9722
60,72,181,0.9671,0.9719,0.6502,0.806
61,72,184,0.9723,0.8086,0.9745,0.8159
62,72,187,0.8161,0.9698,0.9721,0.9719
63,72,190,0.9649,0.7948,0.9676,0.8128
64,72,193,0.8034,0.8108,0.9671,0.6475
65,72,196,0.4966,0.9624,0.8161,0.9219
66,72,199,0.9722,0.9534,0.9695,0.6601
67,72,202,0.6468,0.9647,0.962,0.9699
68,72,205,0.9746,0.816,0.9669,0.8135
69,72,208,0.8135,0.6575,0.8084,0.9695
70,72,211,0.8112,0.6576,0.9719,0.9695
71,72,214,0.9648,0.9671,0.9626,0.9523
72,72,217,0.7672,0.66,0.8108,0.7616
73,72,220,0.9721,0.6521,0.8132,0.6576
74,72,223,0.9645,0.6136,0.806,0.8009
75,72,226,0.7822,0.9671,0.4702,0.6157
76,72,229,0.972,0.6184,0.6452,0.8132
77,72,232,0.957,0.8161,0.8084,0.7745
78,72,235,0.9592,0.9701,0.5823,0.8134
79,72,238,0.8108,0.806,0.6136,0.9671
80,72,241,0.8161,0.6575,0.9719,0.962
81,72,244,0.816,0.7822,0.4885,0.9719
82,72,247,0.8084,0.8161,0.9651,0.8108
83,72,250,0.96,0.9596,0.6449,0.962
84,72,253,0.8162,0.6137,0.9695,0.8088
85,72,256,0.8084,0.8061,0.7748,0.4338
86,72,259,0.972,0.9748,0.9671,0.7672
87,72,262,0.8084,0.803,0.9721,0.8161
88,72,265,0.8137,0.304,0.611,0.9623
89,72,268,0.9669,0.8109,0.6187,0.7768
90,72,271,0.6109,0.5847,0.6158,0.8084
91,72,274,0.5873,0.9772,0.8134,0.9695
92,72,277,0.6064,0.8137,0.9671,0.6188
93,72,280,0.811,0.6576,0.9646,0.4963
94,72,283,0.9651,0.4864,0.9722,0.8161
95,72,286,0.8057,0.775,0.8108,0.6548
96,72,289,0.7774,0.4238,0.7723,0.9695
97,72,292,0.816,0.6527,0.7797,0.7644
98,72,295,0.6524,0.6135,0.9594,0.4964
99,72,298,0.5821,0.3041,0.8035,0.5721
,Dataset#,L,att_1,att_2,att_3,att_4
0,73,1,0.7417,0.7506,0.8099,0.8591
1,73,4,0.8995,0.8579,0.8353,0.9339
2,73,7,0.8748,0.963,0.951,0.9321
3,73,10,0.9355,0.9475,0.9411,0.9538
4,73,13,0.9675,0.9424,0.9675,0.9629
5,73,16,0.9649,0.9556,0.9605,0.9723
6,73,19,0.9673,0.9701,0.9627,0.9674
7,73,22,0.9607,0.9628,0.9626,0.9678
8,73,25,0.9725,0.9677,0.9604,0.9629
9,73,28,0.9676,0.9676,0.9624,0.9555
10,73,31,0.9602,0.9626,0.9654,0.9671
11,73,34,0.9622,0.9723,0.9626,0.9722
12,73,37,0.9723,0.9681,0.97,0.9676
13,73,40,0.9721,0.9725,0.9676,0.9651
14,73,43,0.9623,0.9673,0.9699,0.9652
15,73,46,0.9624,0.9671,0.9601,0.9676
16,73,49,0.9671,0.9604,0.9698,0.965
17,73,52,0.9604,0.9697,0.9697,0.9747
18,73,55,0.9645,0.9651,0.9672,0.9599
19,73,58,0.96,0.9672,0.9646,0.9651
20,73,61,0.9623,0.9672,0.9647,0.9623
21,73,64,0.9699,0.965,0.9724,0.9551
22,73,67,0.9675,0.9551,0.9697,0.9695
23,73,70,0.9598,0.9628,0.9602,0.967
24,73,73,0.9623,0.9597,0.9597,0.96
25,73,76,0.9699,0.9677,0.96,0.9654
26,73,79,0.9625,0.9672,0.9599,0.962
27,73,82,0.9574,0.9651,0.9646,0.9671
28,73,85,0.9602,0.9599,0.9621,0.9651
29,73,88,0.9599,0.9625,0.9578,0.9552
30,73,91,0.9624,0.9693,0.9648,0.9626
31,73,94,0.9647,0.9571,0.9626,0.9644
32,73,97,0.9622,0.9593,0.9668,0.9573
33,73,100,0.9554,0.9596,0.9576,0.9672
34,73,103,0.9446,0.9672,0.9527,0.955
35,73,106,0.9624,0.9597,0.9649,0.9522
36,73,109,0.9571,0.9622,0.9473,0.9647
37,73,112,0.9572,0.9623,0.9517,0.9673
38,73,115,0.9597,0.9629,0.955,0.9601
39,73,118,0.9619,0.9509,0.9525,0.9623
40,73,121,0.9595,0.9572,0.9522,0.9553
41,73,124,0.9524,0.9503,0.9571,0.9521
42,73,127,0.9598,0.9617,0.9621,0.9573
43,73,130,0.953,0.9521,0.9458,0.9571
44,73,133,0.9499,0.9624,0.9647,0.9576
45,73,136,0.9601,0.967,0.9547,0.9557
46,73,139,0.9695,0.9622,0.9623,0.9621
47,73,142,0.9501,0.9543,0.962,0.9642
48,73,145,0.9721,0.9425,0.9544,0.9497
49,73,148,0.9505,0.9505,0.9521,0.9519
50,73,151,0.9619,0.9422,0.9599,0.962
51,73,154,0.9492,0.9569,0.9573,0.9598
52,73,157,0.95,0.9544,0.9572,0.9428
53,73,160,0.9603,0.9494,0.9546,0.9374
54,73,163,0.9595,0.9597,0.9579,0.9598
55,73,166,0.9644,0.9575,0.9493,0.9575
56,73,169,0.9597,0.9522,0.9539,0.9544
57,73,172,0.9521,0.9496,0.9648,0.9475
58,73,175,0.9492,0.7584,0.955,0.9672
59,73,178,0.9516,0.9644,0.9499,0.9545
60,73,181,0.9525,0.962,0.9517,0.962
61,73,184,0.8731,0.9524,0.9522,0.9468
62,73,187,0.9424,0.9503,0.942,0.9441
63,73,190,0.9446,0.9573,0.9489,0.9499
64,73,193,0.9413,0.9575,0.9619,0.9623
65,73,196,0.9626,0.9422,0.9623,0.9645
66,73,199,0.9426,0.9647,0.9524,0.9647
67,73,202,0.9527,0.9539,0.9498,0.9571
68,73,205,0.9545,0.9495,0.5614,0.9577
69,73,208,0.7458,0.9492,0.7906,0.9522
70,73,211,0.6416,0.763,0.9484,0.9669
71,73,214,0.9549,0.9597,0.9494,0.9486
72,73,217,0.9515,0.9522,0.965,0.7619
73,73,220,0.7693,0.6069,0.9549,0.9487
74,73,223,0.9547,0.944,0.6035,0.7588
75,73,226,0.6613,0.7563,0.9524,0.9498
76,73,229,0.7671,0.9517,0.9466,0.8929
77,73,232,0.8013,0.9305,0.6185,0.9471
78,73,235,0.7987,0.9545,0.9589,0.9239
79,73,238,0.7939,0.9454,0.7593,0.9547
80,73,241,0.9457,0.6471,0.9565,0.7492
81,73,244,0.7935,0.9547,0.7587,0.7598
82,73,247,0.7577,0.9409,0.9519,0.9407
83,73,250,0.7434,0.7571,0.9498,0.9644
84,73,253,0.7886,0.7648,0.9424,0.9574
85,73,256,0.8014,0.755,0.8003,0.9442
86,73,259,0.9352,0.8031,0.9494,0.7647
87,73,262,0.9548,0.9445,0.746,0.9466
88,73,265,0.4467,0.5644,0.9588,0.7994
89,73,268,0.7403,0.9645,0.5934,0.7995
90,73,271,0.7492,0.5774,0.9499,0.5579
91,73,274,0.9397,0.7816,0.9151,0.9495
92,73,277,0.9308,0.9452,0.5647,0.9547
93,73,280,0.7596,0.7568,0.947,0.5906
94,73,283,0.9623,0.937,0.5696,0.9425
95,73,286,0.7905,0.7942,0.7931,0.767
96,73,289,0.5638,0.6062,0.946,0.6038
97,73,292,0.7679,0.7546,0.9514,0.5678
98,73,295,0.5824,0.3776,0.9519,0.8008
99,73,298,0.9595,0.6084,0.962,0.7884
,Dataset#,L,att_1,att_2,att_3,att_4
0,74,1,0.7785,0.863,0.8064,0.8218
1,74,4,0.876,0.8963,0.8337,0.8518
2,74,7,0.9091,0.9184,0.9155,0.8902
3,74,10,0.9509,0.9601,0.9495,0.9531
4,74,13,0.9415,0.9361,0.9528,0.9528
5,74,16,0.9525,0.9553,0.9626,0.9529
6,74,19,0.9524,0.9575,0.9576,0.9547
7,74,22,0.9648,0.9522,0.9581,0.9673
8,74,25,0.9625,0.9574,0.9576,0.9649
9,74,28,0.9653,0.9649,0.9619,0.9649
10,74,31,0.9549,0.9623,0.9574,0.9625
11,74,34,0.9653,0.9699,0.9723,0.9671
12,74,37,0.9673,0.9622,0.9647,0.975
13,74,40,0.9699,0.97,0.9672,0.9727
14,74,43,0.9624,0.9673,0.9623,0.9648
15,74,46,0.9722,0.9648,0.9652,0.9647
16,74,49,0.9697,0.9574,0.9651,0.975
17,74,52,0.9723,0.9723,0.975,0.9675
18,74,55,0.965,0.9701,0.9676,0.975
19,74,58,0.9723,0.9723,0.9699,0.9701
20,74,61,0.9672,0.9799,0.962,0.9695
21,74,64,0.975,0.9695,0.9725,0.9725
22,74,67,0.9668,0.9673,0.9678,0.9647
23,74,70,0.9722,0.9624,0.9625,0.9723
24,74,73,0.9725,0.9724,0.9693,0.9671
25,74,76,0.972,0.965,0.9748,0.9698
26,74,79,0.9649,0.9645,0.9624,0.9723
27,74,82,0.9725,0.9749,0.9722,0.9697
28,74,85,0.9697,0.972,0.975,0.9749
29,74,88,0.9722,0.9651,0.9775,0.9774
30,74,91,0.97,0.9749,0.9722,0.9724
31,74,94,0.9641,0.9673,0.9723,0.9671
32,74,97,0.9774,0.972,0.9747,0.9723
33,74,100,0.97,0.9701,0.972,0.9723
34,74,103,0.9797,0.9749,0.9695,0.9695
35,74,106,0.972,0.9695,0.98,0.9693
36,74,109,0.9749,0.9773,0.9775,0.9701
37,74,112,0.9773,0.9748,0.9774,0.9748
38,74,115,0.9724,0.9749,0.9724,0.9725
39,74,118,0.9741,0.967,0.9725,0.972
40,74,121,0.9722,0.9673,0.975,0.975
41,74,124,0.9744,0.9771,0.9747,0.9695
42,74,127,0.9773,0.9723,0.9723,0.9724
43,74,130,0.9699,0.9725,0.9749,0.9697
44,74,133,0.9695,0.9799,0.9747,0.9775
45,74,136,0.9744,0.9673,0.9799,0.9673
46,74,139,0.9775,0.9751,0.9651,0.9769
47,74,142,0.9796,0.9723,0.9773,0.9799
48,74,145,0.9746,0.9746,0.9799,0.9668
49,74,148,0.9722,0.7899,0.97,0.9771
50,74,151,0.9723,0.9773,0.9668,0.9643
51,74,154,0.9646,0.9624,0.9796,0.9773
52,74,157,0.9797,0.9723,0.9747,0.9611
53,74,160,0.9774,0.9773,0.9797,0.9775
54,74,163,0.7798,0.9725,0.78,0.9799
55,74,166,0.9745,0.7799,0.9799,0.9771
56,74,169,0.9672,0.7797,0.78,0.9772
57,74,172,0.9722,0.9718,0.7848,0.78
58,74,175,0.9721,0.9769,0.9699,0.975
59,74,178,0.7773,0.9823,0.7699,0.9773
60,74,181,0.9773,0.9771,0.7716,0.9723
61,74,184,0.7849,0.5873,0.7742,0.9724
62,74,187,0.785,0.785,0.9701,0.7794
63,74,190,0.7749,0.7799,0.9719,0.5822
64,74,193,0.772,0.9643,0.7749,0.7723
65,74,196,0.9749,0.9722,0.9775,0.7823
66,74,199,0.9725,0.5772,0.975,0.9749
67,74,202,0.9721,0.9722,0.9798,0.5794
68,74,205,0.9742,0.9727,0.7772,0.972
69,74,208,0.9722,0.7795,0.9771,0.9799
70,74,211,0.9719,0.9771,0.7775,0.9798
71,74,214,0.59,0.9697,0.8136,0.9798
72,74,217,0.9747,0.9469,0.967,0.9719
73,74,220,0.7774,0.7799,0.5901,0.7848
74,74,223,0.9744,0.7746,0.7799,0.813
75,74,226,0.7825,0.7819,0.7723,0.5851
76,74,229,0.7771,0.9743,0.9773,0.9676
77,74,232,0.9692,0.9721,0.595,0.5873
78,74,235,0.777,0.7799,0.7772,0.771
79,74,238,0.9668,0.9773,0.9771,0.9747
80,74,241,0.9798,0.9722,0.9747,0.9771
81,74,244,0.9772,0.7874,0.7773,0.9823
82,74,247,0.9773,0.6185,0.972,0.9744
83,74,250,0.7719,0.585,0.7744,0.7742
84,74,253,0.7799,0.9769,0.3897,0.4262
85,74,256,0.777,0.585,0.9749,0.7745
86,74,259,0.8187,0.9748,0.9668,0.7799
87,74,262,0.7849,0.9773,0.7688,0.6466
88,74,265,0.9673,0.9671,0.6211,0.9745
89,74,268,0.7726,0.578,0.5819,0.9722
90,74,271,0.7384,0.7847,0.7744,0.9771
91,74,274,0.9798,0.78,0.8037,0.616
92,74,277,0.8031,0.7723,0.9566,0.9749
93,74,280,0.8111,0.7719,0.7749,0.8081
94,74,283,0.772,0.7695,0.8137,0.9796
95,74,286,0.9724,0.5822,0.6186,0.8134
96,74,289,0.9746,0.7696,0.785,0.9722
97,74,292,0.8111,0.9723,0.7775,0.7798
98,74,295,0.7847,0.7796,0.5947,0.777
99,74,298,0.9825,0.7747,0.7795,0.3795
,Dataset#,L,att_1,att_2,att_3,att_4
0,75,1,0.5465,0.6057,0.5943,0.5677
1,75,4,0.7288,0.7251,0.715,0.7427
2,75,7,0.7812,0.7702,0.7379,0.7609
3,75,10,0.7802,0.778,0.7782,0.7791
4,75,13,0.8038,0.7958,0.7952,0.7809
5,75,16,0.8054,0.7971,0.7871,0.8022
6,75,19,0.8047,0.8022,0.7979,0.8145
7,75,22,0.8064,0.8082,0.812,0.8141
8,75,25,0.8072,0.8094,0.7998,0.8024
9,75,28,0.8125,0.815,0.8045,0.8161
10,75,31,0.8021,0.8156,0.8045,0.8048
11,75,34,0.8056,0.8048,0.8038,0.819
12,75,37,0.8013,0.8118,0.8061,0.8166
13,75,40,0.8082,0.7988,0.8054,0.7948
14,75,43,0.8011,0.8035,0.8027,0.8074
15,75,46,0.8015,0.8017,0.8067,0.8027
16,75,49,0.8066,0.8134,0.8025,0.8001
17,75,52,0.8113,0.8092,0.8119,0.813
18,75,55,0.815,0.8125,0.8148,0.8074
19,75,58,0.8044,0.802,0.8092,0.8053
20,75,61,0.8013,0.8071,0.7995,0.8032
21,75,64,0.8114,0.8128,0.8078,0.8083
22,75,67,0.8121,0.8149,0.8047,0.8099
23,75,70,0.8023,0.8094,0.8149,0.8037
24,75,73,0.8139,0.8077,0.8039,0.817
25,75,76,0.8038,0.8139,0.8141,0.8146
26,75,79,0.8155,0.8117,0.8095,0.8131
27,75,82,0.7968,0.8164,0.8074,0.8016
28,75,85,0.7983,0.8163,0.8037,0.7975
29,75,88,0.7964,0.7979,0.8013,0.7963
30,75,91,0.8068,0.8062,0.8098,0.8091
31,75,94,0.8023,0.8095,0.8088,0.806
32,75,97,0.8108,0.8191,0.8016,0.8105
33,75,100,0.8054,0.8068,0.8029,0.8006
34,75,103,0.8081,0.7934,0.7967,0.798
35,75,106,0.7951,0.8067,0.8068,0.8106
36,75,109,0.8128,0.8063,0.8017,0.8083
37,75,112,0.8033,0.7955,0.8088,0.8001
38,75,115,0.8131,0.8071,0.8049,0.8079
39,75,118,0.7964,0.8007,0.805,0.8073
40,75,121,0.7911,0.8091,0.8027,0.8051
41,75,124,0.8059,0.803,0.8092,0.8072
42,75,127,0.8049,0.8032,0.8084,0.7968
43,75,130,0.7956,0.8023,0.8105,0.815
44,75,133,0.7917,0.7939,0.8113,0.7985
45,75,136,0.8021,0.8018,0.8044,0.8056
46,75,139,0.8073,0.8024,0.8009,0.7982
47,75,142,0.798,0.7987,0.8124,0.8073
48,75,145,0.8004,0.8211,0.7977,0.8078
49,75,148,0.8111,0.8035,0.7947,0.8136
50,75,151,0.7985,0.7908,0.8044,0.8104
51,75,154,0.7963,0.8017,0.7971,0.7983
52,75,157,0.8028,0.788,0.7926,0.8016
53,75,160,0.7959,0.7976,0.7953,0.7932
54,75,163,0.7975,0.8007,0.8072,0.7994
55,75,166,0.8035,0.8072,0.8052,0.7916
56,75,169,0.8052,0.7971,0.8136,0.7926
57,75,172,0.8,0.8077,0.8065,0.7982
58,75,175,0.8014,0.8011,0.7977,0.8016
59,75,178,0.795,0.8057,0.811,0.8107
60,75,181,0.8064,0.8183,0.8037,0.8026
61,75,184,0.7944,0.7967,0.7893,0.796
62,75,187,0.8045,0.8052,0.8168,0.814
63,75,190,0.8157,0.8045,0.8108,0.806
64,75,193,0.789,0.7965,0.7978,0.7973
65,75,196,0.7864,0.8084,0.7938,0.7916
66,75,199,0.8042,0.8061,0.7889,0.8019
67,75,202,0.8054,0.8072,0.8092,0.7947
68,75,205,0.8131,0.7967,0.7905,0.8039
69,75,208,0.8022,0.812,0.799,0.8066
70,75,211,0.7949,0.8066,0.8012,0.8048
71,75,214,0.7945,0.6326,0.7927,0.8041
72,75,217,0.8,0.8093,0.6355,0.8083
73,75,220,0.6533,0.803,0.815,0.7929
74,75,223,0.8007,0.7974,0.7928,0.7975
75,75,226,0.8002,0.7959,0.7974,0.7984
76,75,229,0.8084,0.6466,0.7897,0.6429
77,75,232,0.7958,0.8061,0.645,0.7874
78,75,235,0.6437,0.8023,0.7952,0.8033
79,75,238,0.7953,0.7978,0.8107,0.806
80,75,241,0.793,0.7907,0.4707,0.7951
81,75,244,0.8019,0.7992,0.6316,0.803
82,75,247,0.8121,0.791,0.7938,0.8209
83,75,250,0.8053,0.8005,0.8006,0.6528
84,75,253,0.786,0.6525,0.636,0.6322
85,75,256,0.7903,0.8128,0.8049,0.8045
86,75,259,0.7968,0.6345,0.7826,0.7875
87,75,262,0.8001,0.7924,0.8013,0.6475
88,75,265,0.7923,0.8049,0.6191,0.802
89,75,268,0.812,0.6441,0.6305,0.6515
90,75,271,0.7174,0.6478,0.8017,0.3143
91,75,274,0.8062,0.6357,0.7946,0.7972
92,75,277,0.6424,0.7852,0.7985,0.6582
93,75,280,0.7587,0.6382,0.7794,0.7999
94,75,283,0.6464,0.4583,0.4674,0.8013
95,75,286,0.8086,0.633,0.7944,0.7847
96,75,289,0.1568,0.6369,0.7904,0.8239
97,75,292,0.4758,0.6387,0.399,0.6228
98,75,295,0.8009,0.7995,0.6355,0.8013
99,75,298,0.5542,0.31,0.635,0.7531
,Dataset#,L,att_1,att_2,att_3,att_4
0,76,1,0.8068,0.7845,0.7841,0.8114
1,76,4,0.8436,0.8364,0.8376,0.8439
2,76,7,0.8319,0.8435,0.8326,0.8249
3,76,10,0.8444,0.8466,0.8382,0.8404
4,76,13,0.8358,0.836,0.8323,0.8247
5,76,16,0.8284,0.8396,0.8228,0.8333
6,76,19,0.8273,0.8265,0.842,0.8294
7,76,22,0.8312,0.8313,0.8183,0.8357
8,76,25,0.8234,0.8196,0.8207,0.8145
9,76,28,0.8118,0.8282,0.8229,0.818
10,76,31,0.8148,0.8212,0.7954,0.8275
11,76,34,0.7923,0.8067,0.8055,0.8097
12,76,37,0.798,0.7989,0.811,0.8325
13,76,40,0.8058,0.811,0.8274,0.8066
14,76,43,0.8014,0.8017,0.786,0.803
15,76,46,0.7771,0.8013,0.817,0.7994
16,76,49,0.7979,0.7932,0.8023,0.8032
17,76,52,0.8093,0.8121,0.7996,0.7834
18,76,55,0.7929,0.7808,0.798,0.7951
19,76,58,0.8034,0.7998,0.7975,0.7888
20,76,61,0.7842,0.7897,0.8092,0.7865
21,76,64,0.7794,0.7864,0.7852,0.7891
22,76,67,0.8091,0.8114,0.7964,0.8111
23,76,70,0.8034,0.7967,0.797,0.788
24,76,73,0.7883,0.7977,0.7892,0.7957
25,76,76,0.7722,0.794,0.8037,0.7824
26,76,79,0.7788,0.7936,0.7913,0.7941
27,76,82,0.7607,0.7915,0.7808,0.7927
28,76,85,0.8081,0.784,0.7978,0.8001
29,76,88,0.8083,0.7985,0.7764,0.8037
30,76,91,0.8077,0.7963,0.7876,0.7793
31,76,94,0.7815,0.7929,0.779,0.7768
32,76,97,0.7823,0.7972,0.7868,0.7874
33,76,100,0.7691,0.7937,0.7972,0.81
34,76,103,0.8003,0.7687,0.7913,0.7843
35,76,106,0.7685,0.7795,0.7752,0.7842
36,76,109,0.7603,0.7936,0.7779,0.7824
37,76,112,0.7769,0.7738,0.7922,0.7795
38,76,115,0.7853,0.7845,0.7851,0.7754
39,76,118,0.7676,0.7645,0.775,0.7627
40,76,121,0.7617,0.7711,0.7782,0.8044
41,76,124,0.8018,0.7965,0.7737,0.7634
42,76,127,0.7619,0.7805,0.7687,0.7852
43,76,130,0.7851,0.7783,0.7725,0.7724
44,76,133,0.7734,0.7847,0.7725,0.7796
45,76,136,0.788,0.7646,0.7747,0.7783
46,76,139,0.7662,0.7645,0.7661,0.7599
47,76,142,0.7866,0.7683,0.7645,0.8071
48,76,145,0.7494,0.7575,0.7864,0.7659
49,76,148,0.7883,0.7985,0.7731,0.7888
50,76,151,0.7745,0.7756,0.7919,0.7699
51,76,154,0.7931,0.755,0.7763,0.7622
52,76,157,0.7784,0.7844,0.766,0.7669
53,76,160,0.7462,0.7777,0.7775,0.7817
54,76,163,0.7544,0.7851,0.7663,0.7827
55,76,166,0.7869,0.798,0.7987,0.7739
56,76,169,0.7712,0.784,0.7654,0.7889
57,76,172,0.788,0.7636,0.7519,0.7767
58,76,175,0.7811,0.7787,0.7717,0.7887
59,76,178,0.786,0.7728,0.7675,0.7718
60,76,181,0.7496,0.7764,0.7763,0.7512
61,76,184,0.7647,0.7534,0.7818,0.7727
62,76,187,0.7675,0.7792,0.7723,0.7708
63,76,190,0.7846,0.7609,0.7863,0.7666
64,76,193,0.7711,0.7884,0.7631,0.7433
65,76,196,0.7559,0.7854,0.5974,0.7843
66,76,199,0.7699,0.7793,0.7461,0.7677
67,76,202,0.772,0.7422,0.7594,0.7782
68,76,205,0.7548,0.782,0.7551,0.7575
69,76,208,0.7836,0.7993,0.7389,0.7732
70,76,211,0.7766,0.7826,0.7856,0.7863
71,76,214,0.7631,0.7902,0.7724,0.7786
72,76,217,0.7554,0.5985,0.7811,0.7798
73,76,220,0.7652,0.7639,0.7622,0.753
74,76,223,0.5965,0.7826,0.763,0.7871
75,76,226,0.7678,0.7592,0.7808,0.7831
76,76,229,0.7606,0.6146,0.7728,0.6063
77,76,232,0.7757,0.7747,0.7447,0.7603
78,76,235,0.7591,0.7753,0.5886,0.7771
79,76,238,0.7539,0.7858,0.7772,0.6011
80,76,241,0.7689,0.7668,0.6184,0.6168
81,76,244,0.6032,0.7827,0.7652,0.7769
82,76,247,0.6082,0.7474,0.7678,0.6163
83,76,250,0.7743,0.7624,0.7904,0.768
84,76,253,0.7816,0.4588,0.6283,0.446
85,76,256,0.4481,0.7665,0.6113,0.7637
86,76,259,0.617,0.7681,0.602,0.6099
87,76,262,0.625,0.5848,0.4467,0.2901
88,76,265,0.7772,0.6052,0.475,0.4587
89,76,268,0.5849,0.594,0.7826,0.6053
90,76,271,0.4525,0.5905,0.7769,0.6168
91,76,274,0.6082,0.7662,0.5926,0.7587
92,76,277,0.7734,0.7738,0.7592,0.7608
93,76,280,0.6202,0.4737,0.5985,0.2953
94,76,283,0.745,0.6297,0.6035,0.6121
95,76,286,0.7354,0.5939,0.7612,0.7624
96,76,289,0.7615,0.4455,0.6093,0.751
97,76,292,0.6153,0.5947,0.7499,0.6203
98,76,295,0.7997,0.6094,0.6095,0.7775
99,76,298,0.7584,0.7567,0.5976,0.7468
,Dataset#,L,att_1,att_2,att_3,att_4
0,77,1,0.4903,0.5542,0.549,0.7943
1,77,4,0.7466,0.7768,0.7344,0.7005
2,77,7,0.5777,0.578,0.7586,0.7513
3,77,10,0.6482,0.5666,0.8508,0.855
4,77,13,0.6651,0.6756,0.5734,0.5696
5,77,16,0.8484,0.6777,0.6705,0.7611
6,77,19,0.7657,0.8383,0.6545,0.758
7,77,22,0.6625,0.7476,0.7684,0.7618
8,77,25,0.6771,0.6741,0.6737,0.6629
9,77,28,0.6681,0.6671,0.8541,0.6737
10,77,31,0.8504,0.853,0.7583,0.6635
11,77,34,0.7642,0.7529,0.7604,0.758
12,77,37,0.8505,0.6796,0.7562,0.7591
13,77,40,0.6794,0.6675,0.4754,0.6712
14,77,43,0.6658,0.858,0.5735,0.5848
15,77,46,0.5718,0.7627,0.6651,0.5734
16,77,49,0.7584,0.6565,0.6552,0.6674
17,77,52,0.7551,0.7602,0.4751,0.6746
18,77,55,0.7634,0.6701,0.6599,0.7542
19,77,58,0.7592,0.6715,0.7619,0.6727
20,77,61,0.3882,0.7514,0.7677,0.7524
21,77,64,0.6849,0.7624,0.7682,0.7606
22,77,67,0.6706,0.7551,0.6807,0.7558
23,77,70,0.667,0.7631,0.754,0.6693
24,77,73,0.671,0.6704,0.6808,0.6598
25,77,76,0.5826,0.8547,0.4745,0.7567
26,77,79,0.5831,0.4844,0.7606,0.4754
27,77,82,0.8584,0.5873,0.6576,0.6586
28,77,85,0.6687,0.6676,0.6692,0.7657
29,77,88,0.6614,0.8606,0.7681,0.5682
30,77,91,0.6581,0.5707,0.7572,0.6729
31,77,94,0.8533,0.8542,0.8623,0.8583
32,77,97,0.671,0.5744,0.6798,0.682
33,77,100,0.4886,0.593,0.5763,0.7628
34,77,103,0.7577,0.6783,0.7605,0.8536
35,77,106,0.4958,0.4783,0.4869,0.5707
36,77,109,0.6769,0.7657,0.4844,0.6658
37,77,112,0.5659,0.7638,0.5742,0.6694
38,77,115,0.6736,0.6649,0.5813,0.6836
39,77,118,0.7577,0.4844,0.6747,0.6719
40,77,121,0.4819,0.4984,0.6689,0.5717
41,77,124,0.5831,0.5873,0.6734,0.6707
42,77,127,0.8611,0.4869,0.494,0.5668
43,77,130,0.6577,0.3995,0.6695,0.5793
44,77,133,0.32,0.758,0.407,0.6723
45,77,136,0.492,0.7712,0.5858,0.6666
46,77,139,0.5621,0.4958,0.4985,0.6627
47,77,142,0.6709,0.6799,0.5845,0.5728
48,77,145,0.4853,0.5079,0.5707,0.6823
49,77,148,0.5628,0.6019,0.5781,0.6598
50,77,151,0.6651,0.5096,0.658,0.3869
51,77,154,0.3882,0.6789,0.5831,0.5145
52,77,157,0.3102,0.3197,0.3103,0.5008
53,77,160,0.6747,0.8547,0.4831,0.5794
54,77,163,0.4088,0.6747,0.5175,0.5808
55,77,166,0.3971,0.6805,0.329,0.5807
56,77,169,0.7579,0.4083,0.6746,0.576
57,77,172,0.6762,0.5807,0.494,0.3089
58,77,175,0.6829,0.514,0.5825,0.5681
59,77,178,0.5727,0.5106,0.4283,0.4857
60,77,181,0.6613,0.5833,0.5708,0.3103
61,77,184,0.7573,0.5079,0.5825,0.494
62,77,187,0.7695,0.5786,0.1553,0.4951
63,77,190,0.5916,0.5059,0.5019,0.507
64,77,193,0.5717,0.4831,0.3882,0.4712
65,77,196,0.5109,0.3108,0.3228,0.8612
66,77,199,0.7647,0.7602,0.5857,0.5044
67,77,202,0.4896,0.4933,0.4967,0.4844
68,77,205,0.3206,0.48,0.3331,0.5871
69,77,208,0.4945,0.2321,0.3266,0.3252
70,77,211,0.5848,0.4112,0.4065,0.4065
71,77,214,0.6783,0.5054,0.4288,0.4881
72,77,217,0.2417,0.5694,0.3343,0.485
73,77,220,0.6698,0.329,0.5107,0.3321
74,77,223,0.5974,0.7565,0.4107,0.4292
75,77,226,0.329,0.3285,0.3869,0.4725
76,77,229,0.6794,0.409,0.4927,0.586
77,77,232,0.5097,0.421,0.6819,0.4103
78,77,235,0.6693,0.3985,0.4124,0.4869
79,77,238,0.3103,0.5707,0.3268,0.762
80,77,241,0.6792,0.4847,0.3284,0.426
81,77,244,0.5037,0.5946,0.4018,0.3108
82,77,247,0.4071,0.5018,0.6061,0.4869
83,77,250,0.5034,0.4754,0.3869,0.4967
84,77,253,0.6656,0.5713,0.4876,0.6684
85,77,256,0.5797,0.4091,0.6719,0.3984
86,77,259,0.4079,0.3103,0.4069,0.6904
87,77,262,0.59,0.599,0.4094,0.4116
88,77,265,0.66,0.4086,0.3323,0.3983
89,77,268,0.86,0.4065,0.5292,0.5817
90,77,271,0.5728,0.329,0.5811,0.5078
91,77,274,0.502,0.4995,0.4045,0.1548
92,77,277,0.3945,0.4124,0.6731,0.4122
93,77,280,0.5913,0.4064,0.668,0.5802
94,77,283,0.4835,0.4097,0.6631,0.2329
95,77,286,0.4111,0.3222,0.3305,0.7621
96,77,289,0.6607,0.4095,0.5725,0.3984
97,77,292,0.3341,0.5682,0.2323,0.5768
98,77,295,0.6823,0.3882,0.6663,0.3343
99,77,298,0.407,0.5996,0.3882,0.5832
,Dataset#,L,att_1,att_2,att_3,att_4
0,78,1,0.3202,0.3966,0.3222,0.3595
1,78,4,0.3641,0.4381,0.393,0.4288
2,78,7,0.4185,0.4364,0.4434,0.441
3,78,10,0.4116,0.3697,0.4063,0.4351
4,78,13,0.4401,0.3824,0.4064,0.4428
5,78,16,0.3987,0.3968,0.372,0.4392
6,78,19,0.4363,0.3482,0.3702,0.4177
7,78,22,0.3639,0.3983,0.4449,0.3312
8,78,25,0.412,0.3669,0.437,0.3371
9,78,28,0.4497,0.4448,0.3338,0.4531
10,78,31,0.4048,0.4199,0.35,0.3754
11,78,34,0.3647,0.3314,0.3052,0.4078
12,78,37,0.4182,0.4016,0.3421,0.368
13,78,40,0.3409,0.3993,0.4072,0.3338
14,78,43,0.4084,0.4502,0.3365,0.3708
15,78,46,0.4341,0.3454,0.4174,0.398
16,78,49,0.3789,0.3712,0.3402,0.4073
17,78,52,0.3612,0.3706,0.4482,0.4333
18,78,55,0.3333,0.3805,0.3942,0.3977
19,78,58,0.4355,0.3517,0.4133,0.315
20,78,61,0.353,0.3616,0.3989,0.3906
21,78,64,0.3957,0.4162,0.4026,0.3643
22,78,67,0.3717,0.2949,0.4009,0.3096
23,78,70,0.3231,0.3486,0.3625,0.3804
24,78,73,0.3766,0.4035,0.3824,0.4125
25,78,76,0.3648,0.3189,0.3835,0.3615
26,78,79,0.3419,0.4067,0.3742,0.3961
27,78,82,0.3605,0.419,0.4105,0.3876
28,78,85,0.3431,0.3736,0.3985,0.3794
29,78,88,0.3024,0.3591,0.3757,0.4012
30,78,91,0.3964,0.3089,0.3407,0.3696
31,78,94,0.4256,0.4012,0.3763,0.3782
32,78,97,0.2677,0.3761,0.4037,0.3577
33,78,100,0.3654,0.3511,0.3539,0.3333
34,78,103,0.4513,0.4629,0.417,0.3274
35,78,106,0.3737,0.3863,0.3877,0.3763
36,78,109,0.3721,0.2986,0.4175,0.4272
37,78,112,0.3699,0.3788,0.4146,0.373
38,78,115,0.3633,0.351,0.3069,0.3678
39,78,118,0.3885,0.3314,0.3486,0.3688
40,78,121,0.3473,0.4058,0.3532,0.3482
41,78,124,0.328,0.2966,0.4114,0.4102
42,78,127,0.3639,0.3666,0.341,0.4497
43,78,130,0.4045,0.2664,0.4138,0.3822
44,78,133,0.3631,0.3527,0.3514,0.3705
45,78,136,0.4136,0.4046,0.3119,0.3735
46,78,139,0.3257,0.3577,0.4146,0.3614
47,78,142,0.412,0.4006,0.3667,0.3706
48,78,145,0.328,0.3082,0.2677,0.3811
49,78,148,0.3682,0.3012,0.3971,0.3983
50,78,151,0.3636,0.3917,0.4183,0.4036
51,78,154,0.2677,0.4434,0.4038,0.3784
52,78,157,0.3689,0.3155,0.3424,0.3661
53,78,160,0.3409,0.3056,0.3986,0.3312
54,78,163,0.4235,0.335,0.3994,0.3458
55,78,166,0.336,0.347,0.3709,0.3157
56,78,169,0.3704,0.4098,0.3726,0.4205
57,78,172,0.4216,0.3659,0.3591,0.3703
58,78,175,0.3283,0.3281,0.3024,0.4233
59,78,178,0.3323,0.3488,0.3383,0.3011
60,78,181,0.3249,0.3992,0.3554,0.3594
61,78,184,0.3433,0.3758,0.3608,0.4154
62,78,187,0.3804,0.3855,0.4174,0.4066
63,78,190,0.4016,0.3628,0.3668,0.3755
64,78,193,0.3962,0.4483,0.3771,0.3856
65,78,196,0.3576,0.4124,0.4156,0.4552
66,78,199,0.2677,0.2999,0.3447,0.346
67,78,202,0.3767,0.3723,0.4547,0.3768
68,78,205,0.3051,0.392,0.3928,0.3957
69,78,208,0.3774,0.4426,0.4286,0.3712
70,78,211,0.3448,0.3526,0.376,0.2931
71,78,214,0.3632,0.4215,0.3187,0.3262
72,78,217,0.4025,0.3377,0.3348,0.3862
73,78,220,0.2968,0.3473,0.3529,0.2936
74,78,223,0.3255,0.3775,0.3015,0.3639
75,78,226,0.3845,0.3586,0.3227,0.4069
76,78,229,0.3079,0.3701,0.3163,0.3634
77,78,232,0.3706,0.401,0.3119,0.3354
78,78,235,0.3615,0.4078,0.3894,0.3216
79,78,238,0.342,0.3363,0.3991,0.3014
80,78,241,0.335,0.3663,0.3669,0.2677
81,78,244,0.2995,0.3619,0.2387,0.383
82,78,247,0.3382,0.4147,0.3169,0.3026
83,78,250,0.3097,0.368,0.3843,0.3367
84,78,253,0.2642,0.332,0.1603,0.3371
85,78,256,0.3107,0.2515,0.3504,0.274
86,78,259,0.2889,0.2484,0.2975,0.286
87,78,262,0.3471,0.3916,0.2995,0.3313
88,78,265,0.3626,0.3265,0.3361,0.4043
89,78,268,0.3086,0.3272,0.3376,0.3322
90,78,271,0.3862,0.2677,0.3891,0.3209
91,78,274,0.3388,0.3956,0.3685,0.3019
92,78,277,0.3507,0.3077,0.3124,0.2391
93,78,280,0.3386,0.2558,0.2987,0.2922
94,78,283,0.3772,0.3356,0.285,0.3001
95,78,286,0.387,0.3775,0.2591,0.2473
96,78,289,0.1075,0.3661,0.3528,0.3223
97,78,292,0.3048,0.1936,0.2241,0.3451
98,78,295,0.2417,0.2998,0.2878,0.187
99,78,298,0.3319,0.1069,0.2984,0.4107
,Dataset#,L,att_1,att_2,att_3,att_4
0,79,1,0.4883,0.4883,0.4883,0.4883
1,79,4,0.4883,0.4817,0.4883,0.4883
2,79,7,0.512,0.512,0.4892,0.4883
3,79,10,0.5038,0.4883,0.5112,0.4855
4,79,13,0.5279,0.5112,0.4883,0.5239
5,79,16,0.5594,0.5125,0.518,0.5289
6,79,19,0.5112,0.5239,0.4883,0.5179
7,79,22,0.5103,0.4883,0.4883,0.5285
8,79,25,0.5041,0.5222,0.5484,0.5112
9,79,28,0.5053,0.5417,0.5348,0.5289
10,79,31,0.5053,0.5289,0.512,0.5053
11,79,34,0.5053,0.5061,0.551,0.5179
12,79,37,0.5053,0.4946,0.4883,0.564
13,79,40,0.4942,0.5348,0.5179,0.5053
14,79,43,0.5053,0.5112,0.5417,0.5179
15,79,46,0.5578,0.4883,0.5586,0.5348
16,79,49,0.535,0.5053,0.5476,0.5239
17,79,52,0.5179,0.4883,0.4942,0.5289
18,79,55,0.5459,0.5289,0.5518,0.4883
19,79,58,0.4929,0.5586,0.5349,0.5348
20,79,61,0.5476,0.518,0.4883,0.5053
21,79,64,0.5103,0.4929,0.5053,0.5518
22,79,67,0.5422,0.5349,0.5053,0.5112
23,79,70,0.5099,0.5281,0.5645,0.512
24,79,73,0.5289,0.4616,0.5112,0.5222
25,79,76,0.4091,0.4883,0.5272,0.4756
26,79,79,0.5053,0.5222,0.5239,0.5112
27,79,82,0.5395,0.4756,0.5519,0.535
28,79,85,0.4883,0.5814,0.5509,0.5239
29,79,88,0.5226,0.509,0.5053,0.5417
30,79,91,0.4883,0.4942,0.5586,0.5173
31,79,94,0.5481,0.4626,0.5053,0.5289
32,79,97,0.5053,0.5112,0.5103,0.535
33,79,100,0.5053,0.5222,0.5417,0.5409
34,79,103,0.5053,0.5281,0.5417,0.4853
35,79,106,0.5112,0.5239,0.5341,0.4883
36,79,109,0.5819,0.4077,0.4942,0.4942
37,79,112,0.5341,0.5053,0.5166,0.4359
38,79,115,0.518,0.4883,0.4883,0.3907
39,79,118,0.5053,0.5422,0.5213,0.4246
40,79,121,0.4758,0.4974,0.5578,0.565
41,79,124,0.512,0.518,0.4942,0.5586
42,79,127,0.5519,0.4854,0.4929,0.518
43,79,130,0.5053,0.5289,0.5239,0.535
44,79,133,0.5519,0.5053,0.4144,0.419
45,79,136,0.5053,0.5417,0.5409,0.523
46,79,139,0.299,0.5755,0.5289,0.5747
47,79,142,0.5586,0.4883,0.4329,0.4983
48,79,145,0.5289,0.509,0.4203,0.3549
49,79,148,0.518,0.5504,0.5755,0.3479
50,79,151,0.4853,0.4942,0.4577,0.414
51,79,154,0.4666,0.4525,0.3904,0.5053
52,79,157,0.3228,0.5408,0.5179,0.4942
53,79,160,0.5349,0.3907,0.5289,0.512
54,79,163,0.5645,0.5509,0.5053,0.5348
55,79,166,0.3907,0.516,0.3907,0.5281
56,79,169,0.5043,0.5289,0.5239,0.5417
57,79,172,0.4942,0.3907,0.2683,0.518
58,79,175,0.54,0.4669,0.4505,0.5115
59,79,178,0.4441,0.4531,0.4204,0.5226
60,79,181,0.4329,0.5222,0.511,0.4845
61,79,184,0.3713,0.4077,0.4694,0.3526
62,79,187,0.364,0.5519,0.4755,0.4942
63,79,190,0.461,0.4309,0.479,0.3766
64,79,193,0.5476,0.3601,0.4092,0.3101
65,79,196,0.4836,0.3907,0.4616,0.4883
66,79,199,0.4883,0.4635,0.3963,0.3907
67,79,202,0.437,0.4144,0.5096,0.5408
68,79,205,0.439,0.5053,0.2121,0.4689
69,79,208,0.4822,0.5348,0.2744,0.4696
70,79,211,0.4748,0.5348,0.5179,0.4006
71,79,214,0.5222,0.5289,0.4204,0.5463
72,79,217,0.5179,0.4136,0.2804,0.4874
73,79,220,0.4122,0.3597,0.1955,0.3699
74,79,223,0.5349,0.2113,0.2185,0.3766
75,79,226,0.5348,0.414,0.4313,0.4161
76,79,229,0.5459,0.3453,0.2621,0.4243
77,79,232,0.3844,0.4077,0.3477,0.4883
78,79,235,0.5053,0.512,0.3168,0.4883
79,79,238,0.5053,0.3907,0.4525,0.437
80,79,241,0.4616,0.5408,0.4933,0.5417
81,79,244,0.3707,0.5112,0.371,0.3465
82,79,247,0.5519,0.5578,0.4466,0.351
83,79,250,0.2928,0.3907,0.4816,0.365
84,79,253,0.4077,0.4136,0.4203,0.5645
85,79,256,0.3326,0.3907,0.3097,0.4543
86,79,259,0.3401,0.426,0.3709,0.5053
87,79,262,0.3403,0.5476,0.3766,0.3837
88,79,265,0.5814,0.5417,0.4883,0.5586
89,79,268,0.5022,0.3097,0.5645,0.4313
90,79,271,0.5222,0.3184,0.3907,0.2928
91,79,274,0.2928,0.4942,0.5289,0.3097
92,79,277,0.4136,0.518,0.4311,0.3394
93,79,280,0.5053,0.2852,0.4441,0.3907
94,79,283,0.512,0.4764,0.4441,0.3168
95,79,286,0.4144,0.299,0.3998,0.3948
96,79,289,0.5053,0.4926,0.4246,0.2812
97,79,292,0.4117,0.4694,0.316,0.4381
98,79,295,0.4993,0.4427,0.4883,0.3237
99,79,298,0.3966,0.2514,0.377,0.4258
,Dataset#,L,att_1,att_2,att_3,att_4
0,80,1,0.7069,0.669,0.745,0.6528
1,80,4,0.9093,0.8919,0.8911,0.8323
2,80,7,0.9056,0.9527,0.9586,0.9141
3,80,10,0.9234,0.96,0.9652,0.9685
4,80,13,0.9684,0.9685,0.9687,0.9728
5,80,16,0.9699,0.9686,0.9743,0.9728
6,80,19,0.9756,0.9802,0.9757,0.9772
7,80,22,0.9786,0.9729,0.9757,0.9728
8,80,25,0.9743,0.9771,0.9802,0.9744
9,80,28,0.9772,0.9831,0.9787,0.9743
10,80,31,0.9729,0.971,0.9787,0.9788
11,80,34,0.9773,0.9798,0.9817,0.9831
12,80,37,0.9817,0.9847,0.9773,0.9772
13,80,40,0.9787,0.9832,0.9786,0.9785
14,80,43,0.9758,0.9773,0.9801,0.9758
15,80,46,0.9789,0.9819,0.9725,0.9788
16,80,49,0.9817,0.9788,0.9833,0.9801
17,80,52,0.9783,0.9832,0.9769,0.9818
18,80,55,0.9786,0.9847,0.9816,0.9817
19,80,58,0.9773,0.9862,0.9787,0.9802
20,80,61,0.9801,0.9832,0.9831,0.9768
21,80,64,0.9802,0.9847,0.9784,0.9818
22,80,67,0.9784,0.9831,0.9816,0.9862
23,80,70,0.9832,0.9786,0.9847,0.974
24,80,73,0.9817,0.9789,0.9753,0.9846
25,80,76,0.9802,0.9831,0.9862,0.9832
26,80,79,0.9862,0.6102,0.9832,0.9756
27,80,82,0.9803,0.9847,0.9771,0.9846
28,80,85,0.9847,0.9831,0.9831,0.9818
29,80,88,0.9862,0.9783,0.9816,0.9527
30,80,91,0.9798,0.9801,0.7352,0.9832
31,80,94,0.9801,0.9832,0.7832,0.9832
32,80,97,0.9466,0.9847,0.8962,0.8393
33,80,100,0.986,0.9832,0.9862,0.98
34,80,103,0.7862,0.9814,0.9846,0.9817
35,80,106,0.7878,0.5877,0.9768,0.783
36,80,109,0.7862,0.7907,0.9862,0.5829
37,80,112,0.9785,0.6393,0.9877,0.9847
38,80,115,0.8377,0.9798,0.7862,0.9846
39,80,118,0.983,0.7879,0.8361,0.7877
40,80,121,0.7799,0.7893,0.9832,0.9877
41,80,124,0.7653,0.9877,0.5939,0.7844
42,80,127,0.8407,0.9816,0.9847,0.9862
43,80,130,0.7877,0.9831,0.826,0.7877
44,80,133,0.9813,0.9832,0.7893,0.7877
45,80,136,0.7878,0.9816,0.7877,0.9877
46,80,139,0.9831,0.9862,0.7831,0.8344
47,80,142,0.9813,0.7892,0.7892,0.9831
48,80,145,0.7831,0.8347,0.7862,0.7798
49,80,148,0.8393,0.6392,0.9832,0.8476
50,80,151,0.8347,0.7815,0.2953,0.7878
51,80,154,0.9783,0.9831,0.7877,0.6455
52,80,157,0.6409,0.8392,0.9831,0.5907
53,80,160,0.8377,0.6344,0.4424,0.6859
54,80,163,0.4485,0.7909,0.8377,0.4358
55,80,166,0.7909,0.7939,0.9846,0.6329
56,80,169,0.5893,0.6438,0.1921,0.9815
57,80,172,0.7827,0.447,0.9847,0.5939
58,80,175,0.9847,0.444,0.8409,0.5912
59,80,178,0.9832,0.7361,0.8329,0.836
60,80,181,0.4853,0.497,0.4924,0.7907
61,80,184,0.6782,0.2873,0.9833,0.6191
62,80,187,0.9798,0.9862,0.9766,0.7939
63,80,190,0.7847,0.8312,0.7939,0.297
64,80,193,0.2921,0.9861,0.9862,0.7813
65,80,196,0.8376,0.6439,0.586,0.7861
66,80,199,0.7815,0.9767,0.6423,0.7705
67,80,202,0.7843,0.8424,0.6842,0.8328
68,80,205,0,0.6376,0.7714,0.4485
69,80,208,0.7879,0.4424,0.9813,0.6892
70,80,211,0.7861,0.9762,0.5939,0.4955
71,80,214,0.8329,0.4424,0.9844,0.5174
72,80,217,0.7892,0.9831,0.4454,0.5894
73,80,220,0.6395,0.6892,0.4423,0.7663
74,80,223,0.7861,0.6375,0.6409,0.6726
75,80,226,0.7892,0.7812,0.4939,0.4407
76,80,229,0.4954,0.4954,0.497,0.497
77,80,232,0.7846,0.4939,0.7838,0.7604
78,80,235,0.4439,0.8424,0.5877,0.7861
79,80,238,0.9799,0.5909,0.3908,0.5735
80,80,241,0.7879,0.8345,0.4954,0.983
81,80,244,0.983,0.1969,0.247,0.586
82,80,247,0.6394,0.4922,0.5924,0.8394
83,80,250,0.3906,0.9862,0.7829,0.4423
84,80,253,0.783,0.4923,0.8408,0.6083
85,80,256,0.444,0.6842,0.9593,0.4906
86,80,259,0.6348,0.6407,0.6377,0.7909
87,80,262,0.2333,0.6424,0.6892,0.6395
88,80,265,0.6939,0.6438,0.7247,0.783
89,80,268,0.8393,0.4423,0.4439,0.4424
90,80,271,0.547,0.7215,0.8362,0.9829
91,80,274,0.3908,0.7764,0.4469,0.6892
92,80,277,0.5835,0.6907,0.4439,0.4165
93,80,280,0.776,0.3907,0.636,0.8361
94,80,283,0.2969,0.5924,0.444,0.6374
95,80,286,0.8331,0.7832,0.9799,0.4955
96,80,289,0.6111,0.4439,0.3455,0.3858
97,80,292,0.7136,0.4455,0.3354,0.05
98,80,295,0.6908,0.7795,0.5909,0.4407
99,80,298,0.7893,0.5908,0.6218,0.2485
,Dataset#,L,att_1,att_2,att_3,att_4
0,81,1,0.8381,0.8959,0.8039,0.9498
1,81,4,0.9437,0.9564,0.9585,0.9543
2,81,7,0.9675,0.9664,0.9687,0.9653
3,81,10,0.9687,0.9642,0.9687,0.9687
4,81,13,0.9676,0.9687,0.9687,0.9664
5,81,16,0.9664,0.9687,0.9687,0.9676
6,81,19,0.9687,0.9687,0.9687,0.9687
7,81,22,0.9676,0.9687,0.9687,0.9571
8,81,25,0.9676,0.9663,0.9664,0.9687
9,81,28,0.9664,0.9687,0.9676,0.9653
10,81,31,0.9687,0.9687,0.9652,0.9664
11,81,34,0.9677,0.9578,0.9687,0.9665
12,81,37,0.9653,0.9641,0.9641,0.9641
13,81,40,0.9676,0.9676,0.9664,0.9687
14,81,43,0.965,0.9663,0.9664,0.9687
15,81,46,0.9664,0.9641,0.9652,0.9664
16,81,49,0.9629,0.965,0.9595,0.9638
17,81,52,0.9565,0.9451,0.9676,0.9652
18,81,55,0.963,0.9629,0.9573,0.9664
19,81,58,0.9616,0.963,0.964,0.9593
20,81,61,0.9653,0.963,0.9605,0.9593
21,81,64,0.9555,0.9616,0.964,0.9652
22,81,67,0.9605,0.9559,0.9628,0.9545
23,81,70,0.9579,0.9588,0.9599,0.9581
24,81,73,0.9629,0.962,0.9592,0.9639
25,81,76,0.9619,0.957,0.9545,0.9506
26,81,79,0.953,0.958,0.9571,0.9627
27,81,82,0.9616,0.9561,0.9606,0.9594
28,81,85,0.9664,0.9629,0.9544,0.952
29,81,88,0.9529,0.9602,0.9509,0.9362
30,81,91,0.9506,0.9496,0.9556,0.9543
31,81,94,0.9543,0.9498,0.9558,0.9522
32,81,97,0.9568,0.9396,0.9639,0.944
33,81,100,0.9617,0.9359,0.9496,0.9557
34,81,103,0.9393,0.9389,0.9485,0.9475
35,81,106,0.9482,0.9554,0.9616,0.9525
36,81,109,0.9556,0.9429,0.9257,0.9373
37,81,112,0.9475,0.958,0.9476,0.9422
38,81,115,0.9323,0.9483,0.9546,0.9465
39,81,118,0.9408,0.944,0.9485,0.9514
40,81,121,0.9475,0.9393,0.9286,0.9605
41,81,124,0.9531,0.9559,0.9555,0.9407
42,81,127,0.9364,0.9462,0.9544,0.9554
43,81,130,0.9516,0.9364,0.9425,0.9476
44,81,133,0.9477,0.9532,0.9507,0.9519
45,81,136,0.9487,0.935,0.9593,0.9347
46,81,139,0.9556,0.9483,0.9393,0.9418
47,81,142,0.9413,0.9555,0.9413,0.9235
48,81,145,0.946,0.9454,0.9342,0.944
49,81,148,0.9474,0.9464,0.9411,0.9367
50,81,151,0.7552,0.9175,0.9375,0.926
51,81,154,0.9432,0.9252,0.9357,0.9389
52,81,157,0.9384,0.9317,0.9297,0.9384
53,81,160,0.9302,0.9431,0.9382,0.9306
54,81,163,0.934,0.9261,0.9432,0.9462
55,81,166,0.9486,0.9356,0.914,0.9263
56,81,169,0.9446,0.9011,0.8528,0.9304
57,81,172,0.9226,0.9204,0.9519,0.9155
58,81,175,0.9285,0.9228,0.9339,0.924
59,81,178,0.9424,0.9294,0.9394,0.9241
60,81,181,0.926,0.7148,0.9473,0.9368
61,81,184,0.9177,0.9292,0.9336,0.9393
62,81,187,0.9315,0.93,0.9341,0.9346
63,81,190,0.9445,0.7379,0.8946,0.7447
64,81,193,0.9339,0.9268,0.9331,0.9386
65,81,196,0.9465,0.9386,0.9293,0.9258
66,81,199,0.9113,0.9449,0.9218,0.9264
67,81,202,0.9458,0.9183,0.9374,0.9359
68,81,205,0.9198,0.9342,0.9186,0.9081
69,81,208,0.9204,0.9323,0.9017,0.9334
70,81,211,0.916,0.7325,0.7518,0.9397
71,81,214,0.7553,0.8927,0.9285,0.9246
72,81,217,0.936,0.9295,0.7205,0.9314
73,81,220,0.7514,0.9213,0.9359,0.9257
74,81,223,0.5508,0.9153,0.9118,0.9254
75,81,226,0.9344,0.9194,0.9302,0.9461
76,81,229,0.7204,0.7129,0.9301,0.9176
77,81,232,0.9057,0.7289,0.9103,0.893
78,81,235,0.9074,0.5672,0.9189,0.7532
79,81,238,0.9447,0.9264,0.5384,0.7091
80,81,241,0.947,0.7456,0.7402,0.9119
81,81,244,0.5722,0.742,0.9109,0.8961
82,81,247,0.7376,0.9331,0.7271,0.7342
83,81,250,0.7564,0.9314,0.9227,0.9269
84,81,253,0.9111,0.9047,0.7273,0.7403
85,81,256,0.9241,0.5557,0.75,0.921
86,81,259,0.9004,0.8981,0.7537,0.8909
87,81,262,0.9344,0.5423,0.9125,0.5423
88,81,265,0.7266,0.887,0.5437,0.9086
89,81,268,0.5372,0.9018,0.9068,0.9373
90,81,271,0.6974,0.9058,0.7348,0.7291
91,81,274,0.8737,0.9251,0.9419,0.9201
92,81,277,0.8928,0.72,0.7394,0.7495
93,81,280,0.7315,0.9165,0.7381,0.9143
94,81,283,0.5495,0.7406,0.7103,0.5644
95,81,286,0.7272,0.726,0.5493,0.9499
96,81,289,0.7243,0.7386,0.5207,0.8983
97,81,292,0.7408,0.7342,0.7062,0.5308
98,81,295,0.9169,0.9216,0.6809,0.8924
99,81,298,0.716,0.516,0.559,0.9158
,Dataset#,L,att_1,att_2,att_3,att_4
0,83,1,0.9919,0.9663,0.9631,0.9676
1,83,4,0.986,0.9868,0.986,0.986
2,83,7,0.9902,0.986,0.986,0.9868
3,83,10,0.986,0.986,0.986,0.986
4,83,13,0.9868,0.986,0.986,0.986
5,83,16,0.986,0.986,0.986,0.986
6,83,19,0.9877,0.986,0.986,0.986
7,83,22,0.986,0.986,0.986,0.986
8,83,25,0.986,0.986,0.986,0.9868
9,83,28,0.986,0.986,0.986,0.986
10,83,31,0.986,0.986,0.9868,0.9868
11,83,34,0.9868,0.986,0.986,0.986
12,83,37,0.9852,0.986,0.986,0.9852
13,83,40,0.9868,0.986,0.9852,0.986
14,83,43,0.986,0.986,0.986,0.9868
15,83,46,0.9852,0.9852,0.986,0.9868
16,83,49,0.986,0.9868,0.986,0.986
17,83,52,0.986,0.986,0.9868,0.9852
18,83,55,0.9835,0.9852,0.9868,0.9859
19,83,58,0.986,0.9868,0.986,0.9868
20,83,61,0.9877,0.986,0.986,0.9844
21,83,64,0.9852,0.9885,0.986,0.9868
22,83,67,0.9843,0.986,0.986,0.9876
23,83,70,0.986,0.9868,0.986,0.986
24,83,73,0.986,0.986,0.986,0.9852
25,83,76,0.9844,0.986,0.9877,0.986
26,83,79,0.986,0.986,0.986,0.9868
27,83,82,0.9868,0.986,0.986,0.9852
28,83,85,0.9868,0.986,0.986,0.986
29,83,88,0.9868,0.986,0.9868,0.986
30,83,91,0.986,0.986,0.986,0.986
31,83,94,0.9869,0.986,0.986,0.986
32,83,97,0.9851,0.986,0.986,0.9869
33,83,100,0.986,0.9851,0.986,0.9852
34,83,103,0.9852,0.9852,0.9868,0.986
35,83,106,0.986,0.9868,0.9843,0.9868
36,83,109,0.986,0.9868,0.9852,0.986
37,83,112,0.9868,0.986,0.9852,0.9843
38,83,115,0.9868,0.986,0.986,0.9852
39,83,118,0.982,0.9852,0.8692,0.986
40,83,121,0.986,0.986,0.9843,0.9852
41,83,124,0.9876,0.9868,0.986,0.986
42,83,127,0.9868,0.9851,0.986,0.986
43,83,130,0.9869,0.9843,0.9868,0.986
44,83,133,0.986,0.9844,0.9852,0.986
45,83,136,0.986,0.9851,0.9844,0.9835
46,83,139,0.986,0.9852,0.9835,0.9851
47,83,142,0.9851,0.986,0.986,0.986
48,83,145,0.9843,0.9835,0.9852,0.9844
49,83,148,0.9843,0.986,0.9851,0.9852
50,83,151,0.9836,0.9852,0.9852,0.9868
51,83,154,0.9819,0.986,0.986,0.9851
52,83,157,0.9827,0.9843,0.9852,0.9843
53,83,160,0.986,0.9844,0.9802,0.9852
54,83,163,0.9827,0.9851,0.9852,0.9827
55,83,166,0.9851,0.9851,0.9851,0.986
56,83,169,0.9851,0.9844,0.986,0.9868
57,83,172,0.9844,0.9844,0.9819,0.9835
58,83,175,0.9852,0.9827,0.9843,0.9843
59,83,178,0.9868,0.9859,0.986,0.9836
60,83,181,0.981,0.9835,0.9835,0.786
61,83,184,0.8659,0.9851,0.9852,0.9852
62,83,187,0.9828,0.9844,0.9844,0.9836
63,83,190,0.9851,0.9818,0.9869,0.9803
64,83,193,0.9851,0.9851,0.7876,0.9851
65,83,196,0.9851,0.9803,0.986,0.9811
66,83,199,0.9844,0.9827,0.9851,0.986
67,83,202,0.9852,0.9836,0.9828,0.9843
68,83,205,0.9861,0.9802,0.9843,0.9828
69,83,208,0.9844,0.9852,0.9835,0.7834
70,83,211,0.9786,0.9827,0.9835,0.9803
71,83,214,0.986,0.9779,0.9844,0.9827
72,83,217,0.591,0.9827,0.9843,0.9844
73,83,220,0.786,0.9819,0.9826,0.7885
74,83,223,0.9802,0.8672,0.9827,0.9844
75,83,226,0.9834,0.9827,0.8667,0.9811
76,83,229,0.9818,0.9819,0.9819,0.9851
77,83,232,0.9852,0.9826,0.9811,0.9835
78,83,235,0.981,0.9843,0.9843,0.7868
79,83,238,0.9828,0.7893,0.7869,0.7851
80,83,241,0.9827,0.9795,0.9827,0.7868
81,83,244,0.5909,0.9835,0.7893,0.6698
82,83,247,0.786,0.9852,0.9785,0.7851
83,83,250,0.9834,0.9852,0.986,0.9852
84,83,253,0.7901,0.7885,0.9851,0.9819
85,83,256,0.7868,0.9843,0.7902,0.7893
86,83,259,0.9844,0.9844,0.5562,0.9817
87,83,262,0.9843,0.9828,0.9811,0.9688
88,83,265,0.9835,0.8676,0.5876,0.9835
89,83,268,0.981,0.9796,0.9836,0.9802
90,83,271,0.8684,0.7868,0.3935,0.7876
91,83,274,0.986,0.9769,0.9844,0.9819
92,83,277,0.5909,0.9851,0.9804,0.7843
93,83,280,0.7795,0.5909,0.8983,0.9843
94,83,283,0.9803,0.8676,0.8757,0.9825
95,83,286,0.6718,0.8678,0.9827,0.9835
96,83,289,0.9802,0.1967,0.7835,0.8697
97,83,292,0.7861,0.9803,0.7869,0.9844
98,83,295,0.7876,0.6591,0.9803,0.7876
99,83,298,0.6667,0.9835,0.7844,0.9556
,Dataset#,L,att_1,att_2,att_3,att_4
0,85,1,0.3124,0.3333,0.2717,0.2913
1,85,4,0.3851,0.3976,0.3812,0.394
2,85,7,0.4429,0.4338,0.4315,0.3974
3,85,10,0.4349,0.4621,0.4279,0.4474
4,85,13,0.451,0.4613,0.4256,0.4268
5,85,16,0.4554,0.4516,0.4643,0.423
6,85,19,0.4777,0.4681,0.4639,0.4695
7,85,22,0.4236,0.4664,0.464,0.4469
8,85,25,0.4503,0.4741,0.4457,0.4635
9,85,28,0.4479,0.4448,0.4712,0.4736
10,85,31,0.453,0.4515,0.445,0.4641
11,85,34,0.4503,0.4513,0.4572,0.4833
12,85,37,0.4681,0.4599,0.4709,0.4767
13,85,40,0.4631,0.4659,0.4619,0.4286
14,85,43,0.449,0.447,0.4805,0.4435
15,85,46,0.4616,0.4766,0.4596,0.4915
16,85,49,0.4456,0.4635,0.4639,0.4772
17,85,52,0.4966,0.4568,0.4681,0.4649
18,85,55,0.475,0.4758,0.4865,0.4449
19,85,58,0.4707,0.4779,0.4654,0.4834
20,85,61,0.4417,0.4486,0.4637,0.4532
21,85,64,0.4785,0.4558,0.4534,0.4795
22,85,67,0.4865,0.4483,0.4678,0.4686
23,85,70,0.4601,0.4433,0.4696,0.4375
24,85,73,0.4568,0.4761,0.462,0.4802
25,85,76,0.4783,0.4534,0.467,0.4987
26,85,79,0.4699,0.4612,0.4729,0.4544
27,85,82,0.4677,0.4833,0.4591,0.4464
28,85,85,0.483,0.4708,0.478,0.4802
29,85,88,0.4877,0.4616,0.488,0.4846
30,85,91,0.4601,0.4399,0.4769,0.4866
31,85,94,0.4599,0.4694,0.4431,0.4774
32,85,97,0.4744,0.49,0.4604,0.4673
33,85,100,0.4629,0.4768,0.4602,0.4375
34,85,103,0.4735,0.4812,0.4628,0.459
35,85,106,0.4968,0.4918,0.4588,0.4593
36,85,109,0.472,0.4738,0.4513,0.4653
37,85,112,0.4768,0.4756,0.4876,0.4859
38,85,115,0.4827,0.4774,0.4775,0.4636
39,85,118,0.4665,0.4795,0.4612,0.4639
40,85,121,0.4554,0.4724,0.479,0.3687
41,85,124,0.4258,0.4445,0.4848,0.4317
42,85,127,0.4649,0.4569,0.4711,0.3713
43,85,130,0.4494,0.4702,0.4754,0.4759
44,85,133,0.461,0.4628,0.4585,0.4521
45,85,136,0.4554,0.481,0.4849,0.4848
46,85,139,0.4736,0.507,0.4563,0.4445
47,85,142,0.4998,0.488,0.4745,0.4725
48,85,145,0.4658,0.3829,0.4599,0.4971
49,85,148,0.4937,0.4786,0.4919,0.4479
50,85,151,0.3788,0.4736,0.4619,0.4545
51,85,154,0.453,0.4752,0.4029,0.4778
52,85,157,0.3692,0.4543,0.4404,0.4723
53,85,160,0.3545,0.4787,0.4598,0.4669
54,85,163,0.4597,0.5034,0.4787,0.3919
55,85,166,0.4423,0.4562,0.4523,0.4595
56,85,169,0.464,0.4791,0.4781,0.4881
57,85,172,0.3609,0.2949,0.4477,0.4563
58,85,175,0.4864,0.4665,0.5054,0.4645
59,85,178,0.4981,0.4443,0.4682,0.4662
60,85,181,0.449,0.457,0.3824,0.4398
61,85,184,0.3643,0.469,0.4499,0.4732
62,85,187,0.4379,0.4469,0.4717,0.4359
63,85,190,0.369,0.4695,0.4645,0.3882
64,85,193,0.4586,0.3833,0.4688,0.3493
65,85,196,0.4655,0.4627,0.3729,0.2772
66,85,199,0.457,0.4933,0.4408,0.4385
67,85,202,0.4787,0.4084,0.4656,0.4545
68,85,205,0.3768,0.3757,0.3831,0.4691
69,85,208,0.4604,0.4844,0.4738,0.4701
70,85,211,0.4645,0.3691,0.4835,0.3508
71,85,214,0.4737,0.477,0.3121,0.3735
72,85,217,0.2532,0.3563,0.4623,0.2702
73,85,220,0.4724,0.3774,0.4459,0.3976
74,85,223,0.4237,0.3963,0.3474,0.2872
75,85,226,0.4668,0.4522,0.3605,0.4522
76,85,229,0.4875,0.4725,0.3549,0.3972
77,85,232,0.3977,0.3713,0.4647,0.37
78,85,235,0.4843,0.3827,0.4753,0.3855
79,85,238,0.3659,0.3756,0.2727,0.281
80,85,241,0.4008,0.4548,0.3893,0.4768
81,85,244,0.4593,0.3929,0.3964,0.4708
82,85,247,0.3834,0.5045,0.4594,0.4062
83,85,250,0.3804,0.2908,0.4713,0.471
84,85,253,0.286,0.368,0.3014,0.4486
85,85,256,0.279,0.465,0.3921,0.3747
86,85,259,0.477,0.4881,0.3899,0.3323
87,85,262,0.4558,0.4668,0.29,0.3537
88,85,265,0.2627,0.4804,0.2721,0.3738
89,85,268,0.3925,0.2936,0.3563,0.4735
90,85,271,0.4594,0.4892,0.4743,0.1624
91,85,274,0.4964,0.1937,0.3818,0.3359
92,85,277,0.3661,0.4556,0.2759,0.3667
93,85,280,0.2852,0.3758,0.378,0.3657
94,85,283,0.3367,0.2952,0.2988,0.3743
95,85,286,0.3556,0.1885,0.2579,0.3461
96,85,289,0.3605,0.4834,0.4623,0.3924
97,85,292,0.3702,0.3799,0.3619,0.2843
98,85,295,0.3823,0.3796,0.2883,0.3882
99,85,298,0.3172,0.2804,0.3553,0.4375
,Dataset#,L,att_1,att_2,att_3,att_4
0,86,1,0.2742,0.2594,0.2235,0.2263
1,86,4,0.2822,0.3457,0.2788,0.3538
2,86,7,0.3613,0.3628,0.3638,0.3178
3,86,10,0.3741,0.4028,0.4093,0.3937
4,86,13,0.3984,0.4297,0.3933,0.4043
5,86,16,0.427,0.4026,0.3962,0.404
6,86,19,0.4198,0.4351,0.4258,0.4332
7,86,22,0.4371,0.4318,0.425,0.4273
8,86,25,0.4256,0.4371,0.4431,0.41
9,86,28,0.4227,0.4198,0.4377,0.4525
10,86,31,0.4041,0.4409,0.4401,0.4408
11,86,34,0.4418,0.4385,0.3592,0.3698
12,86,37,0.4455,0.3768,0.4133,0.3333
13,86,40,0.3633,0.4506,0.4397,0.4398
14,86,43,0.3751,0.4058,0.4408,0.4335
15,86,46,0.4363,0.4154,0.4305,0.4437
16,86,49,0.376,0.3014,0.4079,0.4497
17,86,52,0.391,0.4132,0.3173,0.4395
18,86,55,0.3716,0.3159,0.3708,0.3241
19,86,58,0.4324,0.3398,0.4126,0.3237
20,86,61,0.4311,0.4295,0.434,0.3129
21,86,64,0.3626,0.4227,0.4317,0.4354
22,86,67,0.3591,0.4443,0.3821,0.3139
23,86,70,0.3766,0.3898,0.444,0.3575
24,86,73,0.4374,0.3881,0.4386,0.312
25,86,76,0.3015,0.4307,0.4403,0.3668
26,86,79,0.4365,0.4397,0.3727,0.2692
27,86,82,0.448,0.357,0.2671,0.3774
28,86,85,0.3563,0.3855,0.3842,0.3528
29,86,88,0.3085,0.3679,0.4333,0.3473
30,86,91,0.4207,0.3723,0.3776,0.3835
31,86,94,0.4442,0.408,0.3533,0.3706
32,86,97,0.3565,0.4248,0.3735,0.4366
33,86,100,0.3625,0.4413,0.3243,0.3769
34,86,103,0.3724,0.4443,0.3667,0.315
35,86,106,0.4161,0.4365,0.4318,0.3753
36,86,109,0.4455,0.3218,0.3208,0.3004
37,86,112,0.3111,0.3804,0.4351,0.3014
38,86,115,0.3866,0.3335,0.3008,0.2381
39,86,118,0.3691,0.4217,0.3909,0.3615
40,86,121,0.3749,0.4335,0.379,0.3839
41,86,124,0.3829,0.4071,0.3711,0.2729
42,86,127,0.2895,0.369,0.3627,0.3748
43,86,130,0.2551,0.3225,0.384,0.3387
44,86,133,0.2797,0.3738,0.3855,0.3703
45,86,136,0.3816,0.3063,0.3205,0.3616
46,86,139,0.3769,0.3052,0.4345,0.4168
47,86,142,0.3702,0.3298,0.4165,0.3688
48,86,145,0.43,0.3541,0.2371,0.2706
49,86,148,0.3791,0.4212,0.4324,0.3215
50,86,151,0.4467,0.2484,0.4201,0.4342
51,86,154,0.3729,0.3806,0.3716,0.2997
52,86,157,0.3676,0.3103,0.4435,0.3147
53,86,160,0.425,0.367,0.2896,0.4064
54,86,163,0.3508,0.429,0.2269,0.3724
55,86,166,0.3206,0.2974,0.4108,0.3191
56,86,169,0.368,0.4021,0.3547,0.3647
57,86,172,0.4257,0.3637,0.3567,0.3331
58,86,175,0.3741,0.4212,0.2847,0.2787
59,86,178,0.4147,0.4392,0.3752,0.371
60,86,181,0.2994,0.3124,0.2585,0.3693
61,86,184,0.2548,0.3203,0.3069,0.3512
62,86,187,0.2027,0.4243,0.375,0.3435
63,86,190,0.3006,0.3607,0.3569,0.3677
64,86,193,0.4084,0.2642,0.3483,0.2368
65,86,196,0.1828,0.3061,0.279,0.3469
66,86,199,0.3301,0.3379,0.3719,0.4231
67,86,202,0.3125,0.3147,0.3659,0.3056
68,86,205,0.2759,0.3646,0.3485,0.3819
69,86,208,0.3203,0.3582,0.3427,0.3871
70,86,211,0.2269,0.4237,0.4196,0.4002
71,86,214,0.3131,0.4185,0.2784,0.3484
72,86,217,0.3651,0.1472,0.3267,0.2857
73,86,220,0.3841,0.3134,0.2547,0.2074
74,86,223,0.2037,0.3235,0.436,0.3103
75,86,226,0.2962,0.2502,0.2516,0.2896
76,86,229,0.295,0.3585,0.3529,0.3476
77,86,232,0.2433,0.3578,0.2841,0.3739
78,86,235,0.299,0.2297,0.2347,0.3938
79,86,238,0.3583,0.3156,0.2374,0.3447
80,86,241,0.3207,0.4142,0.3837,0.3253
81,86,244,0.2,0.3202,0.3442,0.3413
82,86,247,0.3589,0.3312,0.2032,0.2012
83,86,250,0.295,0.4232,0.2448,0.3328
84,86,253,0.2191,0.1688,0.3084,0.3486
85,86,256,0.07778,0.3636,0.2595,0.3977
86,86,259,0.3635,0.1738,0.3655,0.422
87,86,262,0.2425,0.3608,0.3488,0.2122
88,86,265,0.3477,0.2541,0.307,0.3993
89,86,268,0.4181,0.243,0.4158,0.3551
90,86,271,0.3779,0.4266,0.3346,0.4119
91,86,274,0.3726,0.252,0.3583,0.2181
92,86,277,0.4268,0.3821,0.3314,0.2836
93,86,280,0.2727,0.2183,0.2495,0.2617
94,86,283,0.1953,0.4272,0.2479,0.2096
95,86,286,0.3881,0.3745,0.3286,0.2723
96,86,289,0.2557,0.2704,0.1296,0.3422
97,86,292,0.1979,0.1977,0.2421,0.2017
98,86,295,0.3783,0.4116,0.2209,0.2824
99,86,298,0.3684,0.1829,0.3207,0.24
,Dataset#,L,att_1,att_2,att_3,att_4
0,87,1,0.2603,0.2637,0.2472,0.333
1,87,4,0.454,0.5348,0.4933,0.4872
2,87,7,0.5652,0.553,0.5446,0.5741
3,87,10,0.5655,0.537,0.5449,0.5721
4,87,13,0.5577,0.5403,0.5729,0.559
5,87,16,0.5557,0.5328,0.5528,0.5551
6,87,19,0.5662,0.5344,0.551,0.5596
7,87,22,0.5604,0.5566,0.5582,0.561
8,87,25,0.5811,0.5418,0.5708,0.5481
9,87,28,0.5793,0.5645,0.519,0.5289
10,87,31,0.5502,0.5611,0.5328,0.5602
11,87,34,0.5454,0.5702,0.5778,0.5615
12,87,37,0.5479,0.5526,0.5757,0.5528
13,87,40,0.5564,0.5795,0.5682,0.5442
14,87,43,0.5636,0.5794,0.5766,0.5502
15,87,46,0.5658,0.5662,0.5733,0.5825
16,87,49,0.5773,0.5546,0.5487,0.6016
17,87,52,0.5756,0.5703,0.5369,0.5586
18,87,55,0.572,0.5725,0.5786,0.5776
19,87,58,0.5695,0.5545,0.5598,0.5711
20,87,61,0.5517,0.495,0.5893,0.5606
21,87,64,0.5523,0.5989,0.5713,0.5588
22,87,67,0.5823,0.6008,0.5723,0.5473
23,87,70,0.5871,0.5985,0.5362,0.5564
24,87,73,0.5514,0.5666,0.5545,0.5724
25,87,76,0.5636,0.5625,0.5946,0.5588
26,87,79,0.5772,0.5674,0.5466,0.5874
27,87,82,0.5529,0.5562,0.56,0.4642
28,87,85,0.5443,0.4721,0.5603,0.5544
29,87,88,0.5717,0.5649,0.5367,0.5526
30,87,91,0.5749,0.5914,0.5441,0.5357
31,87,94,0.581,0.5701,0.5349,0.5497
32,87,97,0.6155,0.4182,0.5663,0.5512
33,87,100,0.5736,0.3752,0.5422,0.5529
34,87,103,0.4848,0.5012,0.394,0.5374
35,87,106,0.3891,0.4638,0.4944,0.5471
36,87,109,0.563,0.5026,0.5618,0.5587
37,87,112,0.5835,0.4038,0.5693,0.385
38,87,115,0.4649,0.4641,0.4775,0.4835
39,87,118,0.566,0.4997,0.5839,0.5983
40,87,121,0.556,0.4737,0.5576,0.4953
41,87,124,0.5352,0.541,0.5393,0.4585
42,87,127,0.5327,0.4874,0.4923,0.4165
43,87,130,0.5739,0.4788,0.4721,0.4666
44,87,133,0.5734,0.4352,0.388,0.3956
45,87,136,0.5554,0.545,0.4973,0.5675
46,87,139,0.548,0.2356,0.4186,0.4025
47,87,142,0.4903,0.5683,0.5908,0.5611
48,87,145,0.4841,0.5531,0.5565,0.4609
49,87,148,0.5434,0.4709,0.4679,0.4854
50,87,151,0.4177,0.5285,0.5068,0.5624
51,87,154,0.5293,0.4207,0.4943,0.5576
52,87,157,0.4879,0.2331,0.5101,0.3718
53,87,160,0.4908,0.4774,0.4667,0.4725
54,87,163,0.5014,0.5526,0.5371,0.5396
55,87,166,0.3281,0.5693,0.3271,0.4788
56,87,169,0.4106,0.4671,0.4101,0.5741
57,87,172,0.3485,0.499,0.4038,0.3845
58,87,175,0.4004,0.5392,0.5339,0.4331
59,87,178,0.4121,0.4459,0.374,0.4603
60,87,181,0.4528,0.4537,0.5503,0.5903
61,87,184,0.3127,0.4228,0.5324,0.4864
62,87,187,0.2339,0.5935,0.5778,0.3569
63,87,190,0.4621,0.2381,0.4128,0.4136
64,87,193,0.5717,0.3751,0.4815,0.5094
65,87,196,0.2603,0.5485,0.3906,0.3679
66,87,199,0.431,0.4494,0.3825,0.4974
67,87,202,0.4706,0.5663,0.4701,0.3789
68,87,205,0.5672,0.4456,0.567,0.4627
69,87,208,0.4336,0.4041,0.5526,0.3385
70,87,211,0.4132,0.5544,0.3527,0.5669
71,87,214,0.5487,0.3212,0.4142,0.4088
72,87,217,0.4673,0.4065,0.5689,0.3543
73,87,220,0.5354,0.4548,0.6058,0.4714
74,87,223,0.5441,0.4218,0.4756,0.4531
75,87,226,0.3528,0.5403,0.3134,0.5226
76,87,229,0.5569,0.5544,0.4743,0.5324
77,87,232,0.4161,0.533,0.5514,0.2912
78,87,235,0.3712,0.398,0.4255,0.3767
79,87,238,0.4022,0.5265,0.5021,0.5398
80,87,241,0.4206,0.4208,0.2673,0.3527
81,87,244,0.533,0.4761,0.2794,0.5054
82,87,247,0.3397,0.5331,0.5467,0.4885
83,87,250,0.5093,0.255,0.5163,0.3008
84,87,253,0.4242,0.4519,0.448,0.3738
85,87,256,0.3641,0.4787,0.416,0.5072
86,87,259,0.5394,0.3954,0.3674,0.4286
87,87,262,0.4679,0.3472,0.4772,0.4221
88,87,265,0.4784,0.2385,0.3187,0.4412
89,87,268,0.3091,0.358,0.3397,0.3808
90,87,271,0.3732,0.4591,0.4904,0.2567
91,87,274,0.4715,0.4028,0.4336,0.5184
92,87,277,0.347,0.4039,0.3795,0.5229
93,87,280,0.3167,0.4761,0.3124,0.4736
94,87,283,0.1723,0.4576,0.2005,0.2882
95,87,286,0.2137,0.2596,0.3384,0.3968
96,87,289,0.4022,0.3014,0.4424,0.2664
97,87,292,0.4245,0.5296,0.3996,0.2151
98,87,295,0.3002,0.4322,0.2961,0.3081
99,87,298,0.3813,0.3393,0.4297,0.3328
,Dataset#,L,att_1,att_2,att_3,att_4
0,88,1,0.5888,0.4344,0.5407,0.4592
1,88,4,0.5038,0.6226,0.6739,0.6551
2,88,7,0.545,0.6884,0.7078,0.705
3,88,10,0.732,0.6469,0.6411,0.644
4,88,13,0.76,0.6194,0.5769,0.7594
5,88,16,0.5788,0.7541,0.7533,0.6511
6,88,19,0.7626,0.4846,0.7433,0.7736
7,88,22,0.7636,0.8757,0.6824,0.677
8,88,25,0.8725,0.6624,0.7801,0.7861
9,88,28,0.6867,0.5809,0.7765,0.796
10,88,31,0.7733,0.6776,0.6815,0.7672
11,88,34,0.7008,0.5963,0.7622,0.7077
12,88,37,0.5873,0.7689,0.4921,0.7617
13,88,40,0.5668,0.6763,0.5944,0.5999
14,88,43,0.603,0.8828,0.6886,0.6812
15,88,46,0.7034,0.8549,0.8043,0.5793
16,88,49,0.81,0.7834,0.7731,0.7776
17,88,52,0.6866,0.7014,0.7136,0.7996
18,88,55,0.6658,0.9251,0.5798,0.6024
19,88,58,0.6975,0.7132,0.7495,0.5836
20,88,61,0.6931,0.604,0.8075,0.9005
21,88,64,0.903,0.6383,0.8095,0.7117
22,88,67,0.7651,0.6902,0.7042,0.9076
23,88,70,0.7066,0.8004,0.8839,0.6858
24,88,73,0.9325,0.8316,0.9165,0.8093
25,88,76,0.8346,0.7074,0.9141,0.8226
26,88,79,0.7138,0.6013,0.7212,0.6795
27,88,82,0.8053,0.5569,0.7228,0.7287
28,88,85,0.8302,0.838,0.9437,0.5505
29,88,88,0.7728,0.6889,0.9136,0.6651
30,88,91,0.7164,0.8295,0.7771,0.5523
31,88,94,0.8331,0.724,0.8246,0.5781
32,88,97,0.7116,0.7029,0.7776,0.6087
33,88,100,0.4936,0.9247,0.5928,0.8039
34,88,103,0.8312,0.8323,0.6311,0.7221
35,88,106,0.6094,0.691,0.826,0.831
36,88,109,0.6185,0.6875,0.8339,0.6005
37,88,112,0.8076,0.5994,0.8117,0.4936
38,88,115,0.9441,0.6094,0.617,0.809
39,88,118,0.8757,0.5458,0.617,0.4786
40,88,121,0.7596,0.7127,0.6738,0.8087
41,88,124,0.7546,0.6468,0.6123,0.8704
42,88,127,0.6724,0.6165,0.7922,0.7033
43,88,130,0.7286,0.8701,0.8924,0.7179
44,88,133,0.7236,0.9465,0.6424,0.7159
45,88,136,0.6679,0.7376,0.5053,0.7197
46,88,139,0.6669,0.7417,0.6615,0.597
47,88,142,0.7496,0.8497,0.8064,0.677
48,88,145,0.8029,0.6796,0.7504,0.8061
49,88,148,0.8625,0.6822,0.6769,0.7189
50,88,151,0.8092,0.6176,0.7325,0.6037
51,88,154,0.8279,0.6667,0.8358,0.6179
52,88,157,0.7311,0.5758,0.6135,0.7806
53,88,160,0.7084,0.6096,0.6554,0.5008
54,88,163,0.6993,0.5554,0.4912,0.8348
55,88,166,0.6097,0.6957,0.8195,0.5968
56,88,169,0.8992,0.6091,0.521,0.6106
57,88,172,0.721,0.623,0.7272,0.3867
58,88,175,0.6109,0.6065,0.7239,0.6029
59,88,178,0.7236,0.6716,0.7049,0.8153
60,88,181,0.5932,0.5187,0.7251,0.4772
61,88,184,0.6766,0.7542,0.4522,0.6684
62,88,187,0.6693,0.6191,0.7512,0.4746
63,88,190,0.6489,0.5008,0.754,0.6448
64,88,193,0.7341,0.7991,0.7621,0.7723
65,88,196,0.6041,0.6635,0.7876,0.8385
66,88,199,0.6937,0.9069,0.3675,0.7172
67,88,202,0.7663,0.6214,0.7009,0.6398
68,88,205,0.6662,0.7488,0.591,0.6136
69,88,208,0.8062,0.4923,0.7336,0.6155
70,88,211,0.7967,0.5048,0.7327,0.5933
71,88,214,0.5238,0.7273,0.7993,0.5422
72,88,217,0.5912,0.5716,0.5465,0.7189
73,88,220,0.5541,0.6447,0.8342,0.4839
74,88,223,0.6091,0.2871,0.5274,0.4727
75,88,226,0.5483,0.6948,0.5447,0.7133
76,88,229,0.4886,0.7913,0.2981,0.7384
77,88,232,0.5757,0.5991,0.6219,0.6718
78,88,235,0.7218,0.818,0.4552,0.7363
79,88,238,0.7649,0.4861,0.5596,0.6735
80,88,241,0.7985,0.727,0.8249,0.5362
81,88,244,0.5493,0.5355,0.6934,0.6024
82,88,247,0.7968,0.4244,0.7788,0.421
83,88,250,0.7166,0.9406,0.8168,0.8348
84,88,253,0.5027,0.9031,0.4367,0.4962
85,88,256,0.6959,0.33,0.6083,0.729
86,88,259,0.7136,0.1548,0.4185,0.6481
87,88,262,0.5851,0.5,0.643,0.8974
88,88,265,0.6532,0.602,0.7437,0.7282
89,88,268,0.5955,0.6527,0.5029,0.7475
90,88,271,0.5159,0.539,0.6218,0.5578
91,88,274,0.3841,0.6694,0.6591,0.4569
92,88,277,0.5548,0.7754,0.6214,0.7429
93,88,280,0.503,0.9654,0.5554,0.6186
94,88,283,0.4501,0.7294,0.6743,0.8348
95,88,286,0.6772,0.6199,0.3094,0.5996
96,88,289,0.3094,0.3094,0.6505,0.4617
97,88,292,0.6087,0.6172,0.7167,0.5029
98,88,295,0.5863,0.7186,0.3576,0.5432
99,88,298,0.5433,0.2711,0.555,0.6059
,Dataset#,L,att_1,att_2,att_3,att_4
0,89,1,0.437,0.4382,0.431,0.4757
1,89,4,0.474,0.5008,0.4755,0.5284
2,89,7,0.537,0.5263,0.5288,0.492
3,89,10,0.5726,0.5146,0.5572,0.5584
4,89,13,0.5803,0.516,0.5669,0.5767
5,89,16,0.588,0.5906,0.5854,0.5783
6,89,19,0.5785,0.5453,0.5786,0.5722
7,89,22,0.5893,0.5934,0.5901,0.597
8,89,25,0.6044,0.5889,0.5843,0.5969
9,89,28,0.6029,0.597,0.5884,0.5929
10,89,31,0.5974,0.5837,0.5863,0.59
11,89,34,0.5955,0.5892,0.5754,0.5946
12,89,37,0.5527,0.5906,0.5858,0.6022
13,89,40,0.5916,0.5911,0.5865,0.5956
14,89,43,0.5982,0.6014,0.5893,0.5783
15,89,46,0.5803,0.5965,0.5989,0.5882
16,89,49,0.56,0.6042,0.6069,0.5951
17,89,52,0.5992,0.6106,0.6051,0.6015
18,89,55,0.594,0.6037,0.6024,0.6021
19,89,58,0.5977,0.5982,0.5896,0.6049
20,89,61,0.6033,0.572,0.5988,0.5885
21,89,64,0.5949,0.6026,0.5962,0.596
22,89,67,0.5587,0.6092,0.5868,0.5782
23,89,70,0.5983,0.605,0.6101,0.5757
24,89,73,0.606,0.5566,0.6046,0.6033
25,89,76,0.5901,0.5871,0.6033,0.5813
26,89,79,0.6056,0.6155,0.5962,0.5385
27,89,82,0.5944,0.5115,0.5868,0.594
28,89,85,0.5878,0.607,0.5642,0.602
29,89,88,0.5799,0.5615,0.6137,0.5869
30,89,91,0.6114,0.5972,0.6005,0.5865
31,89,94,0.6022,0.5291,0.5632,0.5435
32,89,97,0.5739,0.5917,0.5953,0.5255
33,89,100,0.5784,0.6093,0.5952,0.593
34,89,103,0.5428,0.6021,0.6053,0.5539
35,89,106,0.5818,0.5593,0.5929,0.6105
36,89,109,0.5498,0.5958,0.543,0.5895
37,89,112,0.5529,0.5505,0.5915,0.5464
38,89,115,0.5746,0.5916,0.5519,0.5625
39,89,118,0.5597,0.6029,0.4792,0.5453
40,89,121,0.5943,0.5318,0.6008,0.5922
41,89,124,0.6013,0.5992,0.5632,0.5609
42,89,127,0.5903,0.6024,0.5874,0.5627
43,89,130,0.5956,0.5922,0.582,0.4782
44,89,133,0.5606,0.5867,0.5892,0.6031
45,89,136,0.5889,0.5281,0.5984,0.6136
46,89,139,0.5862,0.5822,0.5822,0.4968
47,89,142,0.5182,0.5371,0.5637,0.6095
48,89,145,0.6042,0.5471,0.5602,0.5435
49,89,148,0.54,0.541,0.5504,0.5898
50,89,151,0.5572,0.5762,0.537,0.5666
51,89,154,0.585,0.5113,0.5548,0.582
52,89,157,0.5112,0.5443,0.5816,0.5834
53,89,160,0.553,0.5425,0.5472,0.5222
54,89,163,0.5586,0.5694,0.5578,0.5129
55,89,166,0.6031,0.5797,0.5959,0.5503
56,89,169,0.544,0.5444,0.5738,0.5716
57,89,172,0.5875,0.5615,0.5449,0.5424
58,89,175,0.5827,0.5416,0.4719,0.5424
59,89,178,0.5701,0.5572,0.5863,0.5381
60,89,181,0.5166,0.5964,0.5836,0.5944
61,89,184,0.5767,0.6062,0.5699,0.5416
62,89,187,0.5946,0.6029,0.5334,0.5954
63,89,190,0.5111,0.547,0.557,0.5778
64,89,193,0.6064,0.5327,0.5694,0.5271
65,89,196,0.5202,0.5464,0.5152,0.5411
66,89,199,0.544,0.5883,0.5443,0.4911
67,89,202,0.5522,0.5482,0.5219,0.5056
68,89,205,0.5557,0.5058,0.5624,0.5979
69,89,208,0.5641,0.5471,0.5451,0.504
70,89,211,0.5148,0.5355,0.6035,0.578
71,89,214,0.5577,0.5339,0.5062,0.471
72,89,217,0.5576,0.5553,0.5624,0.5088
73,89,220,0.5004,0.5585,0.5524,0.5781
74,89,223,0.551,0.5782,0.4695,0.5765
75,89,226,0.5407,0.5919,0.5767,0.4353
76,89,229,0.5441,0.4777,0.5029,0.562
77,89,232,0.5251,0.5289,0.5541,0.5856
78,89,235,0.422,0.4809,0.5643,0.5105
79,89,238,0.5496,0.4414,0.4608,0.5513
80,89,241,0.5607,0.4025,0.5802,0.5499
81,89,244,0.5873,0.5163,0.5851,0.4809
82,89,247,0.5503,0.4699,0.5326,0.533
83,89,250,0.4929,0.5559,0.5899,0.5376
84,89,253,0.3491,0.5714,0.5501,0.4798
85,89,256,0.4596,0.5472,0.5266,0.4603
86,89,259,0.4814,0.256,0.3821,0.557
87,89,262,0.4215,0.5974,0.5833,0.5337
88,89,265,0.4012,0.5574,0.3518,0.4824
89,89,268,0.5404,0.3999,0.482,0.4717
90,89,271,0.4717,0.3526,0.5204,0.5128
91,89,274,0.4362,0.528,0.5441,0.4338
92,89,277,0.3596,0.5378,0.4632,0.3994
93,89,280,0.3882,0.474,0.4992,0.4482
94,89,283,0.4466,0.5274,0.601,0.5145
95,89,286,0.3995,0.5599,0.4782,0.5309
96,89,289,0.5469,0.561,0.349,0.4688
97,89,292,0.5737,0.3096,0.4699,0.5347
98,89,295,0.5156,0.4455,0.4223,0.5003
99,89,298,0.5404,0.5657,0.3096,0.571
,Dataset#,L,att_1,att_2,att_3,att_4
0,90,1,0.3956,0.3371,0.3887,0.3548
1,90,4,0.4802,0.431,0.4687,0.389
2,90,7,0.4755,0.4831,0.4634,0.4855
3,90,10,0.4851,0.4825,0.4787,0.4803
4,90,13,0.4841,0.4774,0.4891,0.4824
5,90,16,0.4226,0.4797,0.4823,0.4793
6,90,19,0.476,0.4789,0.4768,0.4883
7,90,22,0.48,0.4795,0.4819,0.4695
8,90,25,0.479,0.4892,0.4808,0.4848
9,90,28,0.4777,0.4397,0.4788,0.4845
10,90,31,0.4849,0.4853,0.4235,0.4853
11,90,34,0.4762,0.4806,0.4818,0.4819
12,90,37,0.4793,0.367,0.4665,0.3642
13,90,40,0.4909,0.4826,0.4214,0.4271
14,90,43,0.4774,0.4643,0.4682,0.4723
15,90,46,0.4857,0.485,0.4817,0.431
16,90,49,0.4793,0.4746,0.429,0.4814
17,90,52,0.4736,0.4222,0.4805,0.4806
18,90,55,0.4872,0.4691,0.4269,0.4817
19,90,58,0.4911,0.4686,0.4218,0.4814
20,90,61,0.4731,0.47,0.4787,0.4789
21,90,64,0.4784,0.4166,0.4352,0.4161
22,90,67,0.417,0.4684,0.4767,0.4688
23,90,70,0.3673,0.4825,0.4761,0.3686
24,90,73,0.4776,0.4181,0.4841,0.4773
25,90,76,0.4665,0.4731,0.4684,0.4729
26,90,79,0.4819,0.4089,0.4861,0.4759
27,90,82,0.4759,0.4691,0.4876,0.4828
28,90,85,0.4243,0.4765,0.4896,0.4686
29,90,88,0.4212,0.4918,0.3799,0.4223
30,90,91,0.4152,0.4218,0.4219,0.4837
31,90,94,0.4859,0.4713,0.48,0.4347
32,90,97,0.4702,0.4776,0.4267,0.4767
33,90,100,0.4793,0.4802,0.4654,0.4663
34,90,103,0.4805,0.4704,0.4635,0.4715
35,90,106,0.4852,0.4673,0.37,0.4725
36,90,109,0.4696,0.3589,0.383,0.4772
37,90,112,0.4132,0.4676,0.4306,0.4798
38,90,115,0.3631,0.4564,0.4155,0.4764
39,90,118,0.4658,0.4201,0.4174,0.42
40,90,121,0.4748,0.4723,0.4676,0.4757
41,90,124,0.466,0.4704,0.3629,0.4269
42,90,127,0.4628,0.3546,0.4147,0.4727
43,90,130,0.4805,0.4714,0.4228,0.4059
44,90,133,0.4775,0.423,0.4351,0.4141
45,90,136,0.4689,0.4346,0.4826,0.478
46,90,139,0.4814,0.4685,0.45,0.4808
47,90,142,0.4589,0.4635,0.4729,0.4186
48,90,145,0.3502,0.4033,0.4642,0.4477
49,90,148,0.486,0.3599,0.3799,0.3718
50,90,151,0.3625,0.4758,0.4688,0.4073
51,90,154,0.4709,0.4223,0.4855,0.4662
52,90,157,0.4823,0.4229,0.4641,0.4189
53,90,160,0.4617,0.479,0.4636,0.4151
54,90,163,0.4093,0.4215,0.4632,0.3941
55,90,166,0.396,0.428,0.4447,0.362
56,90,169,0.47,0.4662,0.4618,0.4024
57,90,172,0.3392,0.4537,0.4671,0.4604
58,90,175,0.4705,0.4411,0.4645,0.4886
59,90,178,0.4574,0.4775,0.4226,0.4176
60,90,181,0.4381,0.4758,0.4658,0.4441
61,90,184,0.4,0.4791,0.4718,0.3613
62,90,187,0.4124,0.4733,0.3482,0.4621
63,90,190,0.3564,0.4625,0.4131,0.4755
64,90,193,0.4618,0.4864,0.4142,0.4766
65,90,196,0.4024,0.4519,0.4121,0.4189
66,90,199,0.4018,0.3619,0.4417,0.2676
67,90,202,0.4865,0.4794,0.4188,0.3607
68,90,205,0.3969,0.3164,0.4488,0.4551
69,90,208,0.4746,0.4623,0.4607,0.4615
70,90,211,0.403,0.4084,0.4684,0.4739
71,90,214,0.4619,0.4763,0.4155,0.3793
72,90,217,0.3964,0.4461,0.3359,0.4531
73,90,220,0.4082,0.4233,0.4121,0.4896
74,90,223,0.3931,0.2771,0.3672,0.4127
75,90,226,0.4043,0.4536,0.4694,0.4433
76,90,229,0.4663,0.2947,0.4381,0.4498
77,90,232,0.4107,0.4649,0.4768,0.4715
78,90,235,0.3508,0.333,0.4655,0.4505
79,90,238,0.4707,0.4127,0.3646,0.4115
80,90,241,0.4531,0.4592,0.3233,0.4605
81,90,244,0.3167,0.2748,0.4556,0.4779
82,90,247,0.366,0.4545,0.2813,0.3842
83,90,250,0.3752,0.373,0.3707,0.4675
84,90,253,0.323,0.4183,0.3567,0.3145
85,90,256,0.3703,0.4451,0.4133,0.2867
86,90,259,0.3764,0.4156,0.462,0.4149
87,90,262,0.3324,0.3197,0.3624,0.3271
88,90,265,0.2544,0.4003,0.2906,0.4346
89,90,268,0.2844,0.2759,0.3781,0.4115
90,90,271,0.3145,0.3467,0.4167,0.2656
91,90,274,0.3715,0.4247,0.3786,0.4394
92,90,277,0.2652,0.2742,0.3395,0.3611
93,90,280,0.2839,0.2158,0.452,0.325
94,90,283,0.3874,0.3474,0.2297,0.4126
95,90,286,0.4339,0.309,0.289,0.2719
96,90,289,0.3042,0.2593,0.3469,0.4238
97,90,292,0.1754,0.3176,0.4495,0.4481
98,90,295,0.4559,0.3999,0.307,0.3672
99,90,298,0.3728,0.4128,0.2323,0.3846
,Dataset#,L,att_1,att_2,att_3,att_4
0,91,1,0.5653,0.5653,0.5653,0.5699
1,91,4,0.5903,0.5653,0.5673,0.5653
2,91,7,0.6103,0.6901,0.6211,0.6133
3,91,10,0.6529,0.6703,0.6887,0.7073
4,91,13,0.6558,0.7029,0.6634,0.7283
5,91,16,0.6664,0.719,0.7278,0.7159
6,91,19,0.7478,0.7703,0.7127,0.7355
7,91,22,0.7728,0.7655,0.7665,0.7291
8,91,25,0.7622,0.7327,0.7565,0.7629
9,91,28,0.7479,0.7688,0.6791,0.7268
10,91,31,0.7588,0.7781,0.7712,0.7738
11,91,34,0.772,0.7432,0.7326,0.7806
12,91,37,0.7413,0.7797,0.7871,0.7407
13,91,40,0.7771,0.7713,0.739,0.7363
14,91,43,0.7706,0.736,0.7387,0.7769
15,91,46,0.7357,0.7375,0.7235,0.6997
16,91,49,0.7827,0.7332,0.7799,0.6988
17,91,52,0.7687,0.773,0.6993,0.7765
18,91,55,0.7453,0.7806,0.6591,0.7435
19,91,58,0.731,0.776,0.7766,0.6962
20,91,61,0.6979,0.6537,0.7456,0.735
21,91,64,0.7736,0.7014,0.6943,0.7475
22,91,67,0.687,0.6621,0.7087,0.7881
23,91,70,0.7937,0.6892,0.741,0.7027
24,91,73,0.7024,0.784,0.725,0.6544
25,91,76,0.7422,0.6964,0.7745,0.6903
26,91,79,0.7541,0.6978,0.7863,0.772
27,91,82,0.7981,0.7439,0.6968,0.7793
28,91,85,0.7368,0.7919,0.7369,0.7871
29,91,88,0.6547,0.779,0.6996,0.7445
30,91,91,0.7499,0.6519,0.7837,0.7441
31,91,94,0.7315,0.7342,0.7414,0.6849
32,91,97,0.6932,0.6609,0.7513,0.7355
33,91,100,0.7057,0.6982,0.7913,0.649
34,91,103,0.688,0.745,0.6411,0.749
35,91,106,0.7496,0.7855,0.7078,0.7485
36,91,109,0.6976,0.6879,0.7075,0.742
37,91,112,0.6038,0.7328,0.7509,0.7382
38,91,115,0.7545,0.7967,0.7322,0.7472
39,91,118,0.6959,0.7441,0.7527,0.7897
40,91,121,0.6521,0.7265,0.7315,0.7939
41,91,124,0.7097,0.7276,0.7496,0.7906
42,91,127,0.707,0.6587,0.7933,0.714
43,91,130,0.7773,0.6634,0.6628,0.7038
44,91,133,0.6634,0.7387,0.8003,0.7875
45,91,136,0.7037,0.6554,0.7092,0.7114
46,91,139,0.7471,0.7063,0.6503,0.7019
47,91,142,0.6496,0.7111,0.7624,0.711
48,91,145,0.6907,0.8082,0.7053,0.6585
49,91,148,0.706,0.7435,0.7473,0.7453
50,91,151,0.7001,0.7822,0.7051,0.7053
51,91,154,0.6533,0.7469,0.7448,0.6946
52,91,157,0.7493,0.6992,0.6895,0.7113
53,91,160,0.744,0.7113,0.7062,0.7009
54,91,163,0.698,0.7107,0.6973,0.7875
55,91,166,0.7579,0.7014,0.6104,0.6558
56,91,169,0.7912,0.7407,0.7887,0.7965
57,91,172,0.7885,0.7041,0.7054,0.7806
58,91,175,0.7432,0.7034,0.6637,0.796
59,91,178,0.749,0.7507,0.7495,0.7987
60,91,181,0.6538,0.6452,0.6929,0.7926
61,91,184,0.7072,0.6017,0.748,0.7548
62,91,187,0.6955,0.7841,0.7058,0.7986
63,91,190,0.6567,0.7444,0.6583,0.8025
64,91,193,0.6515,0.7953,0.7084,0.6455
65,91,196,0.6087,0.7046,0.7448,0.7522
66,91,199,0.7072,0.6435,0.6869,0.7894
67,91,202,0.7553,0.8001,0.7885,0.6978
68,91,205,0.755,0.6646,0.705,0.7454
69,91,208,0.7936,0.749,0.7968,0.7485
70,91,211,0.706,0.6926,0.7511,0.6996
71,91,214,0.5343,0.7051,0.7469,0.7406
72,91,217,0.7439,0.693,0.7404,0.6515
73,91,220,0.7338,0.7463,0.7322,0.644
74,91,223,0.6509,0.4232,0.6961,0.6546
75,91,226,0.6611,0.668,0.7432,0.5914
76,91,229,0.7739,0.39,0.7053,0.7396
77,91,232,0.7963,0.4993,0.7603,0.5853
78,91,235,0.6945,0.6348,0.6976,0.7446
79,91,238,0.7509,0.3818,0.6775,0.702
80,91,241,0.5897,0.6077,0.4982,0.499
81,91,244,0.7056,0.5419,0.6587,0.6936
82,91,247,0.7744,0.6986,0.7857,0.5345
83,91,250,0.589,0.7472,0.5459,0.5702
84,91,253,0.7972,0.6996,0.3897,0.5907
85,91,256,0.661,0.5942,0.4993,0.691
86,91,259,0.5902,0.6808,0.7349,0.7276
87,91,262,0.6708,0.5925,0.7482,0.7012
88,91,265,0.6561,0.645,0.6918,0.4901
89,91,268,0.6618,0.7097,0.4406,0.5788
90,91,271,0.6977,0.4803,0.4136,0.7483
91,91,274,0.6983,0.6962,0.7431,0.3835
92,91,277,0.576,0.6121,0.5457,0.5486
93,91,280,0.6927,0.7446,0.7048,0.5872
94,91,283,0.5805,0.6874,0.5875,0.7468
95,91,286,0.7068,0.5491,0.5883,0.6506
96,91,289,0.7448,0.6605,0.7743,0.6997
97,91,292,0.5772,0.7065,0.5366,0.5018
98,91,295,0.1129,0.6983,0.5373,0.7017
99,91,298,0.5479,0.6541,0.2686,0.6915
,Dataset#,L,att_1,att_2,att_3,att_4
0,92,1,0.9627,0.6986,0.7785,0.9
1,92,4,1,1,0.9882,0.9499
2,92,7,1,1,1,1
3,92,10,1,1,1,1
4,92,13,1,1,1,1
5,92,16,1,1,1,1
6,92,19,1,1,1,1
7,92,22,1,1,1,1
8,92,25,1,1,1,1
9,92,28,1,1,1,1
10,92,31,1,1,1,1
11,92,34,1,1,1,1
12,92,37,1,1,1,1
13,92,40,1,1,1,1
14,92,43,1,1,1,1
15,92,46,1,1,1,1
16,92,49,1,1,1,1
17,92,52,1,1,1,1
18,92,55,1,1,1,1
19,92,58,1,1,1,1
20,92,61,1,1,1,1
21,92,64,1,1,1,1
22,92,67,1,1,1,1
23,92,70,1,1,0.9994,1
24,92,73,1,1,1,1
25,92,76,1,1,1,1
26,92,79,1,0.9994,1,1
27,92,82,1,1,1,1
28,92,85,1,1,1,1
29,92,88,1,1,1,1
30,92,91,1,1,1,1
31,92,94,1,1,1,1
32,92,97,1,0.9994,1,1
33,92,100,1,1,1,1
34,92,103,1,0.9994,0.9994,1
35,92,106,1,0.9988,0.9994,1
36,92,109,1,1,1,1
37,92,112,1,1,0.9994,1
38,92,115,1,1,1,1
39,92,118,1,0.9994,1,0.9994
40,92,121,1,0.9994,1,0.9994
41,92,124,1,1,1,0.9994
42,92,127,0.9994,0.9994,0.9994,1
43,92,130,1,0.9994,0.9988,0.9988
44,92,133,0.9988,1,0.9994,1
45,92,136,0.9994,1,0.9988,0.9988
46,92,139,1,1,0.9994,0.9994
47,92,142,0.9994,1,0.9994,0.9994
48,92,145,0.9994,1,1,1
49,92,148,0.9994,1,1,0.9994
50,92,151,0.9994,0.9994,1,1
51,92,154,0.9994,0.9994,0.9988,0.9988
52,92,157,0.9994,0.9994,0.9981,0.9994
53,92,160,0.9994,0.9981,1,1
54,92,163,0.9994,0.9981,1,1
55,92,166,1,0.9981,0.9988,0.9988
56,92,169,0.9994,0.9975,1,0.9994
57,92,172,0.9988,1,0.9981,0.9994
58,92,175,0.9988,0.9981,1,1
59,92,178,0.9988,0.9994,0.9988,0.9982
60,92,181,0.9981,0.9994,0.9994,0.9994
61,92,184,0.9994,1,1,0.9988
62,92,187,1,0.9994,0.9988,0.9994
63,92,190,1,0.9994,1,1
64,92,193,0.9988,0.9981,0.9981,1
65,92,196,0.9994,0.9994,0.9982,0.9994
66,92,199,1,0.9988,0.9988,0.7963
67,92,202,0.9988,0.9994,1,0.9988
68,92,205,1,0.8,1,0.9994
69,92,208,0.9994,0.9994,0.9981,1
70,92,211,0.9969,0.9994,0.9988,0.9981
71,92,214,0.9988,0.9994,0.9994,0.9932
72,92,217,0.9994,0.9988,1,0.9981
73,92,220,0.9994,1,0.9988,0.9938
74,92,223,0.9988,0.9988,0.9963,0.9988
75,92,226,0.9988,0.9988,0.8,0.6
76,92,229,1,0.9982,0.9975,0.9969
77,92,232,0.7981,0.9994,0.9988,0.9975
78,92,235,0.9981,0.7994,1,0.9994
79,92,238,0.5988,0.7988,0.9994,0.9994
80,92,241,1,0.911,0.9975,0.9975
81,92,244,0.9981,0.9988,1,0.9975
82,92,247,0.7994,0.9981,0.7969,1
83,92,250,1,0.9932,0.9951,0.7981
84,92,253,0.9975,0.9975,0.5988,0.9994
85,92,256,1,0.8538,0.7963,0.7994
86,92,259,0.9988,0.7981,0.9938,0.7975
87,92,262,0.9963,0.9981,0.9988,0.9957
88,92,265,0.8568,0.9969,0.9988,0.8
89,92,268,0.7988,0.7994,0.7944,0.9994
90,92,271,0.9981,0.9988,0.9988,1
91,92,274,0.7994,0.9945,0.9994,0.9981
92,92,277,0.9981,1,0.3957,0.7988
93,92,280,0.5994,0.9975,1,0.6544
94,92,283,0.9981,0.995,0.9957,0.7994
95,92,286,0.3988,1,0.7988,0.9975
96,92,289,0.6,0.9988,0.7988,0.7988
97,92,292,0.5988,0.9944,0.7957,0.7988
98,92,295,0.7981,0.9975,0.7994,0.7988
99,92,298,0.7994,0.9939,0.7963,0.7963
,Dataset#,L,att_1,att_2,att_3,att_4
0,93,1,0.6598,0.6563,0.6171,0.6712
1,93,4,0.7146,0.7099,0.7326,0.7509
2,93,7,0.7425,0.7717,0.7627,0.7614
3,93,10,0.7765,0.7831,0.7802,0.7779
4,93,13,0.7918,0.7838,0.792,0.789
5,93,16,0.7953,0.7971,0.7878,0.7933
6,93,19,0.7961,0.7923,0.7955,0.7913
7,93,22,0.7989,0.7979,0.799,0.8009
8,93,25,0.7982,0.8019,0.8028,0.7984
9,93,28,0.7988,0.798,0.7947,0.8034
10,93,31,0.7969,0.7984,0.7991,0.797
11,93,34,0.8019,0.8001,0.7983,0.8013
12,93,37,0.8021,0.7972,0.802,0.8016
13,93,40,0.7996,0.8019,0.8031,0.8008
14,93,43,0.8046,0.8027,0.8032,0.8017
15,93,46,0.8,0.8005,0.8055,0.8016
16,93,49,0.7993,0.8037,0.8044,0.8026
17,93,52,0.8075,0.8092,0.8015,0.801
18,93,55,0.8068,0.8032,0.7998,0.8056
19,93,58,0.7991,0.8059,0.804,0.8032
20,93,61,0.7994,0.801,0.8067,0.8064
21,93,64,0.8033,0.8035,0.8027,0.8037
22,93,67,0.8043,0.8032,0.8048,0.8037
23,93,70,0.8075,0.8048,0.8036,0.8026
24,93,73,0.8055,0.8046,0.8017,0.8065
25,93,76,0.8085,0.804,0.8058,0.8035
26,93,79,0.8029,0.8071,0.8054,0.8044
27,93,82,0.8048,0.8041,0.8011,0.807
28,93,85,0.8019,0.8052,0.8046,0.8052
29,93,88,0.8021,0.8067,0.8041,0.806
30,93,91,0.8039,0.8054,0.8036,0.8039
31,93,94,0.8007,0.8013,0.8055,0.8103
32,93,97,0.8059,0.804,0.8101,0.808
33,93,100,0.8059,0.8066,0.8027,0.8082
34,93,103,0.8078,0.8086,0.8068,0.8044
35,93,106,0.8031,0.8041,0.8067,0.804
36,93,109,0.8067,0.8065,0.8051,0.8028
37,93,112,0.808,0.8043,0.8079,0.8052
38,93,115,0.8038,0.8064,0.8055,0.8087
39,93,118,0.8052,0.8044,0.8045,0.8093
40,93,121,0.8078,0.8037,0.8045,0.8043
41,93,124,0.8064,0.8068,0.8068,0.806
42,93,127,0.8071,0.8081,0.8048,0.8043
43,93,130,0.8042,0.8057,0.8085,0.8021
44,93,133,0.8043,0.8031,0.8084,0.7451
45,93,136,0.8071,0.7488,0.8062,0.8051
46,93,139,0.8041,0.8009,0.8078,0.8042
47,93,142,0.8069,0.8033,0.8056,0.8075
48,93,145,0.8076,0.8028,0.8038,0.8038
49,93,148,0.8042,0.8072,0.806,0.8076
50,93,151,0.8038,0.8053,0.8056,0.8073
51,93,154,0.8061,0.8083,0.8051,0.8063
52,93,157,0.807,0.8022,0.8044,0.8023
53,93,160,0.8065,0.8085,0.8069,0.8045
54,93,163,0.8009,0.8078,0.8037,0.8077
55,93,166,0.8069,0.8033,0.8098,0.8098
56,93,169,0.8029,0.8049,0.8055,0.7434
57,93,172,0.8035,0.8025,0.8081,0.8038
58,93,175,0.8033,0.8075,0.8075,0.8061
59,93,178,0.8023,0.8069,0.8046,0.7962
60,93,181,0.7979,0.8059,0.7999,0.8068
61,93,184,0.8061,0.7997,0.7999,0.8021
62,93,187,0.8073,0.7473,0.7932,0.8013
63,93,190,0.8066,0.7478,0.8061,0.808
64,93,193,0.8064,0.8023,0.8009,0.8042
65,93,196,0.7481,0.6438,0.8067,0.802
66,93,199,0.805,0.7475,0.8039,0.8007
67,93,202,0.8018,0.793,0.7953,0.8074
68,93,205,0.7458,0.8106,0.807,0.7431
69,93,208,0.6365,0.7984,0.6455,0.7995
70,93,211,0.8046,0.8066,0.8053,0.8018
71,93,214,0.8013,0.8039,0.8007,0.8062
72,93,217,0.7494,0.7988,0.8011,0.8049
73,93,220,0.7341,0.8026,0.803,0.8063
74,93,223,0.8054,0.8021,0.7485,0.7991
75,93,226,0.6412,0.8063,0.6403,0.6468
76,93,229,0.8061,0.8086,0.8104,0.7444
77,93,232,0.8042,0.8034,0.7455,0.8033
78,93,235,0.8023,0.8013,0.8039,0.797
79,93,238,0.8005,0.8005,0.8019,0.801
80,93,241,0.4197,0.747,0.805,0.8055
81,93,244,0.8032,0.8042,0.8044,0.8052
82,93,247,0.8041,0.8007,0.8039,0.8028
83,93,250,0.8026,0.6418,0.8023,0.8059
84,93,253,0.8025,0.7925,0.8043,0.5836
85,93,256,0.8034,0.5791,0.6462,0.645
86,93,259,0.806,0.7467,0.8026,0.6422
87,93,262,0.5871,0.8018,0.6366,0.6471
88,93,265,0.6391,0.7396,0.7934,0.4789
89,93,268,0.6422,0.8058,0.4786,0.7425
90,93,271,0.799,0.803,0.6498,0.6412
91,93,274,0.6469,0.7442,0.748,0.5851
92,93,277,0.6426,0.5815,0.6391,0.6439
93,93,280,0.6394,0.8088,0.6406,0.7434
94,93,283,0.808,0.478,0.8008,0.4828
95,93,286,0.6441,0.8049,0.6831,0.6362
96,93,289,0.6461,0.4816,0.8033,0.4248
97,93,292,0.8012,0.647,0.5774,0.5832
98,93,295,0.5828,0.4212,0.797,0.4793
99,93,298,0.8057,0.6379,0.8013,0.52
,Dataset#,L,att_1,att_2,att_3,att_4
0,94,1,0.3883,0.3305,0.4242,0.2852
1,94,4,0.3977,0.4198,0.4314,0.4626
2,94,7,0.4891,0.461,0.4897,0.4976
3,94,10,0.4951,0.4622,0.4969,0.5021
4,94,13,0.4947,0.5003,0.4934,0.4924
5,94,16,0.498,0.4949,0.4857,0.5032
6,94,19,0.5011,0.4626,0.4953,0.4929
7,94,22,0.4471,0.4946,0.4811,0.4975
8,94,25,0.5026,0.446,0.4907,0.4421
9,94,28,0.463,0.4915,0.4946,0.4349
10,94,31,0.4961,0.4475,0.5016,0.4572
11,94,34,0.459,0.3992,0.498,0.4416
12,94,37,0.4221,0.4413,0.4526,0.4619
13,94,40,0.4973,0.4037,0.4503,0.4513
14,94,43,0.4935,0.4259,0.4162,0.4984
15,94,46,0.4554,0.5027,0.5113,0.5135
16,94,49,0.5005,0.4525,0.4969,0.4963
17,94,52,0.4579,0.3952,0.4198,0.5044
18,94,55,0.4511,0.441,0.5325,0.4473
19,94,58,0.4053,0.4513,0.4532,0.4787
20,94,61,0.4528,0.4462,0.4443,0.4546
21,94,64,0.455,0.4957,0.4052,0.4724
22,94,67,0.4432,0.5193,0.3998,0.4456
23,94,70,0.517,0.495,0.5131,0.4833
24,94,73,0.4517,0.5149,0.5001,0.46
25,94,76,0.4579,0.4666,0.4116,0.5331
26,94,79,0.4005,0.4557,0.4643,0.5075
27,94,82,0.3549,0.4079,0.3976,0.3651
28,94,85,0.3855,0.3876,0.389,0.422
29,94,88,0.3965,0.5016,0.5105,0.4515
30,94,91,0.4746,0.4965,0.5082,0.3505
31,94,94,0.4381,0.3798,0.4562,0.3681
32,94,97,0.4276,0.4725,0.4118,0.334
33,94,100,0.4856,0.3891,0.5078,0.4496
34,94,103,0.436,0.4926,0.4999,0.4452
35,94,106,0.4693,0.4653,0.4741,0.4995
36,94,109,0.4162,0.5003,0.4708,0.4874
37,94,112,0.4475,0.3821,0.4457,0.3554
38,94,115,0.4001,0.4922,0.4633,0.4073
39,94,118,0.5114,0.3235,0.3396,0.4648
40,94,121,0.4575,0.4345,0.4824,0.4785
41,94,124,0.4371,0.5104,0.4917,0.4778
42,94,127,0.4851,0.3877,0.4479,0.4274
43,94,130,0.4819,0.4639,0.4991,0.485
44,94,133,0.4352,0.3892,0.4956,0.4921
45,94,136,0.4212,0.468,0.4322,0.4544
46,94,139,0.4504,0.4876,0.5185,0.3669
47,94,142,0.4637,0.4964,0.4986,0.462
48,94,145,0.4556,0.491,0.4961,0.4216
49,94,148,0.484,0.5406,0.4333,0.402
50,94,151,0.5021,0.4903,0.3815,0.4545
51,94,154,0.4384,0.4423,0.4818,0.4622
52,94,157,0.4727,0.4791,0.4561,0.4211
53,94,160,0.5125,0.5184,0.4126,0.4964
54,94,163,0.329,0.4926,0.4379,0.3639
55,94,166,0.4013,0.495,0.3532,0.437
56,94,169,0.4359,0.4652,0.2983,0.4003
57,94,172,0.3702,0.4322,0.4749,0.412
58,94,175,0.3483,0.4727,0.38,0.4117
59,94,178,0.4515,0.4427,0.3963,0.4019
60,94,181,0.4128,0.4884,0.4907,0.4364
61,94,184,0.4365,0.4535,0.4437,0.4364
62,94,187,0.4885,0.3548,0.4406,0.4116
63,94,190,0.4345,0.4903,0.4405,0.36
64,94,193,0.4295,0.3897,0.429,0.4169
65,94,196,0.4782,0.4006,0.3904,0.4192
66,94,199,0.4028,0.5209,0.4869,0.2993
67,94,202,0.4487,0.3978,0.3947,0.4269
68,94,205,0.3743,0.5107,0.4495,0.4429
69,94,208,0.4291,0.4344,0.4015,0.3895
70,94,211,0.423,0.3659,0.4475,0.4581
71,94,214,0.3195,0.3266,0.4123,0.4478
72,94,217,0.4672,0.4856,0.4444,0.4423
73,94,220,0.4605,0.4338,0.3472,0.4507
74,94,223,0.4471,0.3998,0.405,0.4977
75,94,226,0.414,0.263,0.4582,0.4573
76,94,229,0.435,0.4415,0.4597,0.3598
77,94,232,0.5182,0.3039,0.2528,0.4277
78,94,235,0.4029,0.4593,0.442,0.406
79,94,238,0.2753,0.4758,0.3459,0.4616
80,94,241,0.3559,0.4944,0.443,0.4069
81,94,244,0.4226,0.4451,0.459,0.4568
82,94,247,0.4004,0.4545,0.3377,0.4552
83,94,250,0.4644,0.4149,0.4692,0.4149
84,94,253,0.4902,0.252,0.3233,0.4548
85,94,256,0.3552,0.414,0.4878,0.3443
86,94,259,0.2634,0.3406,0.44,0.412
87,94,262,0.306,0.3946,0.3062,0.3344
88,94,265,0.3988,0.3521,0.4094,0.2956
89,94,268,0.3835,0.4452,0.2612,0.3981
90,94,271,0.3582,0.2475,0.3609,0.4564
91,94,274,0.456,0.3209,0.3084,0.3827
92,94,277,0.3579,0.3432,0.3466,0.3195
93,94,280,0.3537,0.3481,0.3942,0.3484
94,94,283,0.3078,0.4018,0.4486,0.3498
95,94,286,0.2904,0.4019,0.318,0.3469
96,94,289,0.4406,0.3845,0.3914,0.2531
97,94,292,0.2416,0.4527,0.4359,0.3292
98,94,295,0.4193,0.3953,0.442,0.3886
99,94,298,0.4266,0.4439,0.2482,0.3985
,Dataset#,L,att_1,att_2,att_3,att_4
0,95,1,0.4823,0.4926,0.461,0.4664
1,95,4,0.5256,0.5437,0.5901,0.5523
2,95,7,0.6143,0.5745,0.5613,0.5399
3,95,10,0.6197,0.5957,0.5938,0.5545
4,95,13,0.617,0.5905,0.6231,0.5932
5,95,16,0.6286,0.6294,0.641,0.6319
6,95,19,0.6459,0.6432,0.6439,0.6457
7,95,22,0.6358,0.6332,0.6385,0.6413
8,95,25,0.6513,0.6382,0.6596,0.6349
9,95,28,0.6237,0.6285,0.6525,0.6483
10,95,31,0.6335,0.6441,0.6587,0.6386
11,95,34,0.6115,0.6551,0.6337,0.6352
12,95,37,0.6203,0.6501,0.6512,0.6061
13,95,40,0.6348,0.6403,0.6346,0.6422
14,95,43,0.6529,0.6439,0.6612,0.6349
15,95,46,0.6165,0.6197,0.6528,0.6291
16,95,49,0.6547,0.6623,0.6449,0.6111
17,95,52,0.647,0.6183,0.6218,0.5866
18,95,55,0.6502,0.6543,0.6135,0.6579
19,95,58,0.6091,0.6393,0.6362,0.6519
20,95,61,0.6026,0.619,0.6412,0.6632
21,95,64,0.6331,0.6382,0.6508,0.661
22,95,67,0.6113,0.6517,0.5908,0.6259
23,95,70,0.6599,0.6429,0.6438,0.6118
24,95,73,0.6318,0.6227,0.6259,0.6359
25,95,76,0.5959,0.626,0.564,0.5403
26,95,79,0.564,0.6459,0.5973,0.6413
27,95,82,0.61,0.6377,0.6092,0.6509
28,95,85,0.6444,0.6022,0.6246,0.6251
29,95,88,0.5901,0.6106,0.6374,0.6102
30,95,91,0.6139,0.6494,0.6291,0.5597
31,95,94,0.5897,0.6215,0.6185,0.604
32,95,97,0.5836,0.5673,0.593,0.5364
33,95,100,0.6333,0.56,0.6298,0.6503
34,95,103,0.6094,0.6343,0.6327,0.6132
35,95,106,0.5909,0.6275,0.6032,0.6052
36,95,109,0.6194,0.5502,0.5889,0.6303
37,95,112,0.5634,0.5716,0.602,0.563
38,95,115,0.5868,0.6107,0.6185,0.6284
39,95,118,0.5509,0.6425,0.5867,0.6295
40,95,121,0.5906,0.5883,0.5543,0.5709
41,95,124,0.6446,0.6175,0.6425,0.5687
42,95,127,0.563,0.5728,0.6626,0.5494
43,95,130,0.5548,0.5911,0.4544,0.5828
44,95,133,0.635,0.56,0.6019,0.6034
45,95,136,0.6438,0.5698,0.4646,0.582
46,95,139,0.6371,0.6183,0.6354,0.4567
47,95,142,0.4612,0.5177,0.6293,0.4951
48,95,145,0.5986,0.5052,0.5134,0.569
49,95,148,0.5389,0.625,0.6597,0.5054
50,95,151,0.6239,0.521,0.5733,0.572
51,95,154,0.5689,0.6206,0.6006,0.5142
52,95,157,0.5692,0.6468,0.6312,0.583
53,95,160,0.6,0.5715,0.5469,0.4778
54,95,163,0.5703,0.5217,0.6387,0.6126
55,95,166,0.605,0.5407,0.6129,0.442
56,95,169,0.6623,0.5932,0.6089,0.6225
57,95,172,0.4808,0.6202,0.5712,0.6243
58,95,175,0.6295,0.6009,0.4615,0.5809
59,95,178,0.6351,0.4524,0.5589,0.5927
60,95,181,0.5489,0.5907,0.4818,0.4213
61,95,184,0.5246,0.5998,0.5212,0.6117
62,95,187,0.3951,0.6159,0.6231,0.6242
63,95,190,0.4731,0.4306,0.5421,0.3534
64,95,193,0.6345,0.6322,0.5946,0.5258
65,95,196,0.6223,0.547,0.5575,0.5267
66,95,199,0.6091,0.5566,0.5501,0.5697
67,95,202,0.4456,0.4861,0.3372,0.5647
68,95,205,0.3548,0.5832,0.6046,0.4839
69,95,208,0.4698,0.5577,0.564,0.4673
70,95,211,0.5189,0.6206,0.5062,0.5515
71,95,214,0.4536,0.4982,0.5722,0.4315
72,95,217,0.3291,0.6064,0.5455,0.5871
73,95,220,0.5297,0.3805,0.5562,0.5996
74,95,223,0.4911,0.4048,0.5871,0.5206
75,95,226,0.3331,0.3397,0.5464,0.6094
76,95,229,0.6076,0.386,0.4303,0.6185
77,95,232,0.5916,0.5871,0.5196,0.4855
78,95,235,0.4552,0.6253,0.576,0.4665
79,95,238,0.4393,0.5641,0.6044,0.4763
80,95,241,0.5276,0.5445,0.2351,0.4631
81,95,244,0.5974,0.3275,0.5583,0.5014
82,95,247,0.5438,0.5139,0.5096,0.6141
83,95,250,0.4143,0.5768,0.3954,0.4524
84,95,253,0.5445,0.4145,0.4907,0.303
85,95,256,0.5327,0.5952,0.4241,0.3935
86,95,259,0.5881,0.5262,0.5895,0.5659
87,95,262,0.4861,0.464,0.6035,0.4367
88,95,265,0.365,0.4365,0.5002,0.4348
89,95,268,0.5559,0.459,0.5866,0.4117
90,95,271,0.5271,0.4412,0.5925,0.5741
91,95,274,0.4448,0.3487,0.5627,0.4557
92,95,277,0.5966,0.4508,0.5725,0.5858
93,95,280,0.6065,0.5429,0.3493,0.5196
94,95,283,0.5281,0.5915,0.516,0.5044
95,95,286,0.3863,0.5214,0.3688,0.5895
96,95,289,0.3584,0.6191,0.3629,0.561
97,95,292,0.5998,0.3046,0.5154,0.5267
98,95,295,0.4414,0.444,0.6098,0.344
99,95,298,0.4635,0.5714,0.5099,0.5889
,Dataset#,L,att_1,att_2,att_3,att_4
0,96,1,0.6401,0.6051,0.6001,0.6397
1,96,4,0.6354,0.6609,0.6833,0.6511
2,96,7,0.701,0.6967,0.7037,0.6946
3,96,10,0.6895,0.7058,0.711,0.7021
4,96,13,0.6898,0.7092,0.6954,0.7006
5,96,16,0.7085,0.7141,0.701,0.7271
6,96,19,0.7171,0.6965,0.7056,0.7083
7,96,22,0.6165,0.6915,0.6878,0.7109
8,96,25,0.587,0.7113,0.502,0.6018
9,96,28,0.6961,0.5019,0.603,0.1862
10,96,31,0.6114,0.6027,0.7171,0.4943
11,96,34,0.5971,0.6896,0.6936,0.6826
12,96,37,0.574,0.4889,0.5035,0.5017
13,96,40,0.4873,0.5999,0.6928,0.6945
14,96,43,0.5634,0.4867,0.5037,0.2868
15,96,46,0.5901,0.6947,0.6918,0.6034
16,96,49,0.591,0.6067,0.6043,0.592
17,96,52,0.6094,0.6014,0.6863,0.4989
18,96,55,0.4922,0.6842,0.4918,0.6087
19,96,58,0.4808,0.4829,0.5872,0.4725
20,96,61,0.5538,0.5005,0.6042,0.588
21,96,64,0.3892,0.3897,0.3794,0.4913
22,96,67,0.478,0.4778,0.6097,0.393
23,96,70,0.4642,0.3835,0.4856,0.3876
24,96,73,0.6799,0.5839,0.6814,0.5901
25,96,76,0.6762,0.4837,0.6599,0.6903
26,96,79,0.5911,0.4816,0.6047,0.5957
27,96,82,0.6838,0.3903,0.5074,0.5816
28,96,85,0.6988,0.3727,0.3954,0.688
29,96,88,0.4705,0.59,0.6008,0.5703
30,96,91,0.2861,0.5884,0.5887,0.4946
31,96,94,0.6977,0.3863,0.2946,0.6975
32,96,97,0.6005,0.4914,0.4975,0.4684
33,96,100,0.2861,0.4804,0.6915,0.6599
34,96,103,0.558,0.6657,0.582,0.6948
35,96,106,0.5003,0.609,0.5927,0.4872
36,96,109,0.6725,0.4884,0.6048,0.4837
37,96,112,0.369,0.4933,0.3956,0.4848
38,96,115,0.4954,0.5913,0.4835,0.3729
39,96,118,0.5859,0.4917,0.5944,0.5912
40,96,121,0.6907,0.5877,0.4933,0.4712
41,96,124,0.3853,0.562,0.5825,0.5791
42,96,127,0.5902,0.4761,0.5961,0.3646
43,96,130,0.2798,0.6984,0.4052,0.5923
44,96,133,0.4596,0.3779,0.3788,0.3817
45,96,136,0.4003,0.5966,0.4836,0.491
46,96,139,0.2902,0.6674,0.492,0.5917
47,96,142,0.4913,0.2804,0.584,0.5701
48,96,145,0.5689,0.4856,0.3847,0.3986
49,96,148,0.46,0.5922,0.586,0.6016
50,96,151,0.575,0.5701,0.6969,0.5961
51,96,154,0.5869,0.5795,0.4827,0.4949
52,96,157,0.6058,0.56,0.5975,0.3674
53,96,160,0.2906,0.6001,0.4865,0.7056
54,96,163,0.4858,0.578,0.4849,0.591
55,96,166,0.5762,0.4757,0.5786,0.5871
56,96,169,0.4797,0.5017,0.3612,0.5645
57,96,172,0.5838,0.3679,0.469,0.4811
58,96,175,0.4935,0.4923,0.6963,0.4911
59,96,178,0.688,0.4943,0.483,0.4797
60,96,181,0.4855,0.4668,0.3991,0.4652
61,96,184,0.5777,0.4864,0.3975,0.5698
62,96,187,0.4849,0.3822,0.4847,0.6005
63,96,190,0.5723,0.3973,0.3868,0.5934
64,96,193,0.1856,0.3822,0.3963,0.1856
65,96,196,0.3892,0.4819,0.3883,0.5862
66,96,199,0.6943,0.4667,0.5777,0.5857
67,96,202,0.3854,0.3346,0.5852,0.2854
68,96,205,0.5693,0.6884,0.6939,0.573
69,96,208,0.4864,0.4419,0.3832,0.4633
70,96,211,0.4867,0.3476,0.4917,0.4377
71,96,214,0.2771,0.5831,0.4846,0.5566
72,96,217,0.4504,0.5505,0.3437,0.4968
73,96,220,0.3981,0.2885,0.5407,0.499
74,96,223,0.4929,0.4668,0.5687,0.3515
75,96,226,0.4904,0.5704,0.5836,0.2426
76,96,229,0.4624,0.5874,0.5256,0.5863
77,96,232,0.2502,0.4776,0.4878,0.266
78,96,235,0.1485,0.4576,0.4983,0.4662
79,96,238,0.5879,0.2866,0.4953,0.4879
80,96,241,0.4898,0.4527,0.697,0.4031
81,96,244,0.4675,0.5737,0.4406,0.1856
82,96,247,0.4381,0.5937,0.679,0.2846
83,96,250,0.3151,0.5877,0.5722,0.4887
84,96,253,0.388,0.3563,0.4508,0.5984
85,96,256,0.4875,0.3213,0.5809,0.5911
86,96,259,0.5511,0.4289,0.5941,0.2807
87,96,262,0.5518,0.3824,0.5988,0.2896
88,96,265,0.3293,0.1143,0.5364,0.4222
89,96,268,0.584,0.445,0.4848,0.3939
90,96,271,0.2055,0.4091,0.5749,0.3881
91,96,274,0.2176,0.5642,0.545,0.479
92,96,277,0.485,0.2728,0.4876,0.6039
93,96,280,0.4481,0.3892,0.454,0.3875
94,96,283,0.3345,0.4044,0.4392,0.2447
95,96,286,0.4747,0.453,0.2475,0.4027
96,96,289,0.1114,0.4412,0.3305,0.3195
97,96,292,0.455,0.1114,0.318,0.4645
98,96,295,0.3662,0.3508,0.4587,0.258
99,96,298,0.4554,0.6854,0.4532,0.4166
,Dataset#,L,att_1,att_2,att_3,att_4
0,97,1,0.7731,0.8199,0.703,0.7423
1,97,4,0.8954,0.7825,0.8101,0.8667
2,97,7,0.9238,0.9261,0.9024,0.9214
3,97,10,0.9162,0.897,0.9343,0.9177
4,97,13,0.9305,0.9235,0.9327,0.931
5,97,16,0.9303,0.9311,0.9324,0.9334
6,97,19,0.933,0.9375,0.9371,0.933
7,97,22,0.9371,0.933,0.9357,0.944
8,97,25,0.9338,0.9385,0.9387,0.9334
9,97,28,0.939,0.9385,0.942,0.9437
10,97,31,0.9437,0.9446,0.9368,0.9348
11,97,34,0.9363,0.9413,0.9382,0.9448
12,97,37,0.9362,0.941,0.9359,0.9419
13,97,40,0.9392,0.9429,0.9367,0.9453
14,97,43,0.9358,0.9402,0.9357,0.941
15,97,46,0.9398,0.9415,0.9445,0.9358
16,97,49,0.9453,0.9384,0.9396,0.9393
17,97,52,0.9328,0.9367,0.9331,0.9399
18,97,55,0.9443,0.95,0.9453,0.9454
19,97,58,0.9471,0.9389,0.9382,0.9409
20,97,61,0.941,0.9333,0.9441,0.9347
21,97,64,0.9423,0.9397,0.9373,0.9395
22,97,67,0.9417,0.9356,0.9367,0.9382
23,97,70,0.942,0.933,0.9383,0.9426
24,97,73,0.9378,0.9421,0.9455,0.9438
25,97,76,0.9408,0.9461,0.9398,0.9386
26,97,79,0.943,0.9402,0.9394,0.9391
27,97,82,0.9478,0.9331,0.9417,0.9469
28,97,85,0.9398,0.9356,0.934,0.9392
29,97,88,0.9403,0.9415,0.9379,0.9369
30,97,91,0.9418,0.9394,0.9406,0.937
31,97,94,0.945,0.935,0.9466,0.9426
32,97,97,0.9314,0.9395,0.9408,0.9337
33,97,100,0.942,0.9425,0.9347,0.9397
34,97,103,0.9352,0.9398,0.9415,0.9441
35,97,106,0.9399,0.9406,0.9372,0.9351
36,97,109,0.934,0.939,0.9436,0.9388
37,97,112,0.9413,0.9456,0.9451,0.9351
38,97,115,0.9389,0.9441,0.9348,0.9408
39,97,118,0.9409,0.9386,0.9397,0.9352
40,97,121,0.942,0.9422,0.9379,0.939
41,97,124,0.9337,0.9382,0.9389,0.9379
42,97,127,0.9346,0.937,0.9369,0.935
43,97,130,0.9387,0.9337,0.9378,0.943
44,97,133,0.9318,0.9341,0.9484,0.9393
45,97,136,0.9303,0.9452,0.9457,0.9403
46,97,139,0.9325,0.934,0.9378,0.9349
47,97,142,0.9396,0.9428,0.9319,0.9409
48,97,145,0.9382,0.9315,0.9358,0.9372
49,97,148,0.9325,0.9385,0.9362,0.9441
50,97,151,0.9406,0.9348,0.9362,0.9367
51,97,154,0.9348,0.9382,0.9296,0.9407
52,97,157,0.9352,0.9417,0.9402,0.9405
53,97,160,0.9448,0.9422,0.9406,0.9416
54,97,163,0.9342,0.9345,0.9269,0.9422
55,97,166,0.935,0.9358,0.9335,0.9339
56,97,169,0.9343,0.9397,0.9359,0.9388
57,97,172,0.9342,0.9384,0.9306,0.9342
58,97,175,0.938,0.9336,0.9429,0.9352
59,97,178,0.9313,0.9328,0.9322,0.9357
60,97,181,0.9355,0.9273,0.7886,0.9496
61,97,184,0.9397,0.9389,0.9343,0.9376
62,97,187,0.9319,0.7429,0.9352,0.9351
63,97,190,0.9382,0.9387,0.7902,0.9476
64,97,193,0.9328,0.9411,0.9304,0.9326
65,97,196,0.9348,0.9421,0.942,0.9386
66,97,199,0.7556,0.9402,0.9362,0.9336
67,97,202,0.9302,0.9367,0.9349,0.9414
68,97,205,0.9319,0.9369,0.9316,0.9397
69,97,208,0.9352,0.936,0.9403,0.747
70,97,211,0.7481,0.7829,0.9307,0.9303
71,97,214,0.9351,0.9317,0.9318,0.9398
72,97,217,0.786,0.9355,0.7401,0.9394
73,97,220,0.6365,0.9442,0.9419,0.9337
74,97,223,0.9342,0.9385,0.7847,0.7455
75,97,226,0.9341,0.5961,0.5961,0.9278
76,97,229,0.9212,0.9422,0.9392,0.555
77,97,232,0.6309,0.9357,0.7404,0.7818
78,97,235,0.9423,0.9303,0.9342,0.9422
79,97,238,0.9273,0.5646,0.7778,0.9345
80,97,241,0.9432,0.9357,0.9393,0.7871
81,97,244,0.5958,0.7738,0.9345,0.7492
82,97,247,0.7864,0.7866,0.7815,0.9334
83,97,250,0.9343,0.7437,0.7472,0.9282
84,97,253,0.7506,0.937,0.9385,0.9405
85,97,256,0.9284,0.7539,0.4515,0.7458
86,97,259,0.9382,0.9421,0.5647,0.9335
87,97,262,0.6456,0.9268,0.9294,0.6016
88,97,265,0.7905,0.9362,0.635,0.757
89,97,268,0.5666,0.7944,0.7482,0.7488
90,97,271,0.7824,0.2615,0.7401,0.5615
91,97,274,0.9451,0.9349,0.9412,0.7415
92,97,277,0.745,0.5655,0.793,0.9336
93,97,280,0.6393,0.9301,0.6013,0.9325
94,97,283,0.9267,0.6023,0.6259,0.75
95,97,286,0.4119,0.9294,0.7514,0.747
96,97,289,0.753,0.9351,0.7367,0.7486
97,97,292,0.7488,0.7477,0.7421,0.5574
98,97,295,0.9296,0.9279,0.7534,0.6037
99,97,298,0.8084,0.5544,0.744,0.7406
,Dataset#,L,att_1,att_2,att_3,att_4
0,98,1,0.999,0.9957,1,1
1,98,4,1,1,1,1
2,98,7,1,1,1,1
3,98,10,1,1,1,1
4,98,13,1,1,1,1
5,98,16,1,1,1,1
6,98,19,1,1,1,1
7,98,22,1,1,1,0.9995
8,98,25,1,1,1,1
9,98,28,1,1,1,1
10,98,31,1,1,1,1
11,98,34,1,1,1,1
12,98,37,1,1,1,1
13,98,40,1,1,1,1
14,98,43,1,1,1,1
15,98,46,1,1,1,1
16,98,49,1,1,1,1
17,98,52,1,0.9995,1,1
18,98,55,1,1,1,1
19,98,58,1,1,1,1
20,98,61,1,1,1,1
21,98,64,1,1,1,1
22,98,67,1,1,1,1
23,98,70,1,1,1,1
24,98,73,1,1,1,1
25,98,76,1,1,1,1
26,98,79,1,1,1,1
27,98,82,1,1,1,1
28,98,85,1,1,1,1
29,98,88,1,1,1,1
30,98,91,1,1,1,1
31,98,94,1,1,1,1
32,98,97,1,1,1,1
33,98,100,1,1,1,1
34,98,103,1,1,1,0.9995
35,98,106,1,1,1,1
36,98,109,1,1,1,1
37,98,112,1,1,1,1
38,98,115,1,1,1,1
39,98,118,1,0.9995,1,1
40,98,121,1,1,0.999,1
41,98,124,1,0.9995,1,1
42,98,127,0.9995,1,1,1
43,98,130,1,1,1,1
44,98,133,1,1,1,1
45,98,136,1,1,1,1
46,98,139,0.9995,1,1,1
47,98,142,1,1,1,1
48,98,145,1,1,1,0.9995
49,98,148,1,1,1,1
50,98,151,1,1,1,1
51,98,154,1,1,1,1
52,98,157,0.9995,1,1,1
53,98,160,1,1,1,1
54,98,163,0.9995,1,1,1
55,98,166,1,1,1,1
56,98,169,1,1,1,0.9995
57,98,172,0.8,1,1,1
58,98,175,1,1,1,1
59,98,178,1,1,1,1
60,98,181,1,0.9995,1,1
61,98,184,0.8,1,1,1
62,98,187,0.9995,0.9995,1,1
63,98,190,1,1,1,0.9435
64,98,193,1,1,0.8,1
65,98,196,1,0.7995,1,0.8
66,98,199,1,1,1,1
67,98,202,1,1,1,1
68,98,205,1,1,1,1
69,98,208,1,1,0.8,0.9995
70,98,211,1,0.999,0.998,0.999
71,98,214,1,1,1,0.9995
72,98,217,0.9995,0.9995,1,1
73,98,220,1,1,0.8,0.8
74,98,223,0.997,1,0.9995,0.8
75,98,226,1,1,1,1
76,98,229,0.8,1,0.9995,1
77,98,232,0.8,0.9995,0.7995,0.8
78,98,235,1,1,0.7995,1
79,98,238,0.8,0.9995,1,0.9985
80,98,241,1,0.9995,1,0.998
81,98,244,0.8,1,0.999,1
82,98,247,0.9995,0.9995,0.8,1
83,98,250,1,1,1,1
84,98,253,0.9579,1,1,0.999
85,98,256,0.6,1,1,1
86,98,259,0.9995,1,0.8,0.6534
87,98,262,0.9995,0.9995,0.7995,0.9995
88,98,265,0.8,0.8,1,0.999
89,98,268,0.8,0.9985,0.8,1
90,98,271,1,0.8534,0.999,0.9995
91,98,274,0.9139,0.9995,0.8534,0.8
92,98,277,1,1,0.7995,0.9995
93,98,280,1,0.6,0.8,1
94,98,283,0.8,0.8,0.6,0.8
95,98,286,0.8,1,0.8,0.8
96,98,289,0.8,0.9995,0.775,1
97,98,292,1,0.7995,0.6533,0.6
98,98,295,0.8698,0.9995,0.799,0.8534
99,98,298,0.999,0.9995,0.8535,0.9995
,Dataset#,L,att_1,att_2,att_3,att_4
0,99,1,0.9938,0.9956,0.9938,0.9932
1,99,4,0.9995,1,1,0.9995
2,99,7,1,1,1,1
3,99,10,1,1,1,1
4,99,13,1,1,1,1
5,99,16,1,1,1,1
6,99,19,1,1,1,1
7,99,22,1,1,1,1
8,99,25,1,1,1,1
9,99,28,1,1,1,1
10,99,31,1,1,1,0.9995
11,99,34,1,1,1,1
12,99,37,1,1,1,1
13,99,40,1,1,1,1
14,99,43,1,1,1,1
15,99,46,1,1,1,1
16,99,49,1,1,1,1
17,99,52,1,1,1,1
18,99,55,1,1,1,1
19,99,58,1,0.999,1,1
20,99,61,1,1,1,1
21,99,64,1,1,1,1
22,99,67,1,1,1,1
23,99,70,1,1,1,1
24,99,73,1,1,1,1
25,99,76,1,1,1,1
26,99,79,1,1,0.9975,1
27,99,82,1,1,1,1
28,99,85,1,1,1,1
29,99,88,1,0.999,0.9995,1
30,99,91,1,1,1,0.9995
31,99,94,1,1,1,1
32,99,97,0.9985,1,1,0.999
33,99,100,1,1,0.9995,1
34,99,103,0.998,1,1,1
35,99,106,1,1,1,1
36,99,109,0.9995,1,0.999,0.9995
37,99,112,1,1,0.9995,0.9995
38,99,115,0.999,1,1,1
39,99,118,0.9995,0.9995,0.999,0.999
40,99,121,1,1,1,1
41,99,124,1,0.997,1,0.9995
42,99,127,0.9995,1,1,1
43,99,130,0.9975,1,1,0.9995
44,99,133,1,0.9995,0.9995,1
45,99,136,0.9995,0.999,1,1
46,99,139,1,0.9995,0.9995,1
47,99,142,1,0.999,1,1
48,99,145,0.9995,1,1,1
49,99,148,1,0.9995,1,1
50,99,151,0.9985,0.9985,1,0.999
51,99,154,0.9995,1,1,0.9995
52,99,157,1,1,0.9985,0.9971
53,99,160,0.9995,1,0.9995,0.9995
54,99,163,1,0.999,0.999,0.9985
55,99,166,0.9985,0.999,0.998,1
56,99,169,0.9995,0.996,0.9995,0.9995
57,99,172,0.9985,0.9985,0.9985,0.999
58,99,175,0.9995,1,0.998,0.999
59,99,178,0.9995,0.998,0.998,0.9985
60,99,181,1,0.999,0.999,0.9995
61,99,184,0.7995,1,0.9975,0.9985
62,99,187,0.9995,0.7995,0.9985,0.9995
63,99,190,0.9995,0.9995,0.9636,0.9995
64,99,193,1,0.999,0.999,0.999
65,99,196,0.9914,0.999,1,1
66,99,199,0.7976,1,0.9985,0.9995
67,99,202,0.9985,0.999,0.999,0.999
68,99,205,0.9995,0.998,0.7985,0.9995
69,99,208,0.8,0.9995,0.9995,0.9975
70,99,211,0.999,0.7985,1,0.9995
71,99,214,0.9985,0.9985,1,0.999
72,99,217,0.998,0.997,0.796,0.9985
73,99,220,0.999,0.799,0.8,0.798
74,99,223,0.998,0.9975,0.9985,0.9995
75,99,226,0.9995,0.999,0.9985,0.999
76,99,229,1,0.999,0.998,0.9985
77,99,232,1,1,0.9995,0.7995
78,99,235,0.9975,0.997,0.9971,0.7995
79,99,238,0.9995,0.9985,0.999,0.9995
80,99,241,0.9975,0.998,1,0.999
81,99,244,0.9985,0.998,0.9985,0.7995
82,99,247,0.9965,0.998,0.9985,0.8
83,99,250,0.9995,1,0.9956,0.999
84,99,253,0.8,0.9985,0.9975,0.9975
85,99,256,1,1,0.7995,0.8
86,99,259,0.8,0.7985,0.9995,0.994
87,99,262,0.998,0.9995,0.7985,1
88,99,265,0.998,0.9995,0.999,0.7966
89,99,268,0.999,0.798,0.7995,0.7995
90,99,271,0.8914,0.7975,0.9985,0.7971
91,99,274,0.7995,1,0.7995,0.9985
92,99,277,0.7995,0.9995,0.7995,0.999
93,99,280,0.9995,0.5985,0.7971,0.9985
94,99,283,0.7966,0.9995,0.9995,0.2
95,99,286,0.9975,0.7995,0.8,0.799
96,99,289,0.9985,0.7985,0.999,0.9971
97,99,292,0.3975,0.9951,0.8,0.799
98,99,295,0.8,0.798,0.7995,0.7975
99,99,298,0.999,0.9971,0.5926,0.999
,Dataset#,L,att_1,att_2,att_3,att_4
0,100,1,0.2663,0.2907,0.2924,0.2909
1,100,4,0.3015,0.2972,0.3023,0.3034
2,100,7,0.3095,0.3098,0.3048,0.3067
3,100,10,0.3083,0.3086,0.3149,0.3092
4,100,13,0.3102,0.3044,0.3119,0.3043
5,100,16,0.3077,0.3109,0.301,0.3082
6,100,19,0.3002,0.3092,0.3131,0.3104
7,100,22,0.3135,0.3076,0.308,0.3128
8,100,25,0.3101,0.3126,0.308,0.3149
9,100,28,0.3091,0.2999,0.3123,0.3088
10,100,31,0.3147,0.3119,0.3075,0.3132
11,100,34,0.3039,0.3105,0.3122,0.3069
12,100,37,0.307,0.3014,0.3069,0.3127
13,100,40,0.3063,0.3042,0.309,0.3084
14,100,43,0.3067,0.3021,0.3129,0.3107
15,100,46,0.3175,0.3056,0.3028,0.3116
16,100,49,0.3107,0.3096,0.2891,0.3168
17,100,52,0.2925,0.3147,0.3068,0.2991
18,100,55,0.309,0.3105,0.3103,0.2982
19,100,58,0.3041,0.2995,0.2994,0.3105
20,100,61,0.3091,0.3022,0.302,0.3111
21,100,64,0.3007,0.309,0.3156,0.3099
22,100,67,0.3105,0.3092,0.3121,0.3076
23,100,70,0.3027,0.3079,0.3055,0.3083
24,100,73,0.3045,0.3063,0.2949,0.3063
25,100,76,0.3056,0.3035,0.3152,0.3029
26,100,79,0.3033,0.3071,0.3029,0.2962
27,100,82,0.3057,0.3046,0.3022,0.3031
28,100,85,0.3005,0.3082,0.3178,0.3133
29,100,88,0.3036,0.3028,0.3071,0.31
30,100,91,0.3117,0.3113,0.3154,0.2975
31,100,94,0.3046,0.3075,0.3046,0.3051
32,100,97,0.3056,0.2893,0.309,0.3055
33,100,100,0.3049,0.3097,0.3019,0.3031
34,100,103,0.2924,0.3061,0.3047,0.3053
35,100,106,0.2998,0.3022,0.2968,0.3118
36,100,109,0.296,0.3006,0.3007,0.304
37,100,112,0.2975,0.3141,0.3029,0.3059
38,100,115,0.3127,0.2877,0.3127,0.3071
39,100,118,0.2949,0.2898,0.308,0.3
40,100,121,0.3038,0.31,0.3098,0.303
41,100,124,0.3057,0.3064,0.3082,0.2994
42,100,127,0.3042,0.307,0.3079,0.3
43,100,130,0.3003,0.3049,0.3011,0.2933
44,100,133,0.3101,0.3065,0.303,0.3022
45,100,136,0.313,0.2989,0.3055,0.3057
46,100,139,0.3052,0.2758,0.3084,0.3118
47,100,142,0.2994,0.3082,0.3039,0.3055
48,100,145,0.303,0.2987,0.3111,0.3044
49,100,148,0.3073,0.309,0.3048,0.2977
50,100,151,0.2984,0.2914,0.2959,0.2889
51,100,154,0.3024,0.3088,0.2936,0.2878
52,100,157,0.3,0.2965,0.313,0.307
53,100,160,0.2997,0.3005,0.2996,0.2896
54,100,163,0.2962,0.2893,0.3073,0.2972
55,100,166,0.3077,0.3003,0.301,0.307
56,100,169,0.2893,0.3051,0.2873,0.2978
57,100,172,0.2957,0.3075,0.3085,0.2956
58,100,175,0.3075,0.3051,0.3125,0.2936
59,100,178,0.2956,0.2951,0.3063,0.2938
60,100,181,0.3072,0.2898,0.2981,0.3053
61,100,184,0.296,0.2919,0.3059,0.2974
62,100,187,0.2892,0.2995,0.3095,0.3011
63,100,190,0.3062,0.3113,0.3067,0.2892
64,100,193,0.2978,0.2997,0.3035,0.2901
65,100,196,0.2946,0.308,0.2974,0.3024
66,100,199,0.2854,0.2911,0.2918,0.3057
67,100,202,0.3077,0.2937,0.2353,0.2977
68,100,205,0.2925,0.2792,0.2834,0.2462
69,100,208,0.2955,0.3029,0.3069,0.3075
70,100,211,0.3039,0.29,0.2841,0.3009
71,100,214,0.2982,0.2849,0.3097,0.2436
72,100,217,0.3118,0.3052,0.2965,0.3067
73,100,220,0.2387,0.2288,0.2431,0.3129
74,100,223,0.3075,0.2434,0.3088,0.2911
75,100,226,0.2265,0.2895,0.2824,0.2959
76,100,229,0.3004,0.3087,0.2394,0.2904
77,100,232,0.2936,0.2913,0.2306,0.3042
78,100,235,0.2459,0.291,0.3064,0.3054
79,100,238,0.2889,0.3004,0.2411,0.2899
80,100,241,0.311,0.2461,0.2892,0.2331
81,100,244,0.3066,0.2649,0.3035,0.2913
82,100,247,0.2869,0.3091,0.2898,0.2963
83,100,250,0.2398,0.233,0.291,0.2464
84,100,253,0.2476,0.3015,0.2474,0.3088
85,100,256,0.2719,0.3098,0.2975,0.3116
86,100,259,0.309,0.3056,0.2383,0.2802
87,100,262,0.3029,0.1648,0.2986,0.234
88,100,265,0.2335,0.1854,0.299,0.3019
89,100,268,0.3057,0.2377,0.2352,0.2274
90,100,271,0.2519,0.2224,0.2942,0.2967
91,100,274,0.2896,0.2336,0.3077,0.2229
92,100,277,0.1829,0.2286,0.2995,0.2909
93,100,280,0.2437,0.1801,0.1811,0.2984
94,100,283,0.2369,0.29,0.2714,0.2271
95,100,286,0.2326,0.1789,0.1754,0.1831
96,100,289,0.2996,0.2338,0.2874,0.2433
97,100,292,0.1841,0.2882,0.2911,0.2413
98,100,295,0.2172,0.3075,0.2948,0.2359
99,100,298,0.2364,0.2832,0.1166,0.2995
,Dataset#,L,att_1,att_2,att_3,att_4
0,101,1,0.1953,0.2004,0.2003,0.195
1,101,4,0.2281,0.2299,0.2219,0.2286
2,101,7,0.2224,0.228,0.2312,0.2296
3,101,10,0.2245,0.2336,0.2269,0.2321
4,101,13,0.2309,0.2229,0.2351,0.2211
5,101,16,0.2304,0.2285,0.2296,0.2337
6,101,19,0.2325,0.2329,0.2312,0.2301
7,101,22,0.2311,0.2395,0.2277,0.2298
8,101,25,0.2284,0.2325,0.2325,0.2343
9,101,28,0.2353,0.2303,0.2283,0.2369
10,101,31,0.2275,0.2225,0.2338,0.2347
11,101,34,0.2232,0.2255,0.2228,0.2312
12,101,37,0.2297,0.2243,0.2208,0.2262
13,101,40,0.236,0.235,0.2263,0.2245
14,101,43,0.229,0.2242,0.2336,0.2228
15,101,46,0.2262,0.2029,0.2294,0.2256
16,101,49,0.2235,0.2331,0.2207,0.2257
17,101,52,0.2295,0.2215,0.2308,0.2244
18,101,55,0.2396,0.2212,0.2238,0.2282
19,101,58,0.2041,0.217,0.228,0.2255
20,101,61,0.2292,0.2328,0.2227,0.2269
21,101,64,0.2199,0.2349,0.2359,0.2173
22,101,67,0.2074,0.2001,0.2304,0.2218
23,101,70,0.2026,0.2238,0.1851,0.2122
24,101,73,0.2331,0.2046,0.21,0.1714
25,101,76,0.2298,0.179,0.227,0.2252
26,101,79,0.2174,0.2293,0.2265,0.2276
27,101,82,0.2033,0.2211,0.2026,0.2037
28,101,85,0.2234,0.2002,0.199,0.2131
29,101,88,0.2282,0.1969,0.2235,0.2278
30,101,91,0.199,0.2142,0.2164,0.2013
31,101,94,0.1994,0.2005,0.217,0.2088
32,101,97,0.228,0.2188,0.224,0.2348
33,101,100,0.2062,0.2037,0.1903,0.1888
34,101,103,0.2035,0.1981,0.2198,0.2184
35,101,106,0.2162,0.1895,0.2076,0.1875
36,101,109,0.2202,0.2239,0.231,0.2217
37,101,112,0.2268,0.2144,0.2153,0.2007
38,101,115,0.1846,0.1837,0.2198,0.2287
39,101,118,0.22,0.1977,0.2227,0.1969
40,101,121,0.2197,0.202,0.1786,0.1834
41,101,124,0.1981,0.2088,0.1886,0.206
42,101,127,0.1815,0.1926,0.2193,0.1821
43,101,130,0.1869,0.2159,0.2165,0.2146
44,101,133,0.229,0.2229,0.1863,0.2125
45,101,136,0.1978,0.2293,0.1652,0.1977
46,101,139,0.1953,0.2276,0.2113,0.2267
47,101,142,0.1655,0.2285,0.1747,0.2195
48,101,145,0.2311,0.2046,0.2261,0.2087
49,101,148,0.2196,0.2203,0.2056,0.2049
50,101,151,0.2135,0.186,0.221,0.2189
51,101,154,0.1915,0.225,0.224,0.2032
52,101,157,0.187,0.1896,0.2053,0.2132
53,101,160,0.2222,0.1586,0.186,0.1914
54,101,163,0.2269,0.2042,0.2229,0.2249
55,101,166,0.1886,0.1682,0.2151,0.2205
56,101,169,0.2225,0.1861,0.2229,0.2051
57,101,172,0.1659,0.1871,0.2038,0.1888
58,101,175,0.2008,0.1626,0.1767,0.2163
59,101,178,0.2117,0.1996,0.2047,0.1707
60,101,181,0.1858,0.2201,0.2238,0.2217
61,101,184,0.2102,0.2176,0.1758,0.1993
62,101,187,0.2256,0.1854,0.1768,0.1419
63,101,190,0.1588,0.2078,0.2074,0.1999
64,101,193,0.2226,0.2228,0.1842,0.2252
65,101,196,0.1948,0.2134,0.1793,0.1849
66,101,199,0.1903,0.2216,0.212,0.1611
67,101,202,0.1997,0.2268,0.2014,0.1714
68,101,205,0.1833,0.1646,0.2094,0.2049
69,101,208,0.1624,0.2154,0.1886,0.1478
70,101,211,0.1893,0.2056,0.1778,0.1821
71,101,214,0.1468,0.212,0.1858,0.198
72,101,217,0.1495,0.1761,0.1786,0.2114
73,101,220,0.1362,0.1871,0.2098,0.1563
74,101,223,0.1862,0.2098,0.225,0.2123
75,101,226,0.2052,0.1493,0.2023,0.1548
76,101,229,0.2068,0.1415,0.1408,0.17
77,101,232,0.1495,0.2009,0.204,0.1835
78,101,235,0.2125,0.1731,0.1903,0.2284
79,101,238,0.1771,0.2157,0.2154,0.1664
80,101,241,0.2032,0.1707,0.2166,0.1647
81,101,244,0.1615,0.2045,0.1631,0.2224
82,101,247,0.1603,0.1817,0.2005,0.1957
83,101,250,0.1779,0.1759,0.147,0.201
84,101,253,0.2149,0.1986,0.1061,0.1608
85,101,256,0.2192,0.1645,0.1674,0.1793
86,101,259,0.1588,0.1913,0.1579,0.1391
87,101,262,0.1845,0.201,0.2192,0.1291
88,101,265,0.1537,0.1905,0.1341,0.1788
89,101,268,0.1719,0.2071,0.1817,0.1921
90,101,271,0.1418,0.102,0.1213,0.1985
91,101,274,0.079,0.1898,0.1614,0.1735
92,101,277,0.1564,0.1055,0.1574,0.1896
93,101,280,0.1869,0.1832,0.2069,0.175
94,101,283,0.1929,0.1354,0.1376,0.2097
95,101,286,0.16,0.1474,0.2134,0.1004
96,101,289,0.2148,0.1693,0.1682,0.1894
97,101,292,0.1753,0.05254,0.1581,0.153
98,101,295,0.1736,0.1084,0.1212,0.1953
99,101,298,0.1665,0.07678,0.1482,0.1878
,Dataset#,L,att_1,att_2,att_3,att_4
0,102,1,0.7079,0.6368,0.6796,0.666
1,102,4,0.752,0.7304,0.7252,0.8043
2,102,7,0.8381,0.8348,0.7843,0.8396
3,102,10,0.8375,0.8468,0.839,0.8344
4,102,13,0.8398,0.8441,0.8413,0.8425
5,102,16,0.8467,0.8384,0.8398,0.8432
6,102,19,0.8456,0.8419,0.8503,0.8419
7,102,22,0.8424,0.8462,0.8477,0.8511
8,102,25,0.8412,0.849,0.8457,0.839
9,102,28,0.8504,0.843,0.8485,0.8446
10,102,31,0.8419,0.8466,0.8501,0.8439
11,102,34,0.8406,0.8445,0.8392,0.8413
12,102,37,0.8439,0.8414,0.8416,0.8417
13,102,40,0.8429,0.8497,0.8438,0.8505
14,102,43,0.8461,0.8538,0.8413,0.8425
15,102,46,0.8428,0.8472,0.8527,0.844
16,102,49,0.8424,0.8412,0.841,0.8491
17,102,52,0.8363,0.8505,0.7741,0.8456
18,102,55,0.8463,0.8501,0.8457,0.7682
19,102,58,0.8458,0.8417,0.8422,0.848
20,102,61,0.7676,0.8529,0.83,0.7715
21,102,64,0.7673,0.776,0.6902,0.8063
22,102,67,0.8364,0.848,0.7683,0.8426
23,102,70,0.8437,0.6906,0.8449,0.7637
24,102,73,0.8453,0.7579,0.8437,0.8415
25,102,76,0.762,0.8441,0.7678,0.8397
26,102,79,0.7702,0.8325,0.8363,0.7628
27,102,82,0.7115,0.8437,0.8328,0.8449
28,102,85,0.8458,0.8467,0.7655,0.8439
29,102,88,0.8393,0.6952,0.7711,0.767
30,102,91,0.8399,0.8356,0.8391,0.7619
31,102,94,0.8097,0.8457,0.688,0.7632
32,102,97,0.6858,0.7627,0.7693,0.758
33,102,100,0.7649,0.6908,0.6964,0.8446
34,102,103,0.7684,0.8477,0.7697,0.612
35,102,106,0.7636,0.7697,0.7739,0.7705
36,102,109,0.768,0.7721,0.7126,0.6929
37,102,112,0.8398,0.7681,0.7718,0.7677
38,102,115,0.6895,0.8377,0.6087,0.76
39,102,118,0.6916,0.7653,0.7637,0.6927
40,102,121,0.6196,0.6159,0.6881,0.6118
41,102,124,0.693,0.7639,0.766,0.8462
42,102,127,0.8389,0.7608,0.7714,0.7578
43,102,130,0.7548,0.687,0.7642,0.5419
44,102,133,0.6857,0.7631,0.7651,0.6845
45,102,136,0.6137,0.7658,0.5364,0.7577
46,102,139,0.6209,0.7651,0.8423,0.8376
47,102,142,0.8401,0.6964,0.7677,0.7648
48,102,145,0.6881,0.6201,0.6193,0.8469
49,102,148,0.8325,0.6909,0.7629,0.8375
50,102,151,0.7635,0.6953,0.7602,0.6876
51,102,154,0.8416,0.6955,0.682,0.7566
52,102,157,0.8332,0.7198,0.7636,0.7624
53,102,160,0.8377,0.7417,0.6967,0.7626
54,102,163,0.7666,0.8338,0.8196,0.6977
55,102,166,0.6124,0.6916,0.6109,0.7676
56,102,169,0.7721,0.7617,0.68,0.8345
57,102,172,0.7618,0.7605,0.7673,0.7697
58,102,175,0.7593,0.6227,0.7733,0.6121
59,102,178,0.7626,0.7605,0.8438,0.7683
60,102,181,0.8404,0.7634,0.7581,0.6916
61,102,184,0.7613,0.8444,0.6912,0.7701
62,102,187,0.5363,0.5342,0.6848,0.7565
63,102,190,0.688,0.6922,0.7645,0.6953
64,102,193,0.7677,0.6901,0.7646,0.7584
65,102,196,0.8309,0.8408,0.6813,0.6736
66,102,199,0.7642,0.689,0.7747,0.836
67,102,202,0.6172,0.7631,0.8365,0.7579
68,102,205,0.7498,0.7654,0.8312,0.6953
69,102,208,0.7664,0.6148,0.6176,0.7676
70,102,211,0.6881,0.7633,0.6098,0.7492
71,102,214,0.7574,0.6166,0.5274,0.7588
72,102,217,0.7692,0.7615,0.5441,0.619
73,102,220,0.7656,0.766,0.7623,0.76
74,102,223,0.7663,0.6108,0.6897,0.7613
75,102,226,0.6784,0.764,0.7515,0.8414
76,102,229,0.528,0.8306,0.6176,0.7514
77,102,232,0.6913,0.6939,0.5876,0.7503
78,102,235,0.6724,0.6099,0.5398,0.6904
79,102,238,0.669,0.691,0.4478,0.6946
80,102,241,0.5355,0.6939,0.6101,0.6889
81,102,244,0.7656,0.4225,0.617,0.7594
82,102,247,0.7643,0.4643,0.8382,0.6111
83,102,250,0.5884,0.765,0.763,0.6023
84,102,253,0.7619,0.5208,0.6165,0.6676
85,102,256,0.6177,0.8414,0.4643,0.6894
86,102,259,0.6128,0.6215,0.6789,0.3492
87,102,262,0.6585,0.6048,0.45,0.7589
88,102,265,0.6861,0.6289,0.8327,0.6586
89,102,268,0.6115,0.763,0.4302,0.7628
90,102,271,0.7652,0.6711,0.6901,0.8378
91,102,274,0.5873,0.3552,0.538,0.6721
92,102,277,0.6893,0.682,0.4926,0.692
93,102,280,0.6857,0.7593,0.5851,0.7685
94,102,283,0.5228,0.6036,0.7537,0.7595
95,102,286,0.7551,0.6837,0.5205,0.7555
96,102,289,0.5215,0.7522,0.6067,0.4256
97,102,292,0.4286,0.69,0.684,0.5012
98,102,295,0.5903,0.6142,0.4265,0.7596
99,102,298,0.3495,0.4492,0.4242,0.5885
,Dataset#,L,att_1,att_2,att_3,att_4
0,103,1,0.7624,0.7182,0.7776,0.7643
1,103,4,0.793,0.8389,0.8293,0.8384
2,103,7,0.8601,0.8686,0.8661,0.8583
3,103,10,0.8522,0.8718,0.8639,0.8644
4,103,13,0.8679,0.8673,0.8645,0.8701
5,103,16,0.87,0.8708,0.869,0.8665
6,103,19,0.8707,0.8672,0.8737,0.8686
7,103,22,0.8708,0.8738,0.8721,0.8713
8,103,25,0.8706,0.8704,0.8652,0.8698
9,103,28,0.8713,0.8612,0.8731,0.8704
10,103,31,0.8679,0.8638,0.8675,0.8693
11,103,34,0.8699,0.8647,0.867,0.8716
12,103,37,0.8676,0.8661,0.8677,0.8666
13,103,40,0.8658,0.8637,0.8647,0.8675
14,103,43,0.8691,0.8678,0.8677,0.8687
15,103,46,0.8687,0.8699,0.7896,0.868
16,103,49,0.8665,0.8677,0.8694,0.8683
17,103,52,0.8678,0.7823,0.695,0.8684
18,103,55,0.8669,0.8661,0.8629,0.8683
19,103,58,0.8628,0.8719,0.8683,0.8663
20,103,61,0.8652,0.6216,0.8652,0.8645
21,103,64,0.8674,0.8656,0.7892,0.8662
22,103,67,0.7072,0.8692,0.8642,0.8674
23,103,70,0.8738,0.8667,0.708,0.8656
24,103,73,0.782,0.8616,0.7863,0.8656
25,103,76,0.8643,0.8634,0.7151,0.782
26,103,79,0.6981,0.8649,0.7028,0.7912
27,103,82,0.8648,0.7019,0.7814,0.7061
28,103,85,0.8712,0.6995,0.8678,0.7885
29,103,88,0.7896,0.7814,0.8655,0.8688
30,103,91,0.7022,0.6987,0.7872,0.7951
31,103,94,0.7842,0.7908,0.7863,0.7901
32,103,97,0.865,0.7791,0.7058,0.8622
33,103,100,0.707,0.709,0.8621,0.7941
34,103,103,0.7857,0.8646,0.7845,0.7842
35,103,106,0.784,0.7011,0.867,0.705
36,103,109,0.7933,0.78,0.71,0.7944
37,103,112,0.7891,0.7888,0.6285,0.7069
38,103,115,0.869,0.8649,0.7023,0.6991
39,103,118,0.7106,0.6247,0.782,0.783
40,103,121,0.7863,0.7073,0.698,0.781
41,103,124,0.7042,0.621,0.7789,0.7099
42,103,127,0.6971,0.7845,0.701,0.7876
43,103,130,0.546,0.7062,0.7816,0.6257
44,103,133,0.8623,0.6277,0.7874,0.6277
45,103,136,0.8644,0.8624,0.7026,0.7061
46,103,139,0.7832,0.6232,0.5454,0.7804
47,103,142,0.6262,0.7838,0.8605,0.7824
48,103,145,0.786,0.7791,0.5455,0.7864
49,103,148,0.6276,0.7853,0.6996,0.7852
50,103,151,0.7055,0.8677,0.8608,0.8663
51,103,154,0.842,0.7927,0.776,0.7069
52,103,157,0.705,0.8569,0.5408,0.6982
53,103,160,0.7819,0.7081,0.6234,0.786
54,103,163,0.7925,0.6267,0.7027,0.7061
55,103,166,0.7879,0.7049,0.6235,0.8656
56,103,169,0.8625,0.6996,0.7049,0.7104
57,103,172,0.7034,0.8623,0.7846,0.7113
58,103,175,0.6236,0.7055,0.627,0.7011
59,103,178,0.8677,0.7035,0.7833,0.5401
60,103,181,0.7812,0.7872,0.8632,0.783
61,103,184,0.7017,0.6991,0.7838,0.7798
62,103,187,0.6271,0.7032,0.7799,0.8629
63,103,190,0.6977,0.7857,0.6219,0.6995
64,103,193,0.6221,0.7821,0.8589,0.7789
65,103,196,0.7771,0.7046,0.7806,0.7877
66,103,199,0.787,0.7097,0.7012,0.7775
67,103,202,0.8662,0.6232,0.6238,0.6956
68,103,205,0.859,0.6242,0.8664,0.6991
69,103,208,0.6209,0.6998,0.7009,0.8588
70,103,211,0.7858,0.7043,0.7062,0.7856
71,103,214,0.7025,0.617,0.6124,0.7042
72,103,217,0.617,0.7797,0.7036,0.7015
73,103,220,0.7825,0.788,0.7773,0.7832
74,103,223,0.7846,0.7019,0.7077,0.6999
75,103,226,0.6125,0.7752,0.6264,0.6256
76,103,229,0.7063,0.5309,0.6065,0.6229
77,103,232,0.7795,0.6974,0.6987,0.7859
78,103,235,0.695,0.604,0.3714,0.781
79,103,238,0.7031,0.4643,0.6153,0.8617
80,103,241,0.6143,0.7762,0.6982,0.6091
81,103,244,0.7827,0.785,0.7071,0.7809
82,103,247,0.7932,0.4643,0.626,0.7835
83,103,250,0.3575,0.544,0.7822,0.7011
84,103,253,0.5296,0.6994,0.609,0.6993
85,103,256,0.5419,0.689,0.6987,0.6911
86,103,259,0.7849,0.7852,0.7068,0.7783
87,103,262,0.6244,0.7078,0.3536,0.6243
88,103,265,0.5446,0.6069,0.6135,0.6987
89,103,268,0.786,0.4345,0.5272,0.7785
90,103,271,0.439,0.6243,0.7041,0.6878
91,103,274,0.8649,0.7823,0.6032,0.2786
92,103,277,0.4327,0.6042,0.5451,0.7871
93,103,280,0.6977,0.6236,0.6989,0.867
94,103,283,0.6049,0.6195,0.4465,0.6287
95,103,286,0.7823,0.625,0.7787,0.7021
96,103,289,0.2786,0.6215,0.8587,0.6857
97,103,292,0.6311,0.524,0.7852,0.688
98,103,295,0.1857,0.7045,0.5327,0.7068
99,103,298,0.5356,0.5179,0.7017,0.5232
,Dataset#,L,att_1,att_2,att_3,att_4
0,104,1,0.6066,0.5262,0.5548,0.6153
1,104,4,0.6535,0.6002,0.6268,0.6998
2,104,7,0.5873,0.7121,0.6247,0.6105
3,104,10,0.7151,0.6858,0.7102,0.6702
4,104,13,0.7084,0.6948,0.7086,0.7024
5,104,16,0.7117,0.7162,0.7096,0.6963
6,104,19,0.7127,0.7162,0.7108,0.7157
7,104,22,0.716,0.7105,0.6649,0.6459
8,104,25,0.6932,0.646,0.7143,0.6704
9,104,28,0.7137,0.714,0.6694,0.7156
10,104,31,0.6666,0.6595,0.6217,0.7104
11,104,34,0.6596,0.6687,0.6155,0.6728
12,104,37,0.6717,0.6221,0.6356,0.7142
13,104,40,0.5292,0.659,0.6636,0.6694
14,104,43,0.6105,0.7146,0.7186,0.6092
15,104,46,0.6724,0.5753,0.6637,0.6262
16,104,49,0.6215,0.6115,0.667,0.6226
17,104,52,0.7154,0.5722,0.6256,0.5703
18,104,55,0.5267,0.6212,0.5231,0.6155
19,104,58,0.6176,0.6713,0.6234,0.6185
20,104,61,0.6641,0.717,0.6107,0.6259
21,104,64,0.6605,0.6694,0.6687,0.6125
22,104,67,0.6232,0.614,0.6152,0.5606
23,104,70,0.6557,0.6165,0.549,0.6681
24,104,73,0.6176,0.6617,0.6245,0.6098
25,104,76,0.659,0.6209,0.6694,0.627
26,104,79,0.6185,0.614,0.6129,0.6669
27,104,82,0.7151,0.6105,0.7123,0.6719
28,104,85,0.6115,0.7122,0.4737,0.6188
29,104,88,0.6671,0.6662,0.6667,0.659
30,104,91,0.6615,0.6663,0.6119,0.6217
31,104,94,0.6215,0.6594,0.7171,0.6286
32,104,97,0.6202,0.6688,0.6688,0.5191
33,104,100,0.7145,0.6737,0.5756,0.671
34,104,103,0.6734,0.6665,0.6161,0.6149
35,104,106,0.662,0.5707,0.7145,0.7099
36,104,109,0.6656,0.6144,0.5874,0.6642
37,104,112,0.6584,0.5726,0.5727,0.6633
38,104,115,0.6239,0.7152,0.6661,0.7143
39,104,118,0.6196,0.6634,0.5616,0.5679
40,104,121,0.6568,0.6229,0.6096,0.6601
41,104,124,0.6689,0.5767,0.6199,0.6636
42,104,127,0.6214,0.6622,0.6278,0.6692
43,104,130,0.613,0.6711,0.5236,0.5831
44,104,133,0.6361,0.6588,0.5252,0.6245
45,104,136,0.5766,0.5762,0.5724,0.6185
46,104,139,0.6637,0.6224,0.6153,0.6989
47,104,142,0.7145,0.717,0.5675,0.6189
48,104,145,0.5635,0.619,0.6276,0.7128
49,104,148,0.6663,0.6166,0.4736,0.6272
50,104,151,0.6187,0.6098,0.62,0.6551
51,104,154,0.6243,0.6074,0.6159,0.6102
52,104,157,0.7128,0.6133,0.7116,0.6146
53,104,160,0.5654,0.7074,0.7084,0.5709
54,104,163,0.665,0.6621,0.7127,0.7113
55,104,166,0.6642,0.6617,0.624,0.6198
56,104,169,0.6333,0.6128,0.7139,0.6267
57,104,172,0.6663,0.6589,0.5219,0.6621
58,104,175,0.6601,0.6599,0.6559,0.7077
59,104,178,0.6205,0.6713,0.5685,0.4748
60,104,181,0.7091,0.7198,0.7057,0.6136
61,104,184,0.5266,0.6191,0.6731,0.6211
62,104,187,0.6103,0.6142,0.6184,0.5223
63,104,190,0.6153,0.6274,0.6108,0.5668
64,104,193,0.6546,0.6636,0.6685,0.7074
65,104,196,0.5759,0.7043,0.6608,0.6164
66,104,199,0.7073,0.62,0.6592,0.6647
67,104,202,0.6135,0.6169,0.6675,0.5776
68,104,205,0.7102,0.7168,0.6696,0.623
69,104,208,0.5679,0.6242,0.5599,0.6611
70,104,211,0.668,0.6587,0.6163,0.6586
71,104,214,0.5223,0.7045,0.6674,0.6136
72,104,217,0.4325,0.7054,0.5231,0.5222
73,104,220,0.5672,0.6582,0.6171,0.6261
74,104,223,0.6111,0.6642,0.5588,0.6188
75,104,226,0.6657,0.5677,0.5403,0.6046
76,104,229,0.5672,0.5859,0.4733,0.5734
77,104,232,0.4684,0.7012,0.5732,0.6628
78,104,235,0.4747,0.6585,0.7074,0.5719
79,104,238,0.6192,0.6602,0.6248,0.5144
80,104,241,0.6528,0.6166,0.578,0.6151
81,104,244,0.4277,0.6131,0.7017,0.6588
82,104,247,0.66,0.6628,0.6604,0.5679
83,104,250,0.5874,0.5158,0.6033,0.5196
84,104,253,0.6505,0.5545,0.662,0.6565
85,104,256,0.5623,0.6928,0.5672,0.5675
86,104,259,0.559,0.5784,0.4647,0.6535
87,104,262,0.5182,0.5623,0.518,0.6069
88,104,265,0.5988,0.6995,0.7059,0.6141
89,104,268,0.703,0.6625,0.517,0.5573
90,104,271,0.4731,0.5633,0.6141,0.557
91,104,274,0.4706,0.5766,0.4665,0.5294
92,104,277,0.3777,0.6071,0.6097,0.5115
93,104,280,0.2843,0.5642,0.1895,0.546
94,104,283,0.4782,0.5922,0.4263,0.6146
95,104,286,0.4214,0.5669,0.6087,0.6129
96,104,289,0.5733,0.576,0.6194,0.6173
97,104,292,0.5737,0.6248,0.423,0.4708
98,104,295,0.5268,0.6226,0.6433,0.7001
99,104,298,0.4764,0.4336,0.6047,0.57
,Dataset#,L,att_1,att_2,att_3,att_4
0,105,1,0.6428,0.6265,0.6021,0.6306
1,105,4,0.7778,0.8362,0.7241,0.7916
2,105,7,0.845,0.8595,0.8599,0.8454
3,105,10,0.8662,0.8593,0.8664,0.8611
4,105,13,0.8708,0.8586,0.8669,0.8795
5,105,16,0.8701,0.8712,0.8675,0.8677
6,105,19,0.8816,0.881,0.8804,0.8722
7,105,22,0.8759,0.8795,0.8755,0.8804
8,105,25,0.8808,0.8809,0.8792,0.8855
9,105,28,0.8833,0.8786,0.8788,0.8849
10,105,31,0.8843,0.881,0.878,0.8849
11,105,34,0.8786,0.8862,0.8883,0.8798
12,105,37,0.882,0.8788,0.8833,0.8812
13,105,40,0.8801,0.8805,0.8822,0.8878
14,105,43,0.8801,0.8843,0.8817,0.8836
15,105,46,0.8877,0.8762,0.8688,0.8881
16,105,49,0.8752,0.8869,0.8848,0.8851
17,105,52,0.8809,0.8763,0.8866,0.8812
18,105,55,0.8821,0.8727,0.8871,0.8772
19,105,58,0.8781,0.8878,0.8764,0.8825
20,105,61,0.8794,0.8814,0.8814,0.8815
21,105,64,0.8846,0.8834,0.8858,0.8867
22,105,67,0.8815,0.8744,0.8885,0.8752
23,105,70,0.8852,0.8829,0.881,0.868
24,105,73,0.886,0.8779,0.8692,0.8785
25,105,76,0.8856,0.8843,0.887,0.8813
26,105,79,0.8889,0.8861,0.8756,0.8876
27,105,82,0.8782,0.8832,0.8925,0.8763
28,105,85,0.8904,0.8845,0.8188,0.8785
29,105,88,0.7829,0.8872,0.7068,0.8833
30,105,91,0.8894,0.8817,0.8817,0.8847
31,105,94,0.8903,0.882,0.8797,0.8869
32,105,97,0.6969,0.8787,0.8859,0.8875
33,105,100,0.707,0.8777,0.7049,0.8767
34,105,103,0.8834,0.8813,0.874,0.8853
35,105,106,0.8744,0.7149,0.8839,0.8875
36,105,109,0.4095,0.8828,0.887,0.8797
37,105,112,0.7139,0.8898,0.8813,0.8794
38,105,115,0.7063,0.8859,0.8795,0.8849
39,105,118,0.5239,0.8747,0.8876,0.8841
40,105,121,0.8828,0.8848,0.8747,0.8747
41,105,124,0.8805,0.8168,0.7071,0.8802
42,105,127,0.8848,0.8781,0.708,0.8788
43,105,130,0.884,0.7047,0.882,0.8892
44,105,133,0.5848,0.8827,0.8834,0.8809
45,105,136,0.8806,0.8765,0.8829,0.8781
46,105,139,0.883,0.8812,0.8766,0.762
47,105,142,0.8853,0.8821,0.8791,0.8828
48,105,145,0.8866,0.5363,0.7013,0.8811
49,105,148,0.7609,0.7064,0.7111,0.879
50,105,151,0.6989,0.8848,0.7082,0.875
51,105,154,0.8775,0.8826,0.8762,0.8863
52,105,157,0.7095,0.7076,0.8807,0.8736
53,105,160,0.8771,0.7047,0.8875,0.7071
54,105,163,0.882,0.7063,0.8902,0.7089
55,105,166,0.8845,0.7056,0.8844,0.7071
56,105,169,0.8794,0.8771,0.8845,0.5343
57,105,172,0.886,0.7084,0.5301,0.528
58,105,175,0.8795,0.7077,0.8827,0.8868
59,105,178,0.3534,0.8781,0.887,0.7598
60,105,181,0.8754,0.883,0.7062,0.886
61,105,184,0.5299,0.8764,0.7115,0.8743
62,105,187,0.7016,0.4073,0.8866,0.7098
63,105,190,0.8788,0.8757,0.6973,0.7095
64,105,193,0.525,0.7017,0.883,0.881
65,105,196,0.7028,0.7059,0.5891,0.7078
66,105,199,0.8777,0.7076,0.7061,0.7028
67,105,202,0.7749,0.7056,0.8782,0.529
68,105,205,0.8847,0.5296,0.6892,0.6976
69,105,208,0.7091,0.7604,0.6999,0.5319
70,105,211,0.7036,0.5212,0.7069,0.7116
71,105,214,0.7029,0.7067,0.8793,0.8872
72,105,217,0.7032,0.7091,0.7109,0.7102
73,105,220,0.5222,0.703,0.8833,0.8897
74,105,223,0.8737,0.7052,0.5277,0.5334
75,105,226,0.5279,0.7064,0.8785,0.8851
76,105,229,0.5345,0.5809,0.8771,0.5318
77,105,232,0.7028,0.8708,0.7026,0.5333
78,105,235,0.8681,0.5268,0.8805,0.4183
79,105,238,0.8761,0.8812,0.8789,0.5291
80,105,241,0.4013,0.7023,0.4026,0.7084
81,105,244,0.5155,0.7133,0.3524,0.5848
82,105,247,0.758,0.7101,0.5876,0.7074
83,105,250,0.7099,0.7051,0.7018,0.7556
84,105,253,0.8781,0.7656,0.3526,0.6986
85,105,256,0.6985,0.704,0.5778,0.7589
86,105,259,0.8839,0.6961,0.7106,0.8652
87,105,262,0.352,0.4079,0.872,0.6966
88,105,265,0.8803,0.6955,0.7032,0.4044
89,105,268,0.5798,0.7023,0.5217,0.7064
90,105,271,0.7036,0.8768,0.5316,0.4052
91,105,274,0.6895,0.5845,0.8749,0.7018
92,105,277,0.7639,0.3474,0.8777,0.5297
93,105,280,0.7101,0.5245,0.7619,0.53
94,105,283,0.7031,0.3488,0.8794,0.8765
95,105,286,0.5295,0.4091,0.3468,0.5304
96,105,289,0.8773,0.5342,0.8664,0.2917
97,105,292,0.5776,0.5193,0.6779,0.537
98,105,295,0.5312,0.7047,0.7017,0.3571
99,105,298,0.7517,0.8806,0.5355,0.7037
